sentence,sentiment,pred_sentiment,net_score
"$ESI on lows, down $1.50 to $2.50 BK a real possibility",negative,neutral,0
"For the last quarter of 2010 , Componenta 's net sales doubled to EUR131m from EUR76m for the same period a year earlier , while it moved to a zero pre-tax profit from a pre-tax loss of EUR7m .",positive,neutral,0
$SPY wouldn't be surprised to see a green close,positive,neutral,0
Shell's $70 Billion BG Deal Meets Shareholder Skepticism,negative,positive,1
$SAP Q1 disappoints as #software licenses down. Real problem? #Cloud growth trails $MSFT $ORCL $GOOG $CRM $ADBE https://t.co/jNDphllzq5,negative,positive,1
"Ahlstrom Corporation STOCK EXCHANGE ANNOUNCEMENT 7.2.2007 at 10.30 A total of 56,955 new shares of Ahlstrom Corporation have been subscribed with option rights under the company 's stock option programs I 2001 and II 2001 .",neutral,positive,1
$FB gone green on day,positive,neutral,0
"Aviva, Friends Life top forecasts ahead of 5.6 billion pound merger",positive,neutral,0
The company plans to increase the unit 's specialist staff to several dozen -- depending on the market situation during 2010 .,neutral,positive,1
Shire CEO steps up drive to get Baxalta board talking,positive,neutral,0
`` We are pleased to welcome Tapeks Noma into Cramo group .,positive,neutral,0
- Profit before taxes was EUR 105.9 82.7 million .,neutral,positive,1
"The item included restructuring costs of EUR1 .6 m , while a year earlier they were EUR13 .1 m. Diluted EPS stood at EUR0 .3 versus a loss per share of EUR 0.1 .",positive,negative,-2
In 2005 the bank posted a net profit of Lt 8.2 mn .,neutral,positive,1
$TSLA recalling pretty much every single model X @cnnbrk got to short that even at work you jump in money trade,negative,neutral,0
"Dolce & Gabbana has asked the European Union to declare Marimekko Corporation 's `` Unikko '' floral pattern trademark invalid , in a continuing dispute between the two companies .",negative,neutral,0
InterContinental Hotels first-quarter global room revenue lags estimates,negative,positive,1
"A portion , $ 12.5 million , will be recorded as part of its winnings in a prior patent dispute with Finnish phone maker Nokia Oyj .",positive,neutral,0
"L&G still paying price for dividend cut during crisis, chief says",negative,neutral,0
"Russia accounted for 9 % of the Lagardere magazine division 's revenue , or EUR 114.40 mn ( USD 148.11 mn ) in 2009 , the USA - for 18 % .",neutral,positive,1
Profit of the accounting period was EUR 0.3 mn .,neutral,positive,1
"In August-October 2010 , the company 's result before taxes totalled EUR 9.6 mn , up from EUR 0.5 mn in the corresponding period in 2009 .",positive,neutral,0
"Systeemitiimi 's sales and project resources will also be strengthened , director Paul Skogberg said .",positive,neutral,0
Tesco share price jumps as Q3 sales top estimates,positive,neutral,0
The fine print is here .,neutral,negative,-1
$VIPS similar pattern like beginning of May. Did u sell? Same now..will go up much higher after this drop.,positive,negative,-2
AstraZeneca profit down as sales of stalwarts fade,negative,positive,1
"RT @andrewnyquist Chartology: Yahoo: http://stks.co/1itr $YHOO  Crazy looking chart, but nearing breakout resistance line...",positive,neutral,0
More staff has been recruited in Japan to further complement its network of close to 50 service locations in more than 20 countries worldwide .,positive,neutral,0
"Paper companies were in negative territories , with Stora Enso R shedding 1.62 pct to 12.73 eur , UPM-Kymmene down 0.80 pct at 18.64 eur and M-real B 0.18 pct lower at 5.57 eur .",neutral,negative,-1
Operating profit for the quarter April-June 2006 amounted to EUR182 .2 m on sales of EUR3 .62 bn .,neutral,positive,1
US sanctions put Gazprom-Shell alliance plans in jeopardy,negative,neutral,0
"Profit for the period was EUR 10.9 mn , down from EUR 14.3 mn in 2009 .",neutral,positive,1
Operating profit totaled EUR 18.6 mn or 8.3 % of net sales .,neutral,positive,1
"Changes in the market situation and tougher price competition have substantially reduced demand for bread packaging manufactured at the Kauhava plant , according to the company .",negative,neutral,0
"In connection with the deal , Digia will employ 19 persons from Nokia in Oslo and in Silicon Valley in the USA .",neutral,positive,1
$YANG Double bottom 5.2,positive,neutral,0
- Moody 's said it gave P A1 long-term senior unsecured and P P-1 short-term debt ratings to Finnish lender Aktia Bank 's EUR1bn USD1 .4 bn euro medium-term note EMTN program of 25 March 2011 .,neutral,negative,-1
$TSLA recall,negative,neutral,0
"The liquidity providing was interrupted on May 11 , 2007 when Aspocomp Group Oyj 's shares traded below 0.50 cent ( Aspocomp 's stock exchange release 11.5.2007 ) .",neutral,negative,-1
Hargreaves Lansdown bucks weak markets to see assets rise 2.6 percent,positive,neutral,0
"At 12.59 pm , the OMX Helsinki 25 index was 0.32 pct lower at 2,694.81 .",negative,neutral,0
"In November , the Finnish government decreased its ownership in the company further to 31.1 percent from 38 percent .",neutral,negative,-1
"Finnish Exel Composites , a technology company that designs , manufactures , and markets composite profiles and tubes for various industrial applications , reports its net sales decreased by 0.6 % in the second quarter of 2010 to EUR 19.2 mn from EUR 19.3 mn in the corresponding period in 2009 .",neutral,negative,-1
"Of Bavelloni 's and NST 's joint ventures , Bavelloni Tools , completes semiproducts that are produced in Italy into high-quality tools that will be sold under the DiaPol brand .",neutral,positive,1
"UPM-Kymmene Corp. , the world 's largest maker of magazine paper , on Tuesday reported a 19-percent profit drop as lower paper prices , higher costs and a strong euro hurt revenue .",negative,positive,2
The total value of the contract is some EUR 8 million .,neutral,positive,1
"The prerequisite for inclusion in the program and for receipt of any gains is that key employees acquire Aspo shares to the amount determined by the Board in advance , in the maximum .",neutral,positive,1
"The 250 sq m 2,691 sq ft store in Copenhagen 's premier shopping district was inaugurated today , further strengthening the company 's presence in Nordic capitals .",positive,neutral,0
Netflix Grows Efforts To Create Loyal Customers $NFLX https://t.co/5QXBkoBphe,positive,neutral,0
"The OMX Nordic 40 OMXN40 index , comprising the 40 most traded Nordic stocks on the Nasdaq OMX exchange , closed down 0.87 % at 1,064.14 points on Thursday .",negative,neutral,0
$AAPL nibbling on a small long via 525.. buying off 13min charts..,positive,neutral,0
The operating margin of Aker Yards Cruise & Ferries division went down from 8.3 % to 6.4 % in the first quarter of 2007 .,negative,neutral,0
"Whats up with $LULU?  Numbers looked good, not great, but good.  I think conference call will instill confidence.",neutral,positive,2
"Temporary lay-offs , affecting the entire workforce , will also be implemented .",negative,neutral,0
$FREE Ha Heeeeeere comes the pump! So glad I picked up 9K end of day! Get ready for the bull ride!,positive,neutral,0
"Finnish technology group Aspocomp Group Oyj ( OMX Helsinki : ACG1V ) issued its third quarter report on Thursday ( 13 November ) , posting an operating profit of EUR0 .4 m , as compared to a loss of EUR0 .5 m in the third quarter of 2007 .",positive,neutral,0
"The building complex consists of high-quality office and retail space totalling 49,200 square metres , the company said .",neutral,positive,1
"ITG 's share in the deal is estimated at some 500,000 euro $ 627,000 .",neutral,positive,1
BG Group appoints new CEO one month early,neutral,positive,1
RT @bman1 $LNG looks primed also $EGHT poised to run too...,positive,neutral,0
It is also 7.7 pct above the 12-month volume weighted average price of the stock .,positive,neutral,0
Coke dividend - 3%. Google dividend - 0%. For passive income Coke takes it. $GOOG $KO https://t.co/QBsoWjxOST,neutral,positive,2
The subsidiary is setting up a facility for manufacturing high-density interconnection printed circuit boards or PCBs at Nokia 's special economic zone at Sriperumbudur near Chennai .,neutral,positive,1
$CRM Sep 40 calls are +35% since entry #BANG http://stks.co/deDm,positive,neutral,0
Rapala said it estimates it will make savings of 1-2 mln eur a year by centralising its French operations at one site .,positive,neutral,0
$VMW  Got a nice push today following small sweepers of May C this morning,positive,neutral,0
"In future , the company intends to look for know-how from outside the company and to cooperate with other actors in the sector .",positive,neutral,0
"More than 50,000 tonnes of asphalt mix will be used in the contract .",neutral,positive,1
"PA ) , JPMorgan Chase and Co ( NYSE : JPM ) and Pohjoa Bank are joint lead-managers on the senior , unsecured deal .",neutral,positive,1
"Sales in Finland decreased by 10.5 % in January , while sales outside Finland dropped by 17 % .",neutral,negative,-2
"The pulp production in Finnish Kemij+ñrvi will also be liquidated and about 1,100 employees loose their jobs .",negative,neutral,0
Nordea was the cheapest also for a couple in their 30s with debt .,neutral,negative,-1
"Tesla is recalling 2,700 Model X cars: https://t.co/8Z7BkVsTl9 $TSLA",negative,neutral,0
"Operating loss totalled EUR 3.2 mn , compared to a profit of EUR 7.2 mn in the third quarter of 2008 .",negative,neutral,0
"On #FEDDAY looking for a sharp move up in equities $AAPL $HD $LOW $FB seeing $UVXY $TVIX getting hammered, even though market is down.",positive,neutral,0
"Net sales totaled EUR 93.6 mn , up from EUR 93.2 mn in the corresponding period in 2005 .",positive,neutral,0
CEO Erkki J+ñrvinen is happy with the company 's performance in 2010 .,positive,neutral,0
"Following the transaction , Lundbeck has worldwide rights for nalmefene , excluding North America , Mexico , Turkey and South-Korea .",positive,neutral,0
"The government started the sell-off last month , putting an 8 percent stake in TeliaSonera on the auction bloc .",neutral,negative,-1
"The Finnish company sold its UK operation - consisting of 50 staff in offices in London , Birmingham and Manchester - as part of a deal with Hampden in July 2001 for its European-wide property and casualty arm Sampo Industrial .",neutral,positive,1
"In the building and home improvement trade , sales decreased by 22.5 % to EUR 201.4 mn .",negative,neutral,0
"Finnish textiles and clothing group Marimekko Oyj posted a net profit of 7.99 mln euro $ 10.4 mln for 2006 , compared to 8.4 mln euro $ 10.9 mln for 2005 .",neutral,positive,1
"Due to the rapid decrease in net sales , personnel reductions have been carried out on a wider scale than initially expected .",neutral,negative,-1
Stora is due to release its fourth-quarter and 2009 full-year earnings on Feb. 4 .,neutral,positive,1
Full-year operating result for 2008 was 3.6 million negative .,neutral,negative,-1
$NQ got hit hard lower this AM --> looks like it has found support a 18.89 http://stks.co/s052z,negative,neutral,0
"The company has established a 3G base station at about 17,000 feet at the foot of Mount Everest that will enable mountain climbers at the 29,035-foot summit to surf the Internet and even send videos of their exploits .",positive,neutral,0
We make available the following brand-new market analyses Cement - Pakistan Cement - Malaysia Cement - Taiwan Cement - Philippines These analyses give a clear overview of the actual situation and future outlook of the cement industry in some Asian countries .,neutral,positive,1
"Operating profit totalled EUR 30.2 mn , down from EUR 43.8 mn a year earlier .",neutral,positive,1
"One of the installed elevators will be a double-deck elevator , which enables more efficient use of the building 's core space .",positive,neutral,0
HELSINKI ( AFX ) - Outokumpu said it has agreed to sell the Hitura nickel mine in Finland to Canadian group Belvedere Resources Ltd for 10 mln eur worth of Belvedere shares .,neutral,negative,-1
Just went long $ILMN,positive,neutral,0
Johnson Matthey share price slumps as company posts full-year results,negative,neutral,0
"However , the offering will probably not be made at the current valuation , which partly derives from the deal in which the company was merged into a stock market shell .",neutral,positive,1
"Operating result for the 12-month period decreased from the profit of EUR0 .4 m while turnover decreased from EUR5 .6 m , as compared to 2004 .",neutral,negative,-1
The administrators have indicated a need for 900 job cuts at the Irish insurer over the next 15 months .,neutral,negative,-1
"Revenue for the quarter totaled 27.4 billion , down 2 percent from 28.1 billion in the fourth quarter in 2008 .",negative,positive,1
N-Viro operates processing facilities independently as well as in partnership with municipalities .,neutral,positive,1
The number of bodily injury cases quadrupled in 2000-2006 .,negative,neutral,0
And U.S. energy executives say high steel prices are threatening energy exploration .,negative,positive,1
"In Finland , the launch of tie-in sales of 3G mobile phones did not cause a dramatic rush in mobile retail outlets during the first few days .",neutral,positive,1
Officials did not disclose the contract value .,neutral,positive,1
"London 's leading shares today jumped almost 100 points , or 1.7 % , as the market opened .",positive,neutral,0
The combined company had pro-forma net sales of 140 mln euro $ 188.9 mln and an operating profit of 13 mln euro $ 17.5 mln for 2006 .,neutral,positive,1
Managing Director Kari Inkinen says that Sponda 's leasing operations developed highly favourably .,positive,neutral,0
"$TSLA steaming up again, this stock is relentless at the moment",positive,neutral,0
Incap Contract Manufacturing is a subsidiary of Incap Corporation of Finland .,neutral,positive,1
"RT @stockdemons think shorting here into close might be play, $SPY - high beta reversing..looks worth a shot",negative,positive,1
"VDW combined with LXE devices enhances productivity , enabling workers to use a single device to perform voice , scanning and keyboard functions .",positive,neutral,0
"Thus the method will cut working costs , and will fasten the planning and building processes .",positive,negative,-1
Talentum 's net sales in September were smaller than expected .,negative,neutral,0
$LNKD Daily Phase 2 retest - Price experiencing early rejection. Can it retest? http://stks.co/t04xX,negative,neutral,0
`` With this new version it is very important for us to introduce a BIM process that is based on the detailed building information model .,neutral,positive,1
.@barronsonline sees #Apple at $150/share in a year (+36% from today) on growing services business. $AAPL https://t.co/3BDNEKN7l1,positive,neutral,0
Altogether Finnair has canceled over 500 flights because of the strike .,negative,neutral,0
Pretax loss totaled EUR 117mn compared to a loss of EUR 65mn in the corresponding period .,neutral,negative,-2
"Copper , lead and nickel also dropped ... HBOS ( HBOS ) plummeted 20 % to 70.3 pence after saying this year+ó ??",neutral,negative,-1
$GOOG Testing the 200 day after some consolidation http://stks.co/h0cPJ,positive,neutral,0
"Finnish GeoSentric 's net sales decreased to EUR 939,000 in January-March 2009 .",neutral,negative,-1
Slump in Weir leads FTSE down from record high,negative,positive,2
"Jan. 6 -- Ford is struggling in the face of slowing truck and SUV sales and a surfeit of up-to-date , gotta-have cars .",neutral,negative,-1
"Royal Mail 'breached competition law' over delivery service changes, Ofcom claims",negative,neutral,0
"The cooperation will involve Arena Partners buying a 35 % share of the new joint venture company , operating in Alma Media 's home sales , vehicle and consumer advertising marketplace businesses .",neutral,positive,1
"Sales climbed 19.2 pct to 1.002 bln eur , surpassing the 953 mln eur consensus figure .",positive,neutral,0
$FB turns back down in early trading.... https://t.co/reuf5PzhBm,negative,neutral,0
Old Mutual First-Quarter Sales Up 18% Buoyed by Emerging Markets,positive,neutral,0
"The dividend is payable on February 1 , 2010 to shareholders of record on January 19 , 2010 .",neutral,positive,2
Mobile communication and wireless broadband provider Nokia Inc NYSE : NOK today set new financial targets and forecasts for Nokia and the mobile device industry and also for Nokia Siemens Networks and the mobile and fixed infrastructure and related services market .,neutral,positive,1
"Net interest income was EUR 39.3 mn , up from EUR 32.7 mn .",positive,neutral,0
"JP Morgan expects that Scala will lower Nobel Biocare 's growth forecast for 2007 from the current guidance of 23-25 pct , as well as the operating margin target from the current 34-35 pct .",neutral,positive,1
#Tesla: Model X Recall Adds To Reliability Issues $TSLA https://t.co/jVXQ4DoXnP,negative,neutral,0
"Under the agreement Benefon 's forthcoming range of TWIG integrated GPS navigation and mobile phone devices will use the jointly developed web-based tracking and location technology , in both consumer and commercial applications .",neutral,positive,1
"Following this increase Huhtamaki 's registered share capital is EUR360 .62 m and the number of shares outstanding is 106,063,320 .",neutral,positive,1
"The three year turn-around program is expected to ensure Salomon 's future competitiveness , the company said .",positive,neutral,0
"The company 's profit totaled Ls 578,100 in H1 2007 , down 30.9 % year-on-year .",negative,positive,1
FDA approves AstraZeneca drug for advanced lung cancer,positive,neutral,0
Lieksaare Oy has earlier been regarded under the control of Saarelainen Oy and the individual shareholders under the shareholder agreement .,neutral,positive,1
$mcp rolling over for a new intraday low. Bottom Pickers continue to get destroyed,negative,positive,1
It has80 branches in Finland with annual revenue in Finland of ?,neutral,positive,1
WPP boosts sales despite cautious clients,positive,neutral,0
"ADP News - Feb 13 , 2009 - Finnish retailer Kesko Oyj HEL : KESBV said today its total sales , excluding value added tax VAT , stood at EUR 661.3 million USD 853.1 m in January 2009 , down 15.2 % year-on-yea",negative,neutral,0
`` Consumers have very well received our packed fresh meat .,positive,neutral,0
The corrected chapter is in its entirety below .,neutral,negative,-1
"TietoEnator itself uses Nokia 's Intellisync Mobile Suite 's wireless email , calendar , and device management capabilities , and the company will now extend these services to its customers .",positive,neutral,0
"In the second quarter of 2010 , Raute 's net loss narrowed to EUR 123,000 from EUR 1.5 million in the same period of 2009 .",positive,negative,-1
"The record date for dividend distribution is March 14 , 2008 .",neutral,positive,2
"Stockholm , 3 March 2011 About Cybercom The Cybercom Group is a high-tech consultancy that offers global sourcing for end-to-end solutions .",neutral,positive,1
He said he has been losing five families a month to the economy as many make alternative arrangements to save money .,negative,neutral,0
"MILAN ( AFX ) - The Italian shipping group Grimaldi has increased its stake in the Finnish company Finnlines to 35.4 pct from the 30.5 pct held in June , according to news agency ANSA .",neutral,positive,1
"Commenting on the deal , Shane Lennon , SVP of Marketing & Product Development at GyPSii said : ?",neutral,positive,1
"External net sales from the printing business fell by 43.7 % , partly due to the termination of the printing contract between Ilkka-Yhtyma 's printing house I-print Oy and sector player HSS Media AB in December 2009 and the fall in printing prices .",neutral,negative,-1
"We are honored to be recognized by Gartner as a specialist in Business Process Modeling and Analysis , in the company of many of the largest software vendors in the world .",positive,neutral,0
"Westpac Banking Corp - Is to issue a benchmark , 3 year FRN deal in Euros .",neutral,positive,1
For the new shares subscribed with stock options all shareholder rights commence from the date on which they are entered into the Trade Register .,neutral,positive,1
$AAPL price momentum weakening going into the close.,negative,neutral,0
"The company 's profit totaled Ls 134,700 .",neutral,positive,1
"However , its market share shrank to 47.59 per cent from 48 per cent a year earlier .",negative,neutral,0
TalkTalk hires BAE Systems to investigate cyber attack,negative,neutral,0
"FTSE led lower by M&S, GlaxoSmithKline",negative,neutral,0
"The new majority owners of Aspocomp Thailand Co. , Ltd are certain private persons belonging to immediate circle of Aspocomp 's present Joint Venture partner , Saha Pathana Inter-Holding Plc. .",neutral,positive,1
"Some 3.8 mln euro ( $ 5.2 mln ) of the base acquisition price will be paid in cash and the rest through a subscription offering of a total of 850,000 new Ixonos shares .",neutral,positive,1
"Established in 1987 , the SRV Group is a private Finnish construction concern with operations in Finland , the Baltic countries and Russia .",neutral,negative,-1
Barclays sells benchmark indices unit to Bloomberg,positive,neutral,0
"The contract covers the manufacturing , surface-treatment and installation of the steel structures .",neutral,positive,1
"Under the deal , Know IT will pay SEK90m ( USD12 .8 m-EUR8 .6 m ) in cash and stock .",neutral,positive,1
"$AAPL 50DMA turned up, MACD crossover a half-a-hair away on the weekly. EOD break out likely.",positive,neutral,0
"TietoEnator was down 1.13 pct to 18.38 , extending recent lows after last week 's second-quarter report , dealers said .",negative,neutral,0
The maritime administration said the ships had ignored warnings about the icy conditions .,negative,neutral,0
"Making matters more difficult , the company said it has been grappling with higher oil and gas prices , which have pushed up the cost of energy , raw materials and transportation .",negative,neutral,0
"$VRTX Vertex. Monthly -lower hi/lower lo,  Long term uptrend intract so far",positive,neutral,0
"YIT lodged counter claims against Neste Oil totaling some EUR25m , primarily based on work carried out under the contract and additional costs incurred due to prolongation of the project .",neutral,positive,1
"Amer , which bought Salomon from adidas in October , said the job cuts are aimed at boosting competitiveness .",neutral,negative,-1
"With the measures , Suominen Corporation aims to ensure the competitiveness of the Flexible Packaging business in the long term .",positive,neutral,0
"@IfHeDiesHeDies: @Bullhorn334: $ZNGA shorts are getting nervous""""",positive,neutral,0
"Comparable operating profit totaled EUR 4.7 mn , down from EUR 5.1 mn in the corresponding period in 2005 , representing 7.4 % of net sales .",negative,positive,1
"A maximum of 666,104 new shares can further be subscribed for by exercising B options under the 2004 stock option plan .",neutral,positive,1
The implementation of the deal is subject to the approval by the Finnish Competition Authority .,neutral,positive,1
"Microsoft also churned up its courtship , agreeing to use the Navteq mapping service , which is offered by a company Nokia bought for $ 8.1 billion a few years ago .",positive,neutral,0
The GeoSolutions team further provides an intriguing new technology combining GPS and Mobile-based technologies together with Internet-based social networking .,neutral,positive,1
Pharmaceuticals - Poland This brand-new market analysis gives a clear overview of the actual situation and future outlook of the pharmaceutical market in Poland .,neutral,positive,1
"Trading in the new shares , which have right to dividends and other distributions of funds , will start on the exchange in Helsinki tomorrow .",neutral,positive,2
"The change in holdings in accordance with Chapter 2 , Section 9 of the Finnish Securities Markets Act is described below .",neutral,negative,-1
"With CapMan as a partner , we will be able to further develop our business and continue to focus on providing quality restaurant services for our customers , '' says Christopher Wynne , CEO of Papa John 's Russia .",positive,neutral,0
@chessNwine: $IWM 30-Minute Chart. Small caps threatening descending triangle breakdown under $110.20.  http://stks.co/r0KKm,negative,neutral,0
CORPORATE IT UPDATE - ( C ) 1995-2009 M2 COMMUNICATIONS LTD Finnish technology group Teleste Corporation ( OMX Helsinki : TLT1V ) reported on Wednesday ( 4 February ) an operating profit of EUR5 .6 m on net sales of EUR108 .7 m for the year 2008 .,neutral,positive,1
Finnish fibers and plastic products maker Suominen Corporation said its net loss narrowed to 1.6 mln euro $ 2.0 mln in the first nine months of 2006 from 2.16 mln euro $ 2.7 mln in the same period of 2005 .,positive,negative,-1
CompaniesFresnillo shares jump 8% as silver price breaks $21,positive,neutral,0
The non-recurring costs caused to Talentum 's Premedia business area by the restructuring will amount to 2.0 mln euro $ 2.7 mln and will be included in the company 's financial results for the second quarter of 2007 .,neutral,negative,-1
The prices of stainless steel also rose in Europe .,neutral,positive,1
$ISRG - ISRG Short - http://stks.co/f1vVU http://stks.co/c1qrm,negative,neutral,0
$DARA breaking out,positive,neutral,0
"A total of 38,244 new Citycon shares with a nominal value of EUR 1.35 per share were subscribed on 19 April exercising the A-B-C options based on the company 's stock option plan 1999 .",neutral,positive,1
$AAPL I'm sure those short are holding their breath hoping for a miracle. lol,positive,neutral,0
`` Management decided at the end of 2005 to increase cathode copper capacity .,neutral,positive,1
One of the largest projects of the magazine division of SanomaWSOY - Sanoma Magazines International in 2006 became launch of the Russian magazine Gloriya .,neutral,positive,1
Finnish airline Finnair is starting the temporary layoffs of cabin crews in February 2010 .,neutral,negative,-1
$GNRC finding support at its 10-day line so far.,positive,neutral,0
"Under the transaction agreement , Metsaliitto will purchase 24.7 % of Metsa-Botnia 's shares from UPM and 3 % from M-real .",neutral,positive,1
"Britain's FTSE falls back with Ashtead, commodities under pressure",negative,neutral,0
$BBRY bye bye Sammy. Hello BB. Sounds like we'll see some green tomorrow.,positive,neutral,0
$NFLX VISION : short term consolidation then movement higher http://stks.co/j05uu,positive,neutral,0
"Are ARM Holdings plc, Domino's Pizza Group plc and ASOS plc 3 must-have growth stocks?",neutral,positive,1
"Pearl Plaza LLC , the joint venture of SRV and Shanghai Industrial Investment Holdings Co Ltd , has concluded the investment decision on construction of the first phase of the shopping center in Saint Petersburg , Russia .",positive,neutral,0
The measures result from decreased demand in technical design and product information .,neutral,negative,-1
"Key price to watch in $NFLX, off the previous double top reject, 218.23 http://stks.co/sIYn",negative,neutral,0
City spirits sink after Diageo comes up short with sales slide,negative,neutral,0
Operating loss increased to EUR 17mn from a loss of EUR 10.8 mn in 2005 .,neutral,negative,-1
StanChart and RBS struggle in Bank of England stress tests,negative,neutral,0
BHP Billiton share price: Brazil to sue Samarco for Â£3.5bn,negative,neutral,0
ArcelorMittal Chief Executive Officer Lakshmi Mittal has already cut output at some furnaces .,neutral,negative,-1
"Kesko Agro Lietuva , the agricultural machinery and grain trader and another member of the Kesko Group , boosted its sales by 42.9 percent to 13.4 million euros , VAT inclusive .",positive,neutral,0
"( ADPnews ) - Dec 1 , 2009 - Finnish cutlery and hand tools maker Fiskars Oyj Abp ( HEL : FISAS ) said today that it will make redundant a total of 18 office and management staff members of its subsidiary Iittala Group Ltd. .",negative,neutral,0
"In February 2011 , new wording of Identity Documents Act that makes Mobile ID a state-approved electronic document as of February 1st 2011 entered into force .",neutral,positive,1
"Antti Orkola , president of Kemira GrowHow 's Industrial Solutions unit , told Thomson Financial News the company has put off opening the mine as prices of phosphate have been ` quite depressed for a long time ' . '",negative,neutral,0
"2009 3 February 2010 - Finland-based steel maker Rautaruukki Oyj ( HEL : RTRKS ) , or Ruukki , said today it slipped to a larger-than-expected pretax loss of EUR46m in the fourth quarter of 2009 from a year-earlier profit of EUR45m .",negative,neutral,0
EasyJet Dismisses Lufthansa Low-Cost Plan in Contest for Germany,negative,neutral,0
"Finnish broadband data communication systems provider Teleste Oyj HEL : TLT1V said yesterday it returned to a net profit of EUR 2.7 million USD 3.8 m for the first nine months of 2010 versus a net loss of EUR 579,000 for the same period of 2009 .",positive,neutral,0
"Nyrstar has also agreed to supply to Talvivaara up to 150,000 tonnes of sulphuric acid per annum for use in Talvivaara 's leaching process during the period of supply of the zinc in concentrate .",positive,neutral,0
23 April 2010 - Finnish construction and engineering company Outotec Oyj HEL : OTE1V said today it slipped to a net loss of EUR7 .3 m in the first quarter of 2010 from a net profit of EUR12 .5 m in the corresponding period last year .,negative,neutral,0
"Revenue was slightly down , at  x20ac 495 million $ 634 million , compared to  x20ac 497 million a year earlier .",neutral,positive,1
"RT @Dasan @TMTanalyst ...since $AAPL mastered their supply chain // in cornering NAND, Apple mastered EVERYONE'S supply chain!",positive,neutral,0
The adjustments concern staff in both the Specialty Papers and the Fiber Composites segments .,neutral,negative,-1
"#Apple breaks major support, here are some levels to watch - http://stks.co/jRmW $AAPL $QQQ",negative,neutral,0
Royal Mail chairman Donald Brydon set to step down,negative,neutral,0
It also confirmed its earnings guidance for the whole 2009 issued in its report for the whole 2008 .,neutral,positive,1
"DBS, Julius Baer emerge as potential bidders for Barclays Asia wealth unit ...",positive,neutral,0
"Comparable operating profit totaled EUR 4.7 mn , down from EUR 5.1 mn in the corresponding period in 2005 , representing 7.4 % of net sales .",neutral,positive,1
New Novator products are supposed to be exported .,neutral,positive,1
Finnish component supplier Componenta Corporation ( OMX Helsinki : CTH1V ) reported on Tuesday ( 15 July ) an operating profit of EUR46 .2 m on net sales of EUR386 .0 m for the financial period January-June 2008 .,neutral,positive,1
Apple: Another attempt to break out on Apple but with weak PVT   $AAPL #Trading #investing #aapl https://t.co/DNh7Hgv22V,positive,negative,-1
It also turned to earnings per share ( EPS ) of EUR 0.08 versus loss per share of EUR 0.04 .,positive,neutral,0
Completion of the transaction is subject to a final agreement and a Due Diligence process .,neutral,positive,1
Morrisons finance chief to fill gap as CEO leaves early,negative,neutral,0
"Earnings per share ( EPS ) amounted to EUR0 .98 , up from the loss of EUR0 .02 .",positive,neutral,0
"According to Chairman Michael Hornborg , the organizations has merely criticised Raisio 's weak performance .",neutral,negative,-1
BAE Systems's sales boosted by European Typhoon and currencies,positive,neutral,0
"Honkarakenne also decided yesterday to sell 88,500 of its B series shares to key staff members for EUR2 .9 per share .",neutral,negative,-1
$AAPL Dips being bought up real quick. Higher lows fo sho,positive,neutral,0
"BasWare 's CEO Ilkka Sihvo comments in conjunction with the Interim Report : `` As a whole , BasWare succeeded well in the second quarter of 2007 .",positive,neutral,0
"s NASDAQ OMX : GEO1V , GyPSii business unit , developers of the award-winning GyPSii mobile social networking application , today announced its availability as a free download via the Samsung Mobile Applications Store .",neutral,positive,1
"`` I 'm trying to deal with slavery from a different perspective to balance the story , '' says DeRamus , formerly a writer at the Detroit Free Press and the Detroit News .",neutral,positive,1
"Compared with the FTSE 100 index , which rose 94.9 points ( or 1.6 % ) on the day , this was a relative price change of -0.4 % .",negative,positive,1
The announcement comes two weeks before a key licensing agreement expires between between the two companies which are embroiled in a disagreement over royalty payments for Texas Instrument chips which use Qualcomm-patented technology .,neutral,positive,1
Operating profit was EUR 1.6 mn in 2005 compared to EUR 5.9 mn in 2004 .,negative,positive,1
"Buffett's Berkshire builds Deere stake, dumps Exxon",positive,neutral,0
$MXWL Oh snap. Just went long again. LT,positive,neutral,0
Operating profit decreased to EUR 11.2 mn from EUR 16.6 mn .,negative,neutral,0
"The corresponding increase in the share capital , in total EUR 300,00 was registered in the Finnish Trade Register on May 8 , 2008 .",neutral,positive,1
"According to Finnish petrol station chain St1 's managing director Kim Wiio , the company was forced to make purchases with rising prices in the first half of 2008 , and now consumer prices are going down almost daily due to competition .",neutral,positive,1
This is a much better process than using virgin paper as it requires less transportation of wood pulp from places like Finland and Canada .,positive,neutral,0
"Revenue was slightly down , at  x20ac 495 million $ 634 million , compared to  x20ac 497 million a year earlier .",negative,positive,1
The company will enhance the GPRS capability in the existing 12 IDEA telecom service areas and add 10 more service areas to its network .,positive,neutral,0
"With the new arrangement , customer responsibilities will become mainly regional .",neutral,positive,1
"The sale will result in a capital loss of EUR5m for Solidium , which obtained Tikkurila shares in March 2010 .",neutral,negative,-1
"In the second quarter of 2010 , the group 's pretax loss narrowed to EUR 400,000 from EUR 600,000 .",positive,negative,-1
Here come the shorts marchin' in.  $GMCR.  Lovin' it!,negative,neutral,0
Sponda plans to renovate old real estate and develop new property .,neutral,positive,1
"Beef imports fell slightly from 2006 , to 14mn kilos .",neutral,negative,-1
"$KNDI Let's see some higher highs and higher lows rest of the day , slow and steady",positive,neutral,0
"Cargotec Corporation , Press Release , August 26 , 2008 at 10 a.m. Finnish time Cargotec 's MacGREGOR business area providing marine cargo handling and offshore load handling solutions has received significant offshore crane retrofit order .",positive,neutral,0
"`` The change will optimize the operational efficiencies of our growing business , '' said Julia Prohaska , director of marketing communications for Fiskars .",positive,neutral,0
Glencore fight back over debt fears lifts shares,positive,negative,-1
$FB slight green... May be runner later,positive,neutral,0
"Alma Media 's operating profit amounted to EUR 11.9 mn , down from EUR 15.0 mn a year earlier .",neutral,positive,1
"With this , the company will exit the contract manufacturing service segment .",neutral,positive,1
Finnish forest machinery manufacturer Ponsse has issued a profit warning .,negative,neutral,0
Filmiteollisuus Fine Ab will be transferred to Talentum Oyj in the form of a subsidiary .,neutral,negative,-1
"Proha Plc ( Euronext :7327 ) announced today ( 19 May ) that its fully-owned subsidiary , Safran Software Solutions AS , has agreed to sell its 49 % share of Safran North America LLC to a SNA Holding AS , an investment group based in Norway .",neutral,negative,-1
"However , the company saw its net profit for the third quarter down to EUR 1.4 million from EUR 1.5 million for the corresponding period of 2009 .",neutral,positive,1
The actions are expected to deliver annual cost savings of some EUR15-20m .,positive,neutral,0
"- The Group -¦ s cumulative sales during the review period were EUR 48.2 million EUR 53.1 million , 1-9/2007 and profit before taxes was EUR 1.2 1.4 million .",neutral,positive,1
Aldata to Share Space Optimization Vision at Apollo User Group and 2009 Category Management Association Conferences ; Company Will Unveil New Solution that Combines Business Intelligence with Space Planning Data at Conferences,neutral,positive,1
Sports equipment sales also progressed well owing to the prolonged winter season .,positive,neutral,0
"Also , Westpac is to issue a benchmark , 18 month FRN deal in Euros .",neutral,positive,1
pretty steady accumulation off support today.  Purdy. $AGU,positive,neutral,0
Operating result including non-recurring items rose to EUR 146mn from a loss of EUR 267mn in 2009 .,positive,neutral,0
Hargreaves Lansdown share price falls as costs mount - although pensions ...,negative,neutral,0
"PRESS: Serco Set To Appoint Roy Gardner, Ex-Centrica, As Chairman - FT",positive,neutral,0
Commencing the construction works of Pearl Plaza is a significant step in our Russian projects .,positive,neutral,0
"According to ACNielsen 's ScanTrack study for the period week 10 of 2005 to week 9 of 2006 , Coca-Cola is the market leader in soft drinks in Finland .",positive,neutral,0
$YMI http://stks.co/Xyf Long setup. Closed above the 20MA. MACD cross. November catalyst.,positive,neutral,0
"UPDATE 3-BP settles oil spill-related claims with Halliburton, Transocean",negative,neutral,0
"The contracts awarded to date , in connection with the system , amount to a total EUR 36 million .",neutral,positive,1
The Coca-Cola Company and Coca-Cola FEMSA to Acquire AdeS Soy-Based Beverage Business From Unilever,positive,neutral,0
"We are honored to be acknowledged for our commitment to the industry , especially in Asia Pacific . ''",positive,neutral,0
"In the Baltic countries , sales fell by 42.6 % .",neutral,negative,-1
"The mill 's raw material need will increase by 100,000 m3 of wood .",neutral,positive,1
Current holdings via options - Long: $AAPL $V $GS $AET & Short: $VXX,positive,neutral,0
$PCLN runs into the 50sma on the acquisition news,positive,neutral,0
Nokia was up 0.12 pct to 16.70 eur after kicking off the morning in negative territory .,positive,negative,-1
$TZA is a rocket ship!!!,positive,neutral,0
Industry Investment is very interested in Glaston 's solar energy projects .,positive,neutral,0
The winner does not have to be present to win .,neutral,positive,1
"Furthermore , our fully electrically driven cranes are environmentally friendly .",positive,neutral,0
"Rinkuskiai 's beer sales fell by 6.5 per cent to 4.16 million litres , while Kauno Alus ' beer sales jumped by 6.9 per cent to 2.48 million litres .",neutral,negative,-1
Halonen 's office acknowledged receiving the letter but declined comment .,neutral,negative,-1
"The broker highlights Cargotec as its preferred stock in the sector , as it is a pure play on global cargo and container handling , and it expects it to play an active role in further consolidating the industry .",positive,neutral,0
"The total headcount reduction will be 50 persons , the company said .",negative,neutral,0
The net sales of the whole fiscal year 2008 will be lower than in 2007 and operating profit is estimated to be negative .,negative,neutral,0
"The contract consists of a new building with an area of 18,000 sq m and renovation of the existing buildings .",neutral,positive,2
"The new facility , to be known as Technopolis Pulkovo , will introduce to the Russian market an entirely new concept of creating , operating and growing a commercially-funded science and technology park to support the growth of knowledge-intensive companies .",neutral,positive,3
Tesco's Sales Pickup Isn't Enough,negative,neutral,0
$TRIP maintains Neutral rating at JP Morgan- PT cut $61 from $66,neutral,negative,-1
"The poorest index figure was given to Finnish power company Fortum , 4.5 .",negative,neutral,0
The extracted filtrates are very high in clarity while the dried filter cakes meet required transport moisture limits (TMLs)for their ore grades .,neutral,positive,1
"The disposal of Autotank will also strengthen Aspo 's capital structure , '' commented Gustav Nyberg , CEO of Aspo .",positive,neutral,0
"Micron Technology Inc #NASDAQ: $MU down 2.3% today and down 8.9% since being put on ""The Short"" https://t.co/EQQLTfUiOU",negative,neutral,0
ITV to pursue takeover of Canada's Entertainment One: Bloomberg,positive,neutral,0
AstraZeneca weighing up Acerta bid to secure blood cancer drug,positive,neutral,0
$HRL ready to pop! http://stks.co/s0Ny4,positive,neutral,0
News FeedFTSE 100 movers: LSE surges as ICE says mulling offer; Ashtead and Barclays tank,positive,neutral,0
Elcoteq SE is Europe 's largest contract electronics maker and has set up a unit in Bangalore in association with Avista Advisory of Mumbai .,neutral,positive,1
"Sales VAT inclusive expanded by 19 percent , to 351 million euros .",positive,neutral,0
Country : ; Germany Sector : Construction-Real Estate ; Machinery-Engineering Target : Caverion GmbH Buyer : YIT Oyj Deal size in USD : 90.3 m Type : Corporate acquisition Status : Agreed,neutral,positive,1
Last year SysOpen Digia invested in IBM product know-how in the building of portal and trading place systems and successfully implemented customer solutions supported by it .,positive,neutral,0
"The currency effect had a 3.0 pct , or 20 mln euro ( $ 31.3 mln ) , negative impact on the revenue .",negative,neutral,0
"Only L+ñnnen Tehtaat showed a loss , but it has only recently started streamlining measures .",neutral,negative,-1
"Operating profit totalled EUR 1.22 mn , down from EUR 3.56 mn in the first quarter of 2008 .",negative,positive,1
"$RUSS Don't catch falling knives, but I think an entry is coming soon on this",positive,negative,-1
"Earnings per share ( EPS ) in the first half of 2007 amounted to EUR0 .29 , down from EUR0 .40 year ago .",neutral,positive,1
"$RXII Tang really is toxic, they keep bringing the share price down. At least they could let it climb a little before dragging it down.",negative,neutral,0
"Metsa-Botnia will finance the payment of dividends , the repayment of capital and the repurchase of its own shares with the funds deriving from its divestment of the Uruguay operations , and shares in Pohjolan Voima , and by utilising its existing financing facilities .",neutral,positive,1
"RT FITZSTOCK2004: $IYT http://stks.co/1NBF the Transports always lead  the way, and  they broke DT  line  1st, MACD cross,  bull  flag=",positive,neutral,0
"EBIT excluding non-recurring items , totalled EUR 67.8 mn , up from EUR 38.1 mn .",positive,neutral,0
Operating loss totaled EUR 0.3 mn compared to a profit of EUR 2.2 mn in the corresponding period in 2007 .,negative,neutral,0
"FTSE rallies off three-month low, boosted by StanChart, Sainsbury",positive,neutral,0
The maximum number of new shares to be offered is 22 million .,neutral,positive,1
"$ENDP exit reversal .11 X 3K shares = $330 - now Long - not getting follow through, either side of price action",positive,neutral,0
ITV share price jumps on report of Comcast's NBCUniversal bidding to takeover ...,positive,neutral,0
The four-year contract between the bank and Ski Sport Finland will bring the bank 's advertisements to skiers helmets and caps .,neutral,positive,1
"According to Finnish Scanfil 's founder and chairman of the board , Jorma J. Takanen , the company has to look for growth abroad .",neutral,positive,1
"When new types of network elements are added to the network , the conversion file is updated by adding the information required for converting the message format of the new network element type to the format understood by the management system .",neutral,positive,2
"Comptel , a vendor of dynamic Operations Support System ( OSS ) software , has been selected by Orascom Telecom ( OTH ) as partner for provisioning and activation solutions for mobile services .",positive,neutral,0
Finnish sports equipment maker Amer Sports Oyj ( HEL : AMEAS ) said today that its net loss narrowed to EUR 16.9 million ( USD 22.3 m ) in the second quarter of 2010 from EUR 23.2 million in the corresponding period a year earlier .,positive,negative,-1
"Return on investment was 5.0 % , compared to a negative 4.1 % in 2009 .",positive,negative,-1
The contract will take effect in 2009 for a five or ten year period .,neutral,positive,1
Three students from Universiti Sains Malaysia have won a study trip to Helsinki .,neutral,positive,1
"Finnish property investment company Citycon will expand and refurbish +àkersberga shopping center in Stockholm , in Sweden .",neutral,positive,1
Total two offers were received by Contracting Authority for participating in this contract ; however the contract was allotted to Affecto Finland Oy .,neutral,positive,2
"( ADPnews ) - Feb 3 , 2010 - Finland-based steel maker Rautaruukki Oyj ( HEL : RTRKS ) , or Ruukki , said today it slipped to a larger-than-expected pretax loss of EUR 46 million ( USD 64.5 m ) in the fourth quarter of 2009 from a",neutral,negative,-1
"@sharkbiotech If anyone is selling/shorting $AGN b/c you believe $ENDP rumors to be realistic, then I'll take the other side of that trade",positive,neutral,0
"Operating margin , however , slipped to 14.4 % from 15.1 % , dragged down by a poor performance in enterprise solutions .",neutral,negative,-1
"So as of today's close (8/15/14), I'm long $TSLA $AMTD $TWTR $FB $AAPL $CELG - all on a longer-term, technical swing long basis.",positive,neutral,0
"The report examines the medical equipment business structure and operations , history and products , and provides an analysis of its key medical equipment revenue lines .",neutral,positive,1
"Operating profit margin was 8.3 % , compared to 11.8 % a year earlier .",negative,positive,1
The current reference grade instruments are challenging to operate due to their high price and complexity for routine use .,negative,positive,1
"A total of 131000 Talvivaara Mining Company Plc 's new shares were subscribed for during the period between May 1 , 2010 and June 30 , 2010 under the company 's stock option rights 2007A .",neutral,positive,1
EUR/USD Finding Support Near 1.10 Level $ERO $UUP $UDN $FXE  http://stks.co/b29eU,positive,neutral,0
"In addition , we will launch a versatile online service to complete the traditional printed newspaper , Mr. Valkama says .",neutral,positive,1
Finnish metal products company Componenta Oyj net profit went slightly down to 25.1 mln euro ( $ 40.2 mln ) for the first half of 2008 from 25.4 mln euro ( $ 40.7 mln ) for the same period of 2007 .,neutral,positive,1
"Britain's FTSE bounces back, Mondi and Barratt lead",positive,neutral,0
"Loudeye Corp. , up $ 2.56 at $ 4.33 Nokia Corp. , down 10 cents at $ 19.46 Nokia agreed to buy the digital music distributor for $ 60 million .",neutral,positive,1
"Standard Chartered, RBS Escape Capital Raising in Stress Test",positive,neutral,0
"Operating profits in the half were  0.8 m , down from  0.9 m as Glisten invested in the brand and the management team .",negative,positive,1
The expansion is to be finalized in the autumn of 2009 .,neutral,positive,1
"The most loyal customers were found in the Bank of +àland , with an index of 8.0 .",positive,neutral,0
Tesco breaks its downward slide by cutting sales decline in half,positive,negative,-2
long $AAPL,positive,neutral,0
Salonen added that data shows producers ' pulp inventories in North America are declining . ',neutral,negative,-1
"Finnish IT consultancy Satama Interactive Oyj posted a net profit of 1.4 mln euro $ 2.0 mln for the first nine months of 2007 , compared to a net loss of 462,000 euro $ 664,000 for the same period of 2006 .",positive,neutral,0
Is Trouble Brewing At Legal & General Group Plc And Aviva plc?,negative,neutral,0
"Operating profit totaled EUR 3.8 mn , down from EUR 4.5 mn in the corresponding period in 2005 .",negative,positive,1
"The contract incorporates a Convergent Charging rating solution for voice and data , which includes Internet , GPRS , SMS , MMS and WAP .",neutral,positive,1
AstraZeneca's Lung Cancer Drug Tagrisso Gets FDA Approval,positive,neutral,0
Europe however remains an important and strong market for us .,neutral,positive,1
Morrisons and Debenhams surprise City with Christmas bounce back,positive,neutral,0
"Operating profits in the half were  0.8 m , down from  0.9 m as Glisten invested in the brand and the management team .",neutral,positive,1
Its total annual revenue comes up to about 160 mln zloty ( $ 56.9 mln-42 .3 mln euro ) .,neutral,positive,1
"The corresponding increase in the share capital , EUR422 ,754 , has been entered in the Trade Register today .",neutral,positive,1
"Group EBIT for the first half was EUR13 .6 m US$ 17.8 m , falling short of the EUR22 .5 m it posted for the same period of 2009 .",neutral,negative,-1
Relations with the City have been further damaged by comments from Mr Ashley criticising City investors and analysts as `` cry babies '' .,negative,neutral,0
Pretax profit totaled EUR 4.9 mn compared to EUR 5.2 mn in the first quarter of 2005 .,negative,positive,1
"Most recently , he founded Virent Energy Systems , Inc. , an 80 person catalytic biofuels company , where , as president and CEO , he led the company through multiple financings , defined the company 's market strategy , and secured the company 's first customers .",neutral,positive,1
TripAdvisor jumps on M&A rumors https://t.co/O4lwCDXMbr $TRIP,positive,neutral,0
Finnlines estimated in its annual general meeting that 2008 will be financially a tough year due to large investments .,negative,neutral,0
"Meanwhile , minority shareholders , expecting TeliaSonera to retain the bid , sell shares now .",neutral,negative,-1
"Operating profit was EUR 9.8 mn , compared to a loss of EUR 12.7 mn in the corresponding period in 2009 .",positive,neutral,0
Word on the street is that Allergen is looking at Endo International after the failed Pfizer merger. May-20 $35 calls active. $ENDP,positive,negative,-1
"METALS-Zinc surges 12 pct after Glencore cuts output, fuelling metals rally",positive,neutral,0
Profit for the period fell to EUR 1.6 mn from EUR 7.5 mn in January-September 2008 .,negative,neutral,0
Is It Worth Investing In Tesco PLC And Prudential plc Now?,positive,neutral,0
"Operating profit , excluding non-recurring items , totaled EUR 0.2 mn , down from EUR 0.8 mn in the corresponding period in 2006 .",negative,positive,1
Danish company FLSmidth has acknowledged that it has violated a patent held by Finnish Metso .,negative,neutral,0
"The share issue , derogating from the pre-emptive right of the shareholders and comprising some six million new shares at market price , will be offered for subscription by shareholders , holders of capital notes and by professional clients .",neutral,positive,1
"took some $ENDP long this am, using VWAP as guide",positive,neutral,0
"Despite sales growth, UK's Tesco cautions recovery to be bumpy",neutral,positive,2
"In Middle East & North Africa , Tecnotree has grown considerably in the recent years .",positive,neutral,0
Scanfil has also issued a profit warning .,negative,neutral,0
"EPS for the quarter was EUR0 .00 , as compared with EUR0 .01 in the third quarter of 2008 , representing a Group net sales for the third quarter were EUR15 .3 m , up by 2.8 % as compared with EUR14 .9 m in the third quarter of 2008 .",positive,neutral,0
The agreement includes application maintenance and support services .,neutral,positive,1
The lay-offs will affect 240 people out of the total 320 Okmetic employees in Finland .,negative,neutral,0
"that was quick, out $FIO 21.35, market tanking, scaling down longs now",negative,neutral,0
"The announcement pushed Freenet shares down 6.3 % , or EUR0 .71 , in Frankfurt trade to EUR10 .65 as investors gave up hope United Internet AG and Drillisch would pursue their own takeover and breakup of Freenet .",negative,neutral,0
CompaniesUnilever sales lifted by ice cream in soft economy,positive,neutral,0
@saltwaternurse $INO can test 10 again in next few days. time to take some profits here. or hedge with puts.,negative,positive,1
EasyJet attracts more passengers in June but still lags Ryanair,positive,neutral,0
The company 's previous estimate was for a lower revenue than the year-ago EUR 93.9 million .,neutral,positive,1
Earnings per share ( EPS ) dropped to EUR 0.21 from EUR 0.31 .,negative,neutral,0
The goal is to secure the company 's profitability and competitiveness .,neutral,positive,1
"However , the company saw its net profit for the third quarter down to EUR 1.4 million from EUR 1.5 million for the corresponding period of 2009 .",negative,positive,1
` Very recommendable ' is the Nokian Z G2 according to the ` ADAC judgement ' in the latest summer tyre test of the German automobile association ADAC .,positive,neutral,0
- The Group -¦ s result before taxes was a loss of EUR 0.6 ( +0.6 ) million .,neutral,negative,-1
Viking Line has canceled some services .,negative,neutral,0
Stora Chief Executive Jouko Karvinen has described the Russian tariff hikes as a threat to the future of the forest products industry in Finland .,negative,neutral,0
"After Barclays and Bank of America, Citigroup has blockchain in sight",positive,neutral,0
"Google, Inc. completes acquisition of ICOA, Inc. http://stks.co/nFEI $ICOA $GOOG",positive,neutral,0
"Finnish plumbing and heating systems supplier Uponor 's net sales from continuing operations decreased by 9.4 % in 2008 to EUR 949.2 mn from EUR 1,047.4 mn in 2007 .",neutral,negative,-1
"This location makes the mall a convenient place to shop for consumers from three large residential areas nearby : Jaroszowka , Wysockiego and Zgody .",positive,neutral,0
Finnish insurance company Fennia and Kesko Group are ending their loyal customer cooperation .,negative,neutral,0
RBS Pays $1.7 Billion to Scrap U.K. Treasury's Dividend Rights,neutral,positive,1
Operating profit for 2009 lower than outlook published earlier .,neutral,positive,1
Finnish waste management and cleaning group Lassila & Tikanoja Oyj ( L&T ) net profit went down to 32.2 mln euro ( $ 47.7 mln ) for 2007 from 35.3 mln euro ( $ 52.3 mln ) for 2006 .,negative,positive,1
"HELSINKI Thomson Financial - Shares in Cargotec fell sharply in early afternoon trade after the cargo handling group posted a surprise drop in April-June profits , which overshadowed the large number of new orders received during the three months .",negative,neutral,0
The program 's target is structural cost reductions of about EUR 30mn in 2009 .,positive,neutral,0
"Ahlstrom Corporation Seppo Parvi , CFO Distribution : Main media www.ahlstrom.com Ahlstrom in brief Ahlstrom is a global leader in the development , manufacture and marketing of high performance nonwovens and specialty papers .",neutral,positive,1
$CTRP not a bad long chart now that it's through sma100 resistance.,positive,negative,-1
$HYG Potential continuation Uptrend on a 60'-15'-4' charts http://stks.co/t1Qp6,positive,neutral,0
Peroni and Grolsch put up for sale as AB InBev plans acquisition of SABMiller,positive,neutral,0
Finnish aluminium products manufacturer Nordic Aluminium Plc ( OMX Helsinki : NOA1V ) reported on Monday ( 18 August ) an operating profit of EUR7 .9 m on net sales of EUR55 .2 m for the period January-June 2008 .,neutral,positive,1
"Finnish electronics manufacturing services EMS company Elcoteq SE posted a net loss of 66.4 mln euro $ 91.2 mln for the first half of 2007 , compared to a net profit of 7.1 mln euro $ 9.8 mln for the same period of 2006 .",negative,neutral,0
"TVO 's two-unit 1,740 MW Olkiluoto plant generated 14.2 TWh with an operating ratio across both reactors of 93.5 % , which the company described as `` high by international standards '' .",neutral,positive,1
Consolidated pretax profit decreased by 69.2 % to EUR 41.0 mn from EUR 133.1 mn in 2007 .,negative,neutral,0
$GILD 91 now support. $IBB $BIB https://t.co/GIoOf6zbKv,positive,neutral,0
Cash Flow from Operations for the most recent quarter also reached a eight year low .,negative,neutral,0
"YIT 's Baltic sales in the first three quarters of 2008 totaled 106.2 million euros , representing a drop of 29 percent year on year .",neutral,negative,-1
Net loss in the same period in 2009 was euro18 .6 million .,neutral,negative,-1
"Also , CBA is to issue a benchmark , 10 year fixed rate deal in Euros .",neutral,positive,1
$BBRY hearing rumours of a major joint venture announcement.,positive,neutral,0
"` This is a repeat order to follow successfully installed 159 elevators in the same Delhi metro system , ' Kone spokeswoman told Thomson Financial News .",positive,neutral,0
"( ADP News ) - Feb 4 , 2009 - Finnish broadband data communication systems and solutions company Teleste Oyj ( HEL : TLT1V ) said today its net profit decreased to EUR 5.5 million ( USD 7.2 m ) for 2008 from EUR 9.4 million for 200",negative,neutral,0
Today the orange scissors are the iconic symbol of the excellent ergonomic design and superior quality associated with every product from Fiskars .,neutral,positive,1
"Tallink claims the watertight doors of both Vana Tallinn and Regina Baltica , including their electrical systems , are fully in working order .",positive,neutral,0
Operating profit was EUR 1.6 mn in 2005 compared to EUR 5.9 mn in 2004 .,neutral,positive,1
RBI surprises Street; Sensex pares gains after hitting mount 30k,negative,positive,1
Finland-based Stockmann Group has closed seven franchising sports stores Nike in Russia .,negative,neutral,0
Aspocomp has repaid its interest bearing liability to Standard Chartered Bank and will use the rest of the consideration to partially repay its interest bearing liabilities in Finland and to improve its liquidity .,positive,neutral,0
"The commission found evidence of several meetings to discuss the cartel , including one in a Brussels restaurant in November 1997 at which the companies discussed price increases .",neutral,positive,1
"ABN Amro Capital has agreed to sell its Helsinki-based designer homeware producer , Iittala Oyj , to crosstown consumer products group Fiskars Corp. , for EUR230 million to EUR235 million ( $ 310 million to $ 316 million ) .",neutral,negative,-1
$GEVO PLUNGING!  Back to $3.55.,negative,neutral,0
Earnings per share EPS amounted to EUR0 .01 .,neutral,positive,1
"Ingenious, HSBC, UBS and Coutts sued by 'tax avoidance' clients",negative,neutral,0
Short on $ATVI from 24.55.,negative,neutral,0
$PKT Momentum building for breakout trigger ! Long setup http://stks.co/eXVU,positive,neutral,0
"Profit before taxes was EUR 4.0 mn , down from EUR 4.9 mn .",neutral,positive,1
"By cutting the number of plants , the group will trim fixed costs .",positive,negative,-1
"$SINA even though the ""report"" is untrue and has been proven unture, the damage is done. No one wants to touch it now",negative,neutral,0
Merkel's Government Said to Support Deutsche Boerse-LSE Merger,positive,neutral,0
`` Operating profit declined mainly due to the increased cost of wood and recycled fiber and the strengthened euro . '',neutral,positive,1
17 March 2011 - Goldman Sachs estimates that there are negative prospects for the Norwegian mobile operations of Norway 's Telenor ASA OSL : TEL and Sweden 's TeliaSonera AB STO : TLSN in the short term .,neutral,negative,-1
The low capacity utilisation rate in steel production considerably increases the fixed costs per unit of steel produced .,neutral,positive,1
Finnish Bank of +àland reports its operating profit fell to EUR 4.9 mn in the third quarter of 2007 from EUR 5.6 mn in the third quarter of 2006 .,negative,neutral,0
"Finnish Kemira 's net sales EUR decreased to EUR 1,259.6 mn in January-June 2009 from EUR 1,425.1 mn in January-June 2008 .",neutral,negative,-1
"RECAP: $MSFT rumor this morning had them spinning off XBOX unit, stock grinds up all day to close on highs",positive,neutral,0
"According to Finnish Metso Minerals , the value of the company 's orders has gone up to EUR 1.9 bn in 12 months .",positive,neutral,0
"Therefore , the company 's 2005 result will remain weaker than that of 2004 .",neutral,negative,-1
Breakingviews: IAG can pay more for Aer Lingus,positive,neutral,0
"The pine oil project is related to the upgrade of the chemical recovery plant of UPM at its pulp mill in Kymi , southern Finland .",neutral,positive,2
AB InBev to Sell SABMiller Stake in China's Snow Beer,neutral,negative,-1
The personnel s expertise and high level of technology play a major role in Exel Composites operations .,neutral,positive,1
"Coca-Cola was the market leader of manufacturers with a market share of 36.9 % , down 2.2 % from the corresponding period in 2004-2005 .",negative,neutral,0
Metsa-Botnia will sell 82.1 % of its stake in the Uruguayan companies and Metsaliitto -- 5.5 % .,neutral,negative,-1
"Tesla to recall 2,700 Model X SUVs over seat issue https://t.co/OdPraN59Xq $TSLA https://t.co/xvn4blIwpy https://t.co/ThfvWTnRPs",negative,neutral,0
Bovine slaughtering and cutting at the Kuopio facility will be transferred to the Kauhajoki slaughterhouse .,neutral,negative,-1
"`` Adjustment to the fall in price level , in contrast , has been less effective .",neutral,negative,-1
"Okmetic has a global customer base and sales network , production plants in Finland and the US and contract manufacturers in Japan and China .",neutral,positive,1
Asian traffic declined by 3.4 per cent .,neutral,negative,-1
"The company targets sales of Ls 27.1 mn ( Ls 23.498 mn ) and a profit of Ls 300,000 ( Ls 371,500 ) in 2007 .",neutral,positive,1
"After the takeover , Cramo will become the second largest rental services provider in the Latvian market .",positive,neutral,0
Ruukki is restructuring commercial and industrial construction operations in pursuit of permanent improvements whilst adjusting operations to market conditions .,neutral,negative,-1
"The brokerage said 2006 has seen a ` true turning point ' in European steel base prices , with better pricing seen carrying through the second quarter of 2006 .",positive,neutral,0
Operating profit in the fourth quarter fell to EUR33m from EUR39m a year earlier .,negative,neutral,0
$JD down 20% in after-hour market. anyone care to explain why?,negative,neutral,0
$EXPE working on the second leg of its reversal run as it breaks another down trend and continues higher. https://t.co/76DSJysyR0,positive,neutral,0
"GeoSentric is acquiring extra financing by issuing a maximum of 220,000 new shares and a convertible bond with subscription rights for 880,000 shares , which have been fully subscribed .",neutral,positive,1
$IWM same conditions that sent markets to tumble all hitting this week,negative,neutral,0
$AAPL near a 3% drop thats a lot... now the best i can do is HOLD ER lol,negative,neutral,0
Shire proposes $30 bln all-share tie-up with Baxalta,positive,neutral,0
This transaction will also rationalize our pulp and paper industry related solutions .,positive,neutral,0
"In the fourth quarter of 2008 , net sales decreased to EUR 121.4 mn from EUR 165.5 mn in the fourth quarter of 2007 .",neutral,negative,-1
"Through its partnership with Finnish Paulig 's Danish subsidiary Oscar , Puljonki acquired a sales organization in the European market .",neutral,positive,1
Finnish bank Alandsbanken said Monday it will buy the Swedish operations of Iceland 's troubled Kaupthing Bank for 414 million kronor $ 49.5 million in cash .,neutral,positive,1
"Digia said its consolidated net sales for January-June 2010 were EUR67 .8 m , up 9.7 % on the same period in 2009 ( EUR61 .9 m ) .",positive,neutral,0
The office space will rise above the remodeled Cannon Street underground station .,neutral,positive,1
"As a result , the company will temporarily lay-off 25 % of the whole personnel , approximately 270 persons at Kirkkonummi and Nivala factories .",negative,neutral,0
"In 2006 , Kone received an order from Aker Yards to supply 43 customised elevators for the very first Genesis cruise ship which is scheduled to be completed in 2009 .",positive,neutral,0
"Previously , Grimaldi held a 46.43 pct stake in the Finnish company following the takeover bid launched in November 2006 .",neutral,positive,1
UPDATE 3-Auto Trader shares leap in UK's biggest private equity-backed listing,positive,neutral,0
"So far as is known , he did not sell shares that he owns personally .",neutral,positive,1
"( ADPnews ) - Oct 21 , 2009 - Finland-based IT consultancy Tieto Oyj ( HEL : TIE1V ) said today its net profit plunged to EUR 29.4 million ( USD 43.9 m ) for the first nine months of 2009 from EUR 58.7 million for the same period o",neutral,positive,1
"A corresponding increase of 85,432.50 euros in Ahlstrom 's share capital has been entered in the Trade Register today .",neutral,positive,1
"The fair value of the investment properties totaled EUR 2,534.9 mn , up from EUR 2,455.1 mn in 2006 .",positive,neutral,0
Long $VVUS shares as a call option w/ an expiration of..  umm.. TODAY.    Hitting HOD here.,positive,neutral,0
Raute Corporation has received orders worth over EUR 12 million from OOO Ilim Bratsk DOK in Russia .,positive,neutral,0
"Under the terms of the agreement , Bunge will acquire Raisio 's Keiju , Makuisa and Pyszny Duet brands and manufacturing plants in Finland and Poland .",neutral,positive,1
The ISO certification demonstrates that we are moving forward in our quality commitments to our customers . ',positive,neutral,0
"Finnish IT solutions provider Affecto Oyj HEL : AFE1V said today its slipped to a net loss of EUR 115,000 USD 152,000 in the second quarter of 2010 from a profit of EUR 845,000 in the corresponding period a year earlier .",negative,neutral,0
Infection worries prompt regulatory reviews of Gilead leukaemia drug $GILD https://t.co/H9vqXpZ15G via @YahooFinance,negative,neutral,0
"Significance : Teleste has emphasised that with its large size and growing economy , as well as the rapid development of its TV services distribution industry , Poland is viewed as an attractive market .",positive,neutral,0
"$XLF http://stks.co/1KJ9 Bounced off target buy area, bought $skf as a hedge. watch 50ma's slope",negative,positive,1
"BHP Billiton posts big loss, slashes dividend",negative,neutral,0
Device volume in the area decreased by 21 % to 2.7 mn units .,neutral,negative,-1
$TRX http://stks.co/1KkK Long setup. MACD cross.,positive,neutral,0
The Group 's business is balanced by its broad portfolio of sports and presence in all major markets .,positive,neutral,0
$SPY  still wants higher I think.,positive,neutral,0
"At 10.33 am , Huhtamaki was the market 's biggest faller , 8.69 pct lower at 11.35 eur , while the OMX Helsinki 25 was 0.32 pct higher at 3,332.41 , and the OMX Helsinki was up 0.47 pct at 11,687.32 .",negative,neutral,0
These measures are expected to produce annual cost savings of EUR 1.5 million starting in 2007 .,positive,neutral,0
Ruukki 's order book at the end of 2010 was 30 % up year-on-year and 10 % up quarter-on-quarter .,positive,neutral,0
$KIOR My god. Market getting crushed today. Gotta hold if anything g should recover some tomorrow I imagine.,negative,positive,1
"At the end of March 2007 , the group 's order book was at EUR 39.6 mn , up 42 % from the corresponding period in 2006 .",positive,neutral,0
"National Conciliator Juhani Salonius , who met both parties on Wednesday , said they were too far apart in their views for him to propose mediation .",negative,neutral,0
"Known as Post Bank , the concept would see Fidelity Bank rolling out 75 offices in Ghana Post premises , to provide financial services to the people .",positive,neutral,0
Finnish retail software developer Aldata Solution Oyj reported a net loss of 11.7 mln euro $ 17.2 mln for 2007 versus a net profit of 2.5 mln euro $ 3.7 mln for 2006 .,negative,neutral,0
Glencore slumps 25 pct as debt fears grow,negative,neutral,0
Standard Chartered Not Raising Capital Yet As Dividend Cut,negative,neutral,0
$SONC Amazing run since middle of March - obvious that the quality/tastiness of their burgers is not being factored into this price advance,positive,neutral,0
The air traffic of Finland has been in stoppage since then .,negative,neutral,0
55 workers in +àm+Ñl will be affected by the close-down .,negative,neutral,0
"$AAPL AAPL: Gundlach Slams iPad mini, Sees Downside to $425. http://stks.co/bDqV",negative,neutral,0
Insight hires Aviva's David Hillier for multi-asset team,positive,neutral,0
The center will be built in the Kapuli district of Mantsala beside the Hanko-Mantsala-Porvoo road near the new direct rail link between Lahti and Jarvenpaa .,neutral,positive,1
"It grew in Finland , Norway , Denmark and the Baltic countries .",neutral,positive,1
Today I bought more $MU $YHOO $VALE $NBL $TWTR $AXP $ZNGA https://t.co/Vt6T5Zp2is,positive,neutral,0
Vaisala 's board of directors will propose a dividend of 0.85 euro $ 1.24 per share at the company 's annual general meeting .,neutral,positive,1
"I'm liking the price action in $SWKS, currently @21.80 ; my target: 24.00+ before year end.",positive,neutral,0
"The report also said Nokia 's operations comprising the sites at Bochum , Ulm , Dusseldorf , Munich and Frankfurt posted operating profit after interest of 246 mln eur .",neutral,positive,1
Copper market may get a 2003-style supply shock from Glencore closures,negative,neutral,0
Scanfil holdings include 100 % of contract electronics manufacturer Scanfil EMS Group .,neutral,positive,1
"Finnish metal components supplier Componenta on December 26 , 2006 applied for approval with the Turkish Capital Markets Board to launch a mandatory offer for the remaining shares in iron and aluminium castings producer Doktas Dokumculuk .",neutral,positive,1
"Biohit and VWR have been in close cooperation for a number of years in the US , where Biohit is one of VWR 's focus suppliers .",positive,neutral,0
Finnlines said that the deal is part of its strategy to focus on its core businesses .,neutral,positive,1
$SPY Long 1/2 position 137.89,positive,neutral,0
$FB still a dog going much lower this week,negative,neutral,0
"In Finland , OP-Pohjola 's staff union is boycotting the group 's insurance sales tasks because the company has refused to take the sale of insurance into account in determining wages .",negative,neutral,0
"In the Baltic countries , Atria 's target is organic growth .",neutral,positive,1
The Group 's revenue in 2008 amounted to EUR 94 million and the company currently employs approximately 730 people .,neutral,positive,1
The board of directors also proposed that a dividend of EUR0 .20 per outstanding share be paid .,neutral,positive,1
$EA points to the two Facebook games and accuses $ZNGA of copyright infringement. http://stks.co/g3A1,negative,neutral,0
"In Finland , the city of Forssa has said it will not pay compensation to food industry companies HK Ruokatalo and Atria for the lye leak into tap water that occurred in March 2008 .",negative,neutral,0
"According to latest information , Benefon will launch its Twig device on 20 September 2006 .",neutral,positive,1
"According to Nordic financial group Nordea 's analyst Sami Sarkamies , this makes Nokia 's portfolio competitive again .",positive,neutral,0
"The payment of 2.779 million litas in interest on a long-term loan provided by Ragutis ' majority shareholder , Estonia 's A. Le Coq , also added to the losses .",neutral,negative,-1
"Profit for the period totalled EUR 0.8 mn , down from EUR 1.1 mn in the corresponding period in 2008 .",neutral,positive,1
Doubts grow over GlaxoSmithKline's $6 bln capital return plan,negative,positive,1
"Comptel Corporation Sami Ervio President and CEO , Distribution : NASDAQ OMX Helsinki Major media Comptel Dynamic OSS solutions enable telecom service providers to deliver services flexibly and charge them effectively .",neutral,negative,-1
$NKE gapping up to all time highs http://stks.co/q1jAu #tradeideas http://stks.co/r1j6c,positive,neutral,0
"In Q2 of 2009 , profit before taxes amounted to EUR 13.6 mn , down from EUR 26.8 mn in Q2 of 2008 .",negative,positive,1
"SRV will raise its holding in the company so that by the summer of 2008 , it will have a majority .",positive,neutral,0
The new B shares carry the right to dividend and other shareholder rights with effect from today .,neutral,positive,2
"Rautakesko 's business operations in Norway and Russia , acquired in July 2005 , are included in the figures of the comparable period , impacting sales growth starting from August .",neutral,positive,1
"The fair value of the property portfolio doubled as a result of the Kapiteeli acquisition and totalled EUR 2,686.2 1,259.7 million .",positive,neutral,0
"The OMX Helsinki index was 0.33 pct lower at 9,364.80 , while the OMX Helsinki CAP portfolio index was down 0.34 pct at 5,029.25 .",negative,neutral,0
"In the fourth quarter of 2009 , Atria 's net loss shrank to EUR 1.2 million from EUR 5.9 million and net sales contracted to EUR 340.4 million from EUR 361.1 million .",positive,negative,-1
"However , Simdax will remain available in the markets where it already has been approved as it has marketing authorisations or submitted applications in more than 40 countries , Orion added .",positive,neutral,0
$TSPT  long 8.00,positive,neutral,0
The company said it observed a current stabilisation in prices and there is potential for higher prices for deliveries in the first quarter of 2011 .,positive,neutral,0
Ruukki Group calculates that it has lost EUR 4mn in the failed project .,neutral,negative,-2
$FB Big Money Is Pouring Into Facebook From All Directions;http://stks.co/sOwG,positive,neutral,0
SCANIA Morgan Stanley lifted the share target on Swedish heavy-duty truck and bus maker Scania AB to 330 crowns ( $ 42.4 - 35.2 euro ) from 310 crowns ( $ 39.8 - 33.1 euro ) .,positive,neutral,0
"Country : , Finland Sector : Construction-Real Estate Target : Pohjolan Design-Talo Oy Buyer : CapMan Oyj Vendor : Ruukki Group Oyj Deal size in USD : 102.6 m Type : Divestment Status : Agreed",neutral,positive,1
"Operating profit , excluding non-recurring items , totaled EUR 0.2 mn , down from EUR 0.8 mn in the corresponding period in 2006 .",neutral,positive,1
"`` However , the rapidly increasing costs and the strengthening of the euro were challenging for the whole industry , and they impacted on our results . ''",neutral,positive,1
"Nokia OYJ 's production site at Bochum , Germany , posted profit before interest of 134 mln eur for 2007 , Capital reported in an excerpt of an article to be released tomorrow , citing internal documents .",neutral,positive,1
"Rapala VMC Corporation STOCK EXCHANGE RELEASE October 10 , 2008 at 11.45 am Kaupthing Bank Oyj ( `` Kapthing '' ) has informed Rapala VMC Corporation ( `` Rapala '' ) that it has interrupted the liquidity providing for Rapala 's share for the time being .",negative,neutral,0
The divested activities had net sales of EUR 145.1 million in 2009 and an operating profit of EUR 8.9 million .,neutral,positive,1
$WYNN big bounce,positive,neutral,0
"Royal Mail, Johnson Matthey lead FTSE lower",negative,neutral,0
Morrisons faces festive sales test,negative,neutral,0
"Dirk Jones , head of Financial Institutions Client Sales Management , GTS , Citigroup , Inc , said , ` Citi is extremely pleased to be providing global custody services to Pohjola Group Bank .",positive,neutral,0
20 October 2010 - Finnish metal products company Componenta Oyj HEL : CTH1V said yesterday that its net loss narrowed to EUR7m for the first nine months of 2010 from EUR23 .3 m for the same period of 2009 .,positive,negative,-1
$TWTR The best scenario going forward is this stock slowly falling everyday....Which is quite probable...,negative,neutral,0
$FB watching for bounce tomorrow,positive,neutral,0
Below are unaudited consolidated results for Aspocomp Group under IFRS reporting standards .,neutral,negative,-1
"Comparable operating profit for the quarter decreased from EUR510m while sales increased from EUR860m , as compared to the third quarter 2007 .",neutral,positive,1
Windows 10 is awful why did it force an upgrade on my pc without my consent? #windows #Microsoft $msft,negative,positive,1
"Finnish forest machinery and equipment maker Ponsse Oyj said on October 5 , 2007 it will deliver a total of 67 cut-to-length method forest machines and 44 harvester heads to Brazilian paper maker Bahia Pulp and to unnamed Uruguayan wood harvesting contractors .",positive,negative,-1
"Finnish software company QPR Software Plc ( OMX Helsinki : QPR1V ) reported on Thursday ( 23 October ) an operating profit of EUR63 ,000 on net sales of EUR1 .5 m for the third quarter 2008 .",neutral,positive,1
"$ZSL looking very weak, could be a good short setup.",negative,neutral,0
"The RME from Telcontar enables the handset to calculate the best route and includes support for user-defined routes , feature navigability and multi-modal routing such as via foot and ferry .",neutral,positive,1
Calls to the switchboard and directory services have decreased significantly since our employees now have up-to-date contact information from all their colleagues and customers on their phone and can place the call directly .,neutral,negative,-1
It also turned in earnings per share ( EPS ) of EUR 0.44 versus loss per share of EUR 2.26 .,positive,neutral,0
"Janno Reiljan , a member of the Eesti Energia supervisory board , said the owners of Narva Power Grid had informed Eesti Energia about their wish to sell .",neutral,negative,-1
"In a media advisory , the NTSB said that after subsequent testing , `` the train detection system intermittently failed . ''",neutral,negative,-1
"Below are consolidated , unaudited results for Amanda Capital under IFRS reporting standards .",neutral,negative,-1
"Tornio Works employs 2,300 of whom more than 1,800 have been in the scope of the fixed-period or part-time temporary layoffs in April-October period .",neutral,negative,-1
The result before taxes was a loss of 25.0 million euros .,neutral,negative,-1
BHP Billiton drags FTSE lower after slashing dividend,negative,positive,1
"Following the acquisition , Relacom will strengthen its presence in Finland , serving operators and office market with mobile and fixed networks construction , installation and maintenance services .",positive,neutral,0
Ponsse projects the forest machine markets to improve more than expected in 2010 from the previous year .,positive,neutral,0
"Ahlstrom Corporation Anne Pirila Director , Financial communications Distribution : Helsinki Stock Exchange Main media Ahlstrom in brief Ahlstrom is a leader in the development , manufacture and marketing of high performance fiber-based materials .",neutral,positive,1
"The price of raw material aluminium went up at the end of 2005 , but the company considers its outlook for 2006 favourable .",positive,neutral,0
"OTHER  North-Rhine Westphalia - Is to issue a benchmark , 5 year fixed rate deal in Euros .",neutral,positive,1
$YELP wayyy overvalued right now IMO. Should be trading single digits. May take a short pos. into earnings. Near term target 18 ......,negative,positive,1
"Neste Oil extended yesterday 's gains and put on 0.49 pct to 22.72 eur , while utility Fortum shed 1.14 pct to 20.76 eur .",neutral,positive,1
@scottrade Why is $tsla not available for shorting at this time?  Same for $w?,negative,neutral,0
"Finnish Neste Oil that was previously on the list , has fallen off the list completely .",neutral,negative,-1
@CH_Roark: $UNXL I like this Ascending Triangle on the 30-minute chart. Breakout coming Monday! http://stks.co/aT3GLooks promising.,positive,neutral,0
"Profit before taxes was EUR 4.0 mn , down from EUR 4.9 mn .",negative,positive,1
"`` We are very pleased to be working with Fujitsu and NTT DoCoMo to advance the progress of LTE , '' said Juergen Walter , Head of Converged Core , Nokia Siemens Networks .",positive,neutral,0
"When this information was released on 5 September 2008 , Nokia 's American Depositary shares fell by 8 % .",neutral,negative,-1
The company pledged that the new software would render e-mails and other documents much as they appear on desktop computers .,neutral,positive,1
"Rory Fitzgerald , general manager , operations , Bristol Port , said : `` With the use of low maintenance technology we can save up to 30 per cent on servicing , plus the load sensing hydraulics can save us an extra 15 to 30 per cent on fuel consumption . ''",positive,neutral,0
Kingfisher takeover of Mr Bricolage could hit a brick wall,negative,neutral,0
"( ADPnews ) - May 4 , 2010 - Finnish cutlery and hand tools maker Fiskars Oyj Abp ( HEL : FISAS ) said today its net profit declined to EUR 12.9 million ( USD 17m ) in the first quarter of 2010 from EUR 17 million in the correspond",negative,neutral,0
"Frost sold shares for $ 19 million at $ 6.06-7 .12 per share , compared with Friday 's high of $ 11.33 and low of $ 10.14 .",neutral,positive,1
Niam offer financial investors a high return via investments in funds that in turn invest in all types of properties .,neutral,positive,1
The deal is subject to approval by the Norwegian competition authorities .,neutral,positive,1
"The period 's sales dropped to EUR 30.6 million from EUR 38.3 million , according to the interim report , released today .",neutral,negative,-1
The solutions will be used for upgrading the networks of a Russian MSO in 37 different cities in Russia .,positive,neutral,0
Glencore blames rivals for creating metals glut,negative,neutral,0
The company will also be compensated for acting as a reserve batch plant .,positive,neutral,0
@asdfLLC. Nice pop today. Told ya we would be green haha. Funny you bring that up. I'm actually working on a story about $NOK at the moment,positive,neutral,0
"Cerberus Capital Management LP-backed printing paper maker NewPage Corp. has posted mixed second-quarter results , casting a cloud over its planned initial public offering .",negative,neutral,0
$INO back in this am small post,positive,neutral,0
"`` P&O Ferries now has a very efficient and powerful vessel for its Dover to Calais route , '' head of the shipbuilder 's Rauma yard , Timo Suistio , said .",positive,neutral,0
"$pcln back over ""up"" trendline from 10/4",positive,neutral,0
"( ADP News ) - Feb 12 , 2009 - Finnish construction company Lemminkainen Oyj ( HEL : LEM1S ) said today its net profit decreased to EUR 63.5 million ( USD 81.1 m ) for 2008 from EUR 80.6 million for 2007 .",negative,neutral,0
New Credit Suisse boss faces stiff challenge in Asia,negative,positive,1
"Operating profit was EUR -0.1 mn , down from EUR 1.3 mn .",neutral,positive,1
"Thanksto improvements in demand and the adjustments we have made , theutilization rates of Cramo 's fleet have substantiallyimproved . ''",positive,neutral,0
"For 2009 , net profit was EUR3m and the company paid a dividend of EUR1 .30 apiece .",neutral,positive,2
FDA approves Shire's Vyvanse for binge-eating disorder,positive,neutral,0
UPDATE 1-Berkshire applies to boost Wells Fargo stake above 10 pct,positive,neutral,0
Long $X 24.62,positive,neutral,0
Operating profit fell to EUR 6.2 mn from EUR 8.5 mn in the third quarter of 2007 .,negative,neutral,0
"Operating result showed a loss of EUR 2.9 mn , while a year before , it showed a profit of EUR 0.6 mn .",negative,neutral,0
"Investors will continue being interested in the company 's share although it is not quite cheap , Affarsvarlden said .",positive,neutral,0
"$SLW is down, but weekly $34 calls (-28.95%), .23 x .25 have 321 volume. Worth a chance here, jmho: http://stks.co/1Qfg",positive,neutral,0
"Operating income was EUR -24.9 mn , including EUR 15.3 mn of restructuring expenses .",neutral,negative,-1
Buffett's Company Reports 37 Percent Drop in 2Q Earnings,negative,neutral,0
Finnish Bore that is owned by the Rettig family has grown recently through the acquisition of smaller shipping companies .,positive,neutral,0
"Operating profit totaled EUR 9.4 mn , down from EUR 11.7 mn in 2004 .",neutral,positive,1
"Operating profit totalled EUR 30.2 mn , down from EUR 43.8 mn a year earlier .",negative,positive,1
$CAMT Looks like might break down. I'm out,negative,neutral,0
Commission income fell to EUR 4.6 mn from EUR 5.1 mn in the corresponding period in 2007 .,neutral,negative,-1
"Earlier today , Geberit 's Finnish rival Uponor OYJ cut its full-year sales growth forecast to 6 pct from 10 pct , blaming tough conditions in Germany and the US , as well as currency factors .",negative,neutral,0
"Yesterday , Legrand issued its E300 million fixed rate deal maturing 2017 .",neutral,positive,1
"By 14:29 CET on Monday , shares in Bavarian Nordic had climbed 1.21 % to DKK250 on the stock exchange in Copenhagen after having lost 7.41 % in the past month .",positive,negative,-1
Repeats sees 2008 EBITA above 18 pct of sales .,positive,neutral,0
The construction project is scheduled to start in the second quarter of 2009 and the new building is scheduled to be in place by the end of 2010 .,neutral,positive,1
The bank 's leasing arm Nordea Liising ended the year with a profit of 4.4 million euros .,neutral,positive,1
The company 's board of directors has proposed a dividend of EUR0 .12 per share for 2006 .,neutral,positive,1
"`` However , the rapidly increasing costs and the strengthening of the euro were challenging for the whole industry , and they impacted on our results . ''",negative,positive,1
"`` We are delighted to announce our support for Intel based handheld platforms , the capabilities of which have made our development easier and faster .",positive,neutral,0
Out of shorts $ALTR at 38.85 with loss,positive,negative,-1
"Operating profit totalled EUR 9.0 mn , down from EUR 9.7 mn in the first half of 2008 .",negative,positive,1
"Earnings per share EPS amounted to EUR0 .03 , up from the loss of EUR0 .08 .",positive,neutral,0
"As a result , 12 people will be made redundant and a total of 67 persons are laid off temporarily .",negative,neutral,0
$aapl short term fund/redemption liquidations.. Should have the channel cleared soon and on solid footing. $520 is new floor come July! :),negative,positive,1
AstraZeneca Teams With Daiichi Sankyo To Sell Movantik In US,positive,negative,-1
"Empresa de Desarrollo Urbano de Quito , INNOVAR-UIO , Ecuador has commissioned Poyry to prepare a feasibility study for a new urban rapid mass transit system .",neutral,positive,1
"$JE LOOKS like we are bouncing.  Would be nice to finish over $6 today, and make the hammer.  Nice volume from 5.77 bottom.  Fingers crossed",positive,neutral,0
ouch looks like $tsla shorts getting skinned again,positive,neutral,0
$PG Ackman making the big added efficiency argument. betting on operational imporvement in a huge conglomerate can go either way imo.,positive,neutral,0
"Managing Director 's comments : `` Net sales for the first quarter were notably lower than a year before , especially in Finland , Russia and the Baltic countries .",negative,neutral,0
Tata Steel working with StanChart for UK unit sale - source,positive,neutral,0
AstraZeneca sells US drug rights to Perrigo for $380 mln,positive,neutral,0
Short interest increases yet again http://stks.co/e19h via @ryandetrick $SPY,negative,positive,1
$HZNP havent seen vol like this since the runup. lets see one more dip to 2.0x,negative,neutral,0
Diluted earnings per share ( EPS ) stood at EUR 0.25 versus EUR 0.42 .,neutral,positive,1
"Daily Mail owner considering Yahoo bid $yhoo ,up 2,05% https://t.co/extZr1riyP",positive,neutral,0
"`` This vessel order will help Aspo secure the long-term competitiveness of its fleet , both in terms of technology and pricing .",positive,neutral,0
UPDATE 1-EU regulator backs approval for GSK injectable asthma drug,positive,neutral,0
SABMiller revenue hit by weaker EM currencies,negative,neutral,0
"Ackman, in email, says supports Valeant CEO Pearson",positive,neutral,0
Aldata said that there are still a number of operational aspects to be defined between it and Microsoft and further details of the product and market initiatives resulting from this agreement will be available at a later date .,neutral,positive,1
"Nokia shares hit 13.21 euros on Friday , down 50 percent from the start of the year in part because of the slow introduction of touch-screen models .",negative,neutral,0
"The Internal Revenue Service sees about 20 percent of all taxpayers wait until the last two weeks to file , with about 40 million returns filed in April .",neutral,positive,1
Solidium picked up Tikkurila shares as a dividend at a book value of EUR15 .80 per share .,neutral,positive,1
"Quarterly diluted EPS on continuing operations came in at 0.21 eur , compared with last year 's 0.12 eur .",positive,neutral,0
@1nvestor: $SODA has a 42.71% Float Short. LoL  http://stks.co/e0DfP,negative,neutral,0
Stora Enso Oyj said its second-quarter result would fall by half compared with the same period in 2007 .,neutral,negative,-1
Tesco leads FTSE higher on Clubcard bid reports,positive,neutral,0
Finnair was able to operate most of its leisure flights despite the strike .,positive,neutral,0
"TeliaSonera 's underlying results however included 457 mln skr in positive one-offs , hence the adjusted underlying EBITDA actually amounts to 7.309 bln skr , clearly below expectations , analysts said .",negative,neutral,0
"Finnish software and hardware developer Elektrobit Oyj HEL : EBG1V , or EB , said today it will temporarily lay off up to 200 people for a maximum of 90 day in Finland , aiming to achieve cost savings of EUR 1.7 million USD 2m in the second half of 2010 .",negative,neutral,0
Operating profit fell from EUR 7.9 mn in the second quarter of 2005 to EUR 5.1 mn in the second quarter of 2006 .,negative,neutral,0
"Operating profit excluding non-recurring items amounted to EUR 40.6 mn , down from EUR 57.3 mn year-on-year .",negative,positive,1
"The Group 's revenue amounts to over EUR 80 million , about half of which is accounted for by exports .",neutral,positive,1
"LKAB , headquartered in Lulea , Sweden , is a high-tech mining company producing upgraded iron ore products for the steel industry .",neutral,positive,2
Operating profit excluding non-recurring items was EUR 7.8 million compared to EUR 11.2 million .,negative,positive,1
"As a result of the merger , the largest professional electronics and telecommunications technology contract manufacturing center in Finland will be formed in Sievi .",neutral,positive,1
Cramo slipped to a pretax loss of EUR 6.7 million from a pretax profit of EUR 58.9 million .,negative,neutral,0
Net profit in the same period in 2006 was 36.6 million euros .,neutral,positive,1
Finnish communication electronics components supplier Scanfil Oyj Tuesday said sales in the first half of 2006 will be 15 % lower than during the same period a year ago .,negative,neutral,0
The company had net sales of EUR 19.8 mn and a pre-tax profit of EUR 1.8 mn in 2005 .,neutral,positive,1
"A downloadable instruction sheet , instructional video , and project ideas for the award-winning Everywhere Punch TM Window System can be found at www.fiskars.com .",neutral,positive,1
The parties have also agreed on options that allow UH to extensively implement later on also functionalities of human resources management .,positive,neutral,0
Finnair believes the strike will cause it daily net losses in excess of EUR 2mn due to canceled reservations and passenger re-routing .,neutral,negative,-1
The negotiations will concern the plant 's department producing winded roving that employs 10 people .,neutral,negative,-1
"@Binkster69 Not that. it's just ER's lol. But looking at the correlation of $ARIA and foreign price charts, they are all poised to breakout.",positive,neutral,0
"As part of its new strategy , Finnish Biohit is planning to incorporate its diagnostics business into a separate limited company .",neutral,positive,1
"Juha Jordan , chief engineer at Glaston , said one of the reasons for choosing Vacon as a global AC drives supplier is that it has service and support centres in the same countries where Glaston operates .",positive,neutral,0
Finnair 's total traffic decreased by 8.7 % in terms of revenue passenger kilometres .,negative,neutral,0
$DCTH Near HOD,positive,neutral,0
Diluted earnings per share ( EPS ) fell to EUR 0.63 from EUR 1.71 .,negative,neutral,0
Incap Furniture is presently negotiating staff cuts .,neutral,negative,-1
The acquisition is expected to improve access to chrome ore resources in Turkey .,positive,neutral,0
"When this investment is in place , Atria plans to expand into the Moscow market .",neutral,positive,1
"The respondents praised Finnair 's reliability , Finnishness , and understanding of its target group .",positive,neutral,0
Satama earned Data Management Solutions competency with Business Intelligence specialization recentlyvia the acquisition of Fimentor Oy .,positive,neutral,0
$tsla X recall not a big deal... the problem is now they will have an excuse to guide way way lower...,neutral,positive,1
"Aspocomp said it will spin off its Chinese and Indian units , and some equipment from its Salo plant in Finland , into a newly-formed unit , most of which it will then sell on to Hong Kong-listed Meadville .",neutral,negative,-1
"For the first nine months of 2010 , Talvivaara 's net loss narrowed to EUR 8.3 million from EUR 21.9 million for the same period of 2009 .",positive,negative,-1
"ALEXANDRIA , Va. , Oct. 15 -- Aaron Moss of Hampshire , Great Britain , has developed an ornamental design for a handset , the U.S. Patent & Trademark Office announced .",neutral,positive,1
"@louiebeene vwap is 1.63, held the trend line. Should be on a LOT of radars. $NAVB",positive,neutral,0
ARM Holdings plc Partners With International Business Machines Corp. To Drive ...,positive,neutral,0
Operating profit excluding non-recurring items totaled EUR 5.4 mn compared to EUR 5.5 mn in the corresponding period in 2007 .,negative,positive,1
"ENP Newswire - 22 March 2011 Release date - 21032011 - A total of 13,000 Talvivaara Mining Company Plc 's new shares were subscribed for during the period between 1 January 2011 and 28 February 2011 under the company 's stock option rights 2007A .",neutral,positive,1
SSH Establishes New Global Sales and Marketing Group to be led by George Adams ; Adams Establishes Global Sales and Marketing Group to Drive Worldwide Programs Supporting SSH Tectia Enterprise Security Solutions,neutral,positive,1
1 Block lamp Harri Koskinen 's light was introduced in 1996 and has been a bestseller ever since .,positive,neutral,0
"Compared with the FTSE 100 index , which fell 35.2 points ( or 0.6 % ) on the day , this was a relative price change of 0.6 % .",neutral,negative,-1
"Tesla Motors recalls 2,700 Model X SUVs https://t.co/BFWS3DbM0U $TSLA",negative,neutral,0
"Finnish Scanfil , a systems supplier and contract manufacturer to the communications sector and the electronics industry , reports its net sales totalled EUR 94.7 mn in the first half of 2010 , down from EUR 99.5 mn in the first half of 2009 .",neutral,positive,1
"Sarantel , based in Wellingborough , UK , designs high-performance antennas for portable wireless devices .",neutral,positive,1
Philippines' San Miguel says to partner with Kirin if it bids for SABMiller's ...,positive,neutral,0
A high court in Finland has fined seven local asphalt companies more than   lion ( $ 117 million ) for operating a cartel .,negative,positive,1
"$AGN and $PYPL under pressure along with the market, however there were bullish options trades in both this morning https://t.co/9xG5W8nONT",neutral,positive,1
UPM stock fell 3 percent to EURO 12.49 $ 17.24 in early afternoon trading in Helsinki .,neutral,negative,-1
"HELSINKI AFX - Cramo said it has agreed to sell Cramo Nederland BV CNL , its Dutch machinery and equipment rental unit , to Jaston Groep for an undisclosed sum .",neutral,negative,-1
"The market making in accordance with the agreement will begin on September 24 , 2009 .",neutral,positive,1
$FB popping up to HOD,positive,neutral,0
"`` I am very pleased and proud of our performance last year , '' Chief Executive Juha Rantanen said in a statement .",positive,neutral,0
"The shares subscribed for under the stock options were registered in the Trade Register on 20 January 2011 , as of which date the new shares will establish shareholder rights .",neutral,positive,1
easyJet expects resilient demand to withstand security fears,positive,neutral,0
RT @jan $ARNA Don't think buyout rumor strong enough too be driving this up just yet...when it is this may fly like aapl...// fly how high?,neutral,positive,2
"$SLV -4.44% at 18 now AWFUL, down from 42.50",negative,neutral,0
The secondary antenna can also be used for reception of the high power signal of the radar to calibrate the transmission channels of the radar . '',neutral,positive,1
"Operating profit margin was 8.3 % , compared to 11.8 % a year earlier .",neutral,positive,1
Net profit fell by almost half to +é 5.5 million from +é 9.4 million at the end of 2007 .,negative,neutral,0
"EQ Bank forecasts Olvi 's net sales at EUR 67mn in the second quarter of 2009 , and operating profit at EUR 6.4 mn .",neutral,positive,1
"Belarus OAO Lidskoe Pivo brewery , based in the Grodno Region , reported a 1.1 % decrease in output to 1.045 million decaliters in January-March 2010 , a representative in the administration of the company told .",neutral,negative,-1
The deal will have no significant effect on the acquiring company 's equity ratio .,neutral,positive,1
Risk exposure by Non-life Insurance  Moving 12-month  Expenses by function in Non-life Insurance excluding expenses for investment management and expenses for other services rendered Non-life Insurance investment portfolio by allocation,neutral,negative,-1
The company is also featured in the Ethibel Pioneer Investment Register and included in Innovest 's Global 100 list of the world 's most sustainable corporations .,positive,neutral,0
The value of the multi-year agreement is over EUR 2mn a year .,neutral,positive,1
Cash flow from business operations totalled EUR 0.4 mn compared to a negative EUR 15.5 mn in the first half of 2008 .,positive,negative,-1
"At the moment , Valio is not worried , but if the ban continues for long , it may become quite a problem .",negative,positive,1
Zurich Insurance Considering Offer for UK Rival RSA Insurance,positive,neutral,0
It will also strengthen Ruukki 's offshore business .,positive,neutral,0
The electricity requirement of networks will grow with the new mobile generation .,neutral,positive,2
"Net profit in the three months through March 31 fell to (  x20ac ) 103 million ( US$ 165 million ) from (  x20ac ) 131 million a year earlier , the Finnish company said .",negative,neutral,0
"Proha Plc ( Euronext :7327 ) announced today ( 19 May ) that its fully-owned subsidiary , Safran Software Solutions AS , has agreed to sell its 49 % share of Safran North America LLC to a SNA Holding AS , an investment group based in Norway .",neutral,negative,-1
Long $GPRO for a brealout trade,positive,neutral,0
"The contract covers the supply of temporary heating equipment for LKAB 's new pellet plant in Kiruna , in northern Sweden .",neutral,positive,2
"Cash flow from operations totalled EUR 7.4 mn , compared to a negative EUR 68.6 mn in the second quarter of 2008 .",positive,negative,-1
UPDATE 5-SABMiller rejects AB InBev's $104 bln takeover approach,positive,neutral,0
"POYRY PLCCompany Announcement 10 December 2010 at 4.10 p.m. Pursuant to Poyry PLC 's stock option program 2004 , 63 792 new shares of the company have been subscribed since 27 October 2010 with stock options 2004B .",neutral,positive,1
The new units should become one of the largest ones within the company .,neutral,positive,1
"In this case , the effect would be negative in Finland .",neutral,negative,-1
Prices and delivery volumes of broadband products decreased significantly in 2005 .,neutral,negative,-1
"$KNDI #China #ElectricCar maker. China car sales +7.8%. Also, may feed off $TSLA momentum run lately.",positive,neutral,0
"According to Bosse , the present cooperation is beneficial to all parties , however .",positive,neutral,0
"Fiskars Brands report net sales of EUR 145.8 mn , up from EUR 138.4 mn .",positive,neutral,0
The company 's board of directors would propose a dividend of EUR0 .15 per share for 2005 .,neutral,positive,1
"On the other hand , Finnish sawmills ' production has decreased even more .",neutral,negative,-1
Tesco leads leap in FTSE 100; Marks & Spencer drops,positive,negative,-1
RISING costs have forced packaging producer Huhtamaki to axe 90 jobs at its Hampshire manufacturing plant .,neutral,positive,1
Border Guard Service has banned the mooring of the company car-shipping ferry on its test travel at the railroad-car terminal of the Russian port as the border checkpoint is not yet ready .,negative,neutral,0
"The Finnish government announced Wednesday that it sold a 32 percent stake in chemicals and fertilizer group Kemira Oyj for (  x20ac ) 655.6 million ( $ 890US million ) , sending the company 's share price up 6 percent .",positive,neutral,0
The fair value of the company 's investment properties went down to EUR2 .769 bn at the end of September 2009 from EUR2 .878 bn a year earlier .,negative,neutral,0
"Konecranes Oyj KCR1V FH fell 5.5 percent to 20.51 euros , the biggest fall since June .",neutral,negative,-2
"CapMan said the deal 's effect on its cash flow for 2009 totals EUR3 .4 m , but the transaction would not affect its financial results for 2009 as it was executed at fair value .",neutral,positive,1
"Patrick Jeambar will also continue being responsible for Innovation and Health , safety and environment HSEA functions of Ahlstrom Corporation .",neutral,positive,1
"Its main business area , the Glass Machinery Group of Glaston Technologies , is the global market leader in glass processing machines .",positive,neutral,0
Operating profit fell to EUR 20.3 mn from EUR 74.2 mn in the second quarter of 2008 .,negative,neutral,0
"The negotiations were carried out in a constructive manner , and all parties tried to find a solution to the situation .",positive,neutral,0
The company confirmed its estimate for lower revenue for the whole 2009 than the year-ago EUR93 .9 m as given in the interim report on 5 August 2009 .,negative,positive,1
"Finnish Scanfil , a systems supplier and contract manufacturer to the communications sector and the electronics industry , reports net sales of EUR 49.6 mn in the first quarter of 2009 , which are only a per cent smaller than in the corresponding period in 2008 .",neutral,positive,1
"Speaking to just-drinks today , a spokesperson for Olvi said : `` We have performed very well in all four countries we operate in - namely , Finland , Estonia , Latvia and Lithuania . ''",positive,neutral,0
"$CNP Sell Short Position on CNP,...Closed for Profit $ 59,367.00 (7.75%) http://stks.co/ghjc",positive,neutral,0
"CaixaBank, dos Santos Agree on Plan for BPI Angola Exposure",positive,neutral,0
"Affecto will provide a new EFI Data Warehouse and reporting solution , behavioural scoring system supporting operational decision processes and Data Migration from old legacy systems to the new EFI system .",neutral,positive,2
"However , the growth margin slowed down due to the financial crisis .",negative,neutral,0
Increase in the number of shares is based on the option rights which were granted to the management of the company under the stock option plan 2006 .,neutral,positive,1
"FastJet slams EasyJet founder Stelios for going public, is 'taking legal advice' over letter about contractual ...",negative,neutral,0
"Finnish electronics contract manufacturer Scanfil reports net sales of EUR 58.9 mn in the second quarter of 2007 , down from EUR 62.4 mn a year earlier .",negative,positive,1
"A total of 16.5 mn passenger ship journeys took place in the northern Baltic Sea in 2007 , slightly down from 16.5 mn in 2006 .",negative,neutral,0
"Among the Scandinavian companies present in St. Petersburg , is also named the Swedish concern NCC , which implements projects in the field of asphalt production , road and housing construction ( project Swedish Krona ) .",neutral,negative,-1
"Operating loss totalled EUR 0.9 mn , down from a profit of EUR 2.7 mn .",negative,neutral,0
UPDATE 2-Pricey beers lift SABMiller's quarterly underlying sales,positive,neutral,0
Major Order in India Comptel Corporation has received a significant long-term order for mediation and provisioning solutions being used by a leading operator in India .,positive,neutral,0
Also construction expenses have gone up in Russia .,negative,neutral,0
30 November 2009 - Finnish office furniture maker Martela Oyj HEL : MARAS said today that it will make redundant three people and other nine will be laid off permanently from the company 's office staff and factory workers .,negative,neutral,0
"As a result of the share issue , the number of the company 's shares increases by 391,630 shares and the share capital by a total of EUR 15,665.20 .",neutral,positive,1
"In January-November 2009 , the group 's sales totalled EUR 7,801.7 mn , which was a drop of 12.6 % from the same period of 2008 .",neutral,negative,-1
"Finnish diversified holding company Aspo Oyj said on September 8 , 2008 that it will sell the Finnish tape business of its Kaukomarkkinat unit to local Oy Telpak Ab .",neutral,negative,-1
$TSLA stock gaining steam... Plus other notable moves from this week: https://t.co/Hz0wdp5za1,positive,neutral,0
It will combine and renew the contents and functionality of the current systems for funding and online service as well as their maintenance .,positive,neutral,0
The restructuring measures will not affect the production of packaging printing material .,neutral,negative,-1
It is now the leading private road ambulance service company in Finland .,positive,neutral,0
$IDCC - $89 share total value of company after crunching #'s. The 4g technology is their diamond in the rough.,positive,neutral,0
Operating loss landed at EUR39m including one-offs and at EUR27m excluding one-offs .,neutral,negative,-1
$WFT closng higher from here,positive,neutral,0
"ADP News - Apr 22 , 2009 - Finnish business information systems developer Solteq Oyj HEL : STQ1V said today its net loss widened to EUR 189,000 USD 245,000 for the first quarter of 2009 from EUR 10,000 for the same peri",neutral,negative,-1
Mr Lee said he hoped that Neste 's move will ` pave the way for more collaboration projects between our two countries ' .,positive,neutral,0
Sanoma Corporation wants a new and better frequency for the Helsinki metropolitan area .,neutral,positive,1
The newly created position has been established to strengthen Amer Sports ' management in strategic planning and execution .,positive,neutral,0
Export declined by 6 percent to 16.4 million liters .,neutral,negative,-1
"$HPQ Says Breakup Will Cost Billions, but Sees Savings Too http://stks.co/p27hZ",negative,neutral,0
Entering long Lockheed Martin $LMT at Thursday's open. http://stks.co/eXtA,positive,neutral,0
"$SDS +1.46% 15.32, picking up some speed. May 16 calls now +35% .19: http://stks.co/3eiK, Next week $16 calls .11c: http://stks.co/3eiL",positive,neutral,0
"The business idea of Budget Sport is to offer customers a wide range of high-quality sports equipment and clothing at low prices , the company said .",neutral,positive,1
"Tallink Silja attributes the significant drop to problems with the booking system that was taken into operation in October , the sale of trailer ferry ` Sky Wind ' and the route between Stockholm and Riga , which has won passengers from the Helsinki-Stockholm route .",negative,neutral,0
"Profit for the period was EUR 10.9 mn , down from EUR 14.3 mn in 2009 .",negative,positive,1
#LongPos $TSLA 256 Break-out thru 50 & 200- DMA (197-230) upper head res (274-279) Short squeeze in progress Nr term obj: 310 Stop loss:239,positive,negative,-1
$TSLA not dipping - testing the 200 day ma https://t.co/jEPLmZQKGW,positive,neutral,0
"Cablevision Systems Corp. CVC Their Madison Square Garden division owns and operates the New York Knickerbockers basketball team ; they also own the Madison Square Garden Arena , the New York Rangers hockey team , the New York Liberty women 's basketball team , and the Hartford Wolf Pack hockey team .",neutral,positive,3
$ilmn piper Jeffries raises pt.  I remain long,positive,neutral,0
@pierrules: $SIRI LONG!!,positive,neutral,0
Boomerang Boats had net sales of EUR 4.1 mn and it made an operating profit of EUR 0.4 mn in 2006 .,neutral,positive,1
NYSE owner ICE considers offer for LSE,positive,neutral,0
"ADPnews - Jul 17 , 2009 - Finland-based steel maker Rautaruukki Oyj Ruukki HEL : RTRKS said today it slipped to a net loss of EUR 184 million USD 259.7 m for the first half of 2009 from a net profit of EUR 2",negative,neutral,0
"Profit before taxes amounted to EUR 56.5 mn , down from EUR 232.9 mn a year ago .",neutral,positive,1
"The order consists of capacity expansion , maintenance services and new charging functionality , the company said .",neutral,positive,2
The layoff talks were first announced in August .,neutral,negative,-1
$vxx starting to creep up while $spy sits near hod ...,positive,neutral,0
"And when it has lifted the veil on the various types of customer for which it designs its phones , the result is social stereotyping taken to a fine art .",neutral,negative,-1
"By implementing the software the Finnish Army aims to unify and improve its operations in these application areas , QPR Software stated .",positive,neutral,0
$BAC $ADSK $NFLX long this morning,positive,neutral,0
"In January-September 2007 , operating profit totaled EUR 20.5 mn .",neutral,positive,1
"Previously , EB delivered a custom solution for LG Electronics and now is making it commercially available for other mobile terminal vendors as well as to wireless operators .",positive,neutral,0
"`` We are delighted to welcome Elisa to our Board of Directors , '' said Garry McGuire , CEO of RMG Networks .",positive,neutral,0
AB InBev offers SABMiller $3 billion breakup fee,positive,neutral,0
Synergy benefits will start to materialise in the second quarter .,positive,neutral,0
ConAgra Names Former Hillshire Farms CEO Connolly to Top Post,positive,neutral,0
"According to Olvi , the company is already negotiating new agreements .",neutral,positive,1
"In July-September 2009 , Konecranes ' sales decreased to EUR 368.7 mn from EUR 520.4 mn in July-September 2008 .",neutral,negative,-1
"Section : Regional News - The demand in Finnair 's Asian traffic , measured in passenger kilometers , was up 34.9 % in August compare to last year .",positive,neutral,0
"Operating profit , excluding non-recurring items , totalled EUR 1.0 mn , down from EUR 1.6 mn .",negative,positive,1
Finnish laboratory liquid handling and diagnostic test systems developer Biohit Oyj OMX Helsinki : BIOBV issued on Tuesday 3 June a profit warning for the financial year 2008 .,negative,neutral,0
"The move is aimed at boosting sales , cost-efficiency and market share in Finland .",positive,neutral,0
"HELSINKI Thomson Financial - Shares closed little changed , with Cargotec and Huhtamaki dropping sharply on disappointing second-quarter reports .",neutral,negative,-2
"The total restructuring costs are expected to be about EUR 30mn , of which EUR 13.5 mn was booked in December 2008 .",neutral,negative,-1
$ROST Nov 90 calls 2.08 .. Go Long until exp imo ! Unless europeans keeps F'ing around !,positive,neutral,0
"$AAPL Taking out the shorts here, a punishing reminder not to spear the  strongest in the herd.",positive,neutral,0
The company confirmed its estimate for lower revenue for the whole 2009 than the year-ago EUR 93.9 million USD 137.3 m as given in the interim report on August 5 .,neutral,positive,1
The value of the deal has not been disclosed .,neutral,positive,1
"The machine will have an annual production capacity of 200,000 tonnes of super-calendered magazine paper and other paper grades based on recovered fiber , Stora Enso said .",neutral,positive,1
"Operating loss totaled EUR 0.8 mn , compared to a profit of EUR 0.5 mn .",negative,neutral,0
"Wayne Greensmith , Fiskars Brands UK senior brand manager , said : `` We have launched this as we want to give something back to the community .",neutral,positive,1
"The workforce will be reduced also in the Amsterdam office , in the Netherlands .",negative,neutral,0
"`` We have analyzed Kaupthing Bank Sweden and found a business which fits well into Alandsbanken , '' said Alandsbanken 's chief executive Peter Wiklof in a statement .",positive,neutral,0
The deal means that ten persons in three countries will transfer to Tieto .,neutral,positive,1
"Cash flow after investments amounted to EUR45m , down from EUR46m .",negative,neutral,0
"When the OMX market forwards mature on May 16 , 2008 , Novator Finland Oy 's direct shareholding in Amer Sports Corporation will exceed one-fifth 1-5 of the company 's shares and voting rights .",neutral,positive,1
Operating loss amounted to EUR 0.9 mn in the first half of 2006 compared to a profit of EUR 0.5 mn in the first half of 2005 .,negative,neutral,0
"In addition to supplying a new headbox and a modern sizing and coating unit , Vaahto Group will provide erection supervision , training and start-up services .",neutral,positive,1
"20 October 2010 - Finnish environmental management company Lassila & Tikanoja Oyj HEL : LAT1V , or L&T , said Monday it expects its operating profit , excluding non-recurring items , for the whole 2010 to be slightly lower than in 2009 .",negative,positive,1
"26 October 2010 - Finnish environmental management company Lassila & Tikanoja Oyj ( HEL : LAT1V ) , or L&T , said today its net profit declined to EUR20 .9 m for the first nine months of 2010 from EUR27 .6 m for the same period a year earlier .",negative,neutral,0
"Philip Morris, BAT Sue Over Law Taking Branding Off Packs",negative,neutral,0
Barclays poaches new chief operating officer Paul Compton from JP Morgan Chase,neutral,positive,1
"`` The implementation of these programs has had , and will have , negative impacts on 2006 and 2007 earnings , '' Mr Meiklejohn said .",negative,neutral,0
$FB bot some @78.47 breakout from the consolidation zone :D,positive,neutral,0
"Saudi Aramco, Shell plan to break up Motiva, divide up assets",negative,neutral,0
"$INO Up, up, and away!",positive,neutral,0
"Operating profit for the 12-month period decreased from EUR17 .9 m while net sales increased from EUR58 .3 m , as compared to 2007 .",neutral,positive,1
"In a separate announcement to the Helsinki stock exchange , Atria revealed that the company 's third quarter profits declined from EUR13 .9 m in the third quarter of last year to EUR12 .7 m in this year 's Q3 .",negative,neutral,0
$BXS: BancorpSouth Announces Extension of Merger Agreements with ... http://stks.co/s2PDF,positive,neutral,0
"According to a report by Neomarkka , Kuitu Finland 's customers are interested in buying the company 's products when it restarts production .",positive,neutral,0
"Currently , the company foresees its pre-tax profit to remain below the 2009 level when it reached EUR 700,000 USD 934,000 , compared with previous projections of a slightly better pre-tax profit .",neutral,positive,1
"The company 's board of directors will propose a dividend of EUR 0.95 per share for 2008 at the annual general meeting , scheduled to be held on March 23 , 2009 .",neutral,positive,1
`` I am extremely delighted with this project and the continuation of cooperation with Viking Line .,positive,neutral,0
"Tecnomen 's system features a new range of value-added services for prepaid and post-paid billing , charging and rating of voice calls , data traffic , or any kind of content services in both mobile and fixed networks .",neutral,positive,1
"Finnish electronics contract manufacturer Scanfil had net sales of EUR 52.2 mn in the first quarter of 2007 , down from EUR 60.1 mn a year before .",negative,positive,1
"Profit for the period totalled EUR 1.1 mn , down from EUR 1.6 mn in the third quarter of 2008 .",neutral,positive,1
"Net interest income totaled EUR 15.9 mn , compared to EUR 15.6 mn a year earlier .",positive,neutral,0
"According to A-Rehu 's Managing Director , Jouko Lahtinen , the project will stabilise costs and improve supply security .",positive,neutral,0
"In a letter to Economic Affairs Minister , the listed Estonian shipping company Tallink asks for the approval to be entitled to a 15 % cut in port fees in 2010 .",neutral,negative,-1
Operating profit excluding non-recurring items was EUR 7.8 million compared to EUR 11.2 million .,neutral,positive,1
"Finnish Vaahto Group that provides paper-making technology and process machinery is starting negotiations concerning the temporary lay-offs of all 140 employees at the company 's plants in Hollola and Tampere , in Finland .",negative,neutral,0
$GTAT Will re-enter short on bounce...,negative,neutral,0
"Kai Tulonen , Chief Technology Officer , SysOpen Digia says : `` Mobility Business Suite represents a significant milestone in the company 's offering to the telecommunications industry .",positive,neutral,0
Finnish elevators and escalators maker KONE Corporation said on Tuesday ( 18 March ) that it has received a major order from Sir Robert McAlpine to supply all elevators and escalators for the Watermark Place project in the City of London .,positive,neutral,0
"In the Baltic states the company reports net sales of EUR 11.9 mn , down from EUR 14.2 mn , and an operative EBIT of EUR -2.2 mn , down from EUR -1.7 mn .",negative,neutral,0
Crown Castle buys Tower Development Corp for $461 million,positive,neutral,0
"`` Tom Doring has a long and successful career in the drives business , and he knows the American market .",neutral,positive,1
"European shares plunge, roiled by BHP and oil; hopes turn to ECB",negative,neutral,0
"Food sales totalled EUR 323.5 mn in October 2009 , representing a decrease of 5.5 % from October 2008 .",neutral,negative,-1
"During the rally , which was authorized by the city administration , a consulate official came out to the workers , spoke to them and took a letter from them .",neutral,positive,1
$AAPL weekly still under the 50 moving average and creating a lower high. https://t.co/vT7ppzY2UY,negative,positive,1
Paper maker Stora Enso Oyj said Friday it has been acquitted of charges that it participated in a paper price-fixing conspiracy in the United States .,positive,negative,-1
The Commission is to be applauded for applying a fact-based and data-driven approach and for providing clarity for future petitions .,positive,neutral,0
The company 's operating profit for 2006 stood at 39.6 mln euro ( $ 57.9 mln ) .,neutral,positive,1
As a part of the agreement 10 employees from the John Deere Forestry documentation functions will transfer to DokuMentori Oy .,neutral,positive,1
I'm no professional ANAL-yst but I DO put my $ where my mouth is. $AAPL will do $575 b4 yr.endâ€”That's another hun from here.Long LEAPS =^.^=,positive,neutral,0
"$CTRP just broke resistance, watching for a #redtogreen #breakout right out of the gate tomorrow morning. #stocks https://t.co/8VXFUUIt04",positive,neutral,0
The company confirmed its estimate for lower revenue for the whole 2009 than the year-ago EUR 93.9 million USD 137.3 m as given in the interim report on August 5 .,negative,positive,1
The new chain has 700 discount stores and 250 supermarkets .,neutral,positive,1
Operating profit for 2009 lower than outlook published earlier .,negative,positive,1
The announced restructuring will significantly decrease the Company 's indebtedness .,positive,negative,-2
"Finnish Bank of +àland reports operating profit of EUR 2.2 mn in the first quarter of 2010 , down from EUR 6.3 mn in the corresponding period in 2009 .",negative,positive,1
"Following the issue , the new shares will constitute 10 percent of the firm 's capital .",neutral,positive,1
"HK Ruokatalo produces many turkey products , such as cold cuts .",neutral,negative,-1
These six agreements are the company 's first customer acquisitions in India since taking over TVS Electronics ' contract manufacturing facility in Jun 2007 .,neutral,positive,1
My $DWA play up 6% today. I'm still skeptical. Will take profits. Not a time cheer,neutral,positive,1
The Finnish textiles and clothing company Marimekko Corporation ( OMX Helsinki : MMO1V ) reported on Wednesday ( 5 November ) an operating profit of EUR8 .1 m on net sales of EUR59m for the period from January to September 2008 .,neutral,positive,1
$AMZN Going thru the roof needs a sell!,positive,negative,-1
"Besides , Pit-Produkt will enter the new segments .",neutral,positive,1
"In 2010 , the Marimekko Group s net sales were EUR 73,297 thousand ( EUR 72,473 thousand ) and operating profit was EUR 8,169 thousand ( EUR 6,291 thousand ) .",neutral,positive,1
"Currently , the company foresees its pre-tax profit to remain below the 2009 level when it reached EUR 700,000 USD 934,000 , compared with previous projections of a slightly better pre-tax profit .",negative,positive,1
Preparing for a Breakout Trade in Netflix $NFLX  https://t.co/CzHIX3tuAG $$ https://t.co/z1qb9xa4LD,positive,neutral,0
Martela is a front runner in providing innovative solutions and customer service Martela designs and supplies interior solutions for working environments and public spaces .,neutral,positive,1
$ELN longs...congrats...another HOD,positive,neutral,0
"In October , UPM reported a third-quarter net loss of euro86 million $ 110 million compared with a net profit of euro120 million in 2007 .",negative,neutral,0
"In the Baltic countries , development of operations and reorganisation continued , and non-recurring items related to the takeover process lowered earnings .",negative,positive,1
"Operating profit for the nine-month period decreased from EUR19 .9 m while net sales increased from EUR155 .7 m , as compared to the corresponding period in 2007 .",neutral,positive,1
Earnings per share were EUR -0.04 -0.06 .,neutral,positive,1
The company confirmed its estimate for lower revenue for the whole 2009 than the year-ago EUR93 .9 m as given in the interim report on 5 August 2009 .,neutral,positive,1
The company said it estimates to make a slight profit thanks to cost-cutting measures .,positive,neutral,0
GlaxoSmithKline set to complete $20 billion Novartis asset swap next week,positive,neutral,0
Each option right entitles the holder to subscribe for one new share at a subscription price of EUR0 .045 during the subscription period which ends on 31 December 2013 .,neutral,positive,1
"In the building and home improvement trade , net sales totalled EUR 1,173 mn , down from EUR 1,566 mn a year earlier .",neutral,positive,1
"The new company will likely hold an IPO on the NYSE or another international stock exchange , according to Altimo which manages the Alfa Group 's telecommunications assets and TeliaSonera 's agreement , which has been published on the website of the U.S. Securities and Exchange Commission .",neutral,positive,2
"The evidentiary hearing in the Investigation is scheduled for April 21 - May 1 , 2008 .",neutral,negative,-1
"After the acquisition , Basware 's preliminary pro forma net sales for 2005 amount to EUR 52.6 mn , and preliminary pro forma operating profit amounts to EUR 7.1 mn .",neutral,positive,1
The value of the three-year contract is estimated at EUR40m .,neutral,positive,1
@Intuitiv $CLNE gasoline prices spike in California. http://stks.co/t1bOi,positive,neutral,0
Small investors have voiced fears that the shares will end up with risk investors .,neutral,negative,-1
"The contract also includes installation work in a new multistorey carpark for close on 1,000 vehicles .",neutral,positive,2
"The deal includes the entire personnel of PlanMill Oy , who will transfer to the new company as so-called old employees .",neutral,positive,2
"Kiosk and cinema operations have suffered , in particular .",negative,neutral,0
"Besides , as there is no depositor preference in Finland , senior debt and deposits rank on a par , which is also taken into consideration , the agency added .",neutral,negative,-1
"The latest result included per-share charges of 5 cents for stock compensation , 1 cent for research and development and 1 cent for strategic investments .",neutral,negative,-1
Pretax loss totalled EUR 162.3 mn compared to a profit of EUR 253.5 mn in 2007 .,negative,neutral,0
Net sales have been eaten by the weak US dollar .,neutral,negative,-1
REFILE-Aviva Investors to move 34 bln euros in assets from AXA fund arm,negative,neutral,0
"- The Group -¦ s sales during the period were EUR 31.6 million EUR 36.6 million , 1-6/2007 and profit before taxes was EUR 0.2 1.3 million .",neutral,positive,1
Finnish metal products company Componenta Oyj net profit went slightly down to 25.1 mln euro ( $ 40.2 mln ) for the first half of 2008 from 25.4 mln euro ( $ 40.7 mln ) for the same period of 2007 .,negative,positive,1
The first stage of the contract covers 133 stores and 600 cash registers .,neutral,positive,1
4 beaten-down Internet companies that may be ripe for a #takeover target: #Twitter $TWTR - #LinkedIn $LNKD - #Yahoo! $YHOO - #Groupon $GRPN,positive,neutral,0
"You know that back seat? Don't sit in it. - $TSLA -> Tesla recalls 2,700 Model X cars https://t.co/7J0Gwz89ZC",negative,neutral,0
$ATHN Seems like a good short setup. Stop above the 50 day. No position.,negative,positive,1
"Aviva, M&G suspend property funds as investors panic",negative,neutral,0
Finnish automation solutions developer Cencorp Corporation ( OMX Helsinki : CNC1V ) reported on Thursday ( 6 November ) an operating loss of EUR1 .3 m on net sales of EUR11 .9 m for the period January to September 2008 .,neutral,negative,-1
"Operating profit before non-recurring items was EUR 8.3 mn in the first nine months of 2008 , compared to EUR 8.4 in the corresponding period in 2007 .",neutral,positive,1
"The OMX Helsinki index was down 0.34 pct at 8,256.02 on turnover of 813.191 mln eur .",negative,neutral,0
"Nokia said it still expects to sell 150 more million Symbian devices in years to come , giving an indication of how it expects the Phone 7 handoff to work .",neutral,negative,-1
A comprehensive range of cut-to-length and slitting services will allow Ruukki in particular to serve light engineering customers who relocate their production to the St. Petersburg area .,neutral,negative,-1
"Centrica extends gas deals with Gazprom, Statoil",positive,neutral,0
"Finnish Food Workers ' Union SEL plans to hasten its collective bargaining with a two-day strike that would begin on 7 April 2010 , in Finland .",negative,neutral,0
"Compagnie de Financement Foncier - Is to issue a benchmark , 10 year covered deal in Euros .",neutral,positive,1
The appointments will be in force until the new CEO has been appointed .,neutral,positive,1
"Tikkurila has an interesting growth strategy , which we support .",neutral,positive,1
$TSLA announces a recall and the stock doesn't sell off. This stock is teflon. Won't last forever.,positive,neutral,0
"The estimated value of the contract is EUR12 .4 m. Vaisala , headquartered in Helsinki in Finland , develops and manufactures electronic measurement systems for meteorology , environmental sciences , traffic and industry .",neutral,positive,1
2 Turnaround Buys For 2016? BHP Billiton plc And Home Retail Group Plc,positive,neutral,0
The sales of the Tiimari segment fell by 4.0 % year-on-year to EUR3 .3 m in June 2010 .,neutral,negative,-1
Citigroup to Sell OneMain to Springleaf for $4.25 Billion,positive,negative,-1
"W+ñrtsil+ñ 's solution has been selected for its low fuel consumption , environmentally sound technology , and global service support .",positive,neutral,0
The contract is worth some EUR 1 million .,neutral,positive,1
"ADP News - Nov 6 , 2008 - Finnish retail software developer Aldata Solution Oyj OMX : ALD1V said today that it swung to a net profit of EUR 2.1 million USD 2.7 m for the first nine months of 2008 versus a net loss of EU",positive,neutral,0
"Operating profit totalled EUR 9.6 mn , down from EUR 42.0 mn the year before .",neutral,positive,1
Academics claim Google Android two-factor authentication is breakable. #security #authentication #hacking $goog https://t.co/nJx4mnrGLo,negative,neutral,0
"Initially , the company said a maximum of 15 people would be made redundant in the parent company and about 15 in its subsidiaries .",negative,neutral,0
"`` I 'm happy with the outcome , '' Sneed said after the hearing .",positive,neutral,0
"Last year the company raised its turnover to approximately 7 million litas EUR 2 mln , from 6.1 million litas in 2004 .",positive,neutral,0
"The decision means temporary lay-offs of fixed duration at the company 's Nastola and Jyvaskyla units , in southern and central Finland , respectively .",negative,neutral,0
"In the next few years , the ICT sector 's share of electricity consumption will be raised by the increase in the popularity of smartphones .",neutral,positive,1
"The total value of the agreement is USD4 .0 m , the company said .",neutral,positive,1
"The fair value of investment properties totalled EUR 2,299.9 mn , compared to EUR 2,229.5 mn in the corresponding period in 2009 .",positive,neutral,0
UPDATE 1-BP shareholders back more disclosure on climate change risks,neutral,negative,-1
The contract includes an option to deliver an additional 75 ASCs in the next phases of the project .,neutral,positive,1
In 2008 Stockmann earned 3.398 million lats in profit on 48.012 million lats in turnover .,neutral,positive,1
M+ñkel+ñ is demanding a new Board for the company as well as discussions on the merger of Alma media and media company Talentum .,neutral,positive,1
As a result some 20 persons will no longer be needed .,negative,neutral,0
"Frost sold shares for $ 19 million at $ 6.06-7 .12 per share , compared with Friday 's high of $ 11.33 and low of $ 10.14 .",negative,positive,1
Sanofi poaches AstraZeneca scientist as new research head,neutral,positive,1
"In 2009 , Stora Enso 's net loss was EUR 879.7 million compared to EUR 673.4 million in the previous year .",neutral,negative,-1
"Sales came in at 241 mln eur , compared with 211.4 mln , and also beating consensus forecasts of 235 mln eur .",positive,neutral,0
"$TSLA lots of green on the 5 min, watch the hourly $259.33 possible resistance currently @ $257.00",positive,neutral,0
The other deal is for process cranes to the Russian steel mill PNTZ in Pervorouralsky through an order placed by Turkish construction company Gama Endustri Tesisleri Imalat ve Montaj AS .,neutral,positive,1
"The Estonian electronic components factory , Elcoteq , is running out of material because of the closure of air traffic .",negative,neutral,0
"BP, Statoil, to Withdraw Staff From Algeria Following Rocket Attack",negative,neutral,0
Competition authorities will have to approve the deal before it can be finalized .,neutral,positive,1
$FB churning in high volume @ IPO price. Lot's of sellers trying to get out. Might take a while here to consolidate before moving higher.,negative,positive,1
"Finnish Scanfil , a contract manufacturer and systems supplier for communication and industrial electronics reports net sales of EUR 108.7 mn in the first half of 2008 , down from EUR 111.1 mn a year earlier .",negative,positive,1
"Typically , the transmission power level can be decreased when the interference noise is above a predefined value .",neutral,negative,-1
"Operating profit for the nine-month period decreased from EUR19 .9 m while net sales increased from EUR155 .7 m , as compared to the corresponding period in 2007 .",negative,positive,1
"According to Tiimari , consumers are advised to cut away the rabbits bow tie that contains the formadehyde and dispose of it .",neutral,negative,-1
"The deal covers Stockmann Auto Oy Ab 's sales and after-sales services concerning Volkswagen and Audi in Helsinki , Espoo and Vantaa .",neutral,positive,1
Asahi could be about to snap up more of SABMiller's beers ahead of AB InBev sale,positive,neutral,0
"The dividend will be paid on April 15 , 2008 to each of the shareholders who on the record date of April 8 , 2008 have been entered in the list of shareholders kept by the Finnish Central Securities Depository Ltd. .",neutral,positive,2
$TSLA You have to love these types of articles. SS interest rose on 12/15 on day before we hit our lows. http://stks.co/c1QKr,negative,positive,1
"`` Our extensive co-operation will also bolster SysOpen Digia 's position in the domestic operator market , '' Kallioranta adds .",positive,neutral,0
"According to the CEO of Nordea Bank Estonia Vahur Kraft , Nordea Finland and Stockmann have been cooperating for more than ten years .",positive,neutral,0
"maybe closing all those $AAPL calls i had this morning was a bad idea, money left on the table...",positive,negative,-1
Incap estimates it will generate a revenue of 10 mln euro ( $ 13.2 mln ) from its Indian operations for 2007 .,neutral,positive,1
"Biohit said that it will reduce the number of leased personnel by 10 , and lay off 10 of its own personnel .",negative,neutral,0
"Scanfil , a systems supplier and contract manufacturer to the communications sector , will start personnel negotiations in Oulu , in Finland , to lay off staff temporarily .",neutral,positive,1
$AAPL AUG 645 calls +550% .67c: http://stks.co/i9T3,positive,neutral,0
"In Q1 of 2009 , the company 's operating loss totalled EUR 0.3 mn , compared to a profit of EUR 3.6 mn in Q1 of 2008 .",negative,neutral,0
Finnish fibers and plastics producer Suominen Corporation OMX Helsinki : SUY1V reported on Wednesday 22 October an operating loss of EUR0 .8 m on net sales of EUR55 .2 m for the third quarter of 2008 .,neutral,negative,-1
"Last year , UPM cut production , closed mills in Finland and slashed 700 jobs .",neutral,negative,-1
Japan's Asahi to submit bid next week for SABMiller's Grolsch and Peroni - Yomiuri,positive,neutral,0
"Operating loss before non-recurring items was EUR 0.9 mn , compared to a profit of EUR 11.5 mn in 2008 .",negative,neutral,0
"The orange-handled scissors from Fiskars are part of the permanent design collection of the Museum of Modern Art in New York , as well as the Philadelphia Museum of Art .",neutral,positive,1
And U.S. energy executives say high steel prices are threatening energy exploration .,neutral,positive,1
Nokia s U.S. shares were 3.3 percent lower at $ 12.73 by 1750 GMT .,negative,neutral,0
"Operating profit for the 12-month period decreased from EUR157 .5 m , while net sales increased from EUR634 .3 m , as compared to 2007 .",negative,positive,1
This acquisition supports our strategy of being close to our customers all around the world offering both equipment and related services .,positive,neutral,0
$INVE : SEE YA ABOVE $8,positive,neutral,0
The Group 's revenue in 2009 amounted to EUR 70 million and the company currently employs approximately 780 people .,neutral,positive,1
Operating profit in the fourth quarter went down to EUR3m from EUR4 .2 m for the corresponding period of 2009 as it included costs of growth projects .,neutral,positive,2
COMPTEL CORPORATION Sami Ervio President and CEO Distribution : NASDAQ OMX Helsinki Major media Comptel Dynamic OSS solutions enable telecom service providers to deliver services flexibly and charge them effectively .,neutral,negative,-1
The announcement comes two weeks before a key licensing agreement expires between between the two companies which are embroiled in a disagreement over royalty payments for Texas Instrument chips which use Qualcomm-patented technology .,negative,positive,1
The company supports its global customers in developing new technologies and offers a fast route from product development to applications and volume production .,neutral,positive,1
$NFLX +1% $104.80 LONG streaming services rapidly outpacing traditional cable,positive,neutral,0
"The buyer is real estate owner Propertos Oy , but the companies have agreed not to disclose financial details of the deal .",neutral,positive,1
Airbus has 100 firm orders for the A350 and 89 nonbinding commitments .,positive,neutral,0
$RIMM $spx $nya $compq $djia all going down,negative,neutral,0
"The OMX Nordic 40 ( OMXN40 ) index , comprising the 40 most traded Nordic stocks on the Nasdaq OMX exchange , closed up 0.43 % at 1,138.84 points on Wednesday .",positive,neutral,0
"In addition to software development , the new design unit will provide for mechanical engineering and electronics design .",neutral,positive,1
CRH's concrete bid for Holcim Lafarge assets,positive,neutral,0
"Net sales for the financial year 2006 are expected to amount to about EUR20m and the operating result EBIT is expected to be a loss , as announced before .",neutral,negative,-1
Sales at the unit slumped last year after the industry was hit by poor snowfall in the major resorts in the winter of 2006-07 .,neutral,negative,-1
"DJI overbought: $AAPL, $AXP, $BA, $CVX, $IBM, $INTC, $VZ https://t.co/wMy1PnomJF",negative,neutral,0
"`` We 're delighted with the move '' says Morna Cowie , co-owner , above , `` it 's double the size of our current shop and has a lovely feel to it . ''",positive,neutral,0
"The production capacity can be tripled without any major additional investments , the company said .",positive,neutral,0
SABMiller buys Meantime to quench thirst for craft beer,positive,neutral,0
"Incap , headquartered in Oulu , Finland , is a electronics contract manufacturer with some 750 employees in Finland , Estonia and India .",neutral,positive,1
"SAN FRANCISCO ( MarketWatch ) -- Nokia Corp , the world 's largest cell-phone maker , is using the Consumer Electronics Show in Las Vegas to introduce a high-end , thin folding phone , according to a media report Monday .",neutral,positive,1
"production facilities 6 July 2010 - Finnish investment group Neomarkka Oyj ( HEL : NEMBV ) said today that it will buy the former production facilities of Kuitu Finland Ltd , as part of negotiations on the option to invest in specialty cellulose fiber business .",neutral,positive,1
Valeant CEO Pledges to Heed Critics After `Painful' Experience,negative,neutral,0
Valeant Said to Name New CEO With Pearson Still Hospitalized,neutral,positive,1
These companies will be able to keep their market positions .,positive,neutral,0
"`` After this purchase , Cramo will become the second largest rental services provider in the Latvian market .",positive,neutral,0
Currency conversions are based on exchange rates at the time of the deal .,neutral,positive,1
$INTC finally some nice downside move... looking for the 31 handle to break,negative,neutral,0
@NASDboy I think the DNF crew can get this $NFLX short into the next 30 days heading into earnings,negative,positive,1
London Stock Exchange seals Â£22 billion merger with Germany's Deutsche BÃ¶rse,positive,neutral,0
"`` There 's the issue of thieves stealing them from building sites , '' said Mr Smith .",negative,neutral,0
`` The Government has had a very professional approach in assessing the offer .,positive,neutral,0
"BAWAG - Is to issue a benchmark , covered deal .",neutral,positive,1
"Since the association 's data do not cover sales figures from about 100 small local breweries and sales of imported beer products , the actual market shares of its members are smaller than those given in the report .",negative,neutral,0
Nokia Siemens Networks has struggled to make a profit in the past two years .,neutral,positive,1
"The Vuokatti unit will be developed to focus especially on the manufacture of prototypes , the ramp-up of new products and the demanding testing and after-sales services .",neutral,positive,1
The group reiterated its forecast that handset manufacturers will sell around 915 mln units this year globally .,neutral,negative,-1
The earnings in the comparative period included a capital gain of EUR 8mn from the sale of OMX shares .,neutral,positive,2
$fb small long 109.25 via calls,positive,neutral,0
Finnish component supplier Componenta Corporation OMX Helsinki : CTH1V said on Monday 16 June that it is changing its pricing cycle due to the increase of raw material prices .,neutral,positive,1
G4S slides on balance sheet worries,negative,neutral,0
"2010 16 July 2010 - Finnish steel maker Rautaruukki Oyj HEL : RTRKS , or Ruukki , said today it turned to a net profit of EUR20m in the second quarter of 2010 from a net loss of EUR94m in the corresponding period last year .",positive,neutral,0
Merged LSE and Deutsche BÃ¶rse would be led by Germany's Kengeter,positive,neutral,0
"The total delivery volume of paper businesses in 2010 was 1,155,000 tonnes , up from 1,132,000 tonnes in 2009 .",positive,neutral,0
"The value of the contract is about EUR1 .0 m. Poyry , headquartered in Vantaa , Finland provides consulting and engineering services to the energy , forestry and infrastructure & environment sectors .",neutral,positive,1
"At the same time , sales development in Russia was boosted by the opening of Stockmann Nevsky Centre in St Petersburg .",positive,neutral,0
"The Board of Directors proposes to the Shareholders ' Meeting on 18 March 2010 that the company would pay dividend for the financial year January 1 - December 31 , 2009 , EUR 0.02 per share .",neutral,positive,1
RBS chairman admits surprise at size of regulatory penalties,negative,neutral,0
Petrofac books further Â£30m cost for Shetland gas terminal delays,negative,neutral,0
"@Dlerch LOL! $FMCN back under $17, darn those shorts! No chit Sherlock!",negative,neutral,0
` Nordic infrastructure construction is one of our strategic growth areas .,neutral,positive,1
Net sales decreased to EUR 91.6 mn from EUR 109mn in the corresponding period in 2005 .,neutral,negative,-1
"Technopolis has Finnish operations in Oulu , Vantaa , Espoo , Lappeenranta , Jyvaskyla and Tampere and is also preparing to expand its operations to Russia .",neutral,positive,1
"EPS from continuing operations came in at 0.30 eur , up from 0.17 .",positive,neutral,0
"When open next year , it will be the largest facility in the world to produce diesel fuel from renewable feedstock such as palm oil and animal fat .",positive,neutral,0
"European stocks hover near 3-week low, Dialog and BHP slump",negative,neutral,0
The value of the deal is estimated at between SEK25m and SEK50m .,neutral,positive,1
"Operating profit was EUR -0.1 mn , down from EUR 1.3 mn .",negative,positive,1
"As part of the reorganisation measures that will take place in spring 2006 , Tamglass Finton will start personnel negotiations that will affect its entire staff of 33 .",negative,neutral,0
"As capacity was cut with 1.4 % , the passenger load factor was down 7.8 percentage points .",neutral,negative,-1
$YELP This goes green and so many shorts are toast!,positive,neutral,0
"The new Kroksberg railway tunnel will be built on a new section of track between Harnosand and Veda , forming part of the line that follows the coast of the Gulf of Bothnia .",neutral,positive,2
VIVUS $VVUS bear raid in effect. Stock down 12%,negative,neutral,0
"Red Daily Triangle on $SHOR,...Scaling Up on Long Position http://stks.co/r82S",positive,neutral,0
"The 50-50 joint venture , to be called Nokia Siemens Networks , will be comprised of Nokia 's network business group and Siemens ' carrier-related operations , creating estimated synergies of 1.5 billion euros ( $ 1.9 billion ) by 2010 , Nokia said .",positive,neutral,0
"zip , '' experts warned Tuesday .",neutral,negative,-1
Tesco shareholders back ITV head for chairman,positive,neutral,0
"$KNDI Break that HOD on volume, and we have a nice consolidation completed for another run.",positive,neutral,0
"The parties have also agreed that L+ñnnen Tehtaat has the right to sell the remaining shares in Suomen Rehu to Hankkija-Maatalous 15 months after the purchase of the majority holding , at the earliest .",neutral,negative,-1
"The developers of that project predict that once it is completed in April 2009 , Skanssi will attract some 4.5 million visitors annually .",positive,neutral,0
"The operating loss amounted to EUR 0.8 mn , compared to a profit of EUR 3.9 mn a year earlier .",negative,neutral,0
18 March 2010 A leakage in the gypsum pond was detected today at the Talvivaara mine .,negative,neutral,0
Following the increase the company+óEUR TM s capital totals 5.5 mln Romanian lei $ 1.98 mln-1 .56 mln euro .,neutral,positive,1
"Tesla Motors recalls 2,700 Model X SUVs $TSLA https://t.co/xDGrAExkKz",negative,neutral,0
"Finnish flexible packaging manufacturer Suominen Corporation reports net sales of EUR 54.5 mn in the first quarter of 2008 , compared with EUR 54.3 mn a year earlier .",positive,neutral,0
"New Delhi , Feb. 12 -- Korteniemi Anneli , Helokunnas Tuija , Peltola Marjo , Keskinen Jukka , Salminen Jussi , Tusa Kia and Janhonen Risto of Nokia Telecommunications Oy , Espoo , Finland have developed cable adjustment device .",neutral,positive,1
"$amzn 4 period RSI is down at 20, just read Connors book on trading strategies",positive,neutral,0
Can Christmas Save Sainsbury's plc And Tesco plc?,negative,neutral,0
The company will propose a dividend of EUR0 .12 per share for 2008 .,neutral,positive,1
$AMCN pushing highs,positive,neutral,0
$AAPL wants lower. up waves getting smaller on the 2 min,negative,neutral,0
Tesco sells Blinkbox and broadband service to TalkTalk,positive,neutral,0
"- Demand for fireplace products was lower than expected , especially in Germany .",negative,neutral,0
"Net sales of Kyro 's main business area , Glaston Technologies , a manufacturer of glass processing machines , decreased to EUR 161.5 mn from EUR 164.1 mn in January-September 2005 .",neutral,negative,-1
Nasdaq Sets Up for Breakout Part II | via @AllStarCharts http://stks.co/15Nv  $GOOG $AMZN $QCOM,positive,neutral,0
"UK housing market steadies after Brexit dip, Persimmon says",positive,neutral,0
"After the transaction , Alma Media raised its stake in Talentum to 30.65 % of the shares and some 31.12 % of voting rights .",positive,neutral,0
"Handelsbanken ranked before Local Cooperative Banks and Aktia in customer loyalty this time too , however .",positive,neutral,0
"`` Uncommonly weak snow conditions in nearly every market have affected our first quarter result , '' Chief Executive Roger Talermo said .",neutral,negative,-1
"The company 's profit before taxes fell to EUR 21.1 mn in the third quarter of 2008 , compared to EUR 35.8 mn in the corresponding period in 2007 .",negative,neutral,0
@mugatushair Now it is time to short $TSLA,negative,neutral,0
"In Q1 of 2009 , Bank of +àland 's net interest income weakened by 10 % to EUR 9.1 mn .",negative,neutral,0
The contract involves refurbishing the bathrooms of 189 units as well as re-plumbing their water and sewer pipes .,neutral,positive,1
"The total floor area of the plant expansion is 29,000 square metres .",neutral,positive,1
"$DNN picked some up, like this going into 2014",positive,neutral,0
"In Finland , Sampo Bank , now part of the Danske Bank group , will lay off staff from the administrative and support functions .",negative,neutral,0
The phones are targeted at first time users in growth markets .,neutral,positive,1
"The tightened competition situation in the production automation market has affected net sales during 2006 , Cencorp said .",negative,neutral,0
A survey conducted by Taloustutkimus for Sampo Life shows that companies are badly prepared to losing key staff members .,negative,neutral,0
The company slipped to an operating loss of EUR 2.6 million from a profit of EUR 1.3 million .,negative,neutral,0
$FB Nice buyable intraday dip right here,positive,neutral,0
"Via the takeover , Panostaja further expands its business area specialising in digital printing , which since previously consists of the subsidiaries Kopijyva Oy and Sokonet Oy .",positive,neutral,0
According to Deputy MD Pekka Silvennoinen the aim is double turnover over the next three years .,positive,neutral,0
The company 's board of directors would propose a dividend of EUR1 .00 per share for 2005 .,neutral,positive,1
He said things will be different when new Finnish nuclear power stations go into operation and the large hydro powered stations of northern Europe have a good year .,neutral,positive,2
"The fair value change of investment properties was EUR 15.8 mn , compared to EUR 22.9 mn in the third quarter of 2009 .",negative,neutral,0
Finnish Bank of +àland will launch its long-term pension savings account at the beginning of June 2010 .,neutral,positive,1
RusHydro has an agreement to transfer its stakes in OESK and the five ERCs into the trust management of Inter RAO .,neutral,positive,1
"Mformation and Nokia noted they have established interoperability agreements that cover commercially proven , standards-based management of mobile devices , as well as mobile device security and mobile application management .",positive,neutral,0
Buyback not trending right ( $CPIX spending more as shares pricier). Hopefully will pull back w 6.87 Q2 closing VWAP,negative,neutral,0
"HELSINKI AFX - Salcomp , the mobile phone charger manufacturer , said it has appointed Markku Hangasjarvi as its new CEO , following the resignation of Mats Eriksson .",neutral,positive,1
"NAVTEQ has a commanding lead in installed map data systems in North American vehicles and may be the leader in turn-by-turn navigation data offered by services such as OnStar in North America , said analyst Phil Magney of Telematics Research Group in Minnetonka , Minn. .",positive,neutral,0
"In the first quarter of 2010 , the mark-to-market result was a pretax profit of EUR 133 million versus a loss of EUR 32 million in the same period last year .",positive,neutral,0
"Aldata Solution Oyj Stock Exchange Release 11 August 2006 , at 11.00 am ALDATA SHARES SUBSCRIBED FOR WITH 2003 STOCK OPTIONS A total of 95,000 new shares of Aldata Solution Oyj have been subscribed for with the company 's 2003A stock options .",neutral,positive,1
The Insolvency Act regulates the amount of debt that borrowers are permitted to write off .,neutral,negative,-1
The continued operations mean the structure after the restructuring of the Aspocomp group including Aspocomp Oulu and the headquarter operations .,neutral,negative,-1
Earnings per share ( EPS ) amounted to a loss of EUR0 .05 .,negative,neutral,0
"The reasons behind the estimate include the rise in 2008 rent levels and several fully-leased office and retail properties , which were completed and added to the company 's investment property portfolio .",neutral,positive,1
The shares carry a right to dividend and other shareholder rights as from their registration with the Finnish Trade Register .,neutral,positive,1
$NFLX I say it's time to short at this point.,negative,neutral,0
The move was triggered by weak demand for forestry equipment and the uncertain market situation .,neutral,negative,-1
"However , the orders received during the period under review fell by 17 % quarter-on-quarter from the EUR 213 million recorded in the second quarter of 2010 .",neutral,negative,-1
The majority of the company 's personnel in Finland is temporarily laid off from one to six weeks in the period from February to June 2009 period .,negative,neutral,0
X marks the recall: Tesla recalls #ModelX for faulty 3rd row seat. https://t.co/HSqdoVry07 $TSLA https://t.co/4Cs3CNZEBB,negative,neutral,0
A 2001 agreement expired earlier this month .,neutral,positive,1
loading $SPY and $AAPL puts. think were toppy IMHO.,negative,neutral,0
"So far , Mr. Galvan he has been able to avoid laying off workers .",positive,neutral,0
"$AAPL double bottom could be in, keep in mind",positive,neutral,0
"Profitability ( EBIT % ) was 13.6 % , compared to 14.3 % in Q2 2009 .",neutral,positive,1
GSK and Novartis complete deals to reshape both drugmakers,positive,neutral,0
Legal & General arm buys 50 pct stake in MediaCityUK in Manchester,positive,neutral,0
"The group posted net sales of 35.3 mln euro $ 46.5 mln and an operating profit of 760,000 euro $ 1.0 mln in 2005 .",neutral,positive,1
"In addition , a further 29 employees can be laid off until further notice and the whole workforce can be laid off for short periods if needed .",negative,neutral,0
UPM-Kymmene is one of the world 's leading printing paper producers with production in 15 countries and a sales network covering more than 170 companies .,positive,neutral,0
"Nokia will continue to invest in future development of Qt for the benefit of all users , both Commercial and LGPL .",positive,neutral,0
`` NTC has a geographical presence that complements Ramirent 's existing network and brings us closer to our customers in the East Bohemia region in the CzechRepublic . '',positive,neutral,0
"New Chairman of the Board of Directors , Mr Chaim Katzman , will give a presentation and answer questions .",neutral,positive,1
Viking Line manages well with its current ferries .,positive,neutral,0
"France T+®l+®com spent more time studying TeliaSonera than other potential takeover targets because it has a shareholder that wants to sell , Pellissier said .",neutral,negative,-1
`` Marimekko aims to expand its distribution network primarily by increasing the number of concept stores and shop-in-shops .,neutral,positive,2
SRV lowered its net sales estimate for the whole of 2008 due to uncertainties in housing sales .,negative,neutral,0
$AWR Standard & Poor's Affirms 'A+' Credit Rating at American States Water Company and Golden State Water Company http://stks.co/f2P94,positive,negative,-1
Seat belt recall? who cares....  I'm a buyer $TSLA,positive,neutral,0
Randgold profit hit by poor gold price but dividend still increases,neutral,positive,2
$AAPL at resistance right here...sold my shares...will buy back if it dips or if it goes in the 128 gap zone,negative,positive,1
EuroChem Head of Corporate Finance Alexander Gavrilov said : `` I am pleased that we have once again confirmed that EuroChem is able to attract long-term funds at attractive rates .,positive,neutral,0
"In Q1 of 2009 , the company 's result before taxes from continuing operations , excluding non-recurring items , totalled EUR -0.4 mn , compared to EUR -0.1 mn in the corresponding period in 2008 .",negative,neutral,0
CompaniesDixons Carphone to close 134 UK stores as sales jump,positive,neutral,0
"Kraft, Cadbury's and Britvic in Total Recall: how pulling a product affects profit",negative,positive,1
$SPY bull move ended waiting for next setup,negative,neutral,0
Analysts impressed with progress at Tesla's flagship factory; co spent $1.6B on upgrades in '15 https://t.co/SABxCSn8cd by @tsrandall $TSLA,positive,neutral,0
"The highest growth would be in China , while weakening demand would continue in North America , UPM said .",neutral,positive,1
Finnish fibers and plastic products maker Suominen Corporation said its net loss from continuing operations narrowed to 1.8 mln euro ( $ 2.3 mln ) in 2006 from 3.7 mln euro ( $ 4.8 mln ) in 2005 .,positive,negative,-1
"Pretax loss totalled EUR 49.9 mn , compared to a loss of EUR 15.4 mn in the corresponding period in 2008 .",neutral,negative,-2
"At 1.33 pm , the OMX Helsinki 25 was 0.30 pct lower at 2,463.67 and the OMX Helsinki was down 0.37 pct at 8,537.42 on volume of 256 mln eur .",negative,neutral,0
"The segment has an annual revenue of approximately EUR400m , the company said .",neutral,positive,1
"We are very pleased with the fine co-operation between the two countries in recent times , he said .",positive,negative,-1
$ZNGA http://stks.co/3rdu Looking for a test at 9.25 resistance point. cc @ cfrazierjr @FletchTrade #traders,positive,neutral,0
"$LULU http://stks.co/o17i Bounced off support early in week - now indicators turning up (RSI, MACD, SMI) Worth a look",positive,neutral,0
"`` We continued actively to focus R&D and to position our offering away from point solutions towards dynamic end-to-end solutions , '' Ervio stated .",positive,neutral,0
$AAPL - Has broken its downtrend - but 200DMA proving to be stiff resistance short term. https://t.co/VlzlgvIHZV,positive,neutral,0
"NORDIC BUSINESS REPORT-17 January 2006-Efore Plc inaugurates new plant in Estonia -® 1998-2006 M2 COMMUNICATIONS LTD Finnish power electronics manufacturer Efore Plc said on Tuesday ( 17 January ) that it was inaugurating its new plant in Parnu , Estonia .",neutral,positive,2
Reed Elsevier share price slides on underwhelming full-year results,negative,neutral,0
The company turned to earnings per share ( EPS ) of EUR 0.03 versus loss per share of EUR 0.01 .,positive,neutral,0
The estimated value of the deal is USD 9.2 million .,neutral,positive,1
$tsla bad day to short,positive,negative,-1
$CYTX looks like an ascending channel on Finfiz http://stks.co/f26r4,positive,neutral,0
"The two companies will also partner in further developing Raiso 's cholesterol lowering brand , Benecol .",positive,neutral,0
$NUGT Gold above 1400...wow,positive,neutral,0
Finnish M-real 's Kyro mill is starting negotiations to cut staff .,neutral,negative,-1
$ARIA Bounce Player! Long above $6.17 http://stks.co/q0WfF,positive,neutral,0
Rival companies $GWR and WATCO eyeing $RA w take-over interest.  http://stks.co/o0xY,positive,neutral,0
"Net interest income was EUR 152.2 mn , up from EUR 101.0 mn in 2008 .",positive,neutral,0
Net sales fell by 33 % from the third quarter of 2008 to EUR 130.5 mn .,neutral,negative,-1
"The result will also be burdened by increased fixed costs associated with operations in China , and restructuring costs in Japan .",negative,neutral,0
"Cargotec 's share capital after the increase totals EUR 64,299,180 .",neutral,positive,1
Sophos aims to raise $100m in London IPO,positive,neutral,0
"The 718,430 new Series A shares will become subject to trading on the Helsinki Stock Exchange 's Main List , together with the old Series A shares , on July 3 , 2006 .",neutral,positive,1
"Cargotec Corporation , Press Release , April 28 , 2008 at 2.00 p.m. Finnish time Cargotec 's MacGREGOR business area providing marine cargo handling and offshore load handling solutions has received significant hatch cover orders for bulk carriers .",positive,neutral,0
Juha Haapakoski will continue as Editor-in-Chief with budget responsibility also with the new publisher .,neutral,positive,1
Nordstjernan has used its option to buy another 22.4 % stake of Salcomp 's shares and votes .,neutral,positive,1
The net sales of Healthcare Trade business in 2009 were EUR 145.1 million EUR 155.2 million and operating profit EUR 8.9 million EUR 7.9 million .,neutral,positive,1
"Scanfil , a systems supplier and contract manufacturer to the communications sector , will start personnel negotiations in Oulu , in Finland , to lay off staff temporarily .",negative,positive,1
"The company will disclose further details , including the anticipated transaction timetable and the name of the new investor , within one week .",neutral,positive,1
"`` The number of collection errors fell considerably , and operations speeded up .",positive,negative,-1
Insurer Old Mutual picks Standard Bank's Hemphill as new CEO,neutral,positive,1
"Broker tips: RBS, Croda, Sage",positive,neutral,0
"Operating profit was EUR 0.6 mn , up from a loss of EUR 19mn a year earlier .",positive,neutral,0
$EBAY had a nice breakout of the recent consolidation. Congrats to those who had it. http://stks.co/2TAd,positive,neutral,0
"The company plans to close two of the three lines at the plant , where some 450 jobs are under threat .",negative,neutral,0
The contract includes heating plant equipment and associated installation work .,neutral,positive,1
Kinder Morgan and BP Form Joint Venture Limited Liability Company to Purchase ...,positive,neutral,0
"Qualcomm estimated a first-quarter profit between 46 and 50 cents a share , excluding certain items , below the analyst estimate of 61 cents a share .",negative,neutral,0
"Finnish Metso Paper has won an order to supply an uncoated fine paper machine to MCC Paper Yinhe , in China .",positive,neutral,0
"The new apartment block is going up very close to the city center , explained Chairman of the Board of AS YIT Ehitus Priit Sauk .",neutral,positive,1
25 March 2011 - Finnish electronics contract manufacturer Scanfil Oyj HEL : SCF1V said today its plan to merge wholly owned Scanfil EMS Group with Ojala-Yhtyma Oy has hit a snag as shareholders of the domestic rival rejected the deal .,neutral,positive,2
REFILE-Hikma and Barclays help Britain's FTSE to climb higher,positive,neutral,0
Finnish Stockmann Group 's mail order unit Hobby Hall has launched a trial marketing campaign in Russia .,neutral,positive,1
"ADPnews - Sep 28 , 2009 - Finnish silicon wafers maker Okmetic Oyj HEL : OKM1V said it will reduce the number of its clerical workers by 22 worldwide as a result of personnel negotiations completed today .",negative,neutral,0
"The company 's order book stood at 1.5 bln euro $ 2.2 bln on September 30 , 2007 , up by 24.2 pct on the year , with international orders amounting to 365 mln euro $ 534.3 mln .",positive,neutral,0
"Comparable operating profit for the quarter decreased from EUR510m while sales increased from EUR860m , as compared to the third quarter 2007 .",negative,positive,1
Barclays appoints JPMorgan's Paul Compton as new COO,neutral,positive,1
"$AAPL bounces off support, it seems",positive,neutral,0
$MTD (Mettler-Toledo) ready for a breakout,positive,neutral,0
"HSBC shakes up board with two new business chiefs, three departures",neutral,positive,1
"The prosecutor is also demanding Outokumpu pay a fine of EUR 800,000 at most .",neutral,negative,-1
The EUR17m contract includes both design and construction works .,neutral,positive,1
$AAPL Beat the estimates. Will still go down on lack of new products. https://t.co/sX3z7u6N8o,negative,positive,2
"The Baltimore Police and Fire Pension , which has about $ 1.5 billion , lost about $ 3.5 million in Madoff Ponzi scheme .",neutral,negative,-1
"These new units will be built at Cargotec 's state of the art manufacturing facility in San Antonio , Texas , USA , which started operations in 2009 .",neutral,positive,1
"29 September , 2010 Finnish waste management and recycling company Lassila & Tikanoja expands its operations in Russia by introducing its recently completed recycling plant in the city of Dubna near Moscow .",positive,neutral,0
"UPDATE: CIB, Legal & General Sell Egyptian Life Joint Venture To AXA",positive,negative,-1
`` Operating profit declined mainly due to the increased cost of wood and recycled fiber and the strengthened euro . '',negative,positive,1
"Elite Residence Tower , a new development by Tameer , is located at the heart of Dubai Marina .",neutral,positive,1
They are also upset that some of the machinery and work is taken over to Poland .,negative,neutral,0
$MFLX up  pre mkt. Looks like GAP has been filled....lookin 4 short opt here,negative,neutral,0
Finnish forest machinery manufacturer Ponsse has agreed with Volvo on the start of cooperation in Latin America .,positive,neutral,0
"Irish Said Chasing Standard Chartered, RBS as Brexit Vote Nears",positive,neutral,0
U.S. Debt Lures Schroders as ECB Depresses Rates,neutral,negative,-1
"Outotec is currently delivering a new oil shale processing plant for Eesti Energia in Estonia based on Enefit technology , which has been developed jointly by Eesti Energia and Outotec .",neutral,positive,1
"$DPZ broke out now of his bull flag channel and make new highs, but volume is very poor",positive,neutral,0
This $BBBY stock options trade would have more than doubled your money https://t.co/Oa0loiRIJL via @TheStreet,positive,neutral,0
"Pretax loss totaled EUR 1.2 mn , down from a profit of EUR 2.1 mn in 2004 .",negative,neutral,0
"Konecranes has previously communicated an estimated reduction of about 1,600 employees on group level in 2009 .",negative,neutral,0
Mr K.R. Vasantha has been appointed Managing Director of Incap Contract Manufacturing Services Pvt. Ltd. .,neutral,positive,1
"Operating profit totaled EUR 6.7 mn , down from EUR 7.2 mn in the corresponding period in 2005 .",neutral,positive,1
"Operating profit fell to EUR 35.4 mn from EUR 68.8 mn in 2007 , including vessel sales gain of EUR 12.3 mn .",negative,positive,1
The negotiations concern 246 salaried and senior salaried employees and are scheduled to be completed in six weeks .,neutral,negative,-1
The production is to be liquidated before June 2009 and 325 employees loose their jobs .,negative,neutral,0
"ADP News - May 29 , 2009 - Bank of America BofA downgraded today its ratings on Swedish-Finnish paper maker Stora Enso Oyj HEL : STERV and on Finnish sector player UPM-Kymmene Oyj HEL : UPM1V to `` underperf",neutral,negative,-1
Deutsche Bank downgrades Starbucks because of new loyalty program https://t.co/Iy4LCUGABc $SBUX,negative,positive,1
"Operating profit , excluding non-recurring items , totalled EUR 1.0 mn , down from EUR 1.6 mn .",neutral,positive,1
"According to Finnish petrol station chain St1 's managing director Kim Wiio , the company was forced to make purchases with rising prices in the first half of 2008 , and now consumer prices are going down almost daily due to competition .",negative,positive,1
"However , net sales in 2010 are seen to have grown to EUR598 .3 m from EUR582 .3 m in 2009 .",positive,neutral,0
The company expects its net sales for the whole 2009 to remain below the 2008 level .,neutral,negative,-1
"mr Bakman sees also expansion options on the Tallinn-Helisnki link , claiming however , that operating the link with only a single ship is not enough .",neutral,positive,1
$ZAGG getting ready...Target $15 plus on a close over $13.50 on better than avg daily Volume http://chart.ly/lha44tn,positive,neutral,0
"The Finnish national carrier said net loss in April through June was euro26 million , down from a net profit of euro13 million a year earlier .",negative,neutral,0
"The EU Commission said earlier it had fined ThyssenKrupp , United Technologies Corp 's Otis , Schindler AG and Kone Oyj a total of 992.3 mln eur for alleged cartel activity in the lift market going back twelve years .",negative,neutral,0
"India 's trade with Russia currently stands at four billion dollars , growing 9.6 per cent in fiscal 2007 .",positive,neutral,0
$BIOC RSI extremely in long's favor looking at BIOC historically.,positive,neutral,0
A broad range of connectivity options including 3G - HSPA and Wi-Fi gives consumers high speed access to the Internet .,neutral,positive,1
"Seven-month sales of Ragutis , which is controlled by the Finnish brewery Olvi , declined by 11.2 percent , to 15.41 million liters , and the company held 9.89 percent of the market .",neutral,negative,-1
$YHOO About to break out on the 5-min...,positive,neutral,0
AB InBev attacks SABMiller bid rebuffal,negative,neutral,0
Earnings per share ( EPS ) amounted to a loss of to EUR0 .06 .,negative,neutral,0
$BBRY nice bounce,positive,neutral,0
"As reported June 26 , `` both circuits continued to alternately report the track as vacant and then occupied almost constantly from June 17 , when part of the track signaling device was replaced , to the time of the crash , according to the Metro source . ''",neutral,negative,-1
$JNK http://stks.co/2Fcm Does not want to go down... risk appetite still high,positive,neutral,0
AstraZeneca diabetes drug combination faces delay after FDA rebuff,negative,neutral,0
Scanfil issued a profit warning on 10 April 2006 .,negative,neutral,0
"So far Norwegian Norske Skog has reduced the staff levels by 1,000 people and plans to reduce production by 200,000 tons in 2008 , while Finnish-Swedish Stora Enso is to cut staff by 1,700 people and production by 500,000 tons .",neutral,negative,-1
$XLB the weakest sector this year and possible false breakout  http://stks.co/dL1Z,negative,neutral,0
"UPM-Kymmene Corp. , the world 's largest maker of magazine paper , on Tuesday reported a 19-percent profit drop as lower paper prices , higher costs and a strong euro hurt revenue .",neutral,positive,2
"Neste Oil Corporation is a refining and marketing company concentrating on clean , high-quality traffic fuels .",neutral,positive,1
The company expects sales revenue of RMB8 .0 billion in 2009 .,neutral,positive,1
"`` Overall , we 're pleased with the startup curve ... and we 're pleased with the quality of the paper , '' Stora spokeswoman Patricia Dietz said Tuesday .",positive,neutral,0
As a result of the negotiations the employment of 130 blue - and white-collar employees at the Oulu plant would be terminated .,negative,neutral,0
Sales by Seppala diminished by 6 per cent .,negative,neutral,0
$PCLN Trying to break daily trend line! Big move could happen https://t.co/gY0aDb2jsQ https://t.co/KPBBCgQ2xy,positive,neutral,0
"Fortum is looking to invest in several new production units , including a new waste-fired unit at its Brista combined heat and power ( CHP ) plant and a biofuels-based production unit at Vartan CHP plant .",neutral,positive,2
Breaking: Tesla recalls all Model X cars  .. details on show now $TSLA,negative,neutral,0
BG Group Still Happy With Shell's $70 Billion Offer,positive,neutral,0
@ACInvestorBlog: $SPY eod run :),positive,neutral,0
Pharmaceuticals - Netherlands This brand-new market analysis gives a clear overview of the actual situation and future outlook of the pharmaceutical market in Netherlands .,neutral,positive,1
Tullow Oil Suspends Dividend Amid Oil Price Fall,negative,neutral,0
"Finnair 's Tallinn-based subsidiary , Aero AS , carried 23,335 passengers , a decline of 60.8 % , on routes between Helsinki and the Baltic capitals and within Southern Finland .",neutral,negative,-1
"Under the agreement , Larox will transfer 10 employees within engineering and documentation related to delivery projects and product maintenance in Finland to Etteplan as of January 1 , 2007 .",neutral,positive,1
RT @ACInvestorBlog $AAPL still on track for $500,positive,neutral,0
Each year the dividend is deducted from the subscription price .,neutral,positive,1
"In addition , the contract includes modification of the effluent treatment plant at Follum .",neutral,positive,1
"The OMX Helsinki 25 index was up 0.92 pct at 2,518.67 and the Helsinki CAP portfolio index was 0.91 pct higher at 4,711.19 .",positive,neutral,0
Finnish sports equipment company Amer Sports said it has decided to lay off 370 workers from its Salomon division in France .,negative,neutral,0
"$YHOO fishy action. New party interested (DailyMail) bounce & retreats. Not short by any means, but action questions big up move. Thoughts?",neutral,positive,1
$CTRP breaking out https://t.co/Z2je3rTKch,positive,neutral,0
$SIGA Bid for Reargument Denied by Judge,negative,neutral,0
"$AAPL at pivot area on intraday chart- break here could send this to 50-day SMA, 457.80 http://stks.co/jPbN",positive,neutral,0
stole my tweet. really wouldn't be surprised if we took out 423 and pinned around it RT @totalguru We could possibly even see425 today $AAPL,positive,neutral,0
Loss after taxes amounted to EUR 1.2 mn compared to a loss of 2.6 mn .,positive,negative,-2
Comparable operating profit decreased to EUR 13.8 mn from EUR 17.1 mn in the corresponding period in 2005 .,negative,neutral,0
Finland-based international machinery rental company Ramirent Plc ( OMX Helsinki : RMR1V ) reported on Friday ( 15 August ) an operating profit of EUR65 .0 m on net sales of EUR342 .9 m for the period January-June 2008 .,neutral,positive,1
$BBRY lets see 14+ today,positive,neutral,0
$vxx adding to position here !,positive,neutral,0
Auto Trader share price surges as company floats on LSE,positive,neutral,0
"We are very excited working with Maxis on this first commercial deployment of ` Master of Maya ' , said Joe Doering , Head of the Asia South region at Nokia Siemens Networks .",positive,neutral,0
Okmetic expects its net sales for the first half of 2009 to be less than in 2008 .,negative,neutral,0
An Apple spokeswoman said the company declined to comment .,neutral,negative,-1
"We have also cut our price projections for paper and packaging , '' an analyst with Goldman Sachs said on a note on Monday .",neutral,negative,-1
"Furthermore , sales of new passenger cars and light commercial vehicles in the country declined by 5.4 % year-on-year last month .",negative,neutral,0
DMASIA-16 August 2006-Benefon extends manufacturing capability with ASMobile -® 2006 Digitalmediaasia.com & DMA Ltd. .,positive,neutral,0
"Shares in Royal and Sun Alliance continued to slide back from a 12-month high of 172p last month , after a potential suitor ruled itself out of a takeover bid .",neutral,positive,1
$Oil slid to a four-year low after #OPEC kept its oil production unchanged  http://stks.co/a1IX4 $USO $WTI $Brent,negative,neutral,0
UPDATE 5-Barclays Chairman McFarlane axes CEO to speed up strategic change,negative,neutral,0
The sale of the Healthcare Trade business supports Oriola-KD 's strategy to focus on Pharmaceutical Wholesale and Retail businesses .,positive,neutral,0
- I am pleased that Bjorn Wahlroos has accepted the nomination .,positive,neutral,0
"Long Position on $IP,....Scaling UP http://stks.co/sIln",positive,neutral,0
"$QCOR a little pullback is fine but if this erases all of todays gains, I cannot believe the manipulation its capable of",negative,neutral,0
@technik I still have a smaller $GILD pos. Being very tender with cash due to volatility. So reluctant to keep many big positions.,positive,negative,-1
"The Group 's turnover in 2006 was EUR 39.2 million , and operating profit was EUR 3.9 million .",neutral,positive,1
"In addition to verification of an identity and digital signatures , new state-approved Mobile ID enables to cast votes in elections as well .",neutral,positive,1
The loss for the third quarter of 2007 was EUR 0.3 mn smaller than the loss of the second quarter of 2007 .,positive,negative,-2
"Result before taxes decreased to nearly EUR 14.5 mn , compared to nearly EUR 20mn in the previous accounting period .",neutral,negative,-1
The hack had been extra nefarious because the tweets activated without being clicked on - it was enough for Web surfers to move their mouse cursors over them .,negative,neutral,0
The fair value of the company 's investment properties went down to EUR 2.768 billion at the end of 2009 from EUR 2.916 billion a year earlier .,negative,neutral,0
The agreement includes the entire process of managing Mercator 's supply chain in all regions where the company is currently present .,neutral,positive,1
Pharmaceuticals - Czech Republic This brand-new market analysis gives a clear overview of the actual situation and future outlook of the pharmaceutical market in Czech Republic .,neutral,positive,1
$SAVE long. https://t.co/yEJuS9cMlC,positive,neutral,0
Our superior customer centricity and expertise in digital services set us apart from our competitors .,positive,neutral,0
Unit costs for flight operations fell by 6.4 percent .,positive,negative,-1
The contract is for next year .,neutral,positive,1
Finnish technology company Raute Corporation ( OMX Helsinki : RUTAV ) issued on Tuesday ( 23 September ) a profit warning for the financial year 2008 .,negative,neutral,0
"Finnish Scanfil , a contract manufacturer and systems supplier for communication and industrial electronics reports net sales of EUR 108.7 mn in the first half of 2008 , down from EUR 111.1 mn a year earlier .",neutral,positive,1
AstraZeneca to Pay Inovio Up to $700 Million for Cancer Drug,positive,neutral,0
"Incap Contract Manufacturing Services Pvt Ltd , a subsidiary of Incap Corporation of Finland , is acquiring the manufacturing unit of the TVS Electronic Ltd at Tumkur , near Bangalore , for Rs40 crore .",neutral,positive,1
"In the reporting period , EPS stood at EUR0 .07 versus EUR0 .11 .",negative,neutral,0
Johnson Matthey revs up on clean air drive,positive,neutral,0
Finnair said that the cancellation of flights would cause daily losses of  x20ac 2.5 million US$ 3 million .,neutral,negative,-1
The dividend will come on top of the 0.45 eur on A shares and 0.43 on K shares it has already paid on last year 's accounts .,neutral,positive,1
"( ADP News ) - Feb 9 , 2009 - Finnish computer services company Proha Oyj ( HEL : ART1V ) said today its net loss narrowed to EUR 113,000 ( USD 146,000 ) for 2008 from EUR 1.2 million for 2007 .",positive,negative,-1
"UPDATE 1-SABMiller 2nd-quarter underlying sales rise, forex impacts margins",neutral,positive,1
"For 2009 , net profit was EUR 3 million and the company paid a dividend of EUR 1.30 apiece .",neutral,positive,2
The category was marked by maturity and the recession .,neutral,negative,-1
"Went long on this $COG, will see 70's again me thinks",positive,neutral,0
The company said that it has started to investigate streamlining its operations in order to meet the tightening competition on the mobile phone charger market .,positive,neutral,0
"Finnish holding company Panostaja Oyj said on June 12 , 2007 it has signed a letter of intent to acquire local Lahden Lampokasittely Oy and Heatmasters Oy , active in the heat treatment of metals , for a total 3.1 mln euro ( $ 4.1 mln ) .",neutral,positive,1
GE to Sell Majority Stake in Bank BPH's Core Bank to Alior Bank,positive,negative,-1
"Net sales surged by 18.5 % to EUR167 .8 m. Teleste said that EUR20 .4 m , or 12.2 % , of the sales came from the acquisitions made in 2009 .",positive,neutral,0
Finnish consumers prefer to buy the cheapest beer brand .,neutral,positive,1
"`` We are happy to be working with Rapala to encourage boaters and anglers to introduce newcomers to the sport , '' said RBFF President & CEO Frank Peterson .",positive,neutral,0
"Profit before taxes decreased by 9 % to EUR 187.8 mn in the first nine months of 2008 , compared to EUR 207.1 mn a year earlier .",negative,neutral,0
"This implementation is very important to the operator , since it is about to launch its Fixed-to-Mobile convergence service in Brazil see Brazil : 8 May 2006 : .",neutral,positive,1
"Finnish shipping company Finnlines ' pretax loss totalled EUR 6.5 mn in the third quarter of 2009 , compared to a profit of EUR 0.3 mn in the third quarter of 2008 .",negative,neutral,0
"Markets had been expecting a poor performance , and the company 's stock was up 6 percent at  x20ac 23.89 US$ 33.84 in early afternoon trading in Helsinki .",positive,negative,-1
"Following the issue , the number of shares in the Swedish company will grow by 9 % .",neutral,positive,1
NaturalGas Settles At 3-year Low $DBO $BNO  http://stks.co/d27qX,negative,neutral,0
"Aldata Solution Oyj Bertrand Sciard President and CEO Further information : Aldata Solution Oyj , Bertrand Sciard , President and CEO , tel. +33 1 46 48 28 00 Aldata 100 % Retail-Wholesale At Aldata 100 % of our business is dedicated to retail and wholesale business improvement .",neutral,positive,1
Nordea Pankki Suomi Oyj 's ownership in Stonesoft Corporation has decreased below 1-20 .,neutral,negative,-2
EBIT margin was up from 1.4 % to 5.1 % .,positive,neutral,0
"The company 's profit totaled Ls 578,100 in H1 2007 , down 30.9 % year-on-year .",neutral,positive,1
$YHOO A breakout above $29.83 would constitute a technical entry for the short term trader. http://stks.co/jkUF,positive,neutral,0
The company had hoped the new plant would be on stream by the end of 2008 .,neutral,positive,1
HSBC Hit by Fresh Details of Tax Evasion Claims,negative,neutral,0
$IBIO  up 10% in premarket ready for lift off,positive,neutral,0
"DnB Nord of Norway is the `` most likely Nordic buyer '' for Citadele , while Nordea would be a `` good strategic fit '' , according to the document published by Pietiek .",neutral,positive,1
"$QCOR Just added 3,000 shares @28.",positive,neutral,0
"BasWare Invoice Processing , BasWare Contract Matching , BasWare Order Matching and BasWare KPI Reporting Tool are part of the BasWare 's Enterprise Purchase to Pay product suite .",neutral,positive,1
"The contract includes software licences , application maintenance and training .",neutral,positive,1
"The devices would be launched in the Chinese market in late 2006 , the company said .",neutral,positive,1
"The planned facility , estimated to cost around $ 814 million , would be the largest biodiesel plant in the world , and use palm oil certified by the Roundtable on Sustainable Palm Oil ( RSPO ) .",positive,neutral,0
The rebuilds are designed to improve the machines ' performance and product quality .,positive,neutral,0
"Operating profit , excluding non-recurring items , totalled EUR 2.2 mn , down from EUR 2.7 mn in the corresponding period in 2008 .",neutral,positive,1
Goodwin not to face Scottish prosecution over RBS,positive,neutral,0
Reported operating margin was a negative 5.9 % .,neutral,negative,-1
"Profitability ( EBIT % ) was 13.6 % , compared to 14.3 % in Q2 2009 .",negative,positive,1
"Hammerson, JV Partner secure ownership of Ireland's Dundrum - Quick Facts",positive,neutral,0
"Notable gainers among liquid option names this morning include $STX (+7.0%), $NEM (+4.6%), $WDC (+4.2%), $X (+4.1%), and $GME (+3.4%),",positive,neutral,0
Locked in some $FB puts for nice gain,negative,positive,1
"In the Baltic countries , development of operations and reorganisation continued , and non-recurring items related to the takeover process lowered earnings .",neutral,positive,1
The profit after taxes was EUR 57.7 11.1 million .,neutral,positive,1
in Finland Finnish pharmaceutical company Orion Corporation OMX Helsinki : ORNAV said on Wednesday 7 January that it has concluded its personnel negotiations in Finland and will reduce the number of personnel by 205 .,negative,neutral,0
"Taking a cue from the playbook of the East Dillon Lions , we 've created a special team of heavy-hitting style players , such as boot-cut jeans , tummy tops and , of course , cowboy boots .",neutral,negative,-1
"In April 2010 , Olvi 's range of ciders will expand with a strawberry-rhubarb and an apple-pear cider in green bottles with a new shape .",neutral,positive,2
Miners Meltdown as BHP to Rio Tinto Sink in Commodities Rout,negative,neutral,0
"According to the Latvian business register , Uponor Latvia closed in red with LVL 99,000 EUR 139,538.17 USD 194,556.48 on turnover of LVL 2.346 mn for 2009 .",negative,neutral,0
AB InBev approaches SABMiller to explore $250bn tie-up,positive,neutral,0
"$RIG whos ever pushing this is crazy, get ready for suspended dividend (turning into growth stock) blow out earnings, and major buyback, lol",neutral,positive,3
"$HAL If bulls lucky enuff to get an upside gap fill, better take it. Wouldn't chase it here. http://stks.co/r12Us",neutral,positive,1
"Vanhanen said the strike would be `` extremely damaging '' as some 1,300 participants and reporters begin to arrive in Finland for the one-day EU summit with Russian President Vladimir Putin in Lahti , about 100 kilometers ( 60 miles ) north of Helsinki .",negative,neutral,0
These moderate but significant changes resulted in a significant 24-32 % reduction in the estimated CVD risk .,positive,negative,-1
Sales of mid-strength beer decreased by 40 % .,negative,neutral,0
"Dealers said the share was largely hit by investor disappointment about a refining margin of just 9.48 usd per barrel for the quarter and the performance of its shipping unit , which saw EBIT drop to 5 mln eur from 20 mln eur a year amid a fall in volumes and tanker rates .",neutral,negative,-2
"Nokia bought Chicago-based Navteq in 2008 , acquiring a maps database to compete with Google s maps as well as with navigation device companies such as TomTom NV and Garmin Ltd. .",positive,neutral,0
"The core of Solidium 's investment strategy is proper , value enhancing asset management of the current holdings .",positive,neutral,0
"Finnish steel maker Rautaruukki Oyj ( HEL : RTRKS ) , or Ruukki , said today its net loss contracted to EUR 49 million ( USD 68.2 m ) for the first nine months of 2010 from EUR 229 million for the same period a year ago .",positive,negative,-1
"UPDATE: EasyJet Passenger Numbers, Aer Lingus Traffic Up In February",positive,neutral,0
"Operating profit for the 12-month period decreased from EUR17 .9 m while net sales increased from EUR58 .3 m , as compared to 2007 .",negative,positive,1
The contract has been allotted as per lowest price criteria .,neutral,positive,1
A high court in Finland has fined seven local asphalt companies more than   lion ( $ 117 million ) for operating a cartel .,neutral,positive,1
The low capacity utilisation rate in steel production considerably increases the fixed costs per unit of steel produced .,negative,positive,1
Finnish Cargotec 's Kalmar has received a significant order from the US Department of Defense .,positive,neutral,0
"Earnings per share ( EPS ) amounted to EUR1 .37 , down from EUR2 .30 .",negative,positive,1
Net sales surged by 30 % to EUR 36 million .,positive,neutral,0
"Poyry 's contract includes engineering management , civil and detail engineering services , and time scheduling and procurement services .",neutral,positive,1
"The order includes a new Crecent former , headbox , and reel .",neutral,positive,1
"Operating profit of operations in Finland in the period under review totaled EUR 11.3 mn , remaining at the 2005 level .",neutral,positive,1
Ingen is an established medical device manufacturer with an emerging new medical product line for the respiratory market worth an estimated $ 4 billion in the U.S. and $ 8 billion globally .,neutral,positive,1
"Scanfil , a systems supplier and contract manufacturer to the communications sector , will give notice to 20 productional employees , and temporarily lay off 15 employees at the company 's plant in Sievi , in Finland .",negative,positive,1
Alfa group will have 43.9 % of voting stock in the new company and Telenor 35.4 % with a free float of 20.7 % .,neutral,positive,1
Kingfisher share price slides on cost to implement new strategy,negative,positive,1
Profit before taxes decreased to EUR 31.6 mn from EUR 50.0 mn the year before .,negative,neutral,0
"In Finland , snow storms brought trees down on power lines , cutting off electricity for some 2,000 households .",neutral,negative,-1
The acquisition is part of Ramirent 's Central and Eastern European growth strategy .,neutral,positive,1
"The company intends to launch housing development at the acquired land plots and to construct 50,000-60 ,000 square metres of housing per annum by 2011 .",neutral,positive,1
AB InBev ups offer for SABMiller as deadline looms,positive,neutral,0
"The contracts of the employees , 96 of whom are blue-collar workers , will be ended between March and August 2011 .",negative,neutral,0
Stora Enso 's target has been cut to EUR 4.85 from EUR 5.55 and Holmen 's target -- to SEK 135 from SEK 150 .,neutral,negative,-1
"As a condition to the deal , Savcor Alfa has to have bought Photonium and Akseli Lahtinen Inc. 's business operations prior to the deal .",neutral,positive,2
$SPY Don't hang your bull hat yet. Next week we will pop higher on QE3 hope on back of fed's 2 day meeting.,positive,neutral,0
Consolidated operating profit from continuing operations decreased by 62.3 % to EUR 51.2 mn from EUR 135.7 mn in 2007 .,negative,neutral,0
"The airline estimated that the cancellation of its flights due to the closure of European airspace , and the process of recommencing traffic , have caused a the company a loss of EUR20m , including the costs of stranded passengers ' accommodation .",neutral,negative,-1
"The transaction doubles Tecnomens workforse , and adds a fourth to their net sales .",positive,neutral,0
"We warmly welcome him to Satama '' , states Jussi Lansio , chairman of the Board .",positive,neutral,0
$TWTR sad the only thing to move this is a takeover rumor only to be sold off next day !,negative,neutral,0
"Net sales went up by 1 % year-on-year to EUR 29 million , affected by the business acquisitions , realized during the previous financial period , the effect of which was EUR 5.1 million on the review period .",positive,neutral,0
"As a result , the company has decided it will implement fixed-term temporary lay-offs .",negative,neutral,0
`` Those uncertainties cloud the long-term outlook . '',negative,neutral,0
"The company 's annual loss amounted to EEK 18mn , compared to a profit of EEK 7.3 mn in 2008 .",negative,neutral,0
Long $TSLA short $MBLY https://t.co/jSpUSzo6na,positive,neutral,0
"Lassila & Tikanoja 's operating profit excluding non-recurring and imputed items for the second quarter was EUR11 .3 m , down from EUR13 .8 m a year ago .",negative,positive,1
"London open: Taylor Wimpey and Ashtead drive markets higher, Barclays falls",positive,neutral,0
"Mika Stahlberg , VP F-Secure Labs , said , `` We are excited and proud that F-Secure has been recognized by AV-Comparatives as the Product of the Year .",positive,neutral,0
"MADISON , Wis. , Feb. 6 - PRNewswire - -- Fiskars announces that the United States Patent and Trademark Office has granted a trademark registration for the color orange on its iconic scissor handles .",positive,neutral,0
#NDX component Tesla has announced it is recalling 2700 Model X SUVs. $TSLA,negative,neutral,0
The value of the contract is about EUR 27mn .,neutral,positive,1
The parties have therefore agreed to leave Avena out of the deal .,neutral,positive,1
"The company has also supplied more than 200 MW of power generating equipment for a number of projects in Papua New Guinea , including 12 engines of the Wartsila 32 type to Lihir Gold .",neutral,positive,1
Companies Thetrainline.com announces arrival of London IPO,positive,neutral,0
"A Flurry Analytics spokesperson said that , as it was only measuring Windows Phone 7 data for some weeks , the firm double-checked the data to make sure the 66 per cent rise was not an aberration .",neutral,positive,1
Pharmaceuticals - Italy This brand-new market analysis gives a clear overview of the actual situation and future outlook of the pharmaceutical market in Italy .,neutral,positive,1
"Last week , the Finnish metals and technology group announced plans to sell more than 80 percent of its technology unit to further the company 's strategic goal of becoming the world 's largest stainless steel maker .",positive,negative,-1
"Pretax profit totalled EUR 80.8 mn , compared to a loss of EUR 13.1 mn in the corresponding period in 2009 .",positive,neutral,0
11 August 2010 - Finnish measuring equipment maker Vaisala Oyj HEL : VAIAS said today that its net loss widened to EUR4 .8 m in the first half of 2010 from EUR2 .3 m in the corresponding period a year earlier .,neutral,negative,-1
Supreme Court Upholds $236 Million Jury Award Against ExxonMobil,negative,positive,1
The purpose of this action is to ensure company 's cost effectiveness this year and in the near future .,positive,neutral,0
"In food trade , sales amounted to EUR320 .1 m , a decline of 1.1 % .",neutral,negative,-1
Long $PCLN,positive,neutral,0
Upon completion of the deal Panostaja will establish a new business area within the group to focus on heat treatment of metals .,neutral,positive,2
Diageo Sells Ryder Cup Venue Gleneagles Hotel to Ennismore Group,positive,neutral,0
"RT @joemccann the correleation between the dollar index and $SPY is simply amazing. $DX finds support, $SPY retreats like clockwork",negative,neutral,0
Profit after taxes totaled EUR 12.1 mn .,neutral,positive,1
"Operating loss totalled EUR 4.0 mn , compared to a profit of EUR 8.6 mn in the second quarter of 2008 .",negative,neutral,0
"Finnish Scanfil , a systems supplier and contract manufacturer to the communications sector and the electronics industry , reports its net sales totalled EUR 94.7 mn in the first half of 2010 , down from EUR 99.5 mn in the first half of 2009 .",negative,positive,1
Whitbread buys 49% stake in Pure food chain,positive,neutral,0
"Sudden optimism about iPhone sales (i.e., not as bad as expected) gives Apple $AAPL a lift.  https://t.co/oKTCw4YiB5",positive,neutral,0
The company 's previous estimate was for a lower revenue than the year-ago EUR 93.9 million .,negative,positive,1
"Operating loss totalled EUR 12.7 mn , compared to a profit of EUR 17.7 mn in the first half of 2008 .",negative,neutral,0
"According to Scanfil , demand for telecommunications network products has fluctuated significantly in the third quarter of 2006 , and the situation is expected to remain unstable for the rest of the year .",negative,neutral,0
The stock was hit by the profit warning of Finnish rival Rautaruukki Oyj ( OMX : RTRKS ) .,negative,neutral,0
"$TXRH reports Q1 EPS of $0.37 versus the estimated $0.35, beating by $0.02. EPS were Up 19% from the same quarter last year.",positive,neutral,0
`` The lowering of prices by us and by our competitors shows that the real estate market has stabilised and returned into balance and apartments are acquiring a fair price in the eyes of our clients .,positive,neutral,0
$GPRO down 25% since Tue morning.,negative,neutral,0
"LONDON AFX - Shares in Rautaruukki Corp have been upgraded to ` hold ' from ` sell ' by ABN Amro , with the price target raised to 25.75 eur from 14.5 , said dealers .",positive,neutral,0
Operating profit decreased to EUR 16mn from EUR 21.1 mn in 2008 .,negative,neutral,0
"Kai Tulonen , Chief Technology Officer , SysOpen Digia says : `` We have been using Corporate Phonebook inside SysOpen Digia extensively since last fall , and we have been very satisfied with the results .",positive,negative,-1
Earnings per share ( EPS ) in 2005 decreased to EUR1 .87 from EUR1 .89 in 2003 .,negative,neutral,0
@REC_Zakaria Monday Bulls Are Out! Stock Ticker- Michael James Ent. Other picks $SBUX $GVP $NKE,positive,neutral,0
"Cencorp 's net sales in the first quarter is estimated to be EUR0.9-1 .2 m , as compared to EUR4 .5 m in the first quarter 2008 .",negative,neutral,0
A paper mill in the central Maine town of Madison soon will have a new owner .,neutral,positive,1
"The company designs , manufactures and markets high-quality clothing , interior decoration textiles , bags and other accessories .",neutral,positive,1
"CDP was established on the initiative of institutional investors ; however , the annually published results also interest an increasing number of customers and other interest groups of the reporting companies .",neutral,positive,1
"In accordance with our strategy , we strengthened our local presence by establishing a representative office in South Africa in October .",positive,neutral,0
"Casinos red before the bell: $LVS -0.75%, $WYNN -0.47%, $WYNN -0.47% > unusual comibinations of what's running, what's red before the bell",negative,neutral,0
"EPS for the quarter came in at 0.36 eur , up from 0.33 eur a year ago and ahead of forecast of 0.33 eur .",positive,neutral,0
The company will make its marketing and sales investments initiated in 2009 even more efficient in 2010 .,positive,neutral,0
"EBIT totalled EUR 14.4 mn , compared to a loss of EUR 0.3 mn in the corresponding period in 2009 .",positive,negative,-1
Orion 's net profit for the third quarter of 2007 decreased to 36.5 mln euro ( $ 52.1 mln ) from 40.3 mln euro ( $ 57.5 mln ) a year earlier .,negative,neutral,0
"The Basware Connectivity services allow companies to handle purchase to pay processes online and make their internal processes more efficient , '' said CEO Ilkka Sihvo , Basware Corporation .",positive,neutral,0
"Operating profit totalled EUR 7.0 mn , up from a loss of EUR 4.0 mn in the second quarter of 2009 .",positive,neutral,0
"@Stockoptionexpert: $MAT - 6%, big trader added 10000 April put contracts 3 days ago  http://stks.co/c1Ols",negative,neutral,0
"SysOpen Digia Plc , Press release , 7 February 2006 IBM Finland has rewarded its most distinguished partner companies for 2005 .",positive,neutral,0
@gakrum nice chart shows distinctive down channel not a dip.. where do you see the bottom? $SPY ..$150? ..$130?,negative,neutral,0
easyJet leads Britain's FTSE lower as global bond rout resumes,negative,neutral,0
"`` Every partner will be allowed to buy a quantity of electricity corresponding to their share in the consortium , at production cost , '' a letter of intent said .",neutral,positive,1
Berkshire seeks to boost its Wells Fargo stake above 10 percent,positive,neutral,0
"Metsaliitto will sell 1.1 million B shares of Neomarkka , accounting for about 18.3 pct of Neomarkka 's equity and about 12.7 pct of the voting rights .",neutral,negative,-1
"Von Koskull will oversee a new unit of Nordea , which brings together corporate merchant banking , financial institutions and capital markets products divisions .",neutral,positive,1
"Thanks to the multiplying effect of wagon performance , transport will be much more efficient , '' says development manager Juha Malkia from VR Cargo .",positive,neutral,0
"According to its notice , Skandinaviska Enskilda Banken AB publ Helsinki Branch has on 10 August 2009 divested in total 11,958,000 Alma Media shares to Ilkka-Yhtyma Oyj and Kaleva Kustannus Oy , as the conditions of the agreement made by the companies on 1 July 2009 fulfilled .",neutral,positive,1
in Q1 2010 18 May 2010 - Finnish electrical components maker Salcomp Oy ( HEL : SAL1V ) said today it turned to a net profit of EUR1 .6 m in the first quarter of 2010 versus a loss of EUR2m in the corresponding period last year .,positive,neutral,0
"The second variant offers complete final finishing of any selected apartment with foreign high quality materials ( Finland , Denmark , Germany , France ) .",neutral,positive,1
Net profit in the same period in 2006 was (  x20ac ) 172 million .,neutral,positive,1
The repurchases shall decrease the distributable capital and reserves .,neutral,negative,-1
$STX move off the bottom but still in bear market #datasecurity $EMC $SNDK $WDC https://t.co/VkYdWPxeSN,negative,neutral,0
The new shares entitle their holders to dividends for fiscal 2006 .,neutral,positive,2
The bridge will be 1.2 km long and is located between Anasmotet by the road E20 and the new traffic junction in Marieholm by the road E45 .,neutral,positive,1
Finnish electronics manufacturer PKC Group Oyj ( OMX Helsinki : PKC1V ) said on Wednesday ( 31 December ) that it has completed the acquisition of MAN Nutzfahrzeuge AG 's cable harness business from MAN Star Trucks & Buses Spolka zoo in Poland .,positive,neutral,0
Verizon and AT&T accused of hurting rivals,negative,neutral,0
"At 1411 CET , ArcelorMittal had lost 7.26 % to EUR 17.38 on Euronext Paris , coming at the lead of the blue-chip fallers .",neutral,negative,-1
"`` We cut our frequency to New York last year , which explains the fall , '' he said .",neutral,negative,-1
"By combining its existing solutions into a single platform , Comptel said that it has reduced the cost of deployment .",positive,neutral,0
Shell share price: Standard Life announce position against BG acquisition,negative,neutral,0
The company said that sales in the three months to the end of March slid to EUR86 .4 m US$ 113.4 m from EUR91 .2 m last year .,negative,neutral,0
"HELSINKI AFX - KCI Konecranes said it has raised its stake in MMH Holdings Inc , the owner of US-based Morris Materials Handling , to 90.9 pct from 74.5 pct .",positive,neutral,0
A CUT ABOVE Bring the outdoors in with these birch-branch coasters .,neutral,negative,-1
The contract value amounts to EUR 2.4 million .,neutral,positive,1
Self-service and automation are in a bigger role now and Fujitsu 's global resources will be exploited effectively .,positive,neutral,0
"- The Group -¦ s profit before taxes was EUR 0,2 7,8 million .",neutral,positive,1
"The permanent magnet generators and power converters are today the preferred solution in new wind turbine designs , the company said .",neutral,positive,1
Finnish lifting equipment maker Konecranes HEL : KCR1V said on 29 July 2009 it has raised its stake in Austrian manipulator maker ACS Konecranes to 80 % and bought German sector player Knight Europe .,positive,neutral,0
Scanfil plc is a global contract manufacturer and systems supplier for communication and industrial electronics .,neutral,positive,1
The Board of Directors has proposed the Extraordinary General Meeting to authorise the Board to decide on the issuance of a maximum of 30mn new shares in one or more share issues .,neutral,positive,1
down to EUR5 .9 m H1 '09 3 August 2009 - Finnish media group Ilkka-Yhtyma Oyj ( HEL : ILK2S ) said today its net profit fell 45 % on the year to EUR5 .9 m in the first half of 2009 .,negative,neutral,0
"According to Sweden 's Minister for Local Government and Financial Markets , Mats Odell , the decision to sell the State 's shares in telecom group TeliaSonera can only be carried out in cooperation with the State of Finland .",neutral,negative,-1
"According to Viking Line 's Managing Director , Nils-Erik Eklund , the company 's Board of Directors is very satisfied with Viking Line 's performance .",positive,neutral,0
"( ADP News ) - Feb 11 , 2009 - Finnish wood products technology supplier Raute Oyj ( HEL : RUTAV ) said today its net profit decreased to EUR 4.7 million ( USD 6.1 m ) for 2008 from EUR 6.6 million for 2007 .",negative,neutral,0
"The contract covers turnkey deliveries to all five airports operated by the authority -- John F Kennedy , LaGuardia , Newark , Teterboro and Stewart International .",neutral,positive,1
"Repair and maintenance business accounted for net sales of EUR 645.3 mn , up from EUR 563.6 mn .",positive,neutral,0
"STORA ENSO , NORSKE SKOG , M-REAL , UPM-KYMMENE Credit Suisse First Boston ( CFSB ) raised the fair value for shares in four of the largest Nordic forestry groups .",positive,neutral,0
Valmet Automotive reports net sales of EUR 85mn and operating profit of EUR 8mn .,neutral,positive,1
"In Sweden , there is an oversupply of pharmacies .",negative,neutral,0
"Capacity will ease at its Seikku sawmill in Pori and Alholma sawmill in Pietarsaari and result in 60 people being laid off for around six weeks starting mid-May , it said .",negative,neutral,0
"Exel 's board of directors will propose a dividend of 0.2 euro $ 0.3 per share for 2006 at the annual general meeting on April 19 , 2007 .",neutral,positive,1
"Revenue for the quarter totaled 27.4 billion , down 2 percent from 28.1 billion in the fourth quarter in 2008 .",neutral,positive,1
"The manager is critical of politicians ' failure to differentiate between beleaguered European financial institutions and Skandinavian banks , `` which sailed through the crisis without issues '' .",neutral,negative,-1
"Entire paper mills may be set up , especially in the new EU member states .",neutral,positive,1
"As a result , the Russia 's import restrictions on Finnish dairy companies will be canceled on 6 August 2010 .",positive,neutral,0
Analysts surveyed by Thomson Financial expected revenue of $ 69 million for the quarter .,neutral,positive,1
"20 October 2010 - Finnish environmental management company Lassila & Tikanoja Oyj HEL : LAT1V , or L&T , said Monday it expects its operating profit , excluding non-recurring items , for the whole 2010 to be slightly lower than in 2009 .",neutral,positive,1
`` The new unit is a major investment in the Finnish media scene .,neutral,positive,1
Yahoo stock is up to $36.46 as the bidding war picks up for the company https://t.co/JDNZXDCMkl $YHOO https://t.co/HmOegfHgvn,positive,neutral,0
Long $ENDP @ $26.23 on $AGN b/o rumor,positive,neutral,0
Timberrrr $TSLA https://t.co/MRBgfDHHVa,negative,neutral,0
"The period-end cash and cash equivalents totaled EUR6 .5 m , compared to EUR10 .5 m in the previous year .",negative,neutral,0
Uponor improved its performance in spite of the decrease in residential construction in the US .,positive,neutral,0
$SPY extreme win today - 2 cents above 2009  low on 10-year and $SPY up 2 percent - life is a bowl of cherries - great short setting up $$,negative,positive,2
At the same time I am delighted by the fact that we were able to accomplish the organization with our own team members .,positive,neutral,0
"Earnings per share ( EPS ) were EUR0 .03 , up from the loss of EUR0 .083 .",positive,neutral,0
"Aberdeen AM posts H1 outflows, says conditions to remain challenging",negative,neutral,0
$AAPL  downgrade is bias. This stock is a buy.,positive,neutral,0
"Operating profit , excluding non-recurring items , totalled EUR 2.2 mn , down from EUR 2.7 mn in the corresponding period in 2008 .",negative,positive,1
$UGAZ Will this cold put a dent in the massive horizontal rig production. Who knows  http://stks.co/p1V6P,negative,neutral,0
"$amrn Full bull call spread ranging July to Jan 15. Lets see what this baby does,",positive,neutral,0
"$AAPL AAPL finally breaking under the 49 M.A.. With no buybacks this week, look for AAPL to test the 120 support area.",negative,neutral,0
CRH adds CR Laurence to acquisitions tally for $1.3bn,positive,neutral,0
The value of the contract is EUR 25mn .,neutral,positive,1
"Swedbank Hypotek - Is to issue a benchmark , fixed rate covered deal in Euros , maturing January 2010 .",neutral,positive,1
"UPM said the move will lower net profit by  x20ac 385 million US$ 520 million in the second quarter , mainly due to impairment charges .",neutral,negative,-1
Finnish meat company Atria can no longer promise a sufficient amount of domestic beef to its customers .,negative,neutral,0
@BULLYA @pollux654321 My 50 $KORS 80 Calls are going to b a Blessing for my Daughters tuition!,positive,neutral,0
The company reports a loss for the period of EUR 0.4 mn compared to a loss of EUR 1.9 mn in the corresponding period in 2005 .,positive,negative,-2
Tesco Abandons Video-Streaming Ambitions in Blinkbox Sale,negative,neutral,0
Royal Mail share price edges lower as group raises stamp price,negative,neutral,0
"Finnish financial software solutions developer BasWare Oyj said its net profit fell to 884,000 euro ( $ 1.2 mln ) for the first quarter of 2007 from 2.0 mln euro ( $ 2.7 mln ) a year earlier .",negative,neutral,0
"Cash flow from operations totalled EUR 2.71 mn , compared to a negative EUR 0.83 mn in the corresponding period in 2008 .",positive,negative,-1
TeliaSonera said about $ 100 million will be invested in the next year in the region to bring mobile coverage to about 90 % of Nepal s population .,positive,neutral,0
"However , this increases signaling traffic which wastes network resources and allows fewer smartphones to connect .",negative,positive,1
The orders also include a few high-power drives for the control of seismic compressors .,neutral,positive,1
"Loss after financial items totalled EUR 9.7 mn , compared to a profit of EUR 1.3 mn in the corresponding period in 2008 .",negative,neutral,0
"Sales at the Tiimari business went down by 8 % to EUR 11.8 million , while Gallerix stores saw 29 % growth to EUR 2 million .",neutral,positive,1
"The expanded agreement covers the sale , marketing and distribution of Benefon 's navigation and locator devices in China .",neutral,positive,1
"Salcomp Oyj , the Finnish maker of mobile phone chargers , Monday posted a EUR1 .49 million loss in the second quarter compared with a 1.70 million profit in the same period the previous year .",negative,neutral,0
AstraZeneca chases Acerta to secure next cancer drug winner,positive,neutral,0
"Danske Bank A-S DANSKE DC jumped 3.7 percent to 133.4 kroner , rebounding from yesterday s 3.5 percent slide .",positive,neutral,0
Warren Buffett defends Berkshire Hathaway's conglomerate structure,positive,neutral,0
Short more $FAZ for all who don't know that means markets will tank now :-p,negative,neutral,0
The company will issue an inaugural Eurobond deal in the near future subject to market conditions .,neutral,positive,1
"Are Aviva plc, Direct Line Insurance Group PLC And Admiral Group plc Set To Soar?",positive,neutral,0
"Glaston 's own glass processing unit , Tamglass Glass Processing , is a manufacturer of high quality safety glass products , and operates in Finland .",neutral,positive,1
"Finnish construction company YIT is reducing the number of start-ups of market-financed residential units in 2007 to about 2,300 from the previously announced 2,700 .",negative,neutral,0
6 October 2010 - Finnish paints and coatings company Tikkurila Oyj HEL : TIK1V announced today the launch of Tikkurila ProHouse method for protection of wooden surfaces via treatment with Ultra Pro waterborne products .,neutral,positive,1
"in Q1 '10 19 April 2010 - Finnish forest machinery and equipment maker Ponsse Oyj HEL : PON1V said today that it expects to swing to a net profit of some EUR6 .3 m in the first quarter of 2010 , from an EUR9 .6 m loss a year earlier .",positive,neutral,0
Through this transaction we are able to participate in developing the industry .,positive,neutral,0
"In September alone , the market declined by 10.2 percent year-on-year to 19.28 million liters .",neutral,negative,-1
The Department Store Division 's sales fell by 8.6 % to EUR 140.2 mn .,neutral,negative,-1
Kone shares dropped 4.1 percent to  x20ac 43 US$ 55.77 in Helsinki .,neutral,negative,-1
"At 12.01 pm , the OMX Helsinki 25 was down 0.66 pct to 3,143.57 and the OMX Helsinki was 0.67 pct lower at 10,530.74 on 253 mln eur turnover .",negative,neutral,0
"Acando AB ( ACANB SS ) fell 8.9 percent to 13.35 kronor , the lowest close since Dec. 11 .",neutral,negative,-1
8 May 2009 - Finnish liquid handling products and diagnostic test systems maker Biohit Oyj ( HEL : BIOBV ) said today ( 8 May 2009 ) its net loss narrowed to EUR0 .1 m ( USD0 .14 m ) for the first quarter of 2009 from EUR0 .4 m for the same period of 2008 .,positive,negative,-1
"Profit before taxes amounted to EUR 56.5 mn , down from EUR 232.9 mn a year ago .",negative,positive,1
Finnish logistics and information solutions provider Done Solutions Corporation ( OMX Helsinki : DSO1V ) reported on Wednesday ( 29 October ) an operating profit of EUR3 .6 m on net sales of EUR35 .1 m for the period January-September 2008 .,neutral,positive,1
"In 2009 , Fiskars ' cash flow from operating activities amounted to EUR121m , up from EUR97m in the previous year .",positive,neutral,0
$renn topping tail 5 min. chart at 7.31 short from here.,negative,neutral,0
Return on investment ROI was 4.1 % compared to 43.8 % in the first half of 2008 .,negative,neutral,0
"Operating profit excluding non-recurring items amounted to EUR 40.6 mn , down from EUR 57.3 mn year-on-year .",neutral,positive,1
"`` We are proud to welcome another distribution facility to north Mississippi and the region known as the logistics center of the United States , '' said Gray Swoope , executive director of MDA .",positive,neutral,0
The estimated synergy benefits are at least EUR7m annually .,positive,neutral,0
"The service is intended to allow the people of thirteen Mediterranean countries to reach the Baltic more rapidly , with a single carrier .",positive,neutral,0
Sainsbury sells unit to LloydsPharmacy,positive,neutral,0
"@harmongreg: $BBRY wkly, Inverse Head and Shoulders forming, triggers over 18.50, PO at least 30.80, watching http://stks.co/iPVJ",positive,neutral,0
$DUG weekly stochastics finally starting to turn up after long consolidation. Buying here.,positive,neutral,0
Metso estimates the need for personnel reductions to amount to 25 people .,negative,neutral,0
Market Report: Aviva tops the market as traders approve of its choice of Friends,positive,neutral,0
"They re in a race with Google to get lots of users onto their service as social networking creates new business models , said Martin Garner , a London-based analyst with CCS Insight .",neutral,positive,1
The airline 's share price closed down slightly at (  x20ac ) 12.51 ( $ 15US .74 ) in Helsinki .,negative,neutral,0
As a result of these negotiations the company has decided to make 45 people redundant on financial and production grounds .,negative,neutral,0
Repeats sees 2008 operating profit down y-y ( Reporting by Helsinki Newsroom ) Keywords : TECNOMEN-RESULTS,neutral,positive,1
"The flagship will open this fall in Manhattan 's Flatiron District in the `` Toy Building , '' at 200 Fifth Avenue .",neutral,negative,-1
`` BG Crane has been a strong partner for Hiab in Australia for many years .,neutral,positive,1
The acquisition of +àlandsbanken Sverige in 2009 burdened the performance with EUR 3.0 mn .,negative,neutral,0
"The group 's operating loss was EUR 0.8 mn , down from a profit of EUR 2.5 mn in 2004 .",negative,neutral,0
"According to PKC , the acquisition would bring a significant addition to PKC 's customer base .",positive,neutral,0
longed $AMZN 300 @ 189.82,positive,neutral,0
"Motorola , the world 's second-largest maker of cell phones , unveiled the new phone Tuesday in a bid to resurrect its ailing handset business .",neutral,positive,1
This combined with foreign investments creates interesting opportunities for Solteq .,positive,neutral,0
Diageo receives reports from United Spirits on financial irregularities involving ...,negative,neutral,0
Think $FMS will challendge 200-EMA in not distant future.   Look at yesterday's volume,positive,neutral,0
The order is a follow-on to an 11 mln euro ( $ 16.1 mln ) deal made in July 2007 .,neutral,positive,1
Pharmaceuticals - Spain This brand-new market analysis gives a clear overview of the actual situation and future outlook of the pharmaceutical market in Spain .,neutral,positive,1
Finnish forest industry group Stora Enso Oyj issued on Thursday ( 20 March ) a profit warning for the first quarter 2008 .,negative,neutral,0
The Group 's order portfolio decreased from EUR 42.9 mn in 9-2007 to EUR 33.3 mn in 2-2008 .,neutral,negative,-1
Credit Suisse poaches Prudential's Thiam for Asian push,positive,neutral,0
Tesco share price dips as Blinkbox Books closes ending supermarket's digital ...,negative,neutral,0
"The dollar bounced back after hitting another record low against the euro , which reached $ 1.41 for the first time .",neutral,positive,1
"The Annual General Meeting approved a dividend of EUR 0.10 per share , that is , a total of EUR 7,8 million .",neutral,positive,1
"The one dark spot on the horizon , however , was the company 's performance in the Finnish bottled water market .",negative,neutral,0
Commodity Channel Index Indicator signaled a Oversold for $FB #stockmarket https://t.co/VM32d3M9xi https://t.co/cvkojk05Xn,positive,neutral,0
"The acquisition was financed with $ 2.56 billion of debt arranged by Goldman , Sachs & Co. .",neutral,negative,-1
"Having a China based operation will not only enable us to fully leverage our resources and expertise in wireless solutions , but also strengthen our capability to offer industry-leading products for our customers in China . ''",positive,neutral,0
The initial estimated total value was 1744900 EUR and the final award value was 1744900 EUR .,neutral,positive,1
$GPS Gap September Comparable Store Sales -4%,negative,neutral,0
Pretax profit decreased by 37 % to EUR 193.1 mn from EUR 305.6 mn .,negative,neutral,0
`` We are pleased with the efforts of both negotiating teams and look forward to a productive four years ahead . '',positive,neutral,0
Atria said its offer would give the Swedish company continued ownership and control of its slaughtering and cutting operations .,neutral,negative,-1
Finnish Bank of +àland +àlandsbanken has issued a profit warning .,negative,neutral,0
"Thanks to the internet , consumers compare products more than previously and Finnish companies are not competitive .",negative,neutral,0
Operating profit excluding non-recurring items totaled EUR 5.4 mn compared to EUR 5.5 mn in the corresponding period in 2007 .,neutral,positive,1
Finnish media company Talentum Oyj 's net profit decreased to 2.5 mln euro ( $ 4.0 mln ) for the first quarter of 2008 from 3.0 mln euro ( $ 4.7 mln ) for the same period of 2007 .,negative,neutral,0
"JP Morgan expects that Scala will lower Nobel Biocare 's growth forecast for 2007 from the current guidance of 23-25 pct , as well as the operating margin target from the current 34-35 pct .",negative,positive,1
Pharmaceuticals - Belgium This brand-new market analysis gives a clear overview of the actual situation and future outlook of the pharmaceutical market in Belgium .,neutral,positive,1
"BHP Billiton slashes dividend, posts $5.67 billion net loss",negative,neutral,0
"Finnish electronics contract manufacturer Scanfil had net sales of EUR 52.2 mn in the first quarter of 2007 , down from EUR 60.1 mn a year before .",neutral,positive,1
"At the end of the review period , Nordic Aluminium 's order book stood at EUR 8.77 mn compared to EUR 7.04 in 2005 .",positive,neutral,0
Standard Chartered lags on capital worries,negative,neutral,0
$RDC Rowan Expands Share Repurchase Program to $150 million,positive,neutral,0
$TNH Looks like an explosive setup if it can break the 20EMA and 105 level http://stks.co/b1SVH,positive,neutral,0
"The first four of the new shop-in-shops will be opened this spring : on Madison Avenue in New York as well as in Chicago , Los Angeles and San Francisco .",neutral,positive,2
Pretax profit decreased to EUR 33.8 mn from EUR 40.8 mn in the fourth quarter of 2005 .,negative,neutral,0
"Earnings per share ( EPS ) amounted to EUR1 .37 , down from EUR2 .30 .",neutral,positive,1
"However , the company saw its net profit for the third quarter down to EUR1 .4 m from EUR1 .5 m for the corresponding period of 2009 .",neutral,positive,1
"ASPO Plc STOCK EXCHANGE BULLETIN October 24 , 2006 at 2:00 p.m. Aspo Systems Division has completed the statutory negotiations , as required under the Act on Co-Operation Within Undertakings , conducted as part of the action plan launched in August .",neutral,positive,1
Bought some more $CELG as it is ready for a bounce.,positive,neutral,0
"The Finnish real estate investment company Interavanti Oyj said on Monday ( 22 September ) that it has agreed to sell its 65 % ownership in the Finnish ticket service company Lippupiste Oy to CTS Eventim AG ( 56,1 % ) and to the managing director of Lippupiste Oy .",neutral,negative,-1
"Nurminen Logistics provides high-quality logistics services , such as railway transports , terminal services , forwarding , special and heavy transports and medical transports .",neutral,positive,1
"Under the rental agreement , Stockmann was committed to invest in the building of a bridge over the Gogol Street or build an underground tunnel for crossing the street by 2004 .",neutral,positive,1
Net sales fell by 5 % from the previous accounting period .,neutral,negative,-1
"The EB Tough VoIP Field Phone is equipped with an integrated speaker , Ethernet and SHDSL connectivity , and enables several innovative applications .",neutral,positive,1
"According to CEO Hannu Syrj+ñnen , a new common name and visual identity is required as the group has grown and internationalised .",neutral,positive,1
Industry NewsMorrisons unveils which stores will close as 900 jobs face the axe,negative,neutral,0
Sanoma News ' advertising sales decreased by 22 % during the year .,neutral,negative,-1
"Xerox and Stora Enso have teamed up to tailor the iGen3 to the short-run , on-demand packaging market .",positive,neutral,0
"In the third quarter of fiscal 2008 Efore swung to a net loss of EUR 400,000 versus a net profit of EUR 200,000 for the corresponding period of fiscal 2007 .",negative,neutral,0
$FB I've been dead on so far. Such a bloated valuation. https://t.co/czCf8Kbrlt,negative,neutral,0
An individual promotion also generated slightly higher-than-expected revenues .,positive,neutral,0
"Headquartered in this city , the company is nearly 75 years old and focuses on science-based innovation and technology for environmental measurement .",neutral,positive,1
$TSLA Wish had my puts back but see if we can find support around 243.39 and pop up so that I can get back in. https://t.co/hFkLq3WObV,negative,neutral,0
"( ADP News ) - Jan 22 , 2009 - Finnish mobile phones maker Nokia Oyj ( OMX : NOK1V ) said today its operating profit decreased to EUR 5 billion ( USD 6.5 bn ) for 2008 from EUR 8 billion for 2007 .",negative,neutral,0
"Finnish plumbing and heating systems supplier Uponor 's net sales in continuing business operations decreased to EUR 249.1 mn in July-September 2008 , compared to EUR 262.1 mn in the third quarter of 2007 .",neutral,negative,-1
$TSLA <STUDY the CHARTS> Pullback_Time https://t.co/ZMDG0fb3I7,negative,neutral,0
Tesco criticised for 'disgraceful' advert showing domestic worker being slapped,negative,neutral,0
long $SDLP $CPGX $TWTR $BITA $LABU $FB $TSLA $ETE $SDRL  Autocharts @ https://t.co/nxLx1ES7nY,positive,neutral,0
The company will use the assets for strengthening its balance sheet and financial position .,positive,neutral,0
$PRLB hanging tough in down market due to analyst upgrades last week. Up almost 3%.,positive,neutral,0
More than a third of the original participants dropped out due to nausea and other side effects .,neutral,negative,-1
London Stock Exchange Shareholders Approve Merger With Deutsche BÃ¶rse,positive,neutral,0
Horizonte acquires neighbouring Glencore nickel property in Brazil,positive,neutral,0
"In Finland , metal sector company Componenta is laying off temporarily the staff of its Pori mill from Christmas 2008 till 6 January 2009 .",negative,neutral,0
"In 2007 , Contempus generated revenue of NOK 69.3 ( approx .",neutral,positive,1
"Pretax profit totalled EUR 2.0 mn , compared to a loss of EUR 159.2 mn in the fourth quarter of 2008 .",positive,neutral,0
`` It allows the young child to move forward with his life . '',positive,neutral,0
Scanfil will execute the temporary lay-offs by mid-October 2009 and the job cuts by March 2010 .,neutral,negative,-1
"Raute posted a net profit of 1.8 mln euro $ 2.6 mln for the third quarter of 2007 , compared to a net loss of 299,000 euro $ 430,000 for the corresponding period of 2006 .",positive,neutral,0
services supplier Efore Plc to streamline operations in Finland and the US Finnish electronic systems and services supplier Efore Plc ( OMX Helsinki : EFO1V ) said on Tuesday ( 3 February ) that it has initiated statutory negotiations regarding a streamlining of its operations in Finland .,positive,neutral,0
"Operating loss was EUR 179mn , compared to a loss of EUR 188mn in the second quarter of 2009 .",positive,negative,-2
"Earnings per share ( EPS ) in the first half of 2007 amounted to EUR0 .29 , down from EUR0 .40 year ago .",negative,positive,1
"Operating loss totalled EUR 5.2 mn , compared to a loss of EUR 3.4 mn in the corresponding period in 2008-2009 .",neutral,negative,-2
The companies signed the letter of intent for the sale on 17 September 2010 and envisaged to seal the actual agreement on 1 January 2011 .,neutral,positive,2
"@TraceyRyniec not just energy, it's so broad. You will see it in WWG and Kaman as well. I'd be short $fast",negative,neutral,0
Negotiations with representatives of the personnel regarding the restructuring process have now been ended .,neutral,negative,-1
"Under a memorandum of understanding MoU the parties will collaborate in preparing and implementing joint projects in the fields of combined power and heat generation , environmental protection and energy efficient technologies .",positive,neutral,0
The new factory working model and reorganisations would decrease Nokian Tyres ' costs in the factory by EUR 30 million ( USD 38.7 m ) .,positive,neutral,0
$AEGN MACD and ADX are crossing over the signal lines! Long Setup http://stks.co/qzzx,positive,neutral,0
$AAPL rejected the hod...should head lower. Sitting on the sidelines for now.,negative,neutral,0
Net sales dropped by 6 % year-on-year to EUR 11.9 million .,neutral,negative,-1
Total value of the contract is about EUR 10mn .,neutral,positive,1
South African Sappi will become the largest foreign forest industry company operating in Finland as a result of the acquisition Finnish M-real Corporation 's Graphic Papers Business unit .,positive,neutral,0
Satama 's net sales would be higher than the year before .,positive,neutral,0
"`` The acquisition of Sampo Bank makes strategic sense for DB , '' says Lindsey Liddell , director of Fitch Ratings 's Financial Institutions Group .",positive,neutral,0
Slowly adding some $FIO here but gotta be careful. This will be one of biggest winners in 2012,positive,neutral,0
"The outsourcing agreement , which covers equipment and depots in Turku and Tampere , will run for five years , Cramo said on Thursday .",neutral,positive,1
"First Industrial will seek LEED designation for Uponor 's new building and a 282,000 square-foot speculative distribution center at First Park Lakeville .",neutral,positive,1
Severn Trent share price jumps as Canadian investor renews pursuit of utility,positive,neutral,0
Brewer AB InBev seeks $275 bln tie-up with SABMiller,positive,neutral,0
"Several large stocks tacked lower , however .",negative,neutral,0
"At the close , the OMX Helsinki 25 was 0.01 pct lower at 3,067.64 points and the OMX Helsinki was down 0.05 pct at 10,321.46 points on over 1.343 bln eur of turnover .",negative,neutral,0
In return the New York-based private equity firm will receive a 51 % stake in the Latvian IT and telecom group .,neutral,positive,1
"According to Finnish Aktia Bank 's Managing Director Jussi Laitinen , the bank 's aim is to triple the number of its customers in Finland in the next five years .",positive,neutral,0
"The pilot project proved that RIFD technology is ideal for our purposes '' , comments Olli Saarinen , Material Handling Supervisor at Yara .",positive,neutral,0
"The company designs and manufactures high-quality clothing , interior decoration textiles , bags , and other accessories .",neutral,positive,1
"Continuing operations turned an operating loss of EUR 0.1 mn , a slight improvement from a loss of EUR 0.2 mn a year earlier .",positive,negative,-1
"UPDATE 1-Nomura, RBS must pay $806 mln in mortgage bond case-US judge",negative,neutral,0
"The offer price is $ 35 million , including cash of $ 10 million as net debt assumption of FACE , and $ 20 million worth of Cencorp shares to be issued to Savcor .",neutral,negative,-1
"The period 's sales dropped to EUR30 .6 m from EUR38 .3 m , according to the interim report , released today .",neutral,negative,-1
"Benefon , a wireless and GPS technology company , will supply Karputer with its TWIG navigation platform , a GPS satellite navigation and voice guidance service .",positive,neutral,0
Hard to find new buyers of $TSLA at 250.  Shorts continue to pile in.,negative,positive,1
"RT @StockTwits RT @fallondpicks Breadth Consolidates: After weeks of steady gains,advances in mkt breadth slowe... http://stks.co/2TrG $QQQ",negative,positive,1
Microsoft joins the open-source Eclipse Foundation https://t.co/z8G5cZaKeU focus on collaboration & open business is a smart strategy! $MSFT,positive,neutral,0
"Long Position on $GOL,...Updating http://stks.co/fdmm",positive,neutral,0
"EU drops Shell, BP, Statoil from ethanol benchmark investigation",positive,negative,-2
The aim is to achieve EUR 2.5 mn yearly savings .,positive,neutral,0
"Employees are also better prepared to answer calls , since they already have detailed information about the caller before they answer the phone . ''",positive,neutral,0
"The new company , DiaPol S.r.l. , would manufacture tools meant for glass and stone pre-processing .",neutral,positive,1
"The wireless industry is bracing itself for the iPhone , which will launch on June 29 .",neutral,positive,1
"Alma Media 's operating profit amounted to EUR 11.9 mn , down from EUR 15.0 mn a year earlier .",negative,positive,1
Net sales in 2007 are expected to be 10 % up on 2006 .,positive,neutral,0
$CIEN http://stks.co/dZU CIEN seems to have broken out of a major horizontal resistance. Targets $14.35.,positive,neutral,0
The recent troubles simply make NETeller cheaper .,negative,neutral,0
Diluted loss per share stood at EUR 0.15 versus EUR 0.26 .,positive,negative,-1
CompaniesCar insurer Hastings Group driving Â£180m IPO,positive,neutral,0
The company said that its comparable operating profit for the January-June period fell short of last year 's corresponding performance .,negative,neutral,0
Operating profit fell to EUR 23.26 mn from EUR 32.86 mn .,negative,neutral,0
"Finnish energy company Fortum Oyj said on November 13 , 2007 it was granted an environmental permit to build a biofuel-fired combined heat and power CHP plant in Vartan harbor in eastern Stockholm .",positive,neutral,0
$CHRM Loooooongggggg base,positive,neutral,0
The deal includes an option for Cramo to buy out the minority stake in 2011 .,neutral,positive,2
"Country : , Switzerland Sector : Pharmaceuticals Target : Synosia Therapeutics Holding AG Buyer : Biotie Therapies Corp Deal size in USD : 129.4 m Type : Corporate acquisition Financing : All-stock Status : Closed",neutral,positive,1
"The acquisition is part of Suomen Helasto 's strategy to expand the LukkoExpert Security chain , Suomen Helasto CEO Kimmo Uusimaki said .",neutral,positive,1
"The other actions include the cutting of the expensive weekend shifts , the freezing of the production bonus system and by a general cost-cutting program .",neutral,negative,-2
A total of 140 jobs will be reduced at the Raahe Steel Works .,negative,neutral,0
"$FB trending nicely, intraday.",positive,neutral,0
"Publishing Sweden 's operating loss was EUR 1.1 mn in Q1 of 2009 , compared to a profit of EUR 0.6 mn a year ago .",negative,neutral,0
$GTE LONG at 7.44,positive,neutral,0
The value of the contract is in total USD12m .,neutral,positive,1
HSBC appoints business leaders to board,positive,neutral,0
ICE Said to Start Lining Up Financing for LSE Bidding War,positive,neutral,0
The transaction included also the transfer of the lease agreement concerning manufacturing premises and employment agreements related to these operations .,neutral,positive,1
"UPM is talking to Myllykoski+ó s creditor banks -- Nordea ( STO : NDA ) , Nordic Investment Bank and Danske Bank+ó s ( CPH : DANSKE ) Sampo Bank -- over a deal , the paper said .",neutral,positive,1
"Sales at the Tiimari business went down by 8 % to EUR 11.8 million , while Gallerix stores saw 29 % growth to EUR 2 million .",negative,positive,1
"The company 's operating income ( EBIT ) totalled EUR 0.0 mn , up from EUR -0.3 mn year-on-year .",positive,neutral,0
Combining this deep domain expertise with our Application Service Management ASM and outsourcing service offerings has now proved to be a winning combination .,positive,neutral,0
Business boomed after Ostrom helped plant a small story about Rapala lures in a Life magazine issue that featured Marilyn Monroe on the cover .,positive,neutral,0
EMSA Deputy Chairman of the Board Juri Lember told BNS on Wednesday that this was the first time he heard about the strike as the Swedish side had not informed the Estonian union yet .,negative,neutral,0
The Elcoteq group recently announced that the last three months of the previous year brought to it a major loss of more than half a billion kroons ( EUR 32 mln ) for the fifth quarter running .,neutral,negative,-1
"However , this increases signaling traffic which wastes network resources and allows fewer smartphones to connect .",neutral,positive,1
The idea of saving electricity in data transfer is still a new one .,neutral,positive,1
"Nokia Multimedia 's net sales totaled EUR 5.7 bn , up 45 % from the corresponding period in 2005 .",positive,neutral,0
Measures will be launched immediately and are due to be finalized in the first quarter of 2010 .,neutral,positive,1
"Russian Media Ventures ' minority shareholder Peter Hervy denied the plans to sell OVA Press , the daily said .",neutral,negative,-1
Finnish electrical components maker Salcomp Oyj ( HEL : SAL1V ) announced today the launch of its latest Twist charger platform .,neutral,positive,1
Stakes High for AstraZeneca Heart Drug Facing Tough Competition,negative,positive,1
`` Capital expenditure on energy efficiency has unfortunately fallen along with the decline in the economy .,neutral,negative,-2
Both sources said Nokia would unveil its new phone code-named `` Tube '' on Oct. 2 at an analyst and media event in London .,neutral,positive,1
"According to CEO Matti Perkonoja of the parent company HKScan , the company 's performance in the first quarter of 2010 has remained clearly below the level of the corresponding period in 2009 .",neutral,negative,-1
Hearst will be able to consolidate about 20 % of all Russian market for advertising in press after the purchase .,positive,neutral,0
"Finnish newspaper publisher Sanoma , of media group SanomaWSOY , is merging its free sheets Uutislehti 100 and Metro as of mid-September 2008 to form a new free sheet to be named Metro .",neutral,positive,1
"The contract comprises a log handling line , a peeling line , and a veneer drying and grading line .",neutral,positive,1
Repeats sees 2008 operating profit down y-y ( Reporting by Helsinki Newsroom ) Keywords : TECNOMEN-RESULTS,negative,positive,1
"Production levels have been agreed with producers a long time ago , so a fall in consumption will lead to losses .",neutral,negative,-2
"$CSX is up today to report.  Wall Street is expecting EPS to be at $0.37, and revenues at $2,732B.",positive,neutral,0
$amzn breaking,positive,neutral,0
"RT @Cash_Cow $TLT still has a rising RSI & MACD, all this bond buying is signaling some bad moves for the market. $SPY $UUP",negative,neutral,0
"At the moment , Valio is not worried , but if the ban continues for long , it may become quite a problem .",neutral,positive,1
- Net sales for the period are expected to fall well below that of last year and the result after non-recurring items is expected to be in the red .,neutral,negative,-2
"In the first half of 2008 , the Bank 's operating profit fell to EUR 11.8 mn from EUR 18.9 mn , while net interest income increased to EUR 20.9 mn from EUR 18.8 mn in the first half of 2007 .",negative,positive,1
The new plant is planned to have an electricity generation capacity of up to 350 megawatts ( MW ) and the same heat generation capacity .,neutral,positive,1
The company said shareholders will be able to vote on the agreement at an EGM scheduled for later this month .,neutral,positive,1
"According to Kesko , the company agreed with the city administration about lease of the building in 2006 , its resettlement and construction of a five-star hotel Hilton for 120 rooms .",positive,neutral,0
FDA Approves AstraZeneca's Iressa As Lung Cancer Treatment,positive,neutral,0
`` These developments partly reflect the government 's higher activity in the field of dividend policy . '',neutral,positive,1
Shuweihat 2 got under way in July 2008 when the project was awarded to desalination and power contractors .,neutral,positive,1
"$TSLA TO RECALL 2,700 MODEL X SUVS FOR SEAT-BELT FIX",negative,neutral,0
Added. Cost now at 1.54. Bounce off of Put OI & S1 pivot. @moteltan BTO $AAPL Apr 27 2012 605.0 Calls @ 1.66 for ride to 609 ish.,positive,neutral,0
Ramirent made 18 million kroons EUR 1.15 mln loss last year ; the year before the company was 7.3 million kroons in the black .,neutral,negative,-1
"In the second quarter of 2010 , the company 's net profit was EUR1 .7 m compared to a net loss of EUR1 .3 m in April-June 2009 .",positive,neutral,0
"More than 14,000 customers were left powerless .",negative,neutral,0
Oriola-KD expects its invoicing in 2008 to be higher than the comparable invoicing of 2007 .,positive,neutral,0
The operating margin came down to 2.4 % from 5.7 % .,negative,neutral,0
"The company reported a profit of 800,000 euro ($ 1.2 mln)on the sale of its Varesvuo Partners sub-group and a loss of 400,000 euro $ 623,000 caused by the sale of its program production subsidiary Oy Filmiteollisuus Fine Ab .",neutral,negative,-1
$TSLA gyrating @ S1 above gap. keeping an eye on S2 http://stks.co/jQfB,positive,neutral,0
The statutory negotiations at headquarters are part of this decrease .,neutral,negative,-1
"Last month , Outokumpu sold more than 80 percent of its technology unit , Outokumpu Technology Oyj , to further its strategic goal of becoming the world 's largest stainless steel maker .",positive,neutral,0
"Nevertheless , Fitch notes that the business fundamentals of the three banks currently remain sound .",positive,neutral,0
"After piloting , the instrument will be further developed according to the experiences gained .",neutral,positive,1
"$GLD http://stks.co/jr8 Daily chart - though RSI and Stoch. point at a possible move up, there's a lot of resistance.",positive,neutral,0
The duration of the contract is 37 months .,neutral,positive,1
"Insurer Axa ( PAR : CS ) slid by 5.35 % to EUR 14.15 , after Citigroup and ING slashed their targets on the stock .",negative,neutral,0
"Sampo Bank 's market share of lending was 13.6 % , down from 14.4 % in the first quarter of 2008 .",negative,neutral,0
"In April-June 2008 , Scanfil 's net sales totalled EUR 58.7 mn and operating profit EUR 6.6 mn .",neutral,positive,1
"The paper industry 's de-inking sludge , which is produced in mills that use recycled fiber when printing ink is removed from recovered paper , is also a suitable raw material .",neutral,positive,1
$RSOL bought 3500 shares today!,positive,neutral,0
$XLI Potential intermediate top in an Uptrend on a 60'-15'-4' charts http://stks.co/j1TdF,positive,neutral,0
The parties have agreed to negotiate definitive distribution and license agreements by the end of June 2010 .,positive,neutral,0
long $AAPL 107 calls @ .40,positive,neutral,0
Tesla issues its first Model X recall https://t.co/t1kMqVwhQQ $TSLA,negative,neutral,0
what is up with $HK..... from Jan to now it's been a sinking ship...,negative,neutral,0
"The new system , which will include 60 MC3090 PDAs from Motorola , to be used by 60 Poundstretcher operatives across 3 shifts , will integrate in real-time with the company s existing Warehouse Management System , Aldata G.O.L.D Stock , which went live in May 2008 .",neutral,positive,1
"For Teleste , the acquisition marks an entry into services business in a market where it has long been an established and significant supplier of products .",positive,neutral,0
FTSE edges up as investors cheer Kingfisher results,positive,neutral,0
Starbucks shares down as much as ~4.2% $SBUX https://t.co/JlgrprR54k,negative,neutral,0
"Other measures included increasing synergies and economies of scale within the Grimaldi Group and personnel adjustments , divestments and redelivery of excess tonnage .",neutral,positive,1
"Huhtamaki 's rigid plastic consumer goods operations , which are mainly in Europe , will be separated into a new reporting segment as of 1 January 2009 .",neutral,positive,1
London Stock Exchange â€“ Deutsche Boerse merger under threat from Brexit,negative,neutral,0
"After the transaction , Herttaassa 's holding in Alma Media has fallen below the flagging limit of 5 % .",neutral,negative,-2
The diluted loss per share narrowed to EUR 0.27 from EUR 0.86 .,positive,negative,-1
"`` Of course , we are in talks with all those coming up with new projects that involve material handling , '' Konecranes President and CEO Pekka Lundmark said , when asked whether it was talking to Reliance Industries for supplying equipment to its upcoming refinery in Jamnagar .",neutral,positive,1
"We offer our clients integrated management consulting , total solutions for complex projects and efficient , best-in-class design and supervision .",neutral,positive,1
$MA http://stks.co/1CYN continues to consolidate / base here,positive,neutral,0
The company did not distribute a dividend in 2005 .,neutral,positive,1
$KITD Looking for a oversold bounce.,positive,neutral,0
"Pre-tax loss totaled EUR 0.3 mn , compared to a loss of EUR 2.2 mn in the first quarter of 2005 .",positive,negative,-2
"Metrics in QPR ScoreCard now support date , text and milestone-based values , which improve its support for managing projects around performance or process-related content .",positive,neutral,0
Actions to improve operational efficiency and adjust operations are expected to deliver annualised permanent cost savings of around EUR 4.5 million and will be effected mostly during the first half of 2010 .,positive,neutral,0
The offer represents a premium of 24 % over the stock 's closing price on Friday .,positive,neutral,0
The share of the share capital of both above mentioned shareholders remains below 5 % .,neutral,negative,-1
"$QCOM chart: Qualcomm Short 61.8% Retracement, Trendline and Resistance. https://t.co/2WQqh35KOY",negative,neutral,0
Efficiency programs totalling 100 million euros are under way in Finnair .,positive,neutral,0
"In January-August 2009 , imports by sea in container , lorry , and trailer units fell by 27.7 % and exports by 28.6 % from the corresponding period in 2008 .",neutral,negative,-1
$SKX turning. Coming from far could go far. Stock price implies you pay nothing for the business,positive,neutral,0
"For 2009 , Incap expects revenue of some EUR 70 million .",neutral,positive,1
Carnival Corporation and China Merchants Group Sign Memo of Understanding ...,positive,neutral,0
"The stock price rose 70.0 ores or 0.9 % to close at SEK77 .65 , ending a two-day streak of losses .",positive,neutral,0
"Based on the first quarter result , existing order backlog and new order prospects , the company expects that full-year sales will contract by 25 % from 2008 , the gross margin will stay at a healthy level , and the operating profit margin will be lower than in 2008 due to lower sales volume .",neutral,positive,3
The optimization of the steel components heating process will reduce the energy consumption .,positive,neutral,0
i-Grid shows $DIA capped for the long term at range of 123.40- 124.77;any rally beyond today's levels or into this range leads to meltdown.,negative,positive,1
"The Samsung Mobile Applications Store was launched in January 2009 by Samsung Mobile Innovator , a program which enables mobile software developers to create applications for use across Samsung mobile devices .",neutral,positive,1
"After non-recurring items of EUR 177mn , profit amounted to EUR 20mn .",neutral,positive,1
"Profit for the period totalled EUR 1.1 mn , down from EUR 1.6 mn in the third quarter of 2008 .",negative,positive,1
It also said its third quarter diluted EPS came in at 0.34 eur compared with 0.16 eur in the same quarter a year ago .,positive,neutral,0
"Operating result , excluding one-off items , totaled EUR 9.1 mn compared to EUR 10.6 mn in continuing operations , excluding one-off items in 2004 .",negative,neutral,0
Sales boost for new Morrisons chief David Potts as Tesco turnaround stalls,negative,positive,1
"In 2009 , Comptel slipped to a net loss of EUR2 .1 m from a profit of EUR6 .6 m in the previous year .",negative,neutral,0
Johnson Matthey profit falls but dividend rises,neutral,positive,2
"$CNDO 21% short float, shorts likely to take profits into close",negative,positive,1
Europe needs 17 new large paper machines .,neutral,positive,1
The total value of the deal is USD 29mn .,neutral,positive,1
"26 January 2011 - Finnish metal products company Componenta Oyj ( HEL : CTH1V ) said yesterday its net loss narrowed to EUR500 ,000 in the last quarter of 2010 from EUR5 .3 m for the same period a year earlier .",positive,negative,-1
Britain's FTSE gets lift from Prudential results,positive,neutral,0
"Operating profit totalled EUR 1.22 mn , down from EUR 3.56 mn in the first quarter of 2008 .",neutral,positive,1
"Operating profit totaled EUR 3.8 mn , down from EUR 4.5 mn in the corresponding period in 2005 .",neutral,positive,1
Finnish glass technology group Glaston Corporation ( OMX Helsinki : GLA1V ) reported on Thursday ( 14 August ) an operating profit of EUR6 .5 m on net sales of EUR201 .5 m for the period January-September 2008 .,neutral,positive,1
"Raute reported a loss per share of EUR0 .86 for the first half of 2009 , against EPS of EUR0 .74 in the corresponding period of 2008 .",neutral,negative,-1
$BBRY Actually lost .03c per share if U incl VZ as no debt and 3.1 in Cash.,negative,neutral,0
AstraZeneca's patent on asthma drug invalidated by US court,negative,neutral,0
"Finnair 's passenger load factor , which measures the number of sold seats as a share of all available seats , dropped by 1.3 percentage points to 76.7 % in September .",neutral,negative,-1
EPS dropped to EUR0 .2 from EUR0 .3 .,neutral,negative,-1
It is a disappointment to see the plan folded .,negative,neutral,0
Standard Life share price: Insurer buys advice firm Pearson Jones,positive,neutral,0
Nokia and Elisa will work together to bring a superior mobile gaming experience for Elisa customers .,positive,neutral,0
"For the fiscal year ending September 30 , 2009 the revenue from these customers was $ 10.012 million or around 11.0 % of the transportation group 's revenue .",neutral,positive,2
"We are glad that our long co-operation with SODRA continues '' , comments Stig-Goran Sandberg , Affecto 's Area Manager for Baltic operations .",positive,neutral,0
$UUP at major resistance right now. Can go much higher if it can break above. May take several attempts - few days to a week,positive,neutral,0
The measures result from weak demand in the shipbuilding industry .,neutral,negative,-1
We make available the following brand-new market analyses : Cement - UK Cement - Poland Cement - Belgium These analyses give a clear overview of the actual situation and future outlook of the cement industry in some European countries .,neutral,positive,1
"The airline has ordered nine Airbus A350-900 aircraft with deliveries from 2011 , and in doing so becomes the lead airline for the latest variant of Rolls-Royce Trent series engines , called the 1700 .",positive,neutral,0
`` People who enjoy mobile games are often the same customers who enjoy experimenting with new mobile services and content .,neutral,positive,1
"Nokia 's share price fell less than one percent to 18.70 euros ( $ 25.41 ) in Helsinki , while Siemens shares fell 1.02 percent to 90.19 euros ( $ 122.57 ) in Frankfurt .",neutral,negative,-2
The talks are aimed at restructuring operations and cutting costs .,positive,negative,-2
Legal & General share price: Finance chief to step down,negative,neutral,0
Finnish investment group Norvestia Oyj said its net profit fell to 23.5 mln euro $ 30.6 mln in 2006 from 33.5 mln euro $ 43.6 mln in 2005 .,negative,neutral,0
"`` That 's a very high figure on the European scale , '' Noop said , recalling however that this also includes beer bought by Finnish tourists .",neutral,positive,1
The new organization consists of two business units : Charging & Messaging and Finance & Administration .,neutral,positive,1
"Sheryl Sandberg Sells 109,000 Shares of Facebook Inc $FB Stock https://t.co/3vXT7AMnpk via @RatingsNetwork",negative,neutral,0
Operating profit in the fourth quarter went down to EUR3m from EUR4 .2 m for the corresponding period of 2009 as it included costs of growth projects .,negative,positive,2
Interest Heats Up for @Yahoo $YHOO - The Wall Street Journal  https://t.co/j5jVjI9bia,positive,neutral,0
"Agricultural newspaper Maaseudun Tulevaisuus had 318,000 readers , representing a decrease of 6 % .",neutral,negative,-1
The objective of the planned measures is to achieve significant savings in the next few years .,positive,neutral,0
"UPDATE 1-AstraZeneca buys ZS Pharma for $2.7 billion, pips Actelion",positive,neutral,0
The plan is estimated to generate some EUR 5 million ( USD 6.5 m ) in cost savings on an annual basis .,positive,neutral,0
Loss for the period totalled EUR 15.6 mn compared to a profit of EUR 6.3 mn in 2008 .,negative,neutral,0
$GS sells flat..I am out..,negative,neutral,0
"Operating profit totaled EUR 6.7 mn , down from EUR 7.2 mn in the corresponding period in 2005 .",negative,positive,1
@catskillfishing  Note the monthly chart of $GDX & how it recaptured support. $GLD possible double bottom set up. http://stks.co/aw6z,positive,neutral,0
"UK 's Sarantel to outsource part of its processes to Elcoteq plant in Estonia LONDON , Oct 13 , BNS - The British miniature antennas maker Sarantel has signed an agreement to outsource its assembly test and supply chain processes to the plant of Elcoteq in the Estonian capital Tallinn .",neutral,positive,2
$LINE biggies must be loading up here at lows..,positive,neutral,0
$PLUG bear raid,negative,neutral,0
Airvana 's UMTS Home Base Station femto cell uses software-based functionality and off-the-shelf silicon to accelerate feature development and reduce product cost .,positive,neutral,0
The new name of the Sanoma Division will be Sanoma News .,neutral,positive,1
Glencore Studies Possible IPO for Agricultural Trading Business,positive,neutral,0
"In Finland 's Hobby Hall 's sales decreased by 10 % , and international sales fell by 19 % .",neutral,negative,-2
British American Tobacco first-half sales hurt by currency moves,negative,neutral,0
"The equipment Ixonos acquires with this deal includes mechanical engineering hardware ; an RF and antenna measurement laboratory ; facilities for the measurement of audio , cameras and displays ; as well as devices and robot units for the testing of mobile devices .",neutral,positive,1
The company also said that it will sell approximately 150 hectares of land to the city of Valkeakoski by the end of the year a part of its `` From job to job '' program .,neutral,negative,-1
Just stumbled upon this amazing chart - $OFIX - holy guac. SUPER overbought. http://stks.co/e0PX1,negative,neutral,0
"As a result , the distribution companies will start to distribute , in addition to their current product offering , Shimano reels , rods and other Shimano fishing tackle products on an exclusive basis .",positive,neutral,0
The agreement must be approved by the Russian competition authorities before it enters into force .,neutral,positive,1
The Finnish company previously said its operating result will be lower than the break-even posted a year earlier .,negative,neutral,0
$TSLA recall model X https://t.co/b7izYa4BuE,negative,neutral,0
"`` While concerns remain longer term , size and scale may enable Nokia to hold on to its newfound margin improvements in the near term , '' the analyst wrote .",positive,negative,-1
$AAPL Nice RSI 33 bounce at 9:58,positive,neutral,0
"Operating profit for the 12-month period decreased from EUR157 .5 m , while net sales increased from EUR634 .3 m , as compared to 2007 .",neutral,positive,1
CompaniesMeggitt profits hit by weak energy and military markets,negative,neutral,0
"However , the net sales declined to EUR 803.6 million from EUR 1.2 billion .",neutral,negative,-1
The new SEPA cads will replace Finnish bank cards .,neutral,positive,1
Finnish automation solutions developer Cencorp Corporation ( OMX Helsinki : CNC1V ) issued on Thursday ( 18 September ) a profit warning for the third quarter of 2008 .,negative,neutral,0
$SBUX heading for the 200DMA and certain doom if it can not hold there.,negative,neutral,0
"To showcase our end-to-end capabilities at the Mobile World Congress , we arranged an internal MeeGo application development competition to entice developers to create new applications .",neutral,positive,1
$TZOO a close above 28.64 and we are ready to rock and roll,positive,neutral,0
"Tectia Corporation HEL : TEC1V , a provider of real-time security solutions , today announced that it has appointed LAN2LAN , a provider of IT services in the UK , to distribute its data security and manage file transfer software .",positive,neutral,0
"The port operator , however , favors retaining the port fees in 2010 , citing the owner , the governemtn of Estonia , commiting the port to pay EEK 400mn ( EUR 25.56 mn USD 36.44 mn ) in dividends to the state in 2009 and another EEK 300mn in 2010 .",neutral,positive,1
"The negotiations concern personnel of Cencorp Corporation and Singulase Oy as whole in Finland and in Sweden , the company said .",neutral,negative,-1
Britain's FTSE forges ahead as Shire surges,positive,neutral,0
`` Leipurin is a growing and rapidly internationalizing Group .,positive,neutral,0
"Through the new production lines at the Novator mill in Veliky Ustjug , Vologda Oblast , Sveza will change its current 1.5 m by 1.5 m birch plywood production targeting the domestic market to produce 1.5 m by 3.0 m overlaid birch plywood for the global market .",neutral,positive,1
looks like a big feb 18-22 $put spread on $cree.  Last quarter 0% YoY rev growth trading @ 24x earnings.  I may try a short.,negative,positive,2
"Finnish investor Scanfil Oyj ( HEL : SCF1V ) said last Friday it has bought 57 million shares , or 32.96 % , in Norwegian contract electronics manufacturer Kitron ASA ( OSL : KIT ) for NOK 143.9 million ( USD 24.4 m-EUR 18.1 m ) .",neutral,positive,1
$EDU bouncing nicely after add-on (posted),positive,neutral,0
stores 16 March 2010 - Finnish stationery and gift retailer Tiimari HEL : TII1V said yesterday that it will cut a total of 28 jobs in its units Tiimari Retail Ltd and Gallerix Finland Ltd as a result of the closure of shops .,neutral,negative,-1
$COST Costco less than stellar day but it held the 50 day moving average,negative,neutral,0
The Finnish daily Kauppalehti surmises that Finnish supplier Rautaruukki has raised its prices above Aker 's comfort zone .,negative,neutral,0
Dutch publisher De Vijver said today it has agreed to buy a 49 % stake in Belgian weekly magazine Humo from Finnish media company Sanoma HEL : SAA1V .,neutral,positive,1
The deal was worth about EUR 1.2 mn .,neutral,positive,1
"Meanwhile , Nokia said that it will be able to deliver a complete range of services from deployment operations to consulting and integration to managed services as a result of the buyout .",positive,neutral,0
Peer Peugeot fell 0.81 pct as its sales rose only 6.3 pct from the same period last year .,negative,neutral,0
$AMD big dumping... would not touch it for a while,negative,neutral,0
Stora Enso owns 43 percent of Bergvik and earns therefore SEK 1.5 bn on the value appreciation .,positive,neutral,0
"The contract covers installation , training and start-up services .",neutral,positive,1
`` Residentialconstruction in particular has picked up in several markets .,positive,neutral,0
Surprising to see $JWN and $SKS sales numbers still holding up so well. I guess the high end might not be a concern after all.,positive,neutral,0
"The estimated turnover of the new company is LVL 2,5 million EEK 40 million .",neutral,positive,1
The acquisition of AVC Systemhaus and the majority stake in Cableway will increase the number of Teleste personnel by 250 .,neutral,positive,1
$aapl key is to breakout above 460 on solid volume or else it's a no trade for now,positive,neutral,0
"Finnish electronics contract maker Incap Oyj said on January 3 , 2008 it sold its manufacturing facilities in Helsinki to local real estate company Sponda Oyj for 5.3 mln euro ( $ 7.8 mln ) .",neutral,positive,1
The situation of coated magazine printing paper will continue to be weak .,neutral,negative,-1
"Honkarakenne also decided yesterday to sell 88,500 of its B-series shares to key staff members for EUR 2.90 per share .",neutral,negative,-1
"The Filter Tips cover the volume range from 0.1-1200 -Ál including new sizes for 10 , 20 , 100-120 , 200 , 300 , 1000 and 1200 -Ál volume capacities .",neutral,positive,1
Ocwen Reaches Settlement With California Regulator,positive,neutral,0
"After the restructuring , UPM 's average paper machine capacity in Europe will be 320,000 tons ( 350,000 short tons ) in coated magazine paper and 420,000 tons ( 460,000 short tons ) in coated fine paper .",neutral,negative,-2
"FTSE 100 falls as China devaluation hits Burberry, mining stocks",negative,neutral,0
"When cruising , the revs fall as less engine output is required .",neutral,negative,-1
"FDA panel backs safety updates for AstraZeneca, Takeda drugs",positive,neutral,0
$AAPL Now I'm glad I got stopped out of my $113 weeklies when I did. Will re-enter next Monday for the #earnings run-up.,neutral,positive,1
"$NFLX small pos, short 180 wkly puts.",negative,neutral,0
"From 2003 on , the emphasis of Kyro 's strategy has been on Glaston 's growth .",neutral,positive,1
Rivals say Qualcomm has fewer patents on 3G phones than on earlier versions and should lower its rates .,negative,neutral,0
GlaxoSmithKline share price slips as FDA okays asthma therapy only for adults,negative,neutral,0
"According to Swedish authorities , traces of the very toxic osmium tetroxide have been found on the coast of Per+ñmeri , the Northernmost part of the Gulf of Bothnia .",negative,neutral,0
Glaston 's net profit for the third quarter of 2007 dropped to 2.4 mln euro ( $ 3.5 mln ) from 3.5 mln euro ( $ 5.1 mln ) for the corresponding period of 2006 .,negative,neutral,0
$BAC in for swing trade  looks like want go up,positive,neutral,0
No blind-spots coming from 1 vantage point allows investigators to see the whole story in high resolution with no unbroken video .,neutral,positive,1
"Based on the first quarter result , existing order backlog and new order prospects , the company expects that full-year sales will contract by 25 % from 2008 , the gross margin will stay at a healthy level , and the operating profit margin will be lower than in 2008 due to lower sales volume .",negative,positive,3
The cooperation will double The Switch 's converter capacity .,positive,neutral,0
Look at that $AMZN > 600,positive,neutral,0
"The total scholarship amount was 40,000 euros and the recipients were chosen on the recommendation of fine arts universities and sports associations .",neutral,negative,-1
"Pretax profit totaled EUR 9.0 mn , down from EUR 36.3 mn in 2007 .",negative,positive,1
"The corresponding increase in the share capital due to these subscriptions with the warrants , in total EUR 1,860.74 , was registered with the Finnish Trade Register on January 4 , 2008 .",neutral,positive,1
"ADPnews - Feb 5 , 2010 - Finnish real estate investor Sponda Oyj HEL : SDA1V said today that it slipped to a net loss of EUR 81.5 million USD 11.8 m in 2009 from a profit of EUR 29.3 million in 2008 .",negative,neutral,0
"Kalnapilio-Tauro Grupe ( Kalnapilis-Tauras Group ) , which is owned by Denmark 's Royal Unibrew , raised its market share to 25.18 percent from 23.74 percent , as beer sales for the seven months jumped by 14.5 percent to 40.5 million liters .",positive,neutral,0
"Finnish dental care group Oral Hammaslaakarit Oyj posted a total net profit of 849,000 euro $ 1.1 mln in the first nine months of 2006 versus a net loss of 331,000 euro $ 421,000 in the same period of 2005 .",positive,neutral,0
"Nordic banks have already had to write off sizable loans in Latvia , with Swedbank , Nordea , DnB NOR and SEB reporting combined losses in excess of $ 1.35 billion in the period 2007 to 2010 against a backdrop of near economic meltdown in Latvia .",neutral,negative,-1
"Finnish Suominen Flexible Packaging is cutting 48 jobs in its unit in Tampere and two in Nastola , in Finland .",neutral,negative,-1
This is the company 's first contract abroad .,neutral,positive,1
Operating profit fell to EUR 15.1 mn from EUR 24.6 mn in 2006 .,negative,neutral,0
$LEE http://stks.co/24kM LEE ready to exit bankruptcy. Strong volume today.,positive,neutral,0
The new activity will incur an investment of about 5 MEUR .,neutral,positive,1
"Tip of the week Panfish like bluegills are great fun to catch , especially for children new to fishing .",neutral,positive,2
"Net cash flow from operating activities was a negative EUR 3.1 mn , compared to EUR 23.3 mn in the corresponding period in 2009 .",neutral,negative,-1
Added long at friday close  $SPY $LABU $BLUE $AMZN,positive,neutral,0
BRIEF-Legal & General's retirement business books 4 billion stg H1 sales,positive,neutral,0
GSK joins China trade push as UK trumpets healthcare deals,positive,neutral,0
LONDON AFX - Fortum said it has agreed to sell its industrial maintenance service operations to funds managed by CapMan for an undisclosed sum .,neutral,negative,-1
Global Banking News - 28 September 2010 Tieto Corporation and Pohjola Bank ( PINK : POJLF ) are to cooperate on SWIFT services .,positive,neutral,0
The current reference grade instruments are challenging to operate due to their high price and complexity for routine use .,neutral,positive,1
UPDATE 1-Dairy Crest loses a third of Morrisons milk contract,negative,positive,1
EuroChem CFO Andrey Ilyin said : `` This facility marks another important step for EuroChem in securing the long-term financing necessary for our potash and other strategic projects '' .,positive,neutral,0
Pretax profit totaled EUR 4.9 mn compared to EUR 5.2 mn in the first quarter of 2005 .,neutral,positive,1
End Of Day Scan: Stochastic Overbought $JDST $FREE $BLRX $LPG $AFSI $DVAX $HDGE $AHT $ALR $ASMB  www.dailystockplays.com,negative,neutral,0
"CompaniesNew Aggreko CEO to reshape business, strip costs",positive,neutral,0
"Germany 's innovational centers are united in focusing at companies , which aim at use of technologies and development of new kinds of activity , through supporting the beginner companies with the entire spectrum of their services .",neutral,positive,1
"Finnish power supply solutions and systems provider Efore Oyj said its net loss widened to 3.2 mln euro $ 4.2 mln for the first quarter of fiscal 2006-2007 ending October 31 , 2007 from 900,000 euro $ 1.2 mln for the same period of fiscal 2005-06 .",neutral,negative,-1
AstraZeneca sells Caprelsa rights to Sanofi unit,positive,neutral,0
what #stocks large players are selling http://stks.co/t0Vel $CROX $GOGO $INO,negative,neutral,0
The carrier said its Area travel agency is to sell most of its outlets to sister chain Suomen Matkatoimisto (SMT)and use its remaining bricks-and-mortar presence to primarily target business customers going forward .,neutral,negative,-1
EU regulator backs approval for GSK injectable asthma drug,positive,neutral,0
"Technopolis , St. Petersburg 's Telecommunications University and the Russian Support Fund for Legislative Initiatives signed a protocol of intent in May of this year to set up a technopark in St. Petersburg on the base of the St. Petersburg Telecommunications University .",neutral,positive,1
"EXCLUSIVE-BP, China's CNPC to unveil oil alliance - sources",positive,neutral,0
$AAPL short some 592.49,negative,neutral,0
$AMRN You can many times find top and bottoms when shorts start rejoicing or bulls start rejoicing. Currently it is the shorts rejoicing,negative,neutral,0
"SSH COMMUNICATIONS SECURITY CORP STOCK EXCHANGE RELEASE OCTOBER 14 , 2008 AT 2:45 PM The Company updates its full year outlook and estimates its results to remain at loss for the full year .",neutral,negative,-1
"Tesla Motors recalls 2,700 Model X SUVs $TSLA https://t.co/F55dx4aegI",negative,neutral,0
The company 's board of directors will propose a dividend of EUR 0.14 for 2008 at the annual general meeting .,neutral,positive,1
The last job losses related to these reductions will take place during 2010 .,neutral,negative,-1
"Sold out $TZA 45 $PUT (down $1), which were hedging my 45 $CALL. Letting the calls ride solo now.",positive,neutral,0
"Shares in Royal and Sun Alliance continued to slide back from a 12-month high of 172p last month , after a potential suitor ruled itself out of a takeover bid .",negative,positive,1
"In the Baltic countries , sales fell by 40.2 % , and in Russia , by 23.2 % in terms of euros , and by 10.7 % in terms of local currency .",neutral,negative,-1
Cash flow from operations in January-December 2008 was a negative EUR 18.1 mn compared to EUR 39.0 mn in the corresponding period in 2007 .,neutral,negative,-1
3-star analyst Joe Wittine from Longbow Research reiterated a HOLD rating on $NTAP.,positive,neutral,0
Operating loss totaled EUR 25mn compared to a profit of EUR 63mn in the corresponding period in 2005 .,negative,neutral,0
Renewed AB InBev Bid for SABMiller Ups Stake in Beer Battle,positive,neutral,0
Rautaruukki Corporation Stock exchange release 3 December 2009 at 12 noon Ruukki 's construction and engineering divisions are to further improve and adjust their operations in Finland .,positive,neutral,0
Etteplan targets to employ at least 20 people in Borl+ñnge .,positive,neutral,0
$FB  rejecting HIGHS shortable...at 109,negative,neutral,0
$COST short finally making gains. I will take half my gains at 147,negative,positive,2
$NEON oversold,positive,neutral,0
Stockmann MasterCard has widened the scope of this cooperation to Estonia and Latvia .,positive,neutral,0
"In the third quarter of 2007 , net sales totaled EUR 25.95 mn , and operating profit EUR 3.88 mn .",neutral,positive,1
"Finnish pulp and paper machinery maker Vaahto Group Oyj swung to a 1.1 mln euro $ 1.4 mln net profit in the fiscal 2005-06 , ended August 31 , 2006 , from a 249,000 euro $ 319,000 net loss in the fiscal 2004-05 .",positive,neutral,0
Swedbank 's shares have been hardest hit of the Swedish banks by the ongoing international financial crisis .,negative,neutral,0
BP joins forces with Det Norske in Norway,positive,neutral,0
Australia clears AB Inbev's $100 billion SABMiller buyout plan,positive,neutral,0
FTSE 100 flat; Standard Chartered leads risers,positive,neutral,0
These restrictions do not apply to statutory dividends .,neutral,positive,1
Finnish business software group AffectoGenimap Oyj said its net profit halved to 1.2 mln euro ( $ 1.5 mln ) in the first nine months of 2006 from 2.2 mln euro ( $ 2.8 mln ) in the same period of 2005 .,negative,positive,1
"Exports of goods fell by 59 % , and imports by 16.7 % .",neutral,negative,-1
"Equity ratio was 60.9 % compared to 54.2 % In the third quarter of 2007 , net sales of the Frozen Foods Business totaled EUR 11.0 , up by about 5 % from the third quarter of 2006 .",positive,neutral,0
$ENDP being sued by FTC.....nobody will buy them with that hanging over their heads,negative,positive,1
15 September 2010 - Finnish electrical components maker Salcomp Oyj ( HEL : SAL1V ) announced today the launch of its latest Twist charger platform .,neutral,positive,1
After the renovation the biggest moulding line in the Orhangazi foundry is the most modern line in Europe .,positive,neutral,0
"Cargotec 's share capital after the increase totals 64,046,460 euros .",neutral,positive,1
Tesco share price closes higher as two more directors leave grocer,positive,neutral,0
"During the strike , Finnair estimates to incur a net loss of between EUR2m and EUR2 .5 m per day .",neutral,negative,-1
"In contrast , the company 's net loss for the third quarter of 2009 contracted to EUR 76 million from EUR 256 million for the corresponding period a year ago .",positive,negative,-1
"UPM-Kymmene www.upm-kymmene.com produces magazine papers and newsprint , as well as fine and specialty papers , converting materials and wood products .",neutral,negative,-1
"In the first nine months of 2010 , the company 's net loss narrowed to EUR 415,000 from EUR 7.4 million for the corresponding period of 2009 .",positive,negative,-1
"A total of 15,000 new Citycon shares with a nominal value of EUR 1.35 per share were subscribed between 17 and 23 March 2006 exercising the A-B-C options based on the company 's stock option plan 1999 .",neutral,positive,1
"Maglan Capital Up +20.84% In February, Long Fairpoint  http://stks.co/s1eQc $$ $FRP",positive,neutral,0
"In 2007 , Alma Media 's operating profit was about EUR 53mn .",neutral,positive,1
"Profit for the period totalled EUR 0.8 mn , down from EUR 1.1 mn in the corresponding period in 2008 .",negative,positive,1
UK WINNERS & LOSERS: Aviva And Friends Life Lead FTSE 100 Gainers,positive,neutral,0
Shell challenges Exxon dominance with 47 billion-pound bid for BG,negative,neutral,0
The reduction notice applied to 17 people .,negative,neutral,0
"$INTU is in the process of streamlining its structure, especially through divestment of non-core businesses   https://t.co/dR5baNun2u",positive,neutral,0
Acquisitions have been made and businesses have been well integrated .,positive,neutral,0
Expense ratio was 102.6 % compared to 92.9 % in the corresponding period in 2005 .,negative,neutral,0
The SeaWind that was en route from the Finnish port of Turku to Stockholm got stuck in ice already around 4 p.m. on Wednesday and the Regal Star 's journey from the Swedish port of Kapellskar to Paldiski in northwestern Estonia was cut short at 2 a.m. on Thursday .,neutral,negative,-1
Poyry is recognized as one of the world 's leading advisors to the global forestry industry .,positive,neutral,0
$GOOG breakout very likely medium target $700+ http://stks.co/1Lpz http://chart.ly/lgb94rr,positive,neutral,0
The company said that the fall in turnover had been planned .,neutral,negative,-1
"Samsung currently occupies third place and lost ground during the quarter , dropping by 1.8 % to an 11.1 % share overall .",neutral,negative,-2
Nokia Siemens Networks has struggled to make a profit in the past two years .,negative,positive,1
The insurance division turned a EUR120m profit .,neutral,positive,1
Net profit in the period in 2009 was ( EURO ) 29 million .,neutral,positive,1
Okmetic has used the furnaces for the contract manufacturing of solar crystals .,neutral,positive,1
"$GILD Sandbagged the guidance so the can use that last 3 billion up.  CC was cautiously optimistic, wait til Next ER for confirmation",neutral,positive,1
fi is developing cooperation in keyword advertising with Microsoft .,positive,neutral,0
"The contract value amounts to about EUR11m , the company added .",neutral,positive,1
"Kalnapilio-Tauro Grupe ( Kalnapilis-Tauras Group ) , which is owned by Denmark 's Royal Unibrew , raised its market share to 25.2 percent from 23.91 percent , as beer sales for the nine months jumped by 11.4 percent to 52.99 million liters .",positive,neutral,0
Timo Penttila has been appointed new manager responsible for the asset management of Nordea 's institutional customers in Finland .,neutral,positive,1
"The company 's goal is to achieve annual savings of EUR 2 million ( USD 2.7 m ) , of which two thirds are to be realized in 2010 .",positive,neutral,0
Return on investment was 16.6 % compared to 15.8 % in 2004 .,positive,neutral,0
"The OMX Helsinki 25 ended 0.47 pct lower at 3,150.55 and the OMX Helsinki was down 0.21 pct at 10,736.42 on 1.523 bln eur turnover .",negative,neutral,0
"Finnish Bank of +àland reports operating profit of EUR 2.2 mn in the first quarter of 2010 , down from EUR 6.3 mn in the corresponding period in 2009 .",neutral,positive,1
"Most of the growth in beer consumption took place in the Far East , Latin America and Africa .",neutral,positive,1
"Operating loss totalled EUR 0.3 mn , down from a profit of EUR 5.1 mn in the first half of 2009 .",negative,neutral,0
"Operating profit totalled EUR 9.0 mn , down from EUR 9.7 mn in the first half of 2008 .",neutral,positive,1
$RNN More bleeding Monday.,negative,neutral,0
"The parties have agreed not to disclose the price of the deal , the group said in a press release .",neutral,positive,1
"These companies own a 20,000 sq. m. office and commercial building and substantial amount of building right for a new shopping center in Liljeholmen , Stockholm .",neutral,positive,1
"The utility will also provide services related to electricity management , such as hedging trades and risk management and reporting .",neutral,negative,-1
"Finnish investment group Neomarkka Oyj ( HEL : NEMBV ) said today that it will buy the former production facilities of Kuitu Finland Ltd , as part of negotiations on the option to invest in specialty cellulose fiber business .",neutral,positive,1
"Simultaneously with this merger plan another merger plan has been signed , according to which Suomen Projektivuokraus Oy , a subsidiary of VTM-Rakennuskonevuokraamo Oy , would be merged with VTM-Rakennuskonevuokraamo Oy .",neutral,positive,1
"Finnish electronics contract manufacturer Scanfil reports net sales of EUR 58.9 mn in the second quarter of 2007 , down from EUR 62.4 mn a year earlier .",neutral,positive,1
"It also includes the installation of new equipment , training and start-up services , as well as service work of the shoe press delivered by Vaahto in 2001 .",neutral,positive,1
Nokia is also negotiating the product portfolio of the new company .,neutral,positive,1
Glencore slumps 30 percent as debt fears grow,negative,neutral,0
"The agreement , which will cover monitoring , maintenance , server capacity service and backups , has a one-year extension option .",neutral,positive,1
"Oka specialises in new construction , renovation work of residential and non-residential building as well as premises for industrial and logistical use .",neutral,positive,1
The net sales decreased to EUR 49.8 million from EUR 59.9 million .,neutral,negative,-1
"Net sales of Finnish Sanoma Learning & Literature , of Finnish media group Sanoma , decreased by 3.6 % in January-June 2009 totalling EUR 162.8 mn , down from EUR 168.8 mn in the corresponding period in 2008 .",neutral,negative,-1
Revenue in the quarter fell 8 percent to ( EURO ) 2.4 billion compared to a year earlier .,negative,neutral,0
"Cargo traffic fell 1 % year-on-year to 8,561 tonnes in September 2009 .",neutral,negative,-1
"In the building and home improvement trade , net sales totalled EUR 1,173 mn , down from EUR 1,566 mn a year earlier .",negative,positive,1
Lloyds Banking Group's share price lifts amid reports bank is poised to axe hundreds of UK jobs,positive,neutral,0
Shire share price under pressure after $32bn Baxalta deal,negative,positive,1
"However , he expects banks to provide alternative financing .",positive,neutral,0
We are now in a position to pursue novel clinical candidates going forward . '',positive,neutral,0
"Operating profit decreased to nearly EUR 1.7 mn , however .",negative,neutral,0
"Following the acquisitions , Panostaja will establish a new business unit which will focus on heat treatment of metals .",neutral,positive,1
Atria will also buy the shares of Kauhajoen Teurastamokiinteistot Oy (Kauhajoki slaughterhouse property)from Itikka Co-operative .,neutral,positive,1
"Combined with the Basware Enterprise Purchase to Pay portfolio , it provides a high level of automation for procurement and invoice workflows .",neutral,positive,1
"Via the move , the company aims annual savings of some EUR 3 million USD 4.3 m , the main part of which are expected to be realized this year .",positive,neutral,0
$NFLX +3% of the lows,positive,neutral,0
NYSE owner ICE may gatecrash Deutsche Boerse-LSE merger,negative,neutral,0
"Ahlstrom , headquartered in Helsinki , Finland , is a global leader in the development , manufacture and marketing of high performance fibre-based materials .",neutral,positive,1
$DMND green and moving,positive,neutral,0
"In Q2 of 2009 , profit before taxes amounted to EUR 13.6 mn , down from EUR 26.8 mn in Q2 of 2008 .",neutral,positive,1
The increase range will vary up to 10 % .,neutral,positive,1
LSE-Deutsche Boerse merger would signal end to exchange mega-deals,positive,neutral,0
Operating profit for continuing operations fell to EUR 48.3 mn from EUR 72.4 mn in the first half of 2007 .,negative,neutral,0
LONDON MarketWatch -- Share prices ended lower in London Monday as a rebound in bank stocks failed to offset broader weakness for the FTSE 100 .,neutral,negative,-1
"In 2007 , Huhtamaki will continue to invest in organic growth .",neutral,positive,1
"Glaston 's own glass processing unit , Tamglass Glass Processing , is a manufacturer of high quality safety glass products operating in Finland .",neutral,positive,1
"U.K. Stocks Little Changed Near Record as Barclays, Shell Fall",negative,neutral,0
Finnish food industry companies HK Ruokatalo and Atria will form a joint venture company called L+ñnsi-Kalkkuna to produce turkey meat .,positive,neutral,0
$KCG bot at 2.24,positive,neutral,0
"In Finland , the Bank of +àland reports its operating profit fell to EUR 6.1 mn in the second quarter of 2008 from EUR 7.5 mn in the second quarter of 2007 .",negative,neutral,0
"Operating loss of the Pulp & Paper Machinery unit was over EUR 3mn in September 2007 - August 2008 , compared to a profit of EUR 3.7 mn a year earlier .",negative,neutral,0
CompaniesKingfisher bid for Mr Bricolage runs into trouble,negative,neutral,0
"According to Finnish insurance companies Tapiola , Local Insurance Group ( L+ñhivakuutus ) , and Pohjola the two fierce storms at the end of July and in the beginning of August 2010 that felled trees around Finland have speeded up sales of forest insurance .",positive,neutral,0
$GLD http://stks.co/44ow On closer inspection.  Resistance 10 points north at 200d and downward trendline. Chart 2 of 2.,negative,neutral,0
In Sweden the agreement covers data communication services as well .,neutral,positive,1
$KEP breaking out when the market pulls back  http://stks.co/r0cet,positive,neutral,0
"Pretax profit totaled EUR 9.0 mn , down from EUR 36.3 mn in 2007 .",neutral,positive,1
The rationalization of the operations seeks to achieve over EUR 1 million in yearly savings as from the second quarter of the current financial year .,positive,neutral,0
The company also said that its board of directors has proposed a profit distribution of EUR0 .92 per share .,neutral,positive,1
$MPWR CEO sells 450k april 15th..meh,negative,neutral,0
"$HLF shorts made a killing last couple days, might make more if cover and buy back?",negative,positive,1
"ADPnews - Aug 3 , 2009 - Finnish media group Ilkka-Yhtyma Oyj HEL : ILK2S said today its net profit fell 45 % on the year to EUR 5.9 million USD 8.4 m in the first half of 2009 .",negative,neutral,0
"In addition , the production at the Varpaisj+â rvi factory will be stopped at the beginning of April 2009 .",negative,neutral,0
E 's building system service had revenue of EUR 355 mln in 2007 .,neutral,positive,1
"Budapest , August 10 MTI - Finnish electronics maker Elcoteq will lay off 700 workers at its plants in Pecs S Hungary at the end of September because of falling orders , communications director for Elcoteq 's local unit , Zoltan Krippl told MTI on Monday .",neutral,negative,-1
"The product range includes marinated olives , cold cuts , and pates , for example .",neutral,negative,-1
Sainsbury sales slip again as price pressures take a toll,negative,neutral,0
The deal is in line with Etteplan 's strategy to operate as a partner of global customers and provide industrial technology design services .,neutral,positive,1
Watch these bancos.they're holding up relatively well compared to the broad market $XLF $BAC $GS $C <--large C buying in $BAC in backburner,positive,neutral,0
Rosen was cautious about being too optimistic inregard to the second half of the year .,neutral,positive,1
"The seminar introduced modern , clean technologies and products , financial tools and sponsorship programs for energy and environment projects as well as the potential to develop clean energy in Vietnam .",positive,neutral,0
STOCK EXCHANGE ANNOUNCEMENT 20 July 2006 1 ( 1 ) BASWARE SHARE SUBSCRIPTIONS WITH WARRANTS AND INCREASE IN SHARE CAPITAL A total of 119 850 shares have been subscribed with BasWare Warrant Program .,neutral,positive,1
"Finnish Scanfil , a systems supplier and contract manufacturer to the communications sector and the electronics industry , reports net sales of EUR 49.6 mn in the first quarter of 2009 , which are only a per cent smaller than in the corresponding period in 2008 .",negative,positive,1
Entertainment One dispels ITV takeover rumours,positive,neutral,0
The dividends payable annually shall be deducted from the share subscription price .,neutral,positive,1
This assignment strengthens Poyry 's position as an international provider of engineering and project services to the chemical process industry .,positive,neutral,0
"Alpina Sports is a Lebanon , New Hampshire USA based distributor of e.g. Alpina ski shoes and skis , Exel ski poles , Start ski waxes and now also Peltonen cross-country skis .",neutral,positive,1
The company is well positioned in Brazil and Uruguay .,positive,neutral,0
"Upside moves in the volatile #mining sector, sending Anglo American PLC $AAL up 6.8% as of 4:30 PM, London time",positive,neutral,0
Sales were down 14 per cent in Finland and up 27 per cent abroad where sales were lifted by the strong growth in sales in Russia and Lithuania .,neutral,positive,2
Number of offers received for this contract is two .,neutral,positive,1
"It expects revenue between $ 8.4 billion and $ 8.7 billion , compared to analyst estimates of $ 8.67 billion .",neutral,positive,1
LSE gets Hong Kong regulatory nod to HK firms to become LSE members,positive,neutral,0
"Weber convinced his friend Ray Ostrom , who owned a Lake Street sporting goods store , to sell the lures .",neutral,negative,-1
"$AAPL is now beaten down, hated, etc. / hhhmm opposite of 700> what happens next?",negative,neutral,0
The District Court of Helsinki dismissed all charges as the court of first instance in 2005 .,positive,negative,-1
Teleste BK Optiflex amplifier products will be used in ongoing capacity upgrade of KDG 's network to bi-directionality .,neutral,positive,1
Retail giant Kingfisher reports 'solid' start to the year,positive,neutral,0
$TSLA yeah lets go down to 230s lol,negative,neutral,0
$EBAY  e-bay bay!  working on a couple daily dojis .. should continue to the downside  https://t.co/lgU0yBxEZe,negative,neutral,0
"Ragutis , which is based in Lithuania 's second-largest city Kaunas , boosted its sales last year 22.3 per cent to 36.4 million liters .",positive,neutral,0
The trade is in accordance with the agreement announced on 26 March 2008 .,neutral,positive,1
"Initial estimated total value of the contract was 250 000 Euros , excluding VAT .",neutral,positive,1
Shell and BG Shareholders to Vote on Deal at End of January,neutral,positive,1
#Apple up almost 20% from its February lows with very little fanfare. $AAPL,positive,neutral,0
"In sales volume , Coca-Cola 's market share has decreased by 2.2 % to 24.2 % .",neutral,negative,-1
L&T 's net profit for the whole 2010 dropped to EUR 36 million from EUR 45 million for 2009 .,negative,neutral,0
Group net sales in the third quarter of 2007 totaled EUR 142.3 mn and operating profit EUR 4.3 mn .,neutral,positive,1
$SPY Looks like bear traps getting laid faster than Cadbury Creme Eggs by the Easter Bunny,positive,neutral,0
"According to M-real 's CEO , Mikko Helander , this transaction will enable the company to proceed swiftly with its restructuring program .",positive,negative,-1
"New Delhi , July 17 -- Sahlberg Teppo , Kallio Timo and Mustonen Tuomas of M Real OYJ , Espoo , Finland have developed novel markings and methods of producing the same .",neutral,positive,1
"These financing arrangements will enable the company to ensure , in line with its treasury policy , that it has sufficient financial instruments at its disposal for its potential capital requirements .",positive,neutral,0
$GILD chart: With $IBB back over support. https://t.co/GpRZ2UJFC4,positive,neutral,0
Operating loss amounted to EUR 0.7 mn compared to a profit of EUR 0.8 mn in the second quarter of 2005 .,negative,neutral,0
"Operating profit totalled EUR 5.8 mn , up from a loss of EUR 1.7 mn in the fourth quarter of 2009 .",positive,neutral,0
The real estate company posted a net loss of +ó  x201a -¼ 59.3 million +ó  x201a -¼ 0.21 per share compared with a net profit of +ó  x201a -¼ 31 million +ó  x201a -¼ 0.11 per share for the corresponding quarter of 2007 .,negative,neutral,0
Earnings per share ( EPS ) amounted to a loss of EUR0 .38 .,negative,neutral,0
$AAPL long 630.91,positive,neutral,0
The divestment of Raisio 's margarine business in May 2009 gave the company a clearer focus on grain-based products .,positive,neutral,0
"@CGrantWSJ I think this $TSLA bubble might go on for some time. So long as ppl love the cars, they might keep getting funding.",positive,neutral,0
$LUV Continues to consolidate above previous break out area...,positive,neutral,0
"The contract includes design , construction , delivery of equipment , installation and commissioning .",neutral,positive,1
"The fixed-term contract of Mr. Jarmo Ukonaho , the current General Manager of Incap 's Indian operations , will finish by the end of the year .",neutral,positive,1
It posted a turnover of 4.5 mln euro $ 6.1 mln and an operating profit of 1.5 mln euro $ 2.0 mln for 2006 .,neutral,positive,1
The dismissed staff members will now take the matter to court unless it can be settled outside .,negative,neutral,0
"The value of the deal exceeds EUR500 ,000 , the company said .",neutral,positive,2
"Scanfil , a systems supplier and contract manufacturer to the communications sector , will give notice to 20 productional employees , and temporarily lay off 15 employees at the company 's plant in Sievi , in Finland .",neutral,positive,1
"`` We have a license agreement with Nokia Corp. which in part expires on April 9 , 2007 .",neutral,positive,1
"$AAPL bounce right now has no vol, more vol when it slid",positive,neutral,0
"As part of the transaction , the +ä+ñnekoski paper mill remained in M-real 's ownership and continued Galerie Art production for Sappi under a long-term contract .",neutral,positive,1
The agreement is valid for four years .,neutral,positive,1
"Finnish shipping company Finnlines , of the Grimaldi Group , reports its net sales decreased to EUR 241.8 mn in January-June 2009 from EUR 384.0 mn in the corresponding period in 2008 .",neutral,negative,-1
"Many of the commercial vessels had got stuck in the narrow Bay of Bothnia , where the ice is thicker , and around the Aaland islands .",negative,neutral,0
"Cardona slowed her vehicle , turned around and returned to the intersection , where she called 911 .",neutral,negative,-1
"In January-June 2010 , diluted loss per share stood at EUR0 .3 versus EUR0 .1 in the first half of 2009 .",neutral,negative,-1
Chime Communications Set To Be Acquired By WPP And Providence,positive,neutral,0
"Founded in 1994 , the company uses a six-step , time-focused , collaborative project approach to improve financial institutions ' revenue streams .",neutral,positive,1
Finnish consumer packaging manufacturer Huhtamaki Oyj said it swung to a net profit of 84.1 mln euro $ 105.6 mln in the first nine months of 2006 from a net loss of 2.6 mln euro $ 3.3 mln in the same period of 2005 .,positive,neutral,0
like $T for a breakout long as well. getting through the 100 and 200 MA could see it run.,positive,neutral,0
"$AXDX I got bored, and took my proprietary profit exit. I didn't like the option liquidity and lousy spreads.",negative,positive,1
"In the building and home improvement trade , sales decreased by 6.3 % , totalling EUR 154.1 mn .",negative,neutral,0
The company moved to an operating profit of EUR10 .9 m versus an operating loss of EUR15 .3 m. It also turned to EPS of EUR0 .08 versus loss per share of EUR0 .04 .,positive,negative,-1
The deal also includes a ten-year maintenance agreement .,neutral,positive,2
"Talvivaara Mining Company PLC ( Talvivaara Mining ) ( LSE : TALV ) , a Finland-based nickel mining business , has installed its second production line at its metals recovery plant on June 9 , 2010 .",neutral,positive,1
The new location is n't the only change Wellmont has in store for its air transport service .,neutral,positive,1
"The steelmaker said that the drop in profit was explained by the continuing economic uncertainty , mixed with the current drought in bank lending , resulting in a decline in demand for its products as customers find it increasingly difficult to fund operations .",neutral,negative,-2
The markets expect Heineken to sell Hartwall as a whole or in parts .,neutral,negative,-1
Chief executive officer Olli-Pekka Kallasvuo 's changes on Tuesday mark the third time in nine months the company has reshuffled executives and operations as Nokia loses ground to Apple 's iPhone and RIM 's BlackBerry .,negative,neutral,0
Irish housebuilder Cairn Homes plans London listing,positive,neutral,0
Operating profit for the quarter April-June 2006 amounted to EUR42 .9 m on net sales of EUR156 .3 m.,neutral,positive,1
"$SLV POS, been saying it for 2 years. Going lower. Forget about it or go short.",negative,neutral,0
The Moscow Metro ( www.mosmetro.ru ) was the first metro system in Europe to implement smart cards together with a new type of magnetic card in 1998 .,neutral,positive,1
"`` Small firms are suffering at the moment because they are likely to have money trouble , '' he added .",negative,neutral,0
Return on capital employed ROCE was a negative 2.3 % compared to 11.3 % in 2007 .,neutral,negative,-1
`` I warmly welcome Michael Frei to Outotec .,positive,neutral,0
ITV share price: Group mulls takeover of Canada's Entertainment One,positive,neutral,0
"Operating profit for the six-month period decreased from EUR111 .9 m , while sales increased from EUR1 ,275 m , as compared to the corresponding period in 2006 .",neutral,positive,1
3rd red day in a row ? $TSLA,negative,neutral,0
"Operating profit totalled EUR 0.4 mn , up from an operating loss of EUR 0.8 mn year-on-year .",positive,neutral,0
"According to Finnish financial services group Sampo 's CEO , Bj+Ârn Wahlroos , Danish Danske Bank 's acquisition of Sampo Bank for EUR 4bn was the largest cash deal in Finland 's economic history .",neutral,positive,1
Finnish Componenta has published its new long-term strategy for the period 2011-2015 with the aim of growing together with its customers .,neutral,positive,1
"Finnish metal products company Componenta Oyj ( HEL : CTH1V ) said today its net loss narrowed to EUR 500,000 ( USD 680,000 ) in the last quarter of 2010 from EUR 5.3 million for the same period a year earlier .",positive,negative,-1
"Viking will pay EUR 130 million for the new ship , which will be completed in January 2008 .",neutral,positive,1
"According to the company , in addition to normal seasonal fluctuation the market situation has weakened during autumn 2008 .",negative,neutral,0
"According to Arokarhu , some of the purchases that had been scanned into the cash register computer disappeared when the total sum key was pressed .",negative,neutral,0
Kesko has previously published a stock exchange release concerning the deal on 7 February 2007 .,neutral,positive,1
UPDATE 3-Ex-Barclays director accused by US of illegal tips to plumber,negative,neutral,0
L&G completes UK's largest medically underwritten bulk pension risk deal,positive,neutral,0
"Lassila & Tikanoja 's operating profit excluding non-recurring and imputed items for the second quarter was EUR11 .3 m , down from EUR13 .8 m a year ago .",neutral,positive,1
The value of the deal was not disclosed .,neutral,positive,1
"`` They would invest not only in the physical infrastructure , but would also provide know-how for managing and developing science and technology parks , '' said Sunrise Valley director Andrius Bagdonas .",positive,neutral,0
"Favourable currency rates also contributed to higher net sales , '' CEO Kari Kauniskangas said .",positive,neutral,0
The company will build altogether 130 new substations by the end of this year .,neutral,positive,1
"Tiimari , the Finnish retailer , reported to have geenrated quarterly revenues totalling EUR 1.3 mn in the 4th quarter 2009 , up from EUR 0.3 mn loss in 2008 .",positive,negative,-1
$GALE Breakout Coming Soon!,positive,neutral,0
"A In August 2007 , Latvijas Finieris ordered all production lines for a new green veneer mill to be built in Ukmerge , central Lithuania .",neutral,positive,1
S&P downgrades Barclays and RBS on government bailout fears,negative,neutral,0
Finnish energy company Fortum has set itself new stricter target limits for short-term carbon dioxide emissions from its heat and electricity production .,neutral,positive,1
"The refining margin for the year was $ 13.39 - bbl , compared to $ 10.46 - bbl in the prior year .",positive,neutral,0
$TSLA weakest in todays DT watchlist,negative,neutral,0
"Tesla: Voluntary recall of 2,700 Model X vehicles, due to back seat issue. $TSLA https://t.co/NPAkc3U6GS",negative,neutral,0
"Finnish electronics contract manufacturer Scanfil reports net sales of EUR 241.2 mn in 2006 , down from EUR 321.6 mn in 2005 .",neutral,positive,1
"YIT lodged counter claims against Neste Oil totaling some EUR25m , primarily based on work carried out under the contract and additional costs incurred due to prolongation of the project .",negative,positive,1
$UVXY Put the chum out there at key support then next level down - careful,negative,neutral,0
Mobile data transfer is expected to increase explosively in the LTE era .,neutral,positive,1
Finnish waste management and cleaning group Lassila & Tikanoja Oyj ( L&T ) net profit went down to 32.2 mln euro ( $ 47.7 mln ) for 2007 from 35.3 mln euro ( $ 52.3 mln ) for 2006 .,neutral,positive,1
"Jarmo Honkamaa , head of the oil refining business at Neste Oil , says the situation looks promising from their viewpoint .",positive,neutral,0
"$RNN day traders flushed out, it should start going up slowly from now on .",positive,neutral,0
"` After fixing our home-base , cutting costs and closing the non-profitable units , we are now looking at going forward , ' she said .",positive,neutral,0
"`` The transaction strengthens our position ... in design and branded goods , '' said Fiskars president and CEO Heikki Allonen , pointing out that the two groups have relatively few overlapping operations .",positive,neutral,0
UPDATE 1-AstraZeneca sells rare cancer drug to Sanofi for up to $300 mln,positive,neutral,0
How Kraft-Heinz Merger Came Together in Speedy 10 Weeks,positive,neutral,0
"narrows to EUR2 .8 m 9-mo '09 29 October 2009 - Finnish software and hardware developer Elektrobit Oyj HEL : EBG1V , or EB , said today that its net loss narrowed to EUR2 .8 m for the first nine months of 2009 from EUR35 .6 m for the same period a year ago .",positive,negative,-1
"Vaisala also said it expects net sales of EUR 253.2 million for 2010 , compared with EUR 252.2 million recorded in 2009 .",positive,neutral,0
"The company will pay a dividend of EUR 0.50 per share , a total of EUR 14mn .",neutral,positive,1
"Compared with the FTSE 100 index , which rose 94.9 points ( or 1.6 % ) on the day , this was a relative price change of -0.4 % .",neutral,positive,1
"`` We have tailored our solutions to meet Solel 's technical requirements , and the result is both cost-effective manufacturing and highest-quality reflectors . ''",positive,neutral,0
The desk will reach its full planned strength of ten persons in autumn 2007 .,neutral,positive,1
"Operating profit fell to EUR 35.4 mn from EUR 68.8 mn in 2007 , including vessel sales gain of EUR 12.3 mn .",neutral,positive,1
$FB SHIFTING ON THE 15 MINUTE HERE - SUSPECT TO TAKE HIGHS,positive,neutral,0
Meggitt share price tumbles as profit falls in 'challenging year',negative,positive,1
"On top of that , the US Commerce Department published worse-than-expected construction spending figures for November .",neutral,negative,-1
"Under the agreement , Pfizer has been funding Biotie 's research activities on the PDE10 phosphodiesterase 10 inhibitor program since its start in late 2006 and has the sole authority to develop discovered compounds .",neutral,positive,1
"Net cash from operating activities was a negative EUR 0.3 mn , compared to EUR 30.9 mn in 2009 .",neutral,negative,-1
The total need for staff cuts corresponds to about 300 man-years .,neutral,negative,-1
The estimated annual value of the frame agreement is about EUR 50mn .,neutral,positive,1
The company expects its net sales in the first half of 2008 to reach the previous year 's level .,positive,neutral,0
"Russia 's top container shipping group , Fesco , and Finnish logistics company Nurminen Logistics have started a pilot project offering clients direct intermodal transportation service from Finland to Asia Pacific countries , Fesco said in a statement .",positive,neutral,0
Finnish silicon wafers manufacturer Okmetic Oyj said it swung to a net profit of 4.9 mln euro $ 6.3 mln in the first nine months of 2006 from a net loss of 1.8 mln euro $ 2.3 mln a year earlier .,positive,neutral,0
"Today , we are connecting people in new and different ways - fusing advanced mobile technology with personalized services to enable people to stay close to what matters to them .",neutral,positive,1
"A total of 750,330 new Citycon shares with a nominal value of EUR 1.35 per share were subscribed in December exercising the A-B-C options based on the company 's stock option plan 1999 .",neutral,positive,1
$GRPN might be selling off ahead of $P earnings...,negative,positive,1
"Incap Contract Manufacturing will carry out the manufacturing for these agreements at its factory in Tumkur , near Bangalore .",neutral,positive,1
$AAPL Action into the close indicates that $AAPL probably hit a near term high.  Momentum slowing after a huge run.,positive,neutral,0
"So far the company has awarded more than $ 350,000 worth of tools and materials .",neutral,positive,1
"However , the company saw its net profit for the third quarter down to EUR1 .4 m from EUR1 .5 m for the corresponding period of 2009 .",negative,positive,1
Aviva Fined $27 Million by U.K. Regulator Over Fee Failings,negative,neutral,0
"Finnish management software solutions provider Ixonos Oyj net profit decreased to 369,000 euro ( $ 575,000 ) for the first quarter of 2008 from 669,000 euro ( $ 1.0 mln ) for the same period of 2007 .",negative,neutral,0
The turbines are expected to be launched by the end of 2012 .,neutral,positive,1
Lean System supports change management and component purchasing extremely well .,positive,neutral,0
"To see more of New Haven Register , or to subscribe to the newspaper .",neutral,positive,1
Diageo Shares Surge on Report of Possible Takeover by Lemann,positive,neutral,0
"Ahlstrom , headquartered in Helsinki , Finland , is a global company involved in the development , manufacture and marketing of high performance fibre-based materials .",neutral,positive,1
"The combination of all services enabling us to offer a complex and strengthened service chain not only limited to the Baltic port connections but also for getting access to the world wide Grimaldi Network into the Mediterranean , Africa and North America `` says Uwe Bakosch .",positive,neutral,0
"As part of the agreement , Aspocomp will also give Meadville a 10 pct slice of a subsidiary operating in Oulu , Finland .",neutral,positive,1
Diluted earnings per share ( EPS ) stood at EUR 0.25 versus EUR 0.42 .,negative,positive,1
The energy-efficient data center will be built by combining an effective energy solution with state-of-the-art technology .,positive,neutral,0
Johnson Matthey raises prospect of investor payout,positive,neutral,0
"The chain has been trying to cut its own costs , pressuring vendors such as fitness equipment manufacturer Precor to slash prices .",neutral,negative,-1
"In the first nine months of 2010 , the company 's net loss narrowed to EUR415 ,000 from EUR7 .4 m for the corresponding period of 2009 .",positive,negative,-1
US dollar wipes out sales gains for SABMiller,negative,positive,1
$WX Decent pull back . .,negative,neutral,0
Covered my small $MWW short @ 7.99 for a .16 loss. Flat on the day. All cash now.,positive,negative,-1
Return on equity stood at 18.3 % compared to 15.4 % in the third quarter of 2005 .,positive,neutral,0
"The negotiation has resulted in the reduction of 80 people in regular employment , around half of which will be covered with pension arrangements .",negative,neutral,0
$ACOM http://stks.co/1G6x Downside breakout looks to be coming soon.,negative,neutral,0
"The cost of the deal could range from 70 million to 90 million euros depending on the financial results of the two companies in 2008 , the statement says .",neutral,positive,1
High winds also toppled three semi-trailers on I-15 north of Barstow .,neutral,positive,1
$GOOGL is setting up above its 50-day moving average. https://t.co/tTm9RnFoXJ,positive,neutral,0
"The deal includes all rental equipment and related merchandise , the rental contract of the depot and two employees , the company said .",neutral,positive,2
Operating cash flow after investments totalled EUR 61.3 mn compared to EUR 75.3 mn in the corresponding period in 2007 .,negative,neutral,0
Pharmaceuticals group Orion Corp reported a fall in its third-quarter earnings that were hit by larger expenditures on R&D and marketing .,negative,neutral,0
Hobby Hall 's sales decrease 26 pct due to implementing a new information system that involved changing in the principal of posting sales .,negative,neutral,0
Subscription sales decreased slightly .,neutral,negative,-1
The original contract was signed last summer .,neutral,positive,2
"In the first quarter of 2008 , Sacanfil 's net sales totalled EUR 50.0 mn and its operating profit EUR 4.7 mn .",neutral,positive,1
$FB & $TSLA cracking lower early. $short #correction #stocks,negative,neutral,0
The total capital of funds managed by the bank decreased by 28 % to EUR 284mn by the end of September 2008 .,neutral,negative,-1
"Commission income decreased to EUR 3.8 mn , compared to EUR 4.6 mn in the third quarter of 2007 .",neutral,negative,-1
"Britain's FTSE steadies, supported by Dixons Carphone",positive,neutral,0
"ADP News - Nov 13 , 2008 - Finnish printed circuit board PCB maker Aspocomp Group Oyj OMX : ACG1V said today that its net loss narrowed to EUR 2 million USD 2.5 m in the first nine months of 2008 from EUR 57",positive,negative,-1
Finnish media group Talentum has issued a profit warning .,negative,neutral,0
The acquisition is part of Ramirent 's strategy to strengthen its position in selected locations .,positive,neutral,0
$SBUX getting sold here.,negative,neutral,0
With this acquisition Panostaja Oyj further expands its business area specialising in digital printing .,positive,neutral,0
"Via the move , the company aims annual savings of some EUR3m , the main part of which are expected to be realized this year .",positive,neutral,0
"`` This is a significant milestone for Benefon , helping us to secure critical USP 's for our personal navigation product roadmap for 2007 and beyond , '' commented Simon Button , Chief Technology Officer at Benefon .",positive,neutral,0
Kone said in court papers that the union action delayed repairs to elevators at the federal courthouse on Jan. 21 and the Saltonstall state office building on Jan. 23 .,negative,neutral,0
"The 10,000-odd square metre plot that Stockmann has bought for the Nevsky Center shopping center is located on Nevsky Prospect , St Petersburg 's high street , next to the Vosstaniya Square underground station , in the immediate vicinity of Moscow Station .",neutral,positive,1
Amazon has been selling surveillance cameras infected with malware $AMZN #Amazon  https://t.co/TohLEQ8FK6 https://t.co/5PR4cBtVVy,negative,neutral,0
"Finnish textiles and clothing group Marimekko Oyj posted a net profit of 7.99 mln euro $ 10.4 mln for 2006 , compared to 8.4 mln euro $ 10.9 mln for 2005 .",negative,positive,1
bot $AMZN 600 weekly calls here @ 5.93,positive,neutral,0
Vaisala 's net profit for the third quarter of 2007 dropped to 3.0 mln euro ( $ 4.3 mln ) from 6.8 mln euro ( $ 9.8 mln ) for the same period of 2006 .,negative,neutral,0
"Finnish Suominen Corporation that makes wipes , nonwovens , and flexible packaging , expects changes in the market situation to reduce sales of Suominen 's nonwovens and wet wipes from the previously estimated volumes .",negative,neutral,0
$BBRY Ready for Take OFF!,positive,neutral,0
"Nine banks including Barclays, Citi, agree to pay $2 billion to settle forex ...",negative,neutral,0
"As a result of these transactions , the aggregate holdings of Burrill Life Sciences Capital Fund , L.P. has decreased below 5 per cent of the total number of shares and votes of the Company .",neutral,negative,-2
Diluted earnings per share ( EPS ) declined to EUR 0.78 from EUR 1.76 .,negative,neutral,0
Teva: FDA Approves Generic Version of AstraZeneca Heartburn Drug,positive,neutral,0
"Cost cutting measures , which have produced around EUR70m of savings over the past nine months , have dampened the airline 's loss , Finnair said .",positive,negative,-2
Viking Line head Jan Kaarstroem told TT that his company 's ferries were well equipped to handle ice and that all the passengers were safe .,positive,neutral,0
AstraZeneca And Daiichi Sankyo To Jointly Commercialise MOVANTIK In The US,positive,neutral,0
"All the ferries had run into trouble just outside the Stockholm archipelago , made up of more than 20,000 islands .",negative,neutral,0
With this appointment Kaupthing Bank aims to further co-ordinate Capital Markets activities within the Group and to improve the overall service to clients .,positive,neutral,0
$SPY Tomorrow party time for the Bears!! $GOOG and $MSFT -5.5%,negative,neutral,0
"Operating profit excluding non-recurring items decreased to EUR 6.2 mn from EUR 16.8 mn in 2007 , representing 2.3 % of net sales .",negative,neutral,0
The bank VTB24 provides mortgage loans to buy apartments in the complex at 11-13 % per annum in rubles .,neutral,positive,1
"Last year , 8.3 million passengers flew the airline , down 4 percent from 2007 .",negative,neutral,0
"ADP News - Feb 25 , 2009 - Finnish printed circuit board PCB maker Aspocomp Group Oyj HEL : ACG1V said today it swung to a net profit of EUR 300,000 USD 385,000 for 2008 versus a net loss of EUR 65.3 million",positive,neutral,0
The company reported today an operating loss of EUR0 .1 m on net sales of EUR4 .5 m for the first quarter 2008 .,neutral,negative,-1
"CEOs of BPM, UBI meet Italy econ minister as M&A talk heats up",positive,neutral,0
"Following the increase , Huhtamaki Oyj 's registered share capital is EUR 358,706,290.00 and the number of shares outstanding is 105,501,850 .",neutral,positive,1
"It generated an operating loss of EUR 96.3 mn , down from a profit of EUR 43.9 mn .",negative,neutral,0
"In the first half of 2008 , the Bank 's operating profit fell to EUR 11.8 mn from EUR 18.9 mn , while net interest income increased to EUR 20.9 mn from EUR 18.8 mn in the first half of 2007 .",neutral,positive,1
25 March 2011 - Finnish electronics contract manufacturer Scanfil Oyj HEL : SCF1V said today its plan to merge wholly owned Scanfil EMS Group with Ojala-Yhtyma Oy has hit a snag as shareholders of the domestic rival rejected the deal .,negative,positive,2
`` Our design team has long admired Marimekko 's vivid patterns and colors .,positive,neutral,0
Its market share widened to 48.51 percent from 48.31 percent a year earlier .,positive,neutral,0
"Operating profit before non-recurring items was EUR 8.3 mn in the first nine months of 2008 , compared to EUR 8.4 in the corresponding period in 2007 .",negative,positive,1
"According to statistics by the Finnish Maritime Administration , shipping did not increase much in January-August 2009 , however .",neutral,negative,-1
"Westend ICT Plc s new 409,665,891 shares and increase of share capital with EUR 2,000,000 based on the resolutions of extraordinary shareholders meeting on 27 December 2010 have today registered in the Trade Register .",neutral,positive,2
"Finnish Suominen Corporation that specialises in wet wipes , nonwovens , and flexible packaging reports net sales of EUR 44.1 mn in the second quarter of 2010 , up from EUR 43.3 mn in the second quarter of 2009 .",positive,neutral,0
"Strong brand visibility nationally and regionally is of primary importance in home sales , vehicle and consumer advertising .",neutral,positive,1
expecting  $SPY to close above 205.20 $AAPL,positive,neutral,0
"Once your plants are in the ground they will continue to grow , but the success of any garden lies in how well it 's maintained .",neutral,positive,2
AstraZeneca suffers setback after drug fails to treat eye cancer,negative,neutral,0
Sanoma Magazines International will invite other shareholders holding approximately 15 % of the shares to sell their shares .,neutral,negative,-1
`` The trend in the sports and leisure markets was favorable in the first months of the year .,positive,neutral,0
Berkshire applies to boost Wells Fargo stake above 10 percent,positive,neutral,0
The mill has long traditions and holds an established position in the markets .,positive,neutral,0
"$ENDP - we saw a large order in this one last week, someone also accumulating May & Jun 35's Calls today",positive,neutral,0
Thank you $GOOG (Google Alphabet) and $FB (Facebook) stocks! What a nice reversal.,positive,neutral,0
About Elcoteq Elcoteq SE is a leading electronics manufacturing services ( EMS ) company in the communications technology field .,positive,neutral,0
Okmetic Board of Directors has also decided on a new share ownership program directed to the company 's top management .,neutral,positive,1
Aspocomp has a large factory in China and a factory building project in India that was halted due to financing problems .,negative,neutral,0
"$TSLA on fire, what is that 6 up days in a row. Someone neeeeds!! in",positive,neutral,0
"UPDATE 1-BHP Billiton's credit ratings fragile in FY16, agencies warn",negative,neutral,0
"Operating profit totalled EUR 9.6 mn , down from EUR 42.0 mn the year before .",negative,positive,1
Arm slammed by handset sales outlook,negative,neutral,0
Most of the dividend will go to the Grimaldi family .,neutral,positive,1
$NIHD insiders got this one wrong. Looking for bottom. Rsi under 30,negative,neutral,0
"The company also appointed Leif Rosen head of the Special Plate unit which includes the quarto plate units in Degerfors , Sweden , and New Castle , USA , the unit in Willich , Germany , as well as Pressplate and Prefab in Avesta and Plate Service Centre Nordic in Degerfors .",neutral,positive,1
"potential defect with third-row seat belts. Tesla Motors recalls 2,700 Model X SUVs $TSLA https://t.co/YVYDncdNdi",negative,neutral,0
"Based on negotiations with personnel , some 20 % have indicated their willingness to move to the new location .",neutral,positive,1
France raises concerns over proposed LSE-Deutsche Boerse deal,negative,neutral,0
"561,470 new shares under 2003 option rights plan Packaging company Huhtamaki Oyj reported on Monday that a total of 561,470 new shares of the company have been issued based on share subscriptions under its 2003 option rights plan .",neutral,positive,2
The expansion will be delivered in the fourth quarter of 2006 .,neutral,positive,1
Aspokem posted an operating profit of 2.7 mln euro ( $ 3.5 mln ) and net sales of 89.1 mln euro ( $ 116.8 mln ) in 2006 .,neutral,positive,1
"According to Karhinen , OP-Pohjola is an exciting enterprise because the cooperation will bring huge opportunities for customers and the company itself .",positive,neutral,0
The court found TelecomInvest 's arguments convincing .,positive,neutral,0
"The largest restructuring is planned for Italy , where negotiations on about 40 job cuts are to be initiated today , the company noted .",neutral,negative,-2
"Operating profit totaled EUR 9.4 mn , down from EUR 11.7 mn in 2004 .",negative,positive,1
Earnings per share EPS in 2005 decreased to EUR0 .66 from EUR1 .15 in 2004 .,negative,neutral,0
The investments and operational changes enable additional optimisation of the working hours and thereby further cost savings of some 7 % -9 % .,positive,neutral,0
Net sales decreased to EUR 220.5 mn from EUR 470.0 mn in the corresponding period in 2009 .,neutral,negative,-1
This will bring cost savings of about EUR 3mn a year .,positive,neutral,0
RT @Street_Insider The Steve Jobs Effect? Apple $AAPL First Day iPhone 4S Sales Were Off the Charts http://stks.co/YYe,positive,neutral,0
Market share decreased on the route between Helsinki in Finland and Tallinn in Estonia by 0.1 percentage points to 24.8 % .,neutral,negative,-1
$mako hanging in well today. still in a basing pattern. have eyes on it,positive,neutral,0
"The transaction is subject to a final agreement between the parties , approvals of their decision-making bodies and approval by the Finnish Competition Authority .",neutral,positive,1
"BasWare Invoice Processing , BasWare Contract Matching , BasWare Order Matching and BasWare KPI Reporting Tool are part of the BasWare 's Enterprise Purchase to Pay solution suite .",neutral,positive,1
"Still short $LNG from $11.70 area...next stop could be down through $9.00. Someone slammed it hard with 230,000 shs this am! More to follow",negative,neutral,0
Finnish glass technology company Glaston Oyj Abp net profit decreased to 2.6 mln euro ( $ 3.8 mln ) for the first nine months of 2007 from 7.8 mln euro ( $ 11.4 mln ) for the same period of 2006 .,negative,neutral,0
Greene King's third quarter sales boosted by festive season,positive,neutral,0
"U.S.-based T Corp. is in talks with Scandinavian telecoms company TeliaSonera to sell its stake in Uzbek cellular operator Coscom , an executive at Coscom told Interfax .",neutral,negative,-1
Investors Remain Skeptical About Shell-BG Deal,negative,positive,1
"The remaining amount will be funded through debt , the Danish bank said .",neutral,negative,-1
Finnish business software group AffectoGenimap Oyj said its net profit halved to 1.2 mln euro ( $ 1.5 mln ) in the first nine months of 2006 from 2.2 mln euro ( $ 2.8 mln ) in the same period of 2005 .,neutral,positive,1
"H1 '08 H1 '07 Q2 '08 Q2 '07 in mln euro , unless otherwise stated Net sales 386 328.6 201 160.7 Operating profit 46.3 35.8 23.2 9.5 Pre-tax profit 33.6 26.9 18.7 5.1 Net profit 25.1 25.4 14 4.0 EPS in euro 2.20 2.36 1.24 0.38 1.0 euro = $ 1.60 www.componenta.com",neutral,positive,3
$SPY $MITK fast 56pc dive http://stks.co/3ffN $$,negative,neutral,0
Market Report: Eight-day rally ends for FTSE 100 and Standard Chartered,neutral,positive,1
"At this growth rate , paying off the national debt will be extremely painful .",negative,neutral,0
"However , the total orders received will still be above last year s levels .",positive,neutral,0
"$QCOM The indicator RSI is over 50, which stands at 56.1, an upward movement is expected. https://t.co/yfa9jcUsQa",positive,neutral,0
$FB they are hitting  everything in sight.short it. but twtr,negative,neutral,0
$GOOG resistance turned support?  It,positive,neutral,0
$BOBE down $2.84  premarket,negative,neutral,0
"Sales in Finland decreased by 2.0 % , and international sales decreased by 9.3 % in terms of euros , and by 15.1 % in terms of local currencies .",neutral,negative,-2
"Metsaliitto , however , narrowed its net loss for the second quarter of 2007 to 5.0 mln euro $ 6.9 mln from 61 mln euro $ 83.7 mln a year ago .",positive,negative,-1
The acquisition of Boomeranger Boats Oy is in line with the Done Solutions strategy of developing its business through company acquisitions .,positive,neutral,0
28 October 2010 - Finnish wood products technology supplier Raute Oyj HEL : RUTAV said today it swung to a net profit of EUR3m for the first nine months of 2010 versus a net loss of EUR5 .2 m for the same period a year earlier .,positive,neutral,0
$ACAD under $2 today?,negative,neutral,0
$CERN - consolidating above 50 & 200 MA - nice long entry here w stop below 10 MA - targeting $70 area,positive,negative,-1
"Finnish electronics contract manufacturer Scanfil reports net sales of EUR 241.2 mn in 2006 , down from EUR 321.6 mn in 2005 .",negative,positive,1
"`` In the newly formed company YIT Stavo the local contact network , expertise and market know how of Euro Stavokonsult will be combined with YIT 's housing concept , '' said Juha Kostiainen , Yit 's Vice President , Corporate Communications and Business Development .",positive,neutral,0
The machinery now ordered will be placed in a new mill with an annual production capacity of 40 000 m3 of overlaid birch plywood .,neutral,positive,1
"( ADPnews ) - Oct 21 , 2009 - Finland-based IT consultancy Tieto Oyj ( HEL : TIE1V ) said today its net profit plunged to EUR 29.4 million ( USD 43.9 m ) for the first nine months of 2009 from EUR 58.7 million for the same period o",negative,positive,1
"Since the registration of the shares subscribed in a directed share issue , the new number of Panostaja shares and voting rights is 41,733,110 .",neutral,positive,1
Finnish developer and manufacturer of mobile phone chargers Salcomp Plc OMX Helsinki : SAL1V on Wednesday 19 November lowered its full-year net sales estimate .,negative,neutral,0
Operating profit fell to EUR 38.1 mn from EUR 55.3 mn in 2007 .,negative,neutral,0
"In 2008 , Kemira recorded revenue of approximately EUR 2.8 billion and had a staff of 9,400 .",neutral,positive,1
Daily Mail parent company in talks with potential partners about joint bid for Yahoo's internet assets: https://t.co/mK7MEMtADT $YHOO,positive,neutral,0
RISING costs have forced packaging producer Huhtamaki to axe 90 jobs at its Hampshire manufacturing plant .,negative,positive,1
