generic_name,brand_name,manufacturer,category,availability,severity,days_in_shortage,posting_date,route
Fentanyl Citrate Injection,FENTANYL CITRATE,"Fresenius Kabi USA, LLC",Pain/Opioids,Unavailable,Critical,5207,2012-01-01,"INTRAMUSCULAR, INTRAVENOUS"
Atropine Sulfate Injection,,,Anticholinergics,Unavailable,Critical,5207,2012-01-01,
Atropine Sulfate Injection,ATROPINE SULFATE,"Hospira, Inc.",Anticholinergics,Unavailable,Critical,5207,2012-01-01,INTRAVENOUS
Atropine Sulfate Injection,,,Anticholinergics,Unavailable,Critical,5207,2012-01-01,
Atropine Sulfate Injection,ATROPINE SULFATE,Accord Healthcare Inc.,Anticholinergics,Unavailable,Critical,5207,2012-01-01,"ENDOTRACHEAL, INTRAMEDULLARY, INTRAMUSCULAR, INTRAVENOUS, SUBCUTANEOUS"
Fentanyl Citrate Injection,FENTANYL CITRATE,"Fresenius Kabi USA, LLC",Pain/Opioids,Unavailable,Critical,5207,2012-01-01,"INTRAMUSCULAR, INTRAVENOUS"
Fentanyl Citrate Injection,FENTANYL CITRATE,"Fresenius Kabi USA, LLC",Pain/Opioids,Unavailable,Critical,5207,2012-01-01,"INTRAMUSCULAR, INTRAVENOUS"
Fentanyl Citrate Injection,FENTANYL CITRATE,"Fresenius Kabi USA, LLC",Pain/Opioids,Unavailable,Critical,5207,2012-01-01,"INTRAMUSCULAR, INTRAVENOUS"
Fentanyl Citrate Injection,FENTANYL CITRATE,"Hospira, Inc.",Pain/Opioids,Unavailable,Critical,5207,2012-01-01,"INTRAMUSCULAR, INTRAVENOUS"
Atropine Sulfate Injection,,,Anticholinergics,Unavailable,Critical,5207,2012-01-01,
Atropine Sulfate Injection,,,Anticholinergics,Unavailable,Critical,5207,2012-01-01,
"Epinephrine Bitartrate, Lidocaine Hydrochloride Injection",LIDOCAINE HYDROCHLORIDE AND EPINEPHRINE,"Hospira, Inc.",Cardiovascular,Unavailable,Critical,5155,2012-02-22,"EPIDURAL, INFILTRATION, INTRACAUDAL, PERINEURAL"
Lidocaine Hydrochloride Injection,LIDOCAINE HYDROCHLORIDE,"Hospira, Inc.",Other,Unavailable,Critical,5155,2012-02-22,INTRAVENOUS
"Epinephrine Bitartrate, Lidocaine Hydrochloride Injection",LIDOCAINE HYDROCHLORIDE AND EPINEPHRINE,"Hospira, Inc.",Cardiovascular,Unavailable,Critical,5155,2012-02-22,"INFILTRATION, PERINEURAL"
Lidocaine Hydrochloride Injection,XYLOCAINE MPF,"Fresenius Kabi USA, LLC",Other,Unavailable,Critical,5155,2012-02-22,"EPIDURAL, INFILTRATION, INTRACAUDAL, PERINEURAL"
Lidocaine Hydrochloride Injection,XYLOCAINE MPF,"Fresenius Kabi USA, LLC",Other,Unavailable,Critical,5155,2012-02-22,"EPIDURAL, INFILTRATION, INTRACAUDAL, PERINEURAL"
Lidocaine Hydrochloride Injection,,,Other,Unavailable,Critical,5155,2012-02-22,
Lidocaine Hydrochloride Injection,,,Other,Unavailable,Critical,5155,2012-02-22,
Lidocaine Hydrochloride Injection,XYLOCAINE MPF,"Fresenius Kabi USA, LLC",Other,Unavailable,Critical,5155,2012-02-22,"EPIDURAL, INFILTRATION, INTRACAUDAL, PERINEURAL"
Lidocaine Hydrochloride Injection,XYLOCAINE MPF,"Fresenius Kabi USA, LLC",Other,Unavailable,Critical,5155,2012-02-22,"EPIDURAL, INFILTRATION, INTRACAUDAL, PERINEURAL"
"Epinephrine Bitartrate, Lidocaine Hydrochloride Injection",LIDOCAINE HYDROCHLORIDE AND EPINEPHRINE,"Hospira, Inc.",Cardiovascular,Unavailable,Critical,5155,2012-02-22,"INFILTRATION, PERINEURAL"
Lidocaine Hydrochloride Injection,XYLOCAINE,"Fresenius Kabi USA, LLC",Other,Unavailable,Critical,5155,2012-02-22,"INFILTRATION, PERINEURAL"
Lidocaine Hydrochloride Injection,LIDOCAINE HYDROCHLORIDE,"Hospira, Inc.",Other,Unavailable,Critical,5155,2012-02-22,"INFILTRATION, PERINEURAL"
"Cefotaxime Sodium Powder, for Solution",CEFOTAXIME,Hikma Pharmaceuticals USA Inc.,Other,Unavailable,Critical,4064,2015-02-17,"INTRAMUSCULAR, INTRAVENOUS"
"Cefotaxime Sodium Powder, for Solution",CEFOTAXIME,Hikma Pharmaceuticals USA Inc.,Other,Unavailable,Critical,4064,2015-02-17,"INTRAMUSCULAR, INTRAVENOUS"
"Cefotaxime Sodium Powder, for Solution",CEFOTAXIME,Hikma Pharmaceuticals USA Inc.,Other,Unavailable,Critical,4064,2015-02-17,INTRAVENOUS
"Cefotaxime Sodium Powder, for Solution",CEFOTAXIME,Hikma Pharmaceuticals USA Inc.,Other,Unavailable,Critical,4064,2015-02-17,"INTRAMUSCULAR, INTRAVENOUS"
Sodium Acetate Injection,SODIUM ACETATE,Hikma Pharmaceuticals USA Inc.,Other,Unavailable,Critical,3713,2016-02-03,INTRAVENOUS
"Epinephrine Bitartrate, Lidocaine Hydrochloride Injection",XYLOCAINE MPF,"Fresenius Kabi USA, LLC",Cardiovascular,Unavailable,Critical,3459,2016-10-14,"EPIDURAL, INFILTRATION, INTRACAUDAL, PERINEURAL"
"Epinephrine Bitartrate, Lidocaine Hydrochloride Injection",XYLOCAINE MPF,"Fresenius Kabi USA, LLC",Cardiovascular,Unavailable,Critical,3459,2016-10-14,"EPIDURAL, INFILTRATION, INTRACAUDAL, PERINEURAL"
Sodium Bicarbonate Injection,,,IV Fluids,Unavailable,Critical,3321,2017-03-01,
Sodium Bicarbonate Injection,SODIUM BICARBONATE,"Hospira, Inc.",IV Fluids,Unavailable,Critical,3321,2017-03-01,INTRAVENOUS
Sodium Bicarbonate Injection,SODIUM BICARBONATE,"Hospira, Inc.",IV Fluids,Unavailable,Critical,3321,2017-03-01,INTRAVENOUS
Sodium Bicarbonate Injection,,,IV Fluids,Unavailable,Critical,3321,2017-03-01,
Sodium Bicarbonate Injection,,,IV Fluids,Unavailable,Critical,3321,2017-03-01,
Sodium Bicarbonate Injection,SODIUM BICARBONATE,"Hospira, Inc.",IV Fluids,Unavailable,Critical,3321,2017-03-01,INTRAVENOUS
Sodium Bicarbonate Injection,SODIUM BICARBONATE,"Hospira, Inc.",IV Fluids,Unavailable,Critical,3321,2017-03-01,INTRAVENOUS
Sodium Bicarbonate Injection,SODIUM BICARBONATE,"Fresenius Kabi USA, LLC",IV Fluids,Unavailable,Critical,3176,2017-07-24,INTRAVENOUS
Hydromorphone Hydrochloride Injection,HYDROMORPHONE HYDROCHLORIDE,"Fresenius Kabi USA, LLC",Pain/Opioids,Unavailable,Critical,3077,2017-10-31,"INTRAMUSCULAR, INTRAVENOUS, SUBCUTANEOUS"
Hydromorphone Hydrochloride Injection,HYDROMORPHONE HYDROCHLORIDE,"Hospira, Inc.",Pain/Opioids,Unavailable,Critical,3077,2017-10-31,"INTRAMUSCULAR, INTRAVENOUS, SUBCUTANEOUS"
Hydromorphone Hydrochloride Injection,HYDROMORPHONE HYDROCHLORIDE,"Hospira, Inc.",Pain/Opioids,Unavailable,Critical,3077,2017-10-31,"INTRAMUSCULAR, INTRAVENOUS, SUBCUTANEOUS"
Morphine Sulfate Injection,MORPHINE SULFATE,"Fresenius Kabi USA, LLC",Pain/Opioids,Unavailable,Critical,3077,2017-10-31,"INTRAMUSCULAR, INTRAVENOUS"
Hydromorphone Hydrochloride Injection,HYDROMORPHONE HYDROCHLORIDE,"Fresenius Kabi USA, LLC",Pain/Opioids,Unavailable,Critical,3077,2017-10-31,"INTRAMUSCULAR, INTRAVENOUS, SUBCUTANEOUS"
Hydromorphone Hydrochloride Injection,DILAUDID,"Fresenius Kabi USA, LLC",Pain/Opioids,Unavailable,Critical,3077,2017-10-31,"INTRAMUSCULAR, INTRAVENOUS, SUBCUTANEOUS"
Morphine Sulfate Injection,MORPHINE SULFATE,"Fresenius Kabi, USA LLC, Fresenius Kabi USA, LLC",Pain/Opioids,Unavailable,Critical,3077,2017-10-31,"INTRAMUSCULAR, INTRAVENOUS"
Hydromorphone Hydrochloride Injection,HYDROMORPHONE HYDROCHLORIDE,"Hospira, Inc.",Pain/Opioids,Unavailable,Critical,3077,2017-10-31,"INTRAMUSCULAR, INTRAVENOUS, SUBCUTANEOUS"
Hydromorphone Hydrochloride Injection,HYDROMORPHONE HYDROCHLORIDE,"Fresenius Kabi USA, LLC",Pain/Opioids,Unavailable,Critical,3077,2017-10-31,"INTRAMUSCULAR, INTRAVENOUS, SUBCUTANEOUS"
Hydromorphone Hydrochloride Injection,HYDROMORPHONE HYDROCHLORIDE,"Fresenius Kabi USA, LLC",Pain/Opioids,Unavailable,Critical,3077,2017-10-31,"INTRAMUSCULAR, INTRAVENOUS, SUBCUTANEOUS"
Hydromorphone Hydrochloride Injection,HYDROMORPHONE HYDROCHLORIDE,"Hospira, Inc.",Pain/Opioids,Unavailable,Critical,3077,2017-10-31,"INTRAMUSCULAR, INTRAVENOUS, SUBCUTANEOUS"
Morphine Sulfate Injection,MORPHINE SULFATE,"Fresenius Kabi USA, LLC",Pain/Opioids,Unavailable,Critical,3077,2017-10-31,"INTRAMUSCULAR, INTRAVENOUS"
Hydromorphone Hydrochloride Injection,DILAUDID,"Fresenius Kabi USA, LLC",Pain/Opioids,Unavailable,Critical,3077,2017-10-31,"INTRAMUSCULAR, INTRAVENOUS, SUBCUTANEOUS"
Morphine Sulfate Injection,MORPHINE SULFATE,"Fresenius Kabi USA, LLC",Pain/Opioids,Unavailable,Critical,3077,2017-10-31,"INTRAMUSCULAR, INTRAVENOUS"
Morphine Sulfate Injection,MORPHINE SULFATE,"Fresenius Kabi USA, LLC",Pain/Opioids,Unavailable,Critical,3077,2017-10-31,"INTRAMUSCULAR, INTRAVENOUS"
Morphine Sulfate Injection,MORPHINE SULFATE,"Fresenius Kabi, USA LLC, Fresenius Kabi USA, LLC",Pain/Opioids,Unavailable,Critical,3077,2017-10-31,"INTRAMUSCULAR, INTRAVENOUS"
Hydromorphone Hydrochloride Injection,DILAUDID,"Fresenius Kabi USA, LLC",Pain/Opioids,Unavailable,Critical,3076,2017-11-01,"INTRAMUSCULAR, INTRAVENOUS, SUBCUTANEOUS"
Hydromorphone Hydrochloride Injection,HYDROMORPHONE HYDROCHLORIDE,"Fresenius Kabi USA, LLC",Pain/Opioids,Unavailable,Critical,3076,2017-11-01,"INTRAMUSCULAR, INTRAVENOUS, SUBCUTANEOUS"
Hydromorphone Hydrochloride Injection,DILAUDID,"Fresenius Kabi USA, LLC",Pain/Opioids,Unavailable,Critical,3076,2017-11-01,"INTRAMUSCULAR, INTRAVENOUS, SUBCUTANEOUS"
Morphine Sulfate Injection,INFUMORPH 200,Hikma Pharmaceuticals USA Inc.,Pain/Opioids,Unavailable,Critical,3074,2017-11-03,"EPIDURAL, INTRATHECAL"
Morphine Sulfate Injection,INFUMORPH 500,Hikma Pharmaceuticals USA Inc.,Pain/Opioids,Unavailable,Critical,3074,2017-11-03,"EPIDURAL, INTRATHECAL"
Morphine Sulfate Injection,MORPHINE SULFATE,Hikma Pharmaceuticals USA Inc.,Pain/Opioids,Unavailable,Critical,3074,2017-11-03,INTRAVENOUS
Morphine Sulfate Injection,MORPHINE SULFATE,Hikma Pharmaceuticals USA Inc.,Pain/Opioids,Unavailable,Critical,3074,2017-11-03,INTRAVENOUS
Dopamine Hydrochloride Injection,DOPAMINE HYDROCHLORIDE,Hikma Pharmaceuticals USA Inc.,Cardiovascular,Unavailable,Critical,3071,2017-11-06,INTRAVENOUS
Dobutamine Hydrochloride Injection,DOBUTAMINE IN DEXTROSE,"Hospira, Inc.",Other,Unavailable,Critical,3071,2017-11-06,INTRAVENOUS
Dopamine Hydrochloride Injection,DOPAMINE HYDROCHLORIDE IN DEXTROSE,"Hospira, Inc.",Cardiovascular,Unavailable,Critical,3071,2017-11-06,INTRAVENOUS
Dobutamine Hydrochloride Injection,DOBUTAMINE IN DEXTROSE,"Hospira, Inc.",Other,Unavailable,Critical,3071,2017-11-06,INTRAVENOUS
Dobutamine Hydrochloride Injection,DOBUTAMINE IN DEXTROSE,"Hospira, Inc.",Other,Unavailable,Critical,3071,2017-11-06,INTRAVENOUS
Dobutamine Hydrochloride Injection,DOBUTAMINE,"Hospira, Inc.",Other,Unavailable,Critical,3071,2017-11-06,INTRAVENOUS
Dopamine Hydrochloride Injection,DOPAMINE HYDROCHLORIDE,Hikma Pharmaceuticals USA Inc.,Cardiovascular,Unavailable,Critical,3071,2017-11-06,INTRAVENOUS
Heparin Sodium Injection,HEPARIN SODIUM IN SODIUM CHLORIDE,Baxter Healthcare Corporation,Cardiovascular,Unavailable,Critical,3063,2017-11-14,INTRAVENOUS
Heparin Sodium Injection,HEPARIN SODIUM IN SODIUM CHLORIDE,Baxter Healthcare Corporation,Cardiovascular,Unavailable,Critical,3063,2017-11-14,INTRAVENOUS
Bumetanide Injection,BUMETANIDE,Sagent Pharmaceuticals,Other,Unavailable,Critical,2985,2018-01-31,"INTRAMUSCULAR, INTRAVENOUS"
Bupivacaine Hydrochloride Injection,SENSORCAINE MPF,"Fresenius Kabi USA, LLC",Other,Unavailable,Critical,2965,2018-02-20,"EPIDURAL, INFILTRATION, INTRACAUDAL, PERINEURAL"
Bupivacaine Hydrochloride Injection,BUPIVACAINE SPINAL,"Hospira, Inc.",Other,Unavailable,Critical,2965,2018-02-20,SUBARACHNOID
"Bupivacaine Hydrochloride, Epinephrine Bitartrate Injection",SENSORCAINE MPF,"Fresenius Kabi USA, LLC",Cardiovascular,Unavailable,Critical,2965,2018-02-20,"EPIDURAL, INFILTRATION, INTRACAUDAL, PERINEURAL"
"Bupivacaine Hydrochloride, Epinephrine Bitartrate Injection",BUPIVACAINE HYDROCHLORIDE AND EPINEPHRINE,"Hospira, Inc.",Cardiovascular,Unavailable,Critical,2965,2018-02-20,"EPIDURAL, INFILTRATION, INTRACAUDAL, PERINEURAL"
Bupivacaine Hydrochloride Injection,BUPIVACAINE HYDROCHLORIDE,Eugia US LLC,Other,Unavailable,Critical,2965,2018-02-20,PERINEURAL
Bupivacaine Hydrochloride Injection,SENSORCAINE MPF,"Fresenius Kabi USA, LLC",Other,Unavailable,Critical,2965,2018-02-20,"EPIDURAL, INTRACAUDAL, PERINEURAL, INFILTRATION"
Bupivacaine Hydrochloride Injection,MARCAINE,"Hospira, Inc.",Other,Unavailable,Critical,2965,2018-02-20,"INFILTRATION, PERINEURAL"
"Bupivacaine Hydrochloride, Epinephrine Bitartrate Injection",BUPIVACAINE HYDROCHLORIDE AND EPINEPHRINE,"Hospira, Inc.",Cardiovascular,Unavailable,Critical,2965,2018-02-20,"EPIDURAL, INFILTRATION, INTRACAUDAL, PERINEURAL"
"Bupivacaine Hydrochloride, Epinephrine Bitartrate Injection",BUPIVACAINE HYDROCHLORIDE AND EPINEPHRINE,"Hospira, Inc.",Cardiovascular,Unavailable,Critical,2965,2018-02-20,"INFILTRATION, PERINEURAL"
Bupivacaine Hydrochloride Injection,MARCAINE,"Hospira, Inc.",Other,Unavailable,Critical,2965,2018-02-20,"EPIDURAL, RETROBULBAR"
"Bupivacaine Hydrochloride, Epinephrine Bitartrate Injection",BUPIVACAINE HYDROCHLORIDE AND EPINEPHRINE,"Hospira, Inc.",Cardiovascular,Unavailable,Critical,2965,2018-02-20,"EPIDURAL, INTRACAUDAL, PERINEURAL"
"Bupivacaine Hydrochloride, Epinephrine Bitartrate Injection",MARCAINE WITH EPINEPHRINE,"Hospira, Inc.",Cardiovascular,Unavailable,Critical,2965,2018-02-20,"EPIDURAL, INFILTRATION, INTRACAUDAL, PERINEURAL"
"Bupivacaine Hydrochloride, Epinephrine Bitartrate Injection",BUPIVACAINE HYDROCHLORIDE AND EPINEPHRINE,"Hospira, Inc.",Cardiovascular,Unavailable,Critical,2965,2018-02-20,"EPIDURAL, INTRACAUDAL, PERINEURAL"
Lidocaine Hydrochloride Injection,LIDOCAINE HYDROCHLORIDE,Eugia US LLC,Other,Unavailable,Critical,2965,2018-02-20,"EPIDURAL, INFILTRATION, INTRACAUDAL, PERINEURAL"
Lidocaine Hydrochloride Injection,LIDOCAINE HYDROCHLORIDE,Eugia US LLC,Other,Unavailable,Critical,2965,2018-02-20,"EPIDURAL, INFILTRATION, INTRACAUDAL, PERINEURAL"
"Bupivacaine Hydrochloride, Epinephrine Bitartrate Injection",BUPIVACAINE HYDROCHLORIDE AND EPINEPHRINE,"Hospira, Inc.",Cardiovascular,Unavailable,Critical,2965,2018-02-20,PERINEURAL
Ropivacaine Hydrochloride Injection,NAROPIN,"Fresenius Kabi USA, LLC",Other,Unavailable,Critical,2934,2018-03-23,"EPIDURAL, INFILTRATION"
Ketorolac Tromethamine Injection,KETOROLAC TROMETHAMINE,"Fresenius Kabi USA, LLC",Analgesics/NSAIDs,Unavailable,Critical,2934,2018-03-23,"INTRAMUSCULAR, INTRAVENOUS"
Ropivacaine Hydrochloride Injection,ROPIVACAINE HYDROCHLORIDE,Eugia US LLC,Other,Unavailable,Critical,2934,2018-03-23,EPIDURAL
Ketorolac Tromethamine Injection,KETOROLAC TROMETHAMINE,"Fresenius Kabi USA, LLC",Analgesics/NSAIDs,Unavailable,Critical,2934,2018-03-23,INTRAMUSCULAR
Ketorolac Tromethamine Injection,KETOROLAC TROMETHAMINE,"Fresenius Kabi USA, LLC",Analgesics/NSAIDs,Unavailable,Critical,2934,2018-03-23,"INTRAMUSCULAR, INTRAVENOUS"
Ropivacaine Hydrochloride Injection,NAROPIN,"Fresenius Kabi USA, LLC",Other,Unavailable,Critical,2934,2018-03-23,EPIDURAL
Ketorolac Tromethamine Injection,KETOROLAC TROMETHAMINE,"Fresenius Kabi USA, LLC",Analgesics/NSAIDs,Unavailable,Critical,2934,2018-03-23,INTRAMUSCULAR
Ropivacaine Hydrochloride Injection,NAROPIN,"Fresenius Kabi USA, LLC",Other,Unavailable,Critical,2934,2018-03-23,"EPIDURAL, INFILTRATION"
Ketorolac Tromethamine Injection,KETOROLAC TROMETHAMINE,"Fresenius Kabi USA, LLC",Analgesics/NSAIDs,Unavailable,Critical,2934,2018-03-23,"INTRAMUSCULAR, INTRAVENOUS"
Ropivacaine Hydrochloride Injection,NAROPIN,"Fresenius Kabi USA, LLC",Other,Unavailable,Critical,2934,2018-03-23,EPIDURAL
Ropivacaine Hydrochloride Injection,NAROPIN,"Fresenius Kabi USA, LLC",Other,Unavailable,Critical,2934,2018-03-23,"EPIDURAL, INFILTRATION"
Ropivacaine Hydrochloride Injection,NAROPIN,"Fresenius Kabi USA, LLC",Other,Unavailable,Critical,2934,2018-03-23,"EPIDURAL, INFILTRATION"
Ropivacaine Hydrochloride Injection,NAROPIN,"Fresenius Kabi USA, LLC",Other,Unavailable,Critical,2934,2018-03-23,"EPIDURAL, PERINEURAL"
Ropivacaine Hydrochloride Injection,ROPIVACAINE HYDROCHLORIDE,Eugia US LLC,Other,Unavailable,Critical,2934,2018-03-23,"EPIDURAL, PERINEURAL"
Ropivacaine Hydrochloride Injection,NAROPIN,"Fresenius Kabi USA, LLC",Other,Unavailable,Critical,2934,2018-03-23,"EPIDURAL, INFILTRATION"
Ropivacaine Hydrochloride Injection,NAROPIN,"Fresenius Kabi USA, LLC",Other,Unavailable,Critical,2934,2018-03-23,"EPIDURAL, INFILTRATION, PERINEURAL"
Ketorolac Tromethamine Injection,KETOROLAC TROMETHAMINE,"Fresenius Kabi USA, LLC",Analgesics/NSAIDs,Unavailable,Critical,2934,2018-03-23,INTRAMUSCULAR
Ropivacaine Hydrochloride Injection,NAROPIN,"Fresenius Kabi USA, LLC",Other,Unavailable,Critical,2934,2018-03-23,"EPIDURAL, INFILTRATION, PERINEURAL"
Ketorolac Tromethamine Injection,KETOROLAC TROMETHAMINE,"Hospira, Inc.",Analgesics/NSAIDs,Unavailable,Critical,2931,2018-03-26,"INTRAMUSCULAR, INTRAVENOUS"
Lorazepam Injection,LORAZEPAM,Hikma Pharmaceuticals USA Inc.,Sedatives/Anesthesia,Unavailable,Critical,2893,2018-05-03,"INTRAMUSCULAR, INTRAVENOUS"
Ketorolac Tromethamine Injection,KETOROLAC TROMETHAMINE,Hikma Pharmaceuticals USA Inc.,Analgesics/NSAIDs,Unavailable,Critical,2859,2018-06-06,INTRAMUSCULAR
Ketorolac Tromethamine Injection,KETOROLAC TROMETHAMINE,Hikma Pharmaceuticals USA Inc.,Analgesics/NSAIDs,Unavailable,Critical,2859,2018-06-06,"INTRAMUSCULAR, INTRAVENOUS"
Ketorolac Tromethamine Injection,KETOROLAC TROMETHAMINE,Hikma Pharmaceuticals USA Inc.,Analgesics/NSAIDs,Unavailable,Critical,2859,2018-06-06,"INTRAMUSCULAR, INTRAVENOUS"
Ketorolac Tromethamine Injection,KETOROLAC TROMETHAMINE,Baxter Healthcare Corporation,Analgesics/NSAIDs,Unavailable,Critical,2859,2018-06-06,"INTRAMUSCULAR, INTRAVENOUS"
Lidocaine Hydrochloride Injection,LIDOCAINE HYDROCHLORIDE,Eugia US LLC,Other,Unavailable,Critical,2852,2018-06-13,"INFILTRATION, PERINEURAL"
Lidocaine Hydrochloride Injection,LIDOCAINE HYDROCHLORIDE,Eugia US LLC,Other,Unavailable,Critical,2852,2018-06-13,"INFILTRATION, PERINEURAL"
Lidocaine Hydrochloride Injection,LIDOCAINE HYDROCHLORIDE,Eugia US LLC,Other,Unavailable,Critical,2852,2018-06-13,"INFILTRATION, PERINEURAL"
Lorazepam Injection,LORAZEPAM,Hikma Pharmaceuticals USA Inc.,Sedatives/Anesthesia,Unavailable,Critical,2768,2018-09-05,"INTRAMUSCULAR, INTRAVENOUS"
Lorazepam Injection,ATIVAN,Hikma Pharmaceuticals USA Inc.,Sedatives/Anesthesia,Unavailable,Critical,2768,2018-09-05,"INTRAMUSCULAR, INTRAVENOUS"
Lorazepam Injection,ATIVAN,Hikma Pharmaceuticals USA Inc.,Sedatives/Anesthesia,Unavailable,Critical,2768,2018-09-05,"INTRAMUSCULAR, INTRAVENOUS"
Lorazepam Injection,LORAZEPAM,Hikma Pharmaceuticals USA Inc.,Sedatives/Anesthesia,Unavailable,Critical,2768,2018-09-05,"INTRAMUSCULAR, INTRAVENOUS"
Lorazepam Injection,ATIVAN,Hikma Pharmaceuticals USA Inc.,Sedatives/Anesthesia,Unavailable,Critical,2768,2018-09-05,"INTRAMUSCULAR, INTRAVENOUS"
Dexamethasone Sodium Phosphate Injection,DEXAMETHASONE SODIUM PHOSPHATE,Hikma Pharmaceuticals USA Inc.,Steroids,Unavailable,Critical,2612,2019-02-08,"INTRA-ARTICULAR, INTRALESIONAL, INTRAMUSCULAR, INTRAVENOUS, SOFT TISSUE"
Dexamethasone Sodium Phosphate Injection,DEXAMETHASONE SODIUM PHOSPHATE,"Fresenius Kabi USA, LLC",Steroids,Unavailable,Critical,2612,2019-02-08,"INTRAMUSCULAR, INTRAVENOUS"
Dexamethasone Sodium Phosphate Injection,DEXAMETHASONE SODIUM PHOSPHATE,"Fresenius Kabi USA, LLC",Steroids,Unavailable,Critical,2612,2019-02-08,"INTRA-ARTICULAR, INTRALESIONAL, INTRAMUSCULAR, INTRAVENOUS, SOFT TISSUE"
Atropine Sulfate Injection,ATROPINE SULFATE,"Accord Healthcare, Inc.,",Anticholinergics,Unavailable,Critical,2285,2020-01-01,INTRAVENOUS
Atropine Sulfate Injection,ATROPINE SULFATE,"Accord Healthcare, Inc.,",Anticholinergics,Unavailable,Critical,2285,2020-01-01,INTRAVENOUS
Midazolam Hydrochloride Injection,MIDAZOLAM HYDROCHLORIDE,Heritage Pharmaceuticals Inc. d/b/a Avet Pharmaceuticals Inc.,Sedatives/Anesthesia,Unavailable,Critical,2193,2020-04-02,"INTRAMUSCULAR, INTRAVENOUS"
Midazolam Hydrochloride Injection,,,Sedatives/Anesthesia,Unavailable,Critical,2193,2020-04-02,
Midazolam Hydrochloride Injection,MIDAZOLAM,Hikma Pharmaceuticals USA Inc.,Sedatives/Anesthesia,Unavailable,Critical,2193,2020-04-02,"INTRAMUSCULAR, INTRAVENOUS"
Midazolam Hydrochloride Injection,MIDAZOLAM,Hikma Pharmaceuticals USA Inc.,Sedatives/Anesthesia,Unavailable,Critical,2193,2020-04-02,"INTRAMUSCULAR, INTRAVENOUS"
Midazolam Hydrochloride Injection,MIDAZOLAM,"Hospira, Inc.",Sedatives/Anesthesia,Unavailable,Critical,2193,2020-04-02,"INTRAMUSCULAR, INTRAVENOUS"
Midazolam Hydrochloride Injection,MIDAZOLAM,"Fresenius Kabi USA, LLC",Sedatives/Anesthesia,Unavailable,Critical,2193,2020-04-02,"INTRAMUSCULAR, INTRAVENOUS"
Midazolam Hydrochloride Injection,MIDAZOLAM HYDROCHLORIDE,Heritage Pharmaceuticals Inc. d/b/a Avet Pharmaceuticals Inc.,Sedatives/Anesthesia,Unavailable,Critical,2193,2020-04-02,"INTRAMUSCULAR, INTRAVENOUS"
Midazolam Hydrochloride Injection,MIDAZOLAM,"Fresenius Kabi USA, LLC",Sedatives/Anesthesia,Unavailable,Critical,2193,2020-04-02,"INTRAMUSCULAR, INTRAVENOUS"
Midazolam Hydrochloride Injection,MIDAZOLAM,"Fresenius Kabi USA, LLC",Sedatives/Anesthesia,Unavailable,Critical,2193,2020-04-02,"INTRAMUSCULAR, INTRAVENOUS"
Furosemide Injection,FUROSEMIDE,"Hospira, Inc.",Diuretics,Unavailable,Critical,2188,2020-04-07,"INTRAMUSCULAR, INTRAVENOUS"
Furosemide Injection,FUROSEMIDE,"Hospira, Inc.",Diuretics,Unavailable,Critical,2188,2020-04-07,"INTRAMUSCULAR, INTRAVENOUS"
Furosemide Injection,FUROSEMIDE,Sagent Pharmaceuticals,Diuretics,Unavailable,Critical,2188,2020-04-07,"INTRAMUSCULAR, INTRAVENOUS"
Furosemide Injection,FUROSEMIDE,"Hospira, Inc.",Diuretics,Unavailable,Critical,2188,2020-04-07,"INTRAMUSCULAR, INTRAVENOUS"
Furosemide Injection,FUROSEMIDE,Sagent Pharmaceuticals,Diuretics,Unavailable,Critical,2188,2020-04-07,"INTRAMUSCULAR, INTRAVENOUS"
Furosemide Injection,FUROSEMIDE,Eugia US LLC,Diuretics,Unavailable,Critical,2188,2020-04-07,"INTRAMUSCULAR, INTRAVENOUS"
Furosemide Injection,FUROSEMIDE,"Accord Healthcare, Inc.",Diuretics,Unavailable,Critical,2188,2020-04-07,"INTRAMUSCULAR, INTRAVENOUS"
Furosemide Injection,FUROSEMIDE,Sagent Pharmaceuticals,Diuretics,Unavailable,Critical,2188,2020-04-07,"INTRAMUSCULAR, INTRAVENOUS"
Furosemide Injection,FUROSEMIDE,Heritage Pharmaceuticals Inc. d/b/a Avet Pharmaceuticals Inc.,Diuretics,Unavailable,Critical,2188,2020-04-07,INTRAVENOUS
Furosemide Injection,FUROSEMIDE,"Accord Healthcare, Inc.",Diuretics,Unavailable,Critical,2188,2020-04-07,"INTRAMUSCULAR, INTRAVENOUS"
Furosemide Injection,FUROSEMIDE,"Accord Healthcare, Inc.",Diuretics,Unavailable,Critical,2188,2020-04-07,"INTRAMUSCULAR, INTRAVENOUS"
Furosemide Injection,FUROSEMIDE,Eugia US LLC,Diuretics,Unavailable,Critical,2188,2020-04-07,"INTRAMUSCULAR, INTRAVENOUS"
Dexmedetomidine Hydrochloride Injection,DEXMEDETOMIDINE HYDROCHLORIDE,Eugia US LLC,Sedatives/Anesthesia,Unavailable,Critical,2185,2020-04-10,INTRAVENOUS
Dexmedetomidine Hydrochloride Injection,DEXMEDETOMIDINE HCL,Hikma Pharmaceuticals USA Inc.,Sedatives/Anesthesia,Unavailable,Critical,2185,2020-04-10,INTRAVENOUS
Dexmedetomidine Hydrochloride Injection,DEXMEDETOMIDINE HYDROCHLORIDE,"Fresenius Kabi USA, LLC",Sedatives/Anesthesia,Unavailable,Critical,2185,2020-04-10,INTRAVENOUS
Dexmedetomidine Hydrochloride Injection,DEXMEDETOMIDINE HYDROCHLORIDE,"Fresenius Kabi USA, LLC",Sedatives/Anesthesia,Unavailable,Critical,2185,2020-04-10,INTRAVENOUS
Dexmedetomidine Hydrochloride Injection,DEXMEDETOMIDINE HYDROCHLORIDE,Baxter Healthcare Company,Sedatives/Anesthesia,Unavailable,Critical,2185,2020-04-10,INTRAVENOUS
Dexmedetomidine Hydrochloride Injection,PRECEDEX,"Hospira, Inc.",Sedatives/Anesthesia,Unavailable,Critical,2185,2020-04-10,INTRAVENOUS
Dexmedetomidine Hydrochloride Injection,DEXMEDETOMIDINE HYDROCHLORIDE,"Fresenius Kabi USA, LLC",Sedatives/Anesthesia,Unavailable,Critical,2185,2020-04-10,INTRAVENOUS
Dexmedetomidine Hydrochloride Injection,DEXMEDETOMIDINE,Accord Healthcare Inc.,Sedatives/Anesthesia,Unavailable,Critical,2185,2020-04-10,INTRAVENOUS
Dexmedetomidine Hydrochloride Injection,DEXMEDETOMIDINE HYDROCHLORIDE,Mylan Institutional LLC,Sedatives/Anesthesia,Unavailable,Critical,2185,2020-04-10,INTRAVENOUS
Dexmedetomidine Hydrochloride Injection,,,Sedatives/Anesthesia,Unavailable,Critical,2185,2020-04-10,
Dexmedetomidine Hydrochloride Injection,DEXMEDETOMIDINE HYDROCHLORIDE,"Fresenius Kabi USA, LLC",Sedatives/Anesthesia,Unavailable,Critical,2185,2020-04-10,INTRAVENOUS
Dexmedetomidine Hydrochloride Injection,PRECEDEX,"Hospira, Inc.",Sedatives/Anesthesia,Unavailable,Critical,2185,2020-04-10,INTRAVENOUS
Dexmedetomidine Hydrochloride Injection,DEXMEDETOMIDINE HYDROCHLORIDE,Mylan Institutional LLC,Sedatives/Anesthesia,Unavailable,Critical,2185,2020-04-10,INTRAVENOUS
Amino Acid Injection,TRAVASOL,Baxter Healthcare Corporation,Other,Unavailable,Critical,1943,2020-12-08,INTRAVENOUS
Amino Acid Injection,AMINOSYN-PF,ICU Medical Inc.,Other,Unavailable,Critical,1943,2020-12-08,INTRAVENOUS
Amino Acid Injection,AMINOSYN-PF,ICU Medical Inc.,Other,Unavailable,Critical,1943,2020-12-08,INTRAVENOUS
Azacitidine Injection,AZACITIDINE,Eugia US LLC,Other,Unavailable,Critical,1929,2020-12-22,"INTRAVENOUS, SUBCUTANEOUS"
Azacitidine Injection,AZACITIDINE,BluePoint Laboratories,Other,Unavailable,Critical,1929,2020-12-22,"INTRAVENOUS, SUBCUTANEOUS"
Desmopressin Acetate Spray,,,Other,Unavailable,Critical,1849,2021-03-12,
Desmopressin Acetate Spray,,,Other,Unavailable,Critical,1849,2021-03-12,
Desmopressin Acetate Spray,,,Other,Unavailable,Critical,1849,2021-03-12,
Triamcinolone Hexacetonide Injection,HEXATRIONE 2%,"Medexus Pharma, Inc.",Other,Unavailable,Critical,1796,2021-05-04,INTRA-ARTICULAR
Sterile Water Injection,STERILE WATER,"Fresenius Kabi USA, LLC",Other,Unavailable,Critical,1593,2021-11-23,"INTRAMUSCULAR, INTRAVENOUS, SUBCUTANEOUS"
Methylprednisolone Acetate Injection,METHYLPREDNISOLONE ACETATE,Eugia US LLC,Steroids,Unavailable,Critical,1571,2021-12-15,"INTRA-ARTICULAR, INTRALESIONAL, INTRAMUSCULAR, SOFT TISSUE"
Methylprednisolone Acetate Injection,METHYLPREDNISOLONE ACETATE,Sagent Pharmaceuticals,Steroids,Unavailable,Critical,1571,2021-12-15,"INTRA-ARTICULAR, INTRALESIONAL, INTRAMUSCULAR, INTRASYNOVIAL, SOFT TISSUE"
Methylprednisolone Acetate Injection,METHYLPREDNISOLONE ACETATE,Eugia US LLC,Steroids,Unavailable,Critical,1571,2021-12-15,"INTRA-ARTICULAR, INTRALESIONAL, INTRAMUSCULAR, SOFT TISSUE"
Rifampin Capsule,RIFAMPIN,"EPIC PHARMA, LLC",Other,Unavailable,Critical,1564,2021-12-22,ORAL
Rifampin Capsule,RIFAMPIN,"EPIC PHARMA, LLC",Other,Unavailable,Critical,1564,2021-12-22,ORAL
Rifampin Capsule,RIFAMPIN,"EPIC PHARMA, LLC",Other,Unavailable,Critical,1564,2021-12-22,ORAL
Rifampin Capsule,RIFAMPIN,"EPIC PHARMA, LLC",Other,Unavailable,Critical,1564,2021-12-22,ORAL
Dextrose Monohydrate 50% Injection,,,IV Fluids,Unavailable,Critical,1542,2022-01-13,
Metronidazole Injection,METRONIDAZOLE,"Sun Pharmaceutical Industries, Inc.",Antibiotics,Unavailable,Critical,1542,2022-01-13,INTRAVENOUS
Dextrose Monohydrate 5% Injection,DEXTROSE,Baxter Healthcare Corporation,IV Fluids,Unavailable,Critical,1510,2022-02-14,INTRAVENOUS
Dextrose Monohydrate 5% Injection,DEXTROSE,Baxter Healthcare Corporation,IV Fluids,Unavailable,Critical,1510,2022-02-14,INTRAVENOUS
Conivaptan Hydrochloride Injection,,,Other,Unavailable,Critical,1482,2022-03-14,
Sufentanil Citrate Injection,,,Other,Unavailable,Critical,1432,2022-05-03,
Sufentanil Citrate Injection,,,Other,Unavailable,Critical,1432,2022-05-03,
Sufentanil Citrate Injection,,,Other,Unavailable,Critical,1432,2022-05-03,
Methylprednisolone Acetate Injection,METHYLPREDNISOLONE ACETATE,"Endo USA, Inc.",Steroids,Unavailable,Critical,1388,2022-06-16,"INTRA-ARTERIAL, INTRALESIONAL, INTRAMUSCULAR, SOFT TISSUE"
Remifentanil Hydrochloride Injection,REMIFENTANIL HYDROCHLORIDE,"Fresenius Kabi USA, LLC",Other,Unavailable,Critical,1376,2022-06-28,INTRAVENOUS
"Streptozocin Powder, For Solution",,,Other,Unavailable,Critical,1362,2022-07-12,
Flurazepam Hydrochloride Capsule,,,Other,Unavailable,Critical,1340,2022-08-03,
Flurazepam Hydrochloride Capsule,,,Other,Unavailable,Critical,1340,2022-08-03,
Etomidate Injection,ETOMIDATE,Hikma Pharmaceuticals USA Inc.,Sedatives/Anesthesia,Unavailable,Critical,1277,2022-10-05,INTRAVENOUS
Etomidate Injection,ETOMIDATE,Eugia US LLC,Sedatives/Anesthesia,Unavailable,Critical,1277,2022-10-05,INTRAVENOUS
"Amphetamine Aspartate Monohydrate, Amphetamine Sulfate, Dextroamphetamine Saccharate, Dextroamphetamine Sulfate Tablet","DEXTROAMPHETAMINE SACCHARATE, AMPHETAMINE ASPARTATE, DEXTROAMPHETAMINE SULFATE AND AMPHETAMINE SULFATE","Aurolife Pharma, LLC",Other,Unavailable,Critical,1270,2022-10-12,ORAL
"Amphetamine Aspartate Monohydrate, Amphetamine Sulfate, Dextroamphetamine Saccharate, Dextroamphetamine Sulfate Tablet","DEXTROAMPHETAMINE SACCHARATE, AMPHETAMINE ASPARTATE, DEXTROAMPHETAMINE SULFATE AND AMPHETAMINE SULFATE","Aurolife Pharma, LLC",Other,Unavailable,Critical,1270,2022-10-12,ORAL
"Amphetamine Aspartate Monohydrate, Amphetamine Sulfate, Dextroamphetamine Saccharate, Dextroamphetamine Sulfate Tablet","DEXTROAMPHETAMINE SACCHARATE, AMPHETAMINE ASPARTATE, DEXTROAMPHETAMINE SULFATE AND AMPHETAMINE SULFATE",Oryza Pharmaceuticals Inc.,Other,Unavailable,Critical,1270,2022-10-12,ORAL
"Amphetamine Aspartate Monohydrate, Amphetamine Sulfate, Dextroamphetamine Saccharate, Dextroamphetamine Sulfate Tablet","DEXTROAMPHETAMINE SACCHARATE, AMPHETAMINE ASPARTATE, DEXTROAMPHETAMINE SULFATE, AMPHETAMINE SULFATE TABLETS,CII",Alvogen Inc.,Other,Unavailable,Critical,1270,2022-10-12,ORAL
"Amphetamine Aspartate Monohydrate, Amphetamine Sulfate, Dextroamphetamine Saccharate, Dextroamphetamine Sulfate Tablet","DEXTROAMPHETAMINE SACCHARATE, AMPHETAMINE ASPARTATE, DEXTROAMPHETAMINE SULFATE AND AMPHETAMINE SULFATE","Aurolife Pharma, LLC",Other,Unavailable,Critical,1270,2022-10-12,ORAL
"Amphetamine Aspartate Monohydrate, Amphetamine Sulfate, Dextroamphetamine Saccharate, Dextroamphetamine Sulfate Tablet","DEXTROAMPHETAMINE SACCHARATE, AMPHETAMINE ASPARTATE, DEXTROAMPHETAMINE SULFATE AND AMPHETAMINE SULFATE",Oryza Pharmaceuticals Inc.,Other,Unavailable,Critical,1270,2022-10-12,ORAL
"Amphetamine Aspartate Monohydrate, Amphetamine Sulfate, Dextroamphetamine Saccharate, Dextroamphetamine Sulfate Tablet","DEXTROAMPHETAMINE SACCHARATE, AMPHETAMINE ASPARTATE, DEXTROAMPHETAMINE SULFATE AND AMPHETAMINE SULFATE","Aurolife Pharma, LLC",Other,Unavailable,Critical,1270,2022-10-12,ORAL
"Amphetamine Aspartate Monohydrate, Amphetamine Sulfate, Dextroamphetamine Saccharate, Dextroamphetamine Sulfate Tablet","DEXTROAMPHETAMINE SACCHARATE, AMPHETAMINE ASPARTATE, DEXTROAMPHETAMINE SULFATE AND AMPHETAMINE SULFATE","Aurolife Pharma, LLC",Other,Unavailable,Critical,1270,2022-10-12,ORAL
"Amphetamine Aspartate Monohydrate, Amphetamine Sulfate, Dextroamphetamine Saccharate, Dextroamphetamine Sulfate Tablet","DEXTROAMPHETAMINE SACCHARATE, AMPHETAMINE ASPARTATE, DEXTROAMPHETAMINE SULFATE AND AMPHETAMINE SULFATE","Lannett Company, Inc.",Other,Unavailable,Critical,1270,2022-10-12,ORAL
"Amphetamine Aspartate Monohydrate, Amphetamine Sulfate, Dextroamphetamine Saccharate, Dextroamphetamine Sulfate Tablet","DEXTROAMPHETAMINE SACCHARATE, AMPHETAMINE ASPARTATE, DEXTROAMPHETAMINE SULFATE AND AMPHETAMINE SULFATE",Oryza Pharmaceuticals Inc.,Other,Unavailable,Critical,1270,2022-10-12,ORAL
"Amphetamine Aspartate Monohydrate, Amphetamine Sulfate, Dextroamphetamine Saccharate, Dextroamphetamine Sulfate Tablet",,,Other,Unavailable,Critical,1270,2022-10-12,
"Amphetamine Aspartate Monohydrate, Amphetamine Sulfate, Dextroamphetamine Saccharate, Dextroamphetamine Sulfate Tablet","DEXTROAMPHETAMINE SACCHARATE, AMPHETAMINE ASPARTATE, DEXTROAMPHETAMINE SULFATE AND AMPHETAMINE SULFATE","Aurolife Pharma, LLC",Other,Unavailable,Critical,1270,2022-10-12,ORAL
Quinapril Hydrochloride Tablet,,,Other,Unavailable,Critical,1171,2023-01-19,
Quinapril/Hydrochlorothiazide Tablet,QUINAPRIL HYDROCHLORIDE/HYDROCHLOROTHIAZIDE,Aurobindo Pharma Limited,Diuretics,Unavailable,Critical,1171,2023-01-19,ORAL
Quinapril Hydrochloride Tablet,QUINAPRIL,"Lupin Pharmaceuticals, Inc.",Other,Unavailable,Critical,1171,2023-01-19,ORAL
Quinapril Hydrochloride Tablet,QUINAPRIL,"Lupin Pharmaceuticals, Inc.",Other,Unavailable,Critical,1171,2023-01-19,ORAL
Quinapril Hydrochloride Tablet,QUINAPRIL,Aurobindo Pharma Limited,Other,Unavailable,Critical,1171,2023-01-19,ORAL
Quinapril Hydrochloride Tablet,QUINAPRIL,"Solco Healthcare US, LLC",Other,Unavailable,Critical,1171,2023-01-19,ORAL
Quinapril Hydrochloride Tablet,QUINAPRIL,Aurobindo Pharma Limited,Other,Unavailable,Critical,1171,2023-01-19,ORAL
Quinapril Hydrochloride Tablet,QUINAPRIL,"Lupin Pharmaceuticals, Inc.",Other,Unavailable,Critical,1171,2023-01-19,ORAL
Quinapril Hydrochloride Tablet,QUINAPRIL,"Solco Healthcare US, LLC",Other,Unavailable,Critical,1171,2023-01-19,ORAL
Quinapril/Hydrochlorothiazide Tablet,QUINAPRIL HYDROCHLORIDE/HYDROCHLOROTHIAZIDE,Aurobindo Pharma Limited,Diuretics,Unavailable,Critical,1171,2023-01-19,ORAL
Quinapril Hydrochloride Tablet,QUINAPRIL,"Solco Healthcare US, LLC",Other,Unavailable,Critical,1171,2023-01-19,ORAL
Quinapril/Hydrochlorothiazide Tablet,QUINAPRIL HYDROCHLORIDE/HYDROCHLOROTHIAZIDE,Aurobindo Pharma Limited,Diuretics,Unavailable,Critical,1171,2023-01-19,ORAL
Quinapril Hydrochloride Tablet,QUINAPRIL,Aurobindo Pharma Limited,Other,Unavailable,Critical,1171,2023-01-19,ORAL
Quinapril Hydrochloride Tablet,QUINAPRIL,"Solco Healthcare US, LLC",Other,Unavailable,Critical,1171,2023-01-19,ORAL
Quinapril Hydrochloride Tablet,QUINAPRIL,Aurobindo Pharma Limited,Other,Unavailable,Critical,1171,2023-01-19,ORAL
Rocuronium Bromide Injection,ROCURONIUM BROMIDE,Mylan Institutional LLC,Sedatives/Anesthesia,Unavailable,Critical,1144,2023-02-15,INTRAVENOUS
Rocuronium Bromide Injection,ROCURONIUM BROMIDE,Eugia US LLC,Sedatives/Anesthesia,Unavailable,Critical,1144,2023-02-15,INTRAVENOUS
Rocuronium Bromide Injection,ROCURONIUM BROMIDE,"XGen Pharmaceuticals DJB, Inc.",Sedatives/Anesthesia,Unavailable,Critical,1144,2023-02-15,INTRAVENOUS
Rocuronium Bromide Injection,ROCURONIUM,"Fresenius Kabi USA, LLC",Sedatives/Anesthesia,Unavailable,Critical,1144,2023-02-15,INTRAVENOUS
Clonazepam Tablet,CLONAZEPAM,Accord Healthcare Inc.,Other,Unavailable,Critical,1121,2023-03-10,ORAL
Clindamycin Phosphate Injection,CLEOCIN PHOSPHATE,Pharmacia & Upjohn Company LLC,Antibiotics,Unavailable,Critical,1110,2023-03-21,"INTRAMUSCULAR, INTRAVENOUS"
Clindamycin Phosphate Injection,CLEOCIN PHOSPHATE,Pharmacia & Upjohn Company LLC,Antibiotics,Unavailable,Critical,1110,2023-03-21,"INTRAMUSCULAR, INTRAVENOUS"
Clindamycin Phosphate Injection,CLINDAMYCIN IN 5 PERCENT DEXTROSE,Sandoz Inc,Antibiotics,Unavailable,Critical,1110,2023-03-21,INTRAVENOUS
Clindamycin Phosphate Injection,CLEOCIN PHOSPHATE,Pharmacia & Upjohn Company LLC,Antibiotics,Unavailable,Critical,1110,2023-03-21,"INTRAMUSCULAR, INTRAVENOUS"
Clindamycin Phosphate Injection,CLINDAMYCIN PHOSPHATE,Baxter Healthcare Company,Antibiotics,Unavailable,Critical,1110,2023-03-21,INTRAVENOUS
Clindamycin Phosphate Injection,CLINDAMYCIN PHOSPHATE,Baxter Healthcare Company,Antibiotics,Unavailable,Critical,1110,2023-03-21,INTRAVENOUS
Clindamycin Phosphate Injection,CLINDAMYCIN PHOSPHATE,Baxter Healthcare Company,Antibiotics,Unavailable,Critical,1110,2023-03-21,INTRAVENOUS
Carboplatin Injection,CARBOPLATIN,Apotex Corp.,Oncology,Unavailable,Critical,1072,2023-04-28,INTRAVENOUS
Sterile Water Irrigant,STERILE WATER,Baxter Healthcare Corporation,Other,Unavailable,Critical,1072,2023-04-28,IRRIGATION
Sterile Water Irrigant,STERILE WATER,Baxter Healthcare Corporation,Other,Unavailable,Critical,1072,2023-04-28,IRRIGATION
Carboplatin Injection,CARBOPLATIN,"Accord Healthcare, Inc.",Oncology,Unavailable,Critical,1072,2023-04-28,INTRAVENOUS
Carboplatin Injection,CARBOPLATIN,"Accord Healthcare, Inc.",Oncology,Unavailable,Critical,1072,2023-04-28,INTRAVENOUS
Carboplatin Injection,CARBOPLATIN,Apotex Corp.,Oncology,Unavailable,Critical,1072,2023-04-28,INTRAVENOUS
Carboplatin Injection,CARBOPLATIN,"Accord Healthcare, Inc.",Oncology,Unavailable,Critical,1072,2023-04-28,INTRAVENOUS
Carboplatin Injection,CARBOPLATIN,"Accord Healthcare, Inc.",Oncology,Unavailable,Critical,1072,2023-04-28,INTRAVENOUS
Sterile Water Irrigant,STERILE WATER,Baxter Healthcare Corporation,Other,Unavailable,Critical,1072,2023-04-28,IRRIGATION
Carboplatin Injection,CARBOPLATIN,BPI Labs LLC,Oncology,Unavailable,Critical,1072,2023-04-28,INTRAVENOUS
Carboplatin Injection,CARBOPLATIN,Apotex Corp.,Oncology,Unavailable,Critical,1072,2023-04-28,INTRAVENOUS
Sterile Water Irrigant,STERILE WATER,ICU Medical Inc.,Other,Unavailable,Critical,1072,2023-04-28,IRRIGATION
Sterile Water Irrigant,STERILE WATER,ICU Medical Inc.,Other,Unavailable,Critical,1072,2023-04-28,IRRIGATION
Lisdexamfetamine Dimesylate Capsule,LISDEXAMFETAMINE DIMESYLATE,Amneal Pharmaceuticals LLC,Other,Unavailable,Critical,995,2023-07-14,ORAL
Lisdexamfetamine Dimesylate Capsule,LISDEXAMFETAMINE DIMESYLATE,Mylan Pharmaceuticals Inc.,Other,Unavailable,Critical,995,2023-07-14,ORAL
Lisdexamfetamine Dimesylate Capsule,LISDEXAMFETAMINE DIMESYLATE,Amneal Pharmaceuticals LLC,Other,Unavailable,Critical,995,2023-07-14,ORAL
Lisdexamfetamine Dimesylate Capsule,LISDEXAMFETAMINE DIMESYLATE,Amneal Pharmaceuticals LLC,Other,Unavailable,Critical,995,2023-07-14,ORAL
Lisdexamfetamine Dimesylate Capsule,LISDEXAMFETAMINE DIMESYLATE,Amneal Pharmaceuticals LLC,Other,Unavailable,Critical,995,2023-07-14,ORAL
Lisdexamfetamine Dimesylate Capsule,LISDEXAMFETAMINE DIMESYLATE,SpecGx LLC,Other,Unavailable,Critical,995,2023-07-14,ORAL
Lisdexamfetamine Dimesylate Capsule,LISDEXAMFETAMINE DIMESYLATE,Amneal Pharmaceuticals LLC,Other,Unavailable,Critical,995,2023-07-14,ORAL
Lisdexamfetamine Dimesylate Capsule,LISDEXAMFETAMINE DIMESYLATE,Amneal Pharmaceuticals LLC,Other,Unavailable,Critical,995,2023-07-14,ORAL
"Methylphenidate Hydrochloride Tablet, Extended Release",METHYLPHENIDATE HYDROCHLORIDE,SpecGx LLC,Other,Unavailable,Critical,983,2023-07-26,ORAL
"Methylphenidate Hydrochloride Tablet, Extended Release",METHYLPHENIDATE HYDROCHLORIDE,"Sun Pharmaceutical Industries, Inc.",Other,Unavailable,Critical,983,2023-07-26,ORAL
"Methylphenidate Hydrochloride Tablet, Extended Release",RELEXXII,"Vertical Pharmaceuticals, LLC",Other,Unavailable,Critical,983,2023-07-26,ORAL
"Methylphenidate Hydrochloride Tablet, Extended Release",RELEXXII,"Vertical Pharmaceuticals, LLC",Other,Unavailable,Critical,983,2023-07-26,ORAL
"Methylphenidate Hydrochloride Tablet, Extended Release",METHYLPHENIDATE HYDROCHLORIDE,"Lannett Company, Inc.",Other,Unavailable,Critical,983,2023-07-26,ORAL
"Methylphenidate Hydrochloride Tablet, Extended Release",METHYLPHENIDATE HYDROCHLORIDE,"Sun Pharmaceutical Industries, Inc.",Other,Unavailable,Critical,983,2023-07-26,ORAL
"Methylphenidate Hydrochloride Tablet, Extended Release",METHYLPHENIDATE HYDROCHLORIDE,"Sun Pharmaceutical Industries, Inc.",Other,Unavailable,Critical,983,2023-07-26,ORAL
"Methylphenidate Hydrochloride Tablet, Extended Release",RELEXXII,"Vertical Pharmaceuticals, LLC",Other,Unavailable,Critical,983,2023-07-26,ORAL
"Methylphenidate Hydrochloride Tablet, Extended Release",METHYLPHENIDATE HYDROCHLORIDE,"Sun Pharmaceutical Industries, Inc.",Other,Unavailable,Critical,983,2023-07-26,ORAL
"Methylphenidate Hydrochloride Tablet, Extended Release",RELEXXII,"Vertical Pharmaceuticals, LLC",Other,Unavailable,Critical,983,2023-07-26,ORAL
Propranolol Hydrochloride Injection,PROPRANOLOL HYDROCHLORIDE,Hikma Pharmaceuticals USA Inc.,Other,Unavailable,Critical,886,2023-10-31,INTRAVENOUS
Promethazine Hydrochloride Injection,PROMETHAZINE HYDROCHLORIDE,"XGen Pharmaceuticals DJB, Inc.",GI/Antiemetics,Unavailable,Critical,865,2023-11-21,"INTRAMUSCULAR, INTRAVENOUS"
Promethazine Hydrochloride Injection,PHENERGAN,Hikma Pharmaceuticals USA Inc.,GI/Antiemetics,Unavailable,Critical,865,2023-11-21,INTRAMUSCULAR
Promethazine Hydrochloride Injection,PHENERGAN,Hikma Pharmaceuticals USA Inc.,GI/Antiemetics,Unavailable,Critical,865,2023-11-21,"INTRAMUSCULAR, INTRAVENOUS"
Promethazine Hydrochloride Injection,PROMETHAZINE HYDROCHLORIDE,"XGen Pharmaceuticals DJB, Inc.",GI/Antiemetics,Unavailable,Critical,865,2023-11-21,"INTRAMUSCULAR, INTRAVENOUS"
Promethazine Hydrochloride Injection,PROMETHAZINE HYDROCHLORIDE,Hikma Pharmaceuticals USA Inc.,GI/Antiemetics,Unavailable,Critical,865,2023-11-21,INTRAMUSCULAR
Fentanyl Citrate Injection,FENTANYL CITRATE,Hikma Pharmaceuticals USA Inc.,Pain/Opioids,Unavailable,Critical,836,2023-12-20,INTRAVENOUS
Fentanyl Citrate Injection,,,Pain/Opioids,Unavailable,Critical,836,2023-12-20,
Fentanyl Citrate Injection,,,Pain/Opioids,Unavailable,Critical,836,2023-12-20,
Fentanyl Citrate Injection,,,Pain/Opioids,Unavailable,Critical,836,2023-12-20,
Technetium TC-99M Pyrophosphate Kit Injection,KIT FOR THE PREPARATION OF TECHNETIUM TC99M PYROPHOSPHATE,"Sun Pharmaceutical Industries, Inc.",Other,Unavailable,Critical,829,2023-12-27,INTRAVENOUS
Technetium TC-99M Pyrophosphate Kit Injection,KIT FOR THE PREPARATION OF TECHNETIUM TC99M PYROPHOSPHATE,"Sun Pharmaceutical Industries, Inc.",Other,Unavailable,Critical,829,2023-12-27,INTRAVENOUS
Riluzole Oral Suspension,TIGLUTIK,"EDW PHARMA, INC",Other,Unavailable,Critical,799,2024-01-26,ORAL
Hydroxocobalamin Injection,HYDROXOCOBALAMIN,"Actavis Pharma, Inc.",Other,Unavailable,Critical,516,2024-11-04,INTRAMUSCULAR
Bacitracin Ophthalmic Ointment,,,Other,Unavailable,Critical,397,2025-03-03,
Meperidine Hydrochloride Injection,,,Other,Unavailable,Critical,309,2025-05-30,
Meperidine Hydrochloride Injection,,,Other,Unavailable,Critical,309,2025-05-30,
Meperidine Hydrochloride Injection,DEMEROL,"Hospira, Inc.",Other,Unavailable,Critical,309,2025-05-30,"INTRAMUSCULAR, INTRAVENOUS, SUBCUTANEOUS"
Meperidine Hydrochloride Injection,MEPERIDINE HYDROCHLORIDE,Hikma Pharmaceuticals USA Inc.,Other,Unavailable,Critical,309,2025-05-30,"INTRAMUSCULAR, INTRAVENOUS, SUBCUTANEOUS"
Meperidine Hydrochloride Injection,DEMEROL,"Hospira, Inc.",Other,Unavailable,Critical,309,2025-05-30,"INTRAMUSCULAR, INTRAVENOUS, SUBCUTANEOUS"
Meperidine Hydrochloride Injection,DEMEROL,"Hospira, Inc.",Other,Unavailable,Critical,309,2025-05-30,"INTRAMUSCULAR, INTRAVENOUS, SUBCUTANEOUS"
Meperidine Hydrochloride Injection,MEPERIDINE HYDROCHLORIDE,Hikma Pharmaceuticals USA Inc.,Other,Unavailable,Critical,309,2025-05-30,"INTRAMUSCULAR, INTRAVENOUS, SUBCUTANEOUS"
Meperidine Hydrochloride Injection,,,Other,Unavailable,Critical,309,2025-05-30,
Furosemide Oral Solution,FUROSEMIDE,Hikma Pharmaceuticals USA Inc.,Diuretics,Unavailable,Critical,4,2026-03-31,ORAL
Furosemide Oral Solution,FUROSEMIDE,Hikma Pharmaceuticals USA Inc.,Diuretics,Unavailable,Critical,4,2026-03-31,ORAL
Furosemide Oral Solution,FUROSEMIDE,Hikma Pharmaceuticals USA Inc.,Diuretics,Unavailable,Critical,4,2026-03-31,ORAL
Fentanyl Citrate Injection,FENTANYL CITRATE,"Hospira, Inc.",Pain/Opioids,Available,High,5207,2012-01-01,"INTRAMUSCULAR, INTRAVENOUS"
Fentanyl Citrate Injection,FENTANYL CITRATE,"Hospira, Inc.",Pain/Opioids,Available,High,5207,2012-01-01,"INTRAMUSCULAR, INTRAVENOUS"
Atropine Sulfate Injection,ATROPINE SULFATE,"Hospira, Inc.",Anticholinergics,Available,High,5207,2012-01-01,INTRAVENOUS
Fentanyl Citrate Injection,FENTANYL CITRATE,"Fresenius Kabi USA, LLC",Pain/Opioids,Available,High,5207,2012-01-01,"INTRAMUSCULAR, INTRAVENOUS"
Atropine Sulfate Injection,ATROPINE SULFATE,"Fresenius Kabi USA, LLC",Anticholinergics,Available,High,5207,2012-01-01,"ENDOTRACHEAL, INTRAMEDULLARY, INTRAMUSCULAR, INTRAVENOUS, SUBCUTANEOUS"
Fentanyl Citrate Injection,FENTANYL CITRATE,"Hospira, Inc.",Pain/Opioids,Available,High,5207,2012-01-01,"INTRAMUSCULAR, INTRAVENOUS"
Atropine Sulfate Injection,ATROPINE SULFATE,"Medefil, Inc.",Anticholinergics,Available,High,5207,2012-01-01,INTRAVENOUS
Atropine Sulfate Injection,ATROPINE SULFATE,"American Regent, Inc.",Anticholinergics,Available,High,5207,2012-01-01,INTRAVENOUS
Atropine Sulfate Injection,ATROPINE SULFATE,"American Regent, Inc.",Anticholinergics,Available,High,5207,2012-01-01,INTRAVENOUS
Fentanyl Citrate Injection,FENTANYL CITRATE,"Fresenius Kabi USA, LLC",Pain/Opioids,Available,High,5207,2012-01-01,"INTRAMUSCULAR, INTRAVENOUS"
Lidocaine Hydrochloride Injection,LIDOCAINE HYDROCHLORIDE,"Hospira, Inc.",Other,Available,High,5155,2012-02-22,"INFILTRATION, PERINEURAL"
Lidocaine Hydrochloride Injection,LIDOCAINE HYDROCHLORIDE,"Hospira, Inc.",Other,Available,High,5155,2012-02-22,"EPIDURAL, INFILTRATION, INTRACAUDAL, PERINEURAL"
Lidocaine Hydrochloride Injection,XYLOCAINE MPF,"Fresenius Kabi USA, LLC",Other,Available,High,5155,2012-02-22,"EPIDURAL, INFILTRATION, INTRACAUDAL, PERINEURAL"
Lidocaine Hydrochloride Injection,XYLOCAINE MPF,"Fresenius Kabi USA, LLC",Other,Available,High,5155,2012-02-22,"EPIDURAL, INFILTRATION, INTRACAUDAL, PERINEURAL"
Lidocaine Hydrochloride Injection,LIDOCAINE,"Fresenius Kabi USA, LLC",Other,Available,High,5155,2012-02-22,INTRAVENOUS
Lidocaine Hydrochloride Injection,XYLOCAINE,"Fresenius Kabi USA, LLC",Other,Available,High,5155,2012-02-22,"INFILTRATION, PERINEURAL"
Lidocaine Hydrochloride Injection,XYLOCAINE MPF,"Fresenius Kabi USA, LLC",Other,Available,High,5155,2012-02-22,INFILTRATION
Lidocaine Hydrochloride Injection,LIDOCAINE HYDROCHLORIDE,"Hospira, Inc.",Other,Available,High,5155,2012-02-22,"EPIDURAL, INFILTRATION, INTRACAUDAL, PERINEURAL"
Lidocaine Hydrochloride Injection,LIDOCAINE,"Fresenius Kabi USA, LLC",Other,Available,High,5155,2012-02-22,"INFILTRATION, PERINEURAL"
Lidocaine Hydrochloride Injection,LIDOCAINE HYDROCHLORIDE,"Hospira, Inc.",Other,Available,High,5155,2012-02-22,"EPIDURAL, INFILTRATION, INTRACAUDAL, PERINEURAL"
Lidocaine Hydrochloride Injection,,,Other,Available,High,5155,2012-02-22,
Lidocaine Hydrochloride Injection,XYLOCAINE MPF,"Fresenius Kabi USA, LLC",Other,Available,High,5155,2012-02-22,"EPIDURAL, INFILTRATION, INTRACAUDAL, PERINEURAL"
"Epinephrine Bitartrate, Lidocaine Hydrochloride Injection",LIDOCAINE HYDROCHLORIDE AND EPINEPHRINE,"Hospira, Inc.",Cardiovascular,Available,High,5155,2012-02-22,"INFILTRATION, PERINEURAL"
Lidocaine Hydrochloride Injection,,,Other,Available,High,5155,2012-02-22,
Lidocaine Hydrochloride Injection,XYLOCAINE,"Fresenius Kabi USA, LLC",Other,Available,High,5155,2012-02-22,"INFILTRATION, PERINEURAL"
Lidocaine Hydrochloride Injection,LIDOCAINE HYDROCHLORIDE,"Hospira, Inc.",Other,Available,High,5155,2012-02-22,"INFILTRATION, PERINEURAL"
Lidocaine Hydrochloride Injection,XYLOCAINE MPF,"Fresenius Kabi USA, LLC",Other,Available,High,5155,2012-02-22,"EPIDURAL, INFILTRATION, INTRACAUDAL, PERINEURAL"
Lidocaine Hydrochloride Injection,LIDOCAINE HYDROCHLORIDE,"Hospira, Inc.",Other,Available,High,5155,2012-02-22,"EPIDURAL, INFILTRATION, INTRACAUDAL, PERINEURAL"
Lidocaine Hydrochloride Injection,,,Other,Available,High,5155,2012-02-22,
Lidocaine Hydrochloride Injection,XYLOCAINE,"Fresenius Kabi USA, LLC",Other,Available,High,5155,2012-02-22,"INFILTRATION, PERINEURAL"
Lidocaine Hydrochloride Injection,LIDOCAINE HYDROCHLORIDE,"Hospira, Inc.",Other,Available,High,5155,2012-02-22,INTRAVENOUS
Lidocaine Hydrochloride Injection,LIDOCAINE HYDROCHLORIDE,"International Medication Systems, Limited",Other,Available,High,5155,2012-02-22,INTRAVENOUS
Lidocaine Hydrochloride Injection,,,Other,Available,High,5155,2012-02-22,
Lidocaine Hydrochloride Injection,,,Other,Available,High,5155,2012-02-22,
Lidocaine Hydrochloride Injection,XYLOCAINE,"Fresenius Kabi USA, LLC",Other,Available,High,5155,2012-02-22,"INFILTRATION, PERINEURAL"
Lidocaine Hydrochloride Injection,,,Other,Available,High,5155,2012-02-22,
Lidocaine Hydrochloride Injection,LIDOCAINE HYDROCHLORIDE,"Hospira, Inc.",Other,Available,High,5155,2012-02-22,"INFILTRATION, PERINEURAL"
Lidocaine Hydrochloride Injection,XYLOCAINE,"Fresenius Kabi USA, LLC",Other,Available,High,5155,2012-02-22,"INFILTRATION, PERINEURAL"
Lidocaine Hydrochloride Injection,XYLOCAINE MPF,"Fresenius Kabi USA, LLC",Other,Available,High,5155,2012-02-22,"EPIDURAL, INFILTRATION, INTRACAUDAL, PERINEURAL"
Lidocaine Hydrochloride Injection,LIDOCAINE HYDROCHLORIDE,"Hospira, Inc.",Other,Available,High,5155,2012-02-22,"EPIDURAL, INFILTRATION, INTRACAUDAL, PERINEURAL"
Lidocaine Hydrochloride Injection,LIDOCAINE,"Fresenius Kabi USA, LLC",Other,Available,High,5155,2012-02-22,"INFILTRATION, PERINEURAL"
Lidocaine Hydrochloride Injection,LIDOCAINE HYDROCHLORIDE,"Hospira, Inc.",Other,Available,High,5155,2012-02-22,"EPIDURAL, INFILTRATION, INTRACAUDAL, PERINEURAL"
Lidocaine Hydrochloride Injection,LIDOCAINE HYDROCHLORIDE,"Hospira, Inc.",Other,Available,High,5155,2012-02-22,"INFILTRATION, PERINEURAL"
Lidocaine Hydrochloride Injection,LIDOCAINE,"Fresenius Kabi USA, LLC",Other,Available,High,5155,2012-02-22,"INFILTRATION, PERINEURAL"
"Epinephrine Bitartrate, Lidocaine Hydrochloride Injection",LIDOCAINE HYDROCHLORIDE AND EPINEPHRINE,"Hospira, Inc.",Cardiovascular,Available,High,5155,2012-02-22,"INFILTRATION, PERINEURAL"
Lidocaine Hydrochloride Injection,LIDOCAINE HYDROCHLORIDE,"Hospira, Inc.",Other,Available,High,5155,2012-02-22,"EPIDURAL, INFILTRATION, INTRACAUDAL, PERINEURAL"
Lidocaine Hydrochloride Injection,,,Other,Available,High,5155,2012-02-22,
Lidocaine Hydrochloride Injection,LIDOCAINE HYDROCHLORIDE,"Hospira, Inc.",Other,Available,High,5155,2012-02-22,"RETROBULBAR, TOPICAL"
Lidocaine Hydrochloride Injection,LIDOCAINE HYDROCHLORIDE,"Hospira, Inc.",Other,Available,High,5155,2012-02-22,"INFILTRATION, INTRAVENOUS"
"Cefotaxime Sodium Powder, for Solution",CEFOTAXIME,SteriMax Inc.,Other,Available,High,4064,2015-02-17,"INTRAMUSCULAR, INTRAVENOUS"
"Cefotaxime Sodium Powder, for Solution",CEFOTAXIME,SteriMax Inc.,Other,Available,High,4064,2015-02-17,"INTRAMUSCULAR, INTRAVENOUS"
Sodium Acetate Injection,SODIUM ACETATE,Hikma Pharmaceuticals USA Inc.,Other,Available,High,3713,2016-02-03,INTRAVENOUS
Sodium Acetate Injection,SODIUM ACETATE,"Hospira, Inc.",Other,Available,High,3713,2016-02-03,INTRAVENOUS
Sodium Acetate Injection,SODIUM ACETATE,"Hospira, Inc.",Other,Available,High,3713,2016-02-03,INTRAVENOUS
Sodium Acetate Injection,SODIUM ACETATE,MILLA PHARMACEUTICALS INC.,Other,Available,High,3713,2016-02-03,INTRAVENOUS
Sodium Acetate Injection,SODIUM ACETATE,"Hospira, Inc.",Other,Available,High,3713,2016-02-03,INTRAVENOUS
Sodium Acetate Injection,SODIUM ACETATE,"Hospira, Inc.",Other,Available,High,3713,2016-02-03,INTRAVENOUS
Sodium Acetate Injection,SODIUM ACETATE,"Hospira, Inc.",Other,Available,High,3713,2016-02-03,INTRAVENOUS
Sodium Acetate Injection,SODIUM ACETATE,MILLA PHARMACEUTICALS INC.,Other,Available,High,3664,2016-03-23,INTRAVENOUS
Sodium Acetate Injection,SODIUM ACETATE,"Fresenius Kabi USA, LLC",Other,Available,High,3664,2016-03-23,INTRAVENOUS
Sodium Acetate Injection,SODIUM ACETATE,MILLA PHARMACEUTICALS INC.,Other,Available,High,3664,2016-03-23,INTRAVENOUS
"Epinephrine Bitartrate, Lidocaine Hydrochloride Injection",XYLOCAINE MPF,"Fresenius Kabi USA, LLC",Cardiovascular,Available,High,3459,2016-10-14,"EPIDURAL, INFILTRATION, INTRACAUDAL, PERINEURAL"
"Epinephrine Bitartrate, Lidocaine Hydrochloride Injection",XYLOCAINE,"Fresenius Kabi USA, LLC",Cardiovascular,Available,High,3459,2016-10-14,"INFILTRATION, PERINEURAL"
"Epinephrine Bitartrate, Lidocaine Hydrochloride Injection",XYLOCAINE,"Fresenius Kabi USA, LLC",Cardiovascular,Available,High,3459,2016-10-14,"INFILTRATION, PERINEURAL"
"Epinephrine Bitartrate, Lidocaine Hydrochloride Injection",XYLOCAINE MPF,"Fresenius Kabi USA, LLC",Cardiovascular,Available,High,3459,2016-10-14,"EPIDURAL, INFILTRATION, INTRACAUDAL, PERINEURAL"
"Epinephrine Bitartrate, Lidocaine Hydrochloride Injection",XYLOCAINE,"Fresenius Kabi USA, LLC",Cardiovascular,Available,High,3459,2016-10-14,"INFILTRATION, PERINEURAL"
"Epinephrine Bitartrate, Lidocaine Hydrochloride Injection",XYLOCAINE MPF,"Fresenius Kabi USA, LLC",Cardiovascular,Available,High,3459,2016-10-14,"EPIDURAL, INFILTRATION, INTRACAUDAL, PERINEURAL"
"Epinephrine Bitartrate, Lidocaine Hydrochloride Injection",XYLOCAINE MPF,"Fresenius Kabi USA, LLC",Cardiovascular,Available,High,3459,2016-10-14,"EPIDURAL, INFILTRATION, INTRACAUDAL, PERINEURAL"
"Epinephrine Bitartrate, Lidocaine Hydrochloride Injection",XYLOCAINE,"Fresenius Kabi USA, LLC",Cardiovascular,Available,High,3459,2016-10-14,"INFILTRATION, PERINEURAL"
"Epinephrine Bitartrate, Lidocaine Hydrochloride Injection",XYLOCAINE,"Fresenius Kabi USA, LLC",Cardiovascular,Available,High,3459,2016-10-14,"INFILTRATION, PERINEURAL"
"Epinephrine Bitartrate, Lidocaine Hydrochloride Injection",XYLOCAINE,"Fresenius Kabi USA, LLC",Cardiovascular,Available,High,3459,2016-10-14,"INFILTRATION, PERINEURAL"
Sodium Bicarbonate Injection,SODIUM BICARBONATE,"Hospira, Inc.",IV Fluids,Available,High,3321,2017-03-01,INTRAVENOUS
Sodium Bicarbonate Injection,SODIUM BICARBONATE,"International Medication Systems, Limited",IV Fluids,Available,High,3321,2017-03-01,INTRAVENOUS
Sodium Bicarbonate Injection,SODIUM BICARBONATE,"Long Grove Pharmaceuticals, LLC",IV Fluids,Available,High,3321,2017-03-01,INTRAVENOUS
Sodium Bicarbonate Injection,SODIUM BICARBONATE,"Exela Pharma Sciences, LLC",IV Fluids,Available,High,3176,2017-07-24,INTRAVENOUS
Sodium Bicarbonate Injection,SODIUM BICARBONATE,"Exela Pharma Sciences, LLC",IV Fluids,Available,High,3176,2017-07-24,INTRAVENOUS
Sodium Bicarbonate Injection,SODIUM BICARBONATE,"Exela Pharma Sciences, LLC",IV Fluids,Available,High,3176,2017-07-24,INTRAVENOUS
Sodium Bicarbonate Injection,SODIUM BICARBONATE,"Fresenius Kabi USA, LLC",IV Fluids,Available,High,3176,2017-07-24,INTRAVENOUS
Lidocaine Hydrochloride Injection,LIDOCAINE HYDROCHLORIDE AND DEXTROSE,B. Braun Medical Inc.,Other,Available,High,3083,2017-10-25,INTRAVENOUS
Lidocaine Hydrochloride Injection,LIDOCAINE HYDROCHLORIDE AND DEXTROSE,B. Braun Medical Inc.,Other,Available,High,3083,2017-10-25,INTRAVENOUS
Lidocaine Hydrochloride Injection,LIDOCAINE HYDROCHLORIDE AND DEXTROSE,Baxter Healthcare Corporation,Other,Available,High,3083,2017-10-25,INTRAVENOUS
Lidocaine Hydrochloride Injection,LIDOCAINE HYDROCHLORIDE AND DEXTROSE,Baxter Healthcare Corporation,Other,Available,High,3083,2017-10-25,INTRAVENOUS
Lidocaine Hydrochloride Injection,LIDOCAINE HYDROCHLORIDE AND DEXTROSE,B. Braun Medical Inc.,Other,Available,High,3083,2017-10-25,INTRAVENOUS
Morphine Sulfate Injection,MORPHINE SULFATE,"Hospira, Inc.",Pain/Opioids,Available,High,3077,2017-10-31,INTRAVENOUS
Morphine Sulfate Injection,MITIGO,"Piramal Critical Care, Inc.",Pain/Opioids,Available,High,3077,2017-10-31,"EPIDURAL, INTRATHECAL"
Hydromorphone Hydrochloride Injection,HYDROMORPHONE HYDROCHLORIDE,"Fresenius Kabi USA, LLC",Pain/Opioids,Available,High,3077,2017-10-31,"INTRAMUSCULAR, INTRAVENOUS, SUBCUTANEOUS"
Hydromorphone Hydrochloride Injection,HYDROMORPHONE HYDROCHLORIDE,"Hospira, Inc.",Pain/Opioids,Available,High,3077,2017-10-31,"INTRAMUSCULAR, INTRAVENOUS, SUBCUTANEOUS"
Hydromorphone Hydrochloride Injection,HYDROMORPHONE HYDROCHLORIDE,"Hospira, Inc.",Pain/Opioids,Available,High,3077,2017-10-31,"INTRAMUSCULAR, INTRAVENOUS, SUBCUTANEOUS"
Morphine Sulfate Injection,MITIGO,"Piramal Critical Care, Inc.",Pain/Opioids,Available,High,3077,2017-10-31,"EPIDURAL, INTRATHECAL"
Hydromorphone Hydrochloride Injection,HYDROMORPHONE HYDROCHLORIDE,"Hospira, Inc.",Pain/Opioids,Available,High,3077,2017-10-31,"INTRAMUSCULAR, INTRAVENOUS, SUBCUTANEOUS"
Morphine Sulfate Injection,MORPHINE SULFATE,"Hospira, Inc.",Pain/Opioids,Available,High,3077,2017-10-31,INTRAVENOUS
Hydromorphone Hydrochloride Injection,HYDROMORPHONE HYDROCHLORIDE,"Teva Parenteral Medicines, Inc.",Pain/Opioids,Available,High,3076,2017-11-01,"INTRAMUSCULAR, INTRAVENOUS, SUBCUTANEOUS"
Hydromorphone Hydrochloride Injection,HYDROMORPHONE HYDROCHLORIDE,"Teva Parenteral Medicines, Inc.",Pain/Opioids,Available,High,3076,2017-11-01,"INTRAMUSCULAR, INTRAVENOUS, SUBCUTANEOUS"
Hydromorphone Hydrochloride Injection,HYDROMORPHONE HYDROCHLORIDE,Hikma Pharmaceuticals USA Inc.,Pain/Opioids,Available,High,3076,2017-11-01,"INTRAMUSCULAR, INTRAVENOUS, SUBCUTANEOUS"
Morphine Sulfate Injection,MORPHINE SULFATE,Hikma Pharmaceuticals USA Inc.,Pain/Opioids,Available,High,3074,2017-11-03,INTRAVENOUS
Morphine Sulfate Injection,DURAMORPH,Hikma Pharmaceuticals USA Inc.,Pain/Opioids,Available,High,3074,2017-11-03,"EPIDURAL, INTRATHECAL, INTRAVENOUS"
Morphine Sulfate Injection,DURAMORPH,Hikma Pharmaceuticals USA Inc.,Pain/Opioids,Available,High,3074,2017-11-03,"EPIDURAL, INTRATHECAL, INTRAVENOUS"
Hydromorphone Hydrochloride Injection,,,Pain/Opioids,Available,High,3074,2017-11-03,
Dobutamine Hydrochloride Injection,DOBUTAMINE HYDROCHLORIDE IN DEXTROSE,Baxter Healthcare Corporation,Other,Available,High,3071,2017-11-06,INTRAVENOUS
Dobutamine Hydrochloride Injection,DOBUTAMINE,Slate Run Pharmaceuticals,Other,Available,High,3071,2017-11-06,INTRAVENOUS
Dopamine Hydrochloride Injection,DOPAMINE HYDROCHLORIDE,"Hospira, Inc.",Cardiovascular,Available,High,3071,2017-11-06,INTRAVENOUS
Dobutamine Hydrochloride Injection,DOBUTAMINE HYDROCHLORIDE IN DEXTROSE,Baxter Healthcare Corporation,Other,Available,High,3071,2017-11-06,INTRAVENOUS
Dopamine Hydrochloride Injection,DOPAMINE HYDROCHLORIDE,"Hospira, Inc.",Cardiovascular,Available,High,3071,2017-11-06,INTRAVENOUS
Dobutamine Hydrochloride Injection,DOBUTAMINE HYDROCHLORIDE IN DEXTROSE,Baxter Healthcare Corporation,Other,Available,High,3071,2017-11-06,INTRAVENOUS
Dopamine Hydrochloride Injection,DOPAMINE HYDROCHLORIDE IN DEXTROSE,"Hospira, Inc.",Cardiovascular,Available,High,3071,2017-11-06,INTRAVENOUS
Dopamine Hydrochloride Injection,DOPAMINE HYDROCHLORIDE IN DEXTROSE,"Hospira, Inc.",Cardiovascular,Available,High,3071,2017-11-06,INTRAVENOUS
Dopamine Hydrochloride Injection,DOPAMINE HYDROCHLORIDE AND DEXTROSE,Baxter Healthcare Corporation,Cardiovascular,Available,High,3071,2017-11-06,INTRAVENOUS
Dopamine Hydrochloride Injection,DOPAMINE HYDROCHLORIDE AND DEXTROSE,Baxter Healthcare Corporation,Cardiovascular,Available,High,3071,2017-11-06,INTRAVENOUS
Dopamine Hydrochloride Injection,DOPAMINE HYDROCHLORIDE AND DEXTROSE,Baxter Healthcare Corporation,Cardiovascular,Available,High,3071,2017-11-06,INTRAVENOUS
Dobutamine Hydrochloride Injection,DOBUTAMINE,"Hospira, Inc.",Other,Available,High,3071,2017-11-06,INTRAVENOUS
Dopamine Hydrochloride Injection,DOPAMINE HYDROCHLORIDE AND DEXTROSE,Baxter Healthcare Corporation,Cardiovascular,Available,High,3071,2017-11-06,INTRAVENOUS
Dobutamine Hydrochloride Injection,DOBUTAMINE,"Hospira, Inc.",Other,Available,High,3071,2017-11-06,INTRAVENOUS
Heparin Sodium Injection,HEPARIN SODIUM,"Hospira, Inc.",Cardiovascular,Available,High,3063,2017-11-14,INTRAVENOUS
Heparin Sodium Injection,HEPARIN SODIUM,"Fresenius Kabi USA, LLC",Cardiovascular,Available,High,3063,2017-11-14,INTRAVENOUS
Heparin Sodium Injection,HEPARIN SODIUM,"Hospira, Inc.",Cardiovascular,Available,High,3063,2017-11-14,INTRAVENOUS
Heparin Sodium Injection,HEPARIN SODIUM IN SODIUM CHLORIDE,B. Braun Medical Inc.,Cardiovascular,Available,High,3063,2017-11-14,INTRAVENOUS
Heparin Sodium Injection,HEPARIN SODIUM IN SODIUM CHLORIDE,B. Braun Medical Inc.,Cardiovascular,Available,High,3063,2017-11-14,INTRAVENOUS
Heparin Sodium Injection,HEPARIN SODIUM IN SODIUM CHLORIDE,Baxter Healthcare Corporation,Cardiovascular,Available,High,3063,2017-11-14,INTRAVENOUS
Heparin Sodium Injection,HEPARIN SODIUM,"Fresenius Kabi USA, LLC",Cardiovascular,Available,High,3063,2017-11-14,INTRAVENOUS
Bumetanide Injection,BUMETANIDE,Novadoz Pharmaceuticals LLC,Other,Available,High,3034,2017-12-13,"INTRAMUSCULAR, INTRAVENOUS"
Bumetanide Injection,BUMETANIDE,Mullan Pharmaceutical Inc.,Other,Available,High,3034,2017-12-13,"INTRAMUSCULAR, INTRAVENOUS"
Bumetanide Injection,BUMETANIDE,Mullan Pharmaceutical Inc.,Other,Available,High,3034,2017-12-13,"INTRAMUSCULAR, INTRAVENOUS"
Bumetanide Injection,BUMETANIDE,Novadoz Pharmaceuticals LLC,Other,Available,High,3034,2017-12-13,"INTRAMUSCULAR, INTRAVENOUS"
Bumetanide Injection,BUMETANIDE,Novadoz Pharmaceuticals LLC,Other,Available,High,3034,2017-12-13,"INTRAMUSCULAR, INTRAVENOUS"
Bumetanide Injection,BUMETANIDE,Novadoz Pharmaceuticals LLC,Other,Available,High,3034,2017-12-13,"INTRAMUSCULAR, INTRAVENOUS"
Bumetanide Injection,BUMETANIDE,"Fresenius Kabi USA, LLC",Other,Available,High,2985,2018-01-31,"INTRAMUSCULAR, INTRAVENOUS"
Bumetanide Injection,BUMETANIDE,Hikma Pharmaceuticals USA Inc.,Other,Available,High,2985,2018-01-31,"INTRAMUSCULAR, INTRAVENOUS"
Bumetanide Injection,BUMETANIDE,Hikma Pharmaceuticals USA Inc.,Other,Available,High,2985,2018-01-31,"INTRAMUSCULAR, INTRAVENOUS"
Bumetanide Injection,BUMETANIDE,"Fresenius Kabi USA, LLC",Other,Available,High,2985,2018-01-31,"INTRAMUSCULAR, INTRAVENOUS"
Bupivacaine Hydrochloride Injection,MARCAINE,"Hospira, Inc.",Other,Available,High,2965,2018-02-20,"EPIDURAL, INFILTRATION, INTRACAUDAL, PERINEURAL"
Bupivacaine Hydrochloride Injection,SENSORCAINE MPF,"Fresenius Kabi USA, LLC",Other,Available,High,2965,2018-02-20,"EPIDURAL, INTRACAUDAL, PERINEURAL, INFILTRATION"
Bupivacaine Hydrochloride Injection,BUPIVACAINE HYDROCHLORIDE,Eugia US LLC,Other,Available,High,2965,2018-02-20,"EPIDURAL, INFILTRATION, INTRACAUDAL"
"Bupivacaine Hydrochloride, Epinephrine Bitartrate Injection",MARCAINE WITH EPINEPHRINE,"Hospira, Inc.",Cardiovascular,Available,High,2965,2018-02-20,"EPIDURAL, INFILTRATION, INTRACAUDAL, PERINEURAL"
Bupivacaine Hydrochloride Injection,BUPIVACAINE HYDROCHLORIDE,"Hospira, Inc.",Other,Available,High,2965,2018-02-20,"EPIDURAL, INTRACAUDAL, PERINEURAL"
"Bupivacaine Hydrochloride, Epinephrine Bitartrate Injection",MARCAINE WITH EPINEPHRINE,"Hospira, Inc.",Cardiovascular,Available,High,2965,2018-02-20,"EPIDURAL, INTRACAUDAL, PERINEURAL"
Bupivacaine Hydrochloride Injection,SENSORCAINE MPF,"Fresenius Kabi USA, LLC",Other,Available,High,2965,2018-02-20,"EPIDURAL, INFILTRATION, INTRACAUDAL, PERINEURAL"
Bupivacaine Hydrochloride Injection,SENSORCAINE,"Fresenius Kabi USA, LLC",Other,Available,High,2965,2018-02-20,"INFILTRATION, PERINEURAL"
Lidocaine Hydrochloride Injection,LIDOCAINE HYDROCHLORIDE,Eugia US LLC,Other,Available,High,2965,2018-02-20,"EPIDURAL, INFILTRATION, INTRACAUDAL, PERINEURAL"
Bupivacaine Hydrochloride Injection,BUPIVACAINE HYDROCHLORIDE,"Somerset Therapeutics, LLC",Other,Available,High,2965,2018-02-20,"INFILTRATION, PERINEURAL"
Bupivacaine Hydrochloride Injection,BUPIVACAINE HYDROCHLORIDE,"Hospira, Inc.",Other,Available,High,2965,2018-02-20,"EPIDURAL, INFILTRATION, INTRACAUDAL, PERINEURAL"
Bupivacaine Hydrochloride Injection,BUPIVACAINE HYDROCHLORIDE,"Hospira, Inc.",Other,Available,High,2965,2018-02-20,"EPIDURAL, RETROBULBAR"
Bupivacaine Hydrochloride Injection,BUPIVACAINE HYDROCHLORIDE,Eugia US LLC,Other,Available,High,2965,2018-02-20,"EPIDURAL, RETROBULBAR"
Bupivacaine Hydrochloride Injection,BUPIVACAINE HYDROCHLORIDE,"Hospira, Inc.",Other,Available,High,2965,2018-02-20,PERINEURAL
Bupivacaine Hydrochloride Injection,BUPIVACAINE HYDROCHLORIDE,Eugia US LLC,Other,Available,High,2965,2018-02-20,"EPIDURAL, INTRACAUDAL"
"Bupivacaine Hydrochloride, Epinephrine Bitartrate Injection",SENSORCAINE MPF,"Fresenius Kabi USA, LLC",Cardiovascular,Available,High,2965,2018-02-20,"EPIDURAL, INFILTRATION, INTRACAUDAL, PERINEURAL"
Bupivacaine Hydrochloride Injection,BUPIVACAINE HYDROCHLORIDE,Eugia US LLC,Other,Available,High,2965,2018-02-20,"EPIDURAL, INTRACAUDAL"
Bupivacaine Hydrochloride Injection,BUPIVACAINE HYDROCHLORIDE,"Hospira, Inc.",Other,Available,High,2965,2018-02-20,"EPIDURAL, INTRACAUDAL, PERINEURAL"
Bupivacaine Hydrochloride Injection,MARCAINE,"Hospira, Inc.",Other,Available,High,2965,2018-02-20,"EPIDURAL, INTRACAUDAL, PERINEURAL"
Lidocaine Hydrochloride Injection,LIDOCAINE HYDROCHLORIDE,Eugia US LLC,Other,Available,High,2965,2018-02-20,"EPIDURAL, INFILTRATION, INTRACAUDAL, PERINEURAL"
"Bupivacaine Hydrochloride, Epinephrine Bitartrate Injection",MARCAINE WITH EPINEPHRINE,"Hospira, Inc.",Cardiovascular,Available,High,2965,2018-02-20,"INFILTRATION, PERINEURAL"
"Bupivacaine Hydrochloride, Epinephrine Bitartrate Injection",SENSORCAINE MPF,"Fresenius Kabi USA, LLC",Cardiovascular,Available,High,2965,2018-02-20,"EPIDURAL, INFILTRATION, INTRACAUDAL, PERINEURAL"
Bupivacaine Hydrochloride Injection,BUPIVACAINE HYDROCHLORIDE,Meitheal Pharmaceuticals Inc,Other,Available,High,2965,2018-02-20,PERINEURAL
"Bupivacaine Hydrochloride, Epinephrine Bitartrate Injection",SENSORCAINE MPF,"Fresenius Kabi USA, LLC",Cardiovascular,Available,High,2965,2018-02-20,"EPIDURAL, INFILTRATION, INTRACAUDAL, PERINEURAL"
Lidocaine Hydrochloride Injection,LIDOCAINE HYDROCHLORIDE,Eugia US LLC,Other,Available,High,2965,2018-02-20,"EPIDURAL, INFILTRATION, INTRACAUDAL, PERINEURAL"
Bupivacaine Hydrochloride Injection,BUPIVACAINE HYDROCHLORIDE,Meitheal Pharmaceuticals Inc,Other,Available,High,2965,2018-02-20,"INFILTRATION, PERINEURAL"
"Bupivacaine Hydrochloride, Epinephrine Bitartrate Injection",MARCAINE WITH EPINEPHRINE,"Hospira, Inc.",Cardiovascular,Available,High,2965,2018-02-20,"EPIDURAL, INTRACAUDAL, PERINEURAL"
"Bupivacaine Hydrochloride, Epinephrine Bitartrate Injection",SENSORCAINE MPF,"Fresenius Kabi USA, LLC",Cardiovascular,Available,High,2965,2018-02-20,"EPIDURAL, INFILTRATION, INTRACAUDAL, PERINEURAL"
Bupivacaine Hydrochloride Injection,BUPIVACAINE HYDROCHLORIDE,"Huons Co., Ltd.",Other,Available,High,2965,2018-02-20,SUBARACHNOID
"Bupivacaine Hydrochloride, Epinephrine Bitartrate Injection",SENSORCAINE,"Fresenius Kabi USA, LLC",Cardiovascular,Available,High,2965,2018-02-20,PERINEURAL
Bupivacaine Hydrochloride Injection,BUPIVACAINE HYDROCHLORIDE,"Hospira, Inc.",Other,Available,High,2965,2018-02-20,"INFILTRATION, PERINEURAL"
Lidocaine Hydrochloride Injection,LIDOCAINE HYDROCHLORIDE,Eugia US LLC,Other,Available,High,2965,2018-02-20,"EPIDURAL, INFILTRATION, INTRACAUDAL, PERINEURAL"
Bupivacaine Hydrochloride Injection,SENSORCAINE,"Fresenius Kabi USA, LLC",Other,Available,High,2965,2018-02-20,PERINEURAL
"Bupivacaine Hydrochloride, Epinephrine Bitartrate Injection",SENSORCAINE MPF,"Fresenius Kabi USA, LLC",Cardiovascular,Available,High,2965,2018-02-20,"EPIDURAL, RETROBULBAR"
"Bupivacaine Hydrochloride, Epinephrine Bitartrate Injection",MARCAINE WITH EPINEPHRINE,"Hospira, Inc.",Cardiovascular,Available,High,2965,2018-02-20,PERINEURAL
Bupivacaine Hydrochloride Injection,BUPIVACAINE HYDROCHLORIDE,Meitheal Pharmaceuticals Inc,Other,Available,High,2965,2018-02-20,"EPIDURAL, INFILTRATION, INTRACAUDAL, PERINEURAL"
Bupivacaine Hydrochloride Injection,SENSORCAINE MPF,"Fresenius Kabi USA, LLC",Other,Available,High,2965,2018-02-20,"EPIDURAL, INTRACAUDAL, PERINEURAL, INFILTRATION"
Bupivacaine Hydrochloride Injection,MARCAINE,"Hospira, Inc.",Other,Available,High,2965,2018-02-20,"EPIDURAL, INFILTRATION, INTRACAUDAL, PERINEURAL"
Bupivacaine Hydrochloride Injection,MARCAINE,"Hospira, Inc.",Other,Available,High,2965,2018-02-20,"EPIDURAL, RETROBULBAR"
Bupivacaine Hydrochloride Injection,BUPIVACAINE HYDROCHLORIDE,Meitheal Pharmaceuticals Inc,Other,Available,High,2965,2018-02-20,"EPIDURAL, INTRACAUDAL, PERINEURAL"
Bupivacaine Hydrochloride Injection,SENSORCAINE MPF,"Fresenius Kabi USA, LLC",Other,Available,High,2965,2018-02-20,"EPIDURAL, RETROBULBAR"
"Bupivacaine Hydrochloride, Epinephrine Bitartrate Injection",SENSORCAINE,"Fresenius Kabi USA, LLC",Cardiovascular,Available,High,2965,2018-02-20,"INFILTRATION, PERINEURAL"
Bupivacaine Hydrochloride Injection,SENSORCAINE MPF,"Fresenius Kabi USA, LLC",Other,Available,High,2965,2018-02-20,"EPIDURAL, INFILTRATION, INTRACAUDAL, PERINEURAL"
Bupivacaine Hydrochloride Injection,BUPIVACAINE HYDROCHLORIDE,Eugia US LLC,Other,Available,High,2965,2018-02-20,"EPIDURAL, INFILTRATION, INTRACAUDAL"
Bupivacaine Hydrochloride Injection,MARCAINE,"Hospira, Inc.",Other,Available,High,2965,2018-02-20,"EPIDURAL, INTRACAUDAL, PERINEURAL"
Bupivacaine Hydrochloride Injection,SENSORCAINE MPF,"Fresenius Kabi USA, LLC",Other,Available,High,2965,2018-02-20,"EPIDURAL, RETROBULBAR"
Bupivacaine Hydrochloride Injection,BUPIVACAINE HYDROCHLORIDE,Meitheal Pharmaceuticals Inc,Other,Available,High,2965,2018-02-20,"EPIDURAL, RETROBULBAR"
Bupivacaine Hydrochloride Injection,BUPIVACAINE HYDROCHLORIDE,"Somerset Therapeutics, LLC",Other,Available,High,2965,2018-02-20,"INFILTRATION, PERINEURAL"
Bupivacaine Hydrochloride Injection,BUPIVACAINE HYDROCHLORIDE,"Hospira, Inc.",Other,Available,High,2965,2018-02-20,"EPIDURAL, RETROBULBAR"
Bupivacaine Hydrochloride Injection,BUPIVACAINE HYDROCHLORIDE,Eugia US LLC,Other,Available,High,2965,2018-02-20,"INFILTRATION, PERINEURAL"
Bupivacaine Hydrochloride Injection,BUPIVACAINE HYDROCHLORIDE,Eugia US LLC,Other,Available,High,2965,2018-02-20,"EPIDURAL, RETROBULBAR"
Bupivacaine Hydrochloride Injection,BUPIVACAINE HYDROCHLORIDE,"Hospira, Inc.",Other,Available,High,2965,2018-02-20,"EPIDURAL, INFILTRATION, INTRACAUDAL, PERINEURAL"
Ropivacaine Hydrochloride Injection,NAROPIN,"Fresenius Kabi USA, LLC",Other,Available,High,2934,2018-03-23,"EPIDURAL, INFILTRATION, PERINEURAL"
Ketorolac Tromethamine Injection,,,Analgesics/NSAIDs,Available,High,2934,2018-03-23,
Ropivacaine Hydrochloride Injection,ROPIVACAINE HYDROCHLORIDE,"Somerset Therapeutics, LLC",Other,Available,High,2934,2018-03-23,"EPIDURAL, INFILTRATION, PERINEURAL"
Ropivacaine Hydrochloride Injection,ROPIVACAINE HYDROCHLORIDE,Eugia US LLC,Other,Available,High,2934,2018-03-23,"EPIDURAL, INFILTRATION, PERINEURAL"
Ropivacaine Hydrochloride Injection,NAROPIN,"Fresenius Kabi USA, LLC",Other,Available,High,2934,2018-03-23,"EPIDURAL, INFILTRATION"
Ketorolac Tromethamine Injection,KETOROLAC TROMETHAMINE,Alembic Pharmaceuticals Inc.,Analgesics/NSAIDs,Available,High,2934,2018-03-23,"INTRAMUSCULAR, INTRAVENOUS"
Ropivacaine Hydrochloride Injection,NAROPIN,"Fresenius Kabi USA, LLC",Other,Available,High,2934,2018-03-23,EPIDURAL
Ketorolac Tromethamine Injection,,,Analgesics/NSAIDs,Available,High,2934,2018-03-23,
Ketorolac Tromethamine Injection,KETOROLAC TROMETHAMINE,Alembic Pharmaceuticals Inc.,Analgesics/NSAIDs,Available,High,2934,2018-03-23,"INTRAMUSCULAR, INTRAVENOUS"
Ropivacaine Hydrochloride Injection,ROPIVACAINE HYDROCHLORIDE,"Somerset Therapeutics, LLC",Other,Available,High,2934,2018-03-23,"EPIDURAL, INFILTRATION, PERINEURAL"
Ropivacaine Hydrochloride Injection,ROPIVACAINE HYDROCHLORIDE,"Somerset Therapeutics, LLC",Other,Available,High,2934,2018-03-23,"EPIDURAL, INFILTRATION, PERINEURAL"
Ropivacaine Hydrochloride Injection,NAROPIN,"Fresenius Kabi USA, LLC",Other,Available,High,2934,2018-03-23,"EPIDURAL, INFILTRATION, PERINEURAL"
Ketorolac Tromethamine Injection,KETOROLAC TROMETHAMINE,Alembic Pharmaceuticals Inc.,Analgesics/NSAIDs,Available,High,2934,2018-03-23,"INTRAMUSCULAR, INTRAVENOUS"
Ropivacaine Hydrochloride Injection,ROPIVACAINE HYDROCHLORIDE,Eugia US LLC,Other,Available,High,2934,2018-03-23,EPIDURAL
Ropivacaine Hydrochloride Injection,NAROPIN,"Fresenius Kabi USA, LLC",Other,Available,High,2934,2018-03-23,"EPIDURAL, INFILTRATION"
Ropivacaine Hydrochloride Injection,ROPIVACAINE HYDROCHLORIDE,"Somerset Therapeutics, LLC",Other,Available,High,2934,2018-03-23,"EPIDURAL, INFILTRATION, PERINEURAL"
Ropivacaine Hydrochloride Injection,ROPIVACAINE HYDROCHLORIDE,Eugia US LLC,Other,Available,High,2934,2018-03-23,"EPIDURAL, INFILTRATION, PERINEURAL"
Ropivacaine Hydrochloride Injection,NAROPIN,"Fresenius Kabi USA, LLC",Other,Available,High,2934,2018-03-23,"EPIDURAL, INFILTRATION"
Ropivacaine Hydrochloride Injection,NAROPIN,"Fresenius Kabi USA, LLC",Other,Available,High,2934,2018-03-23,"EPIDURAL, INFILTRATION, PERINEURAL"
Ketorolac Tromethamine Injection,,,Analgesics/NSAIDs,Available,High,2934,2018-03-23,
Ropivacaine Hydrochloride Injection,ROPIVACAINE HYDROCHLORIDE,"FRESENIUS KABI USA, LLC",Other,Available,High,2934,2018-03-23,"EPIDURAL, INFILTRATION, PERINEURAL"
Ropivacaine Hydrochloride Injection,ROPIVACAINE HYDROCHLORIDE,Eugia US LLC,Other,Available,High,2934,2018-03-23,"EPIDURAL, INFILTRATION, PERINEURAL"
Ropivacaine Hydrochloride Injection,ROPIVACAINE HYDROCHLORIDE,"Somerset Therapeutics, LLC",Other,Available,High,2934,2018-03-23,"EPIDURAL, INFILTRATION, PERINEURAL"
Ropivacaine Hydrochloride Injection,NAROPIN,"Fresenius Kabi USA, LLC",Other,Available,High,2934,2018-03-23,"EPIDURAL, PERINEURAL"
Ropivacaine Hydrochloride Injection,NAROPIN,"Fresenius Kabi USA, LLC",Other,Available,High,2934,2018-03-23,"EPIDURAL, INFILTRATION, PERINEURAL"
Ropivacaine Hydrochloride Injection,ROPIVACAINE HYDROCHLORIDE,Eugia US LLC,Other,Available,High,2934,2018-03-23,"EPIDURAL, INFILTRATION, PERINEURAL"
Ropivacaine Hydrochloride Injection,ROPIVACAINE HYDROCHLORIDE,"Somerset Therapeutics, LLC",Other,Available,High,2934,2018-03-23,"EPIDURAL, INFILTRATION, PERINEURAL"
Ropivacaine Hydrochloride Injection,NAROPIN,"Fresenius Kabi USA, LLC",Other,Available,High,2934,2018-03-23,EPIDURAL
Ropivacaine Hydrochloride Injection,ROPIVACAINE HYDROCHLORIDE,"Somerset Therapeutics, LLC",Other,Available,High,2934,2018-03-23,"EPIDURAL, INFILTRATION, PERINEURAL"
Ropivacaine Hydrochloride Injection,ROPIVACAINE HYDROCHLORIDE,"FRESENIUS KABI USA, LLC",Other,Available,High,2934,2018-03-23,"EPIDURAL, INFILTRATION, PERINEURAL"
Ketorolac Tromethamine Injection,KETOROLAC TROMETHAMINE,Sagent Pharmaceuticals,Analgesics/NSAIDs,Available,High,2931,2018-03-26,"INTRAMUSCULAR, INTRAVENOUS"
Ketorolac Tromethamine Injection,KETOROLAC TROMETHAMINE,Sagent Pharmaceuticals,Analgesics/NSAIDs,Available,High,2931,2018-03-26,"INTRAMUSCULAR, INTRAVENOUS"
Ketorolac Tromethamine Injection,KETOROLAC TROMETHAMINE,Sagent Pharmaceuticals,Analgesics/NSAIDs,Available,High,2931,2018-03-26,"INTRAMUSCULAR, INTRAVENOUS"
Ropivacaine Hydrochloride Injection,ROPIVACAINE HYDROCHLORIDE,Sagent Pharmaceuticals,Other,Available,High,2930,2018-03-27,"EPIDURAL, INFILTRATION"
Ropivacaine Hydrochloride Injection,ROPIVACAINE HYDROCHLORIDE,Sagent Pharmaceuticals,Other,Available,High,2930,2018-03-27,"EPIDURAL, INFILTRATION"
Ropivacaine Hydrochloride Injection,ROPIVACAINE HYDROCHLORIDE,Sagent Pharmaceuticals,Other,Available,High,2930,2018-03-27,"EPIDURAL, INFILTRATION"
Ropivacaine Hydrochloride Injection,ROPIVACAINE HYDROCHLORIDE,Sagent Pharmaceuticals,Other,Available,High,2930,2018-03-27,"EPIDURAL, INFILTRATION"
Ropivacaine Hydrochloride Injection,ROPIVACAINE HYDROCHLORIDE,Sagent Pharmaceuticals,Other,Available,High,2930,2018-03-27,"EPIDURAL, INFILTRATION"
Ropivacaine Hydrochloride Injection,ROPIVACAINE HYDROCHLORIDE,Sagent Pharmaceuticals,Other,Available,High,2930,2018-03-27,"EPIDURAL, INFILTRATION"
Lorazepam Injection,LORAZEPAM,"Fresenius Kabi USA, LLC",Sedatives/Anesthesia,Available,High,2893,2018-05-03,"INTRAMUSCULAR, INTRAVENOUS"
Ketorolac Tromethamine Injection,KETOROLAC TROMETHAMINE,Baxter Healthcare Corporation,Analgesics/NSAIDs,Available,High,2859,2018-06-06,"INTRAMUSCULAR, INTRAVENOUS"
Ketorolac Tromethamine Injection,KETOROLAC TROMETHAMINE,FOSUN PHARMA USA INC,Analgesics/NSAIDs,Available,High,2859,2018-06-06,"INTRAMUSCULAR, INTRAVENOUS"
Ketorolac Tromethamine Injection,KETOROLAC TROMETHAMINE,FOSUN PHARMA USA INC,Analgesics/NSAIDs,Available,High,2859,2018-06-06,INTRAMUSCULAR
Lidocaine Hydrochloride Injection,LIDOCAINE HYDROCHLORIDE,Hikma Pharmaceuticals USA Inc.,Other,Available,High,2852,2018-06-13,"EPIDURAL, INFILTRATION, INTRACAUDAL"
Lidocaine Hydrochloride Injection,LIDOCAINE,Hikma Pharmaceuticals USA Inc.,Other,Available,High,2852,2018-06-13,"INFILTRATION, PERINEURAL"
Lidocaine Hydrochloride Injection,LIDOCAINE,Hikma Pharmaceuticals USA Inc.,Other,Available,High,2852,2018-06-13,"INFILTRATION, PERINEURAL"
Lidocaine Hydrochloride Injection,LIDOCAINE HYDROCHLORIDE,Eugia US LLC,Other,Available,High,2852,2018-06-13,"INFILTRATION, PERINEURAL"
Lidocaine Hydrochloride Injection,LIDOCAINE HYDROCHLORIDE,Eugia US LLC,Other,Available,High,2852,2018-06-13,"INFILTRATION, PERINEURAL"
Lidocaine Hydrochloride Injection,LIDOCAINE HYDROCHLORIDE,Hikma Pharmaceuticals USA Inc.,Other,Available,High,2852,2018-06-13,"EPIDURAL, INFILTRATION, INTRACAUDAL"
Lidocaine Hydrochloride Injection,LIDOCAINE HYDROCHLORIDE,"Spectra Medical Devices, LLC",Other,Available,High,2851,2018-06-14,"EPIDURAL, INFILTRATION, INTRACAUDAL, PERINEURAL"
Lidocaine Hydrochloride Injection,LIDOCAINE HYDROCHLORIDE,"Huons Co., Ltd.",Other,Available,High,2821,2018-07-14,INTRAVENOUS
Morphine Sulfate Injection,MORPHINE SULFATE,"International Medication Systems, Limited",Pain/Opioids,Available,High,2676,2018-12-06,INTRAVENOUS
Dexamethasone Sodium Phosphate Injection,DEXAMETHASONE SODIUM PHOSPHATE,"Fresenius Kabi USA, LLC",Steroids,Available,High,2612,2019-02-08,"INTRAMUSCULAR, INTRAVENOUS"
Dexamethasone Sodium Phosphate Injection,DEXAMETHASONE SODIUM PHOSPHATE,Mylan Institutional LLC,Steroids,Available,High,2612,2019-02-08,"INTRAMUSCULAR, INTRAVENOUS"
Dexamethasone Sodium Phosphate Injection,DEXAMETHASONE SODIUM PHOSPHATE,Mylan Institutional LLC,Steroids,Available,High,2612,2019-02-08,"INTRA-ARTICULAR, INTRALESIONAL, INTRAMUSCULAR, INTRAVENOUS, SOFT TISSUE"
Dexamethasone Sodium Phosphate Injection,DEXAMETHASONE SODIUM PHOSPHATE,Hikma Pharmaceuticals USA Inc.,Steroids,Available,High,2612,2019-02-08,"INTRAMUSCULAR, INTRAVENOUS"
Dexamethasone Sodium Phosphate Injection,DEXAMETHASONE SODIUM PHOSPHATE,"Fresenius Kabi USA, LLC",Steroids,Available,High,2612,2019-02-08,"INTRAMUSCULAR, INTRAVENOUS"
Dexamethasone Sodium Phosphate Injection,DEXAMETHASONE SODIUM PHOSPHATE,Mylan Institutional LLC,Steroids,Available,High,2612,2019-02-08,"INTRA-ARTICULAR, INTRALESIONAL, INTRAMUSCULAR, INTRAVENOUS, SOFT TISSUE"
Dexamethasone Sodium Phosphate Injection,DEXAMETHASONE SODIUM PHOSPHATE,"Somerset Therapeutics, LLC",Steroids,Available,High,2612,2019-02-08,"INTRAMUSCULAR, INTRAVENOUS"
Dexamethasone Sodium Phosphate Injection,DEXAMETHASONE SODIUM PHOSPHATE,Eugia US LLC,Steroids,Available,High,2612,2019-02-08,"INTRAMUSCULAR, INTRAVENOUS"
Dexamethasone Sodium Phosphate Injection,DEXAMETHASONE SODIUM PHOSPHATE,Hikma Pharmaceuticals USA Inc.,Steroids,Available,High,2612,2019-02-08,"INTRA-ARTICULAR, INTRALESIONAL, INTRAMUSCULAR, INTRAVENOUS, SOFT TISSUE"
Dexamethasone Sodium Phosphate Injection,DEXAMETHASONE SODIUM PHOSPHATE,Mylan Institutional LLC,Steroids,Available,High,2612,2019-02-08,"INTRA-ARTICULAR, INTRALESIONAL, INTRAMUSCULAR, INTRAVENOUS, SOFT TISSUE"
Dexamethasone Sodium Phosphate Injection,DEXAMETHASONE SODIUM PHOSPHATE,"Fresenius Kabi USA, LLC",Steroids,Available,High,2612,2019-02-08,"INTRAMUSCULAR, INTRAVENOUS"
Dexamethasone Sodium Phosphate Injection,DEXAMETHASONE SODIUM PHOSPHATE,"Fresenius Kabi USA, LLC",Steroids,Available,High,2612,2019-02-08,"INTRAMUSCULAR, INTRAVENOUS"
Dexamethasone Sodium Phosphate Injection,DEXAMETHASONE SODIUM PHOSPHATE,"Fresenius Kabi USA, LLC",Steroids,Available,High,2612,2019-02-08,"INTRAMUSCULAR, INTRAVENOUS"
Echothiophate Iodide Ophthalmic Solution,PHOSPHOLINE IODIDE,"Fera Pharmaceuticals, LLC",Other,Available,High,2384,2019-09-24,OPHTHALMIC
Atropine Sulfate Injection,ATROPINE SULFATE,"International Medication Systems, Limited",Anticholinergics,Available,High,2285,2020-01-01,INTRAVENOUS
Atropine Sulfate Injection,ATROPINE SULFATE,"Accord Healthcare, Inc.,",Anticholinergics,Available,High,2285,2020-01-01,INTRAVENOUS
"Rifapentine Tablet, Film Coated",PRIFTIN,sanofi-aventis U.S. LLC,Other,Available,High,2201,2020-03-25,ORAL
Midazolam Hydrochloride Injection,,,Sedatives/Anesthesia,Available,High,2193,2020-04-02,
Midazolam Hydrochloride Injection,MIDAZOLAM,Hikma Pharmaceuticals USA Inc.,Sedatives/Anesthesia,Available,High,2193,2020-04-02,"INTRAMUSCULAR, INTRAVENOUS"
Midazolam Hydrochloride Injection,MIDAZOLAM IN SODIUM CHLORIDE,"WG Critical Care, LLC.",Sedatives/Anesthesia,Available,High,2193,2020-04-02,INTRAVENOUS
Midazolam Hydrochloride Injection,,,Sedatives/Anesthesia,Available,High,2193,2020-04-02,
Midazolam Hydrochloride Injection,MIDAZOLAM,"Hospira, Inc.",Sedatives/Anesthesia,Available,High,2193,2020-04-02,"INTRAMUSCULAR, INTRAVENOUS"
Midazolam Hydrochloride Injection,MIDAZOLAM,Hikma Pharmaceuticals USA Inc.,Sedatives/Anesthesia,Available,High,2193,2020-04-02,"INTRAMUSCULAR, INTRAVENOUS"
Midazolam Hydrochloride Injection,MIDAZOLAM,"Hospira, Inc.",Sedatives/Anesthesia,Available,High,2193,2020-04-02,"INTRAMUSCULAR, INTRAVENOUS"
Midazolam Hydrochloride Injection,,,Sedatives/Anesthesia,Available,High,2193,2020-04-02,
Midazolam Hydrochloride Injection,MIDAZOLAM,"Fresenius Kabi USA, LLC",Sedatives/Anesthesia,Available,High,2193,2020-04-02,"INTRAMUSCULAR, INTRAVENOUS"
Midazolam Hydrochloride Injection,MIDAZOLAM,"Fresenius Kabi USA, LLC",Sedatives/Anesthesia,Available,High,2193,2020-04-02,"INTRAMUSCULAR, INTRAVENOUS"
Midazolam Hydrochloride Injection,MIDAZOLAM,"Hospira, Inc.",Sedatives/Anesthesia,Available,High,2193,2020-04-02,"INTRAMUSCULAR, INTRAVENOUS"
Midazolam Hydrochloride Injection,MIDAZOLAM,"Hospira, Inc.",Sedatives/Anesthesia,Available,High,2193,2020-04-02,"INTRAMUSCULAR, INTRAVENOUS"
Midazolam Hydrochloride Injection,MIDAZOLAM,"Hospira, Inc.",Sedatives/Anesthesia,Available,High,2193,2020-04-02,"INTRAMUSCULAR, INTRAVENOUS"
Midazolam Hydrochloride Injection,,,Sedatives/Anesthesia,Available,High,2193,2020-04-02,
Midazolam Hydrochloride Injection,MIDAZOLAM IN SODIUM CHLORIDE,"WG Critical Care, LLC.",Sedatives/Anesthesia,Available,High,2193,2020-04-02,INTRAVENOUS
Midazolam Hydrochloride Injection,,,Sedatives/Anesthesia,Available,High,2193,2020-04-02,
Midazolam Hydrochloride Injection,MIDAZOLAM,Hikma Pharmaceuticals USA Inc.,Sedatives/Anesthesia,Available,High,2193,2020-04-02,"INTRAMUSCULAR, INTRAVENOUS"
Midazolam Hydrochloride Injection,MIDAZOLAM,"Fresenius Kabi USA, LLC",Sedatives/Anesthesia,Available,High,2193,2020-04-02,"INTRAMUSCULAR, INTRAVENOUS"
Midazolam Hydrochloride Injection,MIDAZOLAM HYDROCHLORIDE,Heritage Pharmaceuticals Inc. d/b/a Avet Pharmaceuticals Inc.,Sedatives/Anesthesia,Available,High,2193,2020-04-02,"INTRAMUSCULAR, INTRAVENOUS"
Midazolam Hydrochloride Injection,MIDAZOLAM,"Fresenius Kabi USA, LLC",Sedatives/Anesthesia,Available,High,2193,2020-04-02,"INTRAMUSCULAR, INTRAVENOUS"
Midazolam Hydrochloride Injection,MIDAZOLAM,"Hospira, Inc.",Sedatives/Anesthesia,Available,High,2193,2020-04-02,"INTRAMUSCULAR, INTRAVENOUS"
Furosemide Injection,FUROSEMIDE,"Fresenius Kabi USA, LLC",Diuretics,Available,High,2188,2020-04-07,"INTRAMUSCULAR, INTRAVENOUS"
Furosemide Injection,FUROSEMIDE,Sagent Pharmaceuticals,Diuretics,Available,High,2188,2020-04-07,"INTRAMUSCULAR, INTRAVENOUS"
Furosemide Injection,FUROSEMIDE,Heritage Pharmaceuticals Inc. d/b/a Avet Pharmaceuticals Inc.,Diuretics,Available,High,2188,2020-04-07,INTRAVENOUS
Furosemide Injection,FUROSEMIDE,Sagent Pharmaceuticals,Diuretics,Available,High,2188,2020-04-07,"INTRAMUSCULAR, INTRAVENOUS"
Furosemide Injection,FUROSEMIDE,Baxter Healthcare Corporation,Diuretics,Available,High,2188,2020-04-07,INTRAVENOUS
Furosemide Injection,FUROSEMIDE,Meitheal Pharmaceuticals Inc.,Diuretics,Available,High,2188,2020-04-07,"INTRAMUSCULAR, INTRAVENOUS"
Furosemide Injection,FUROSEMIDE,Meitheal Pharmaceuticals Inc.,Diuretics,Available,High,2188,2020-04-07,"INTRAMUSCULAR, INTRAVENOUS"
Furosemide Injection,FUROSEMIDE,"Hospira, Inc.",Diuretics,Available,High,2188,2020-04-07,"INTRAMUSCULAR, INTRAVENOUS"
Furosemide Injection,FUROSEMIDE,Sagent Pharmaceuticals,Diuretics,Available,High,2188,2020-04-07,"INTRAMUSCULAR, INTRAVENOUS"
Furosemide Injection,FUROSEMIDE,Heritage Pharmaceuticals Inc. d/b/a Avet Pharmaceuticals Inc.,Diuretics,Available,High,2188,2020-04-07,INTRAVENOUS
Furosemide Injection,HYDRALAZINE HYDROCHLORIDE,Meitheal Pharmaceuticals Inc.,Diuretics,Available,High,2188,2020-04-07,"INTRAMUSCULAR, INTRAVENOUS"
Furosemide Injection,FUROSEMIDE,Avenacy Inc.,Diuretics,Available,High,2188,2020-04-07,"INTRAMUSCULAR, INTRAVENOUS"
Furosemide Injection,FUROSEMIDE,Avenacy Inc.,Diuretics,Available,High,2188,2020-04-07,"INTRAMUSCULAR, INTRAVENOUS"
Furosemide Injection,FUROSEMIDE,Baxter Healthcare Corporation,Diuretics,Available,High,2188,2020-04-07,INTRAVENOUS
Furosemide Injection,FUROSEMIDE,"Hospira, Inc.",Diuretics,Available,High,2188,2020-04-07,"INTRAMUSCULAR, INTRAVENOUS"
Furosemide Injection,FUROSEMIDE,"Hospira, Inc.",Diuretics,Available,High,2188,2020-04-07,"INTRAMUSCULAR, INTRAVENOUS"
Furosemide Injection,FUROSEMIDE,Baxter Healthcare Corporation,Diuretics,Available,High,2188,2020-04-07,INTRAVENOUS
Furosemide Injection,FUROSEMIDE,"Fresenius Kabi USA, LLC",Diuretics,Available,High,2188,2020-04-07,"INTRAMUSCULAR, INTRAVENOUS"
Furosemide Injection,FUROSEMIDE,Eugia US LLC,Diuretics,Available,High,2188,2020-04-07,"INTRAMUSCULAR, INTRAVENOUS"
Furosemide Injection,FUROSEMIDE,"Fresenius Kabi USA, LLC",Diuretics,Available,High,2188,2020-04-07,"INTRAMUSCULAR, INTRAVENOUS"
Furosemide Injection,FUROSEMIDE,Avenacy Inc.,Diuretics,Available,High,2188,2020-04-07,"INTRAMUSCULAR, INTRAVENOUS"
Dexmedetomidine Hydrochloride Injection,PRECEDEX,"Hospira, Inc.",Sedatives/Anesthesia,Available,High,2185,2020-04-10,INTRAVENOUS
Dexmedetomidine Hydrochloride Injection,DEXMEDETOMIDINE,Piramal Critical Care Inc,Sedatives/Anesthesia,Available,High,2185,2020-04-10,INTRAVENOUS
Dexmedetomidine Hydrochloride Injection,DEXMEDETOMIDINE IN DEXTROSE,"WG Critical Care, LLC",Sedatives/Anesthesia,Available,High,2185,2020-04-10,INTRAVENOUS
Dexmedetomidine Hydrochloride Injection,DEXMEDETOMIDINE,"WG Critical Care, LLC",Sedatives/Anesthesia,Available,High,2185,2020-04-10,INTRAVENOUS
Dexmedetomidine Hydrochloride Injection,DEXMEDETOMIDINE,Avenacy Inc.,Sedatives/Anesthesia,Available,High,2185,2020-04-10,INTRAVENOUS
Dexmedetomidine Hydrochloride Injection,PRECEDEX,"Hospira, Inc.",Sedatives/Anesthesia,Available,High,2185,2020-04-10,INTRAVENOUS
Dexmedetomidine Hydrochloride Injection,DEXMEDETOMIDINE HYDROCHLORIDE,"Par Health USA, LLC",Sedatives/Anesthesia,Available,High,2185,2020-04-10,INTRAVENOUS
Dexmedetomidine Hydrochloride Injection,DEXMEDETOMIDINE HYDROCHLORIDE IN 0.9% SODIUM CHLORIDE,Sandoz Inc.,Sedatives/Anesthesia,Available,High,2185,2020-04-10,INTRAVENOUS
Dexmedetomidine Hydrochloride Injection,PRECEDEX,"Hospira, Inc.",Sedatives/Anesthesia,Available,High,2185,2020-04-10,INTRAVENOUS
Dexmedetomidine Hydrochloride Injection,DEXMEDETOMIDINE HYDROCHLORIDE IN 0.9% SODIUM CHLORIDE,Sandoz Inc.,Sedatives/Anesthesia,Available,High,2185,2020-04-10,INTRAVENOUS
Dexmedetomidine Hydrochloride Injection,DEXMEDETOMIDINE HYDROCHLORIDE,Slayback Pharma LLC,Sedatives/Anesthesia,Available,High,2185,2020-04-10,INTRAVENOUS
Dexmedetomidine Hydrochloride Injection,PRECEDEX,"Hospira, Inc.",Sedatives/Anesthesia,Available,High,2185,2020-04-10,INTRAVENOUS
Dexmedetomidine Hydrochloride Injection,DEXMEDETOMIDINE HYDROCHLORIDE,Slayback Pharma LLC,Sedatives/Anesthesia,Available,High,2185,2020-04-10,INTRAVENOUS
Dexmedetomidine Hydrochloride Injection,DEXMEDETOMIDINE IN DEXTROSE,"WG Critical Care, LLC",Sedatives/Anesthesia,Available,High,2185,2020-04-10,INTRAVENOUS
Dexmedetomidine Hydrochloride Injection,DEXMEDETOMIDINE,Mylan Institutional LLC,Sedatives/Anesthesia,Available,High,2185,2020-04-10,INTRAVENOUS
Dexmedetomidine Hydrochloride Injection,DEXMEDETOMIDINE HYDROCHLORIDE,Amneal Pharmaceuticals LLC,Sedatives/Anesthesia,Available,High,2185,2020-04-10,INTRAVENOUS
Dexmedetomidine Hydrochloride Injection,DEXMEDETOMIDINE HYDROCHLORIDE,Eugia US LLC,Sedatives/Anesthesia,Available,High,2185,2020-04-10,INTRAVENOUS
Dexmedetomidine Hydrochloride Injection,DEXMEDETOMIDINE HYDROCHLORIDE IN 0.9% SODIUM CHLORIDE,Baxter Healthcare Company,Sedatives/Anesthesia,Available,High,2185,2020-04-10,INTRAVENOUS
Dexmedetomidine Hydrochloride Injection,PRECEDEX,"Hospira, Inc.",Sedatives/Anesthesia,Available,High,2185,2020-04-10,INTRAVENOUS
Dexmedetomidine Hydrochloride Injection,PRECEDEX,"Hospira, Inc.",Sedatives/Anesthesia,Available,High,2185,2020-04-10,INTRAVENOUS
Dexmedetomidine Hydrochloride Injection,PRECEDEX,"Hospira, Inc.",Sedatives/Anesthesia,Available,High,2185,2020-04-10,INTRAVENOUS
Dexmedetomidine Hydrochloride Injection,PRECEDEX,"Hospira, Inc.",Sedatives/Anesthesia,Available,High,2185,2020-04-10,INTRAVENOUS
Dexmedetomidine Hydrochloride Injection,DEXMEDETOMIDINE HYDROCHLORIDE,Dr.Reddy's Laboratories Inc,Sedatives/Anesthesia,Available,High,2185,2020-04-10,INTRAVENOUS
Dexmedetomidine Hydrochloride Injection,PRECEDEX,"Hospira, Inc.",Sedatives/Anesthesia,Available,High,2185,2020-04-10,INTRAVENOUS
Dexmedetomidine Hydrochloride Injection,DEXMEDETOMIDINE HYDROCHLORIDE IN 0.9% SODIUM CHLORIDE,Baxter Healthcare Company,Sedatives/Anesthesia,Available,High,2185,2020-04-10,INTRAVENOUS
Dexmedetomidine Hydrochloride Injection,PRECEDEX,"Hospira, Inc.",Sedatives/Anesthesia,Available,High,2185,2020-04-10,INTRAVENOUS
Dexmedetomidine Hydrochloride Injection,PRECEDEX,"Hospira, Inc.",Sedatives/Anesthesia,Available,High,2185,2020-04-10,INTRAVENOUS
Dexmedetomidine Hydrochloride Injection,DEXMEDETOMIDINE HYDROCHLORIDE IN 0.9% SODIUM CHLORIDE,Sandoz Inc.,Sedatives/Anesthesia,Available,High,2185,2020-04-10,INTRAVENOUS
Dexmedetomidine Hydrochloride Injection,DEXMEDETOMIDINE HYDROCHLORIDE,Dr.Reddy's Laboratories Inc,Sedatives/Anesthesia,Available,High,2185,2020-04-10,INTRAVENOUS
Dexmedetomidine Hydrochloride Injection,DEXMEDETOMIDINE,"WG Critical Care, LLC",Sedatives/Anesthesia,Available,High,2185,2020-04-10,INTRAVENOUS
Dexmedetomidine Hydrochloride Injection,DEXMEDETOMIDINE HYDROCHLORIDE,Amneal Pharmaceuticals LLC,Sedatives/Anesthesia,Available,High,2185,2020-04-10,INTRAVENOUS
Dexmedetomidine Hydrochloride Injection,DEXMEDETOMIDINE HYDROCHLORIDE,Amneal Pharmaceuticals LLC,Sedatives/Anesthesia,Available,High,2185,2020-04-10,INTRAVENOUS
Dexmedetomidine Hydrochloride Injection,DEXMEDETOMIDINE HYDROCHLORIDE,"Par Health USA, LLC",Sedatives/Anesthesia,Available,High,2185,2020-04-10,INTRAVENOUS
Dexmedetomidine Hydrochloride Injection,DEXMEDETOMIDINE HYDROCHLORIDE,Baxter Healthcare Company,Sedatives/Anesthesia,Available,High,2185,2020-04-10,INTRAVENOUS
Dexmedetomidine Hydrochloride Injection,DEXMEDETOMIDINE HYDROCHLORIDE,Amneal Pharmaceuticals LLC,Sedatives/Anesthesia,Available,High,2185,2020-04-10,INTRAVENOUS
Dexmedetomidine Hydrochloride Injection,DEXMEDETOMIDINE,Eugia US LLC,Sedatives/Anesthesia,Available,High,2185,2020-04-10,INTRAVENOUS
Dexmedetomidine Hydrochloride Injection,PRECEDEX,"Hospira, Inc.",Sedatives/Anesthesia,Available,High,2185,2020-04-10,INTRAVENOUS
Dexmedetomidine Hydrochloride Injection,DEXMEDETOMIDINE HYDROCHLORIDE,"Par Health USA, LLC",Sedatives/Anesthesia,Available,High,2185,2020-04-10,INTRAVENOUS
Amino Acid Injection,CLINISOL,Baxter Healthcare Corporation,Other,Available,High,1943,2020-12-08,INTRAVENOUS
Amino Acid Injection,AMINOSYN II,ICU Medical Inc.,Other,Available,High,1943,2020-12-08,INTRAVENOUS
Amino Acid Injection,CLINISOL,Baxter Healthcare Corporation,Other,Available,High,1943,2020-12-08,INTRAVENOUS
Amino Acid Injection,PLENAMINE,B. Braun Medical Inc.,Other,Available,High,1943,2020-12-08,INTRAVENOUS
Amino Acid Injection,TRAVASOL,Baxter Healthcare Corporation,Other,Available,High,1943,2020-12-08,INTRAVENOUS
Amino Acid Injection,PREMASOL - SULFITE-FREE (AMINO ACID),Baxter Healthcare Company,Other,Available,High,1943,2020-12-08,INTRAVENOUS
Amino Acid Injection,PREMASOL - SULFITE-FREE (AMINO ACID),Baxter Healthcare Company,Other,Available,High,1943,2020-12-08,INTRAVENOUS
Amino Acid Injection,TROPHAMINE,B. Braun Medical Inc.,Other,Available,High,1943,2020-12-08,INTRAVENOUS
Amino Acid Injection,TRAVASOL,Baxter Healthcare Corporation,Other,Available,High,1943,2020-12-08,INTRAVENOUS
Amino Acid Injection,PLENAMINE,B. Braun Medical Inc.,Other,Available,High,1943,2020-12-08,INTRAVENOUS
Amino Acid Injection,AMINOSYN II,ICU Medical Inc.,Other,Available,High,1943,2020-12-08,INTRAVENOUS
Amino Acid Injection,PREMASOL - SULFITE-FREE (AMINO ACID),Baxter Healthcare Company,Other,Available,High,1943,2020-12-08,INTRAVENOUS
Amino Acid Injection,PROSOL,Baxter Healthcare Corporation,Other,Available,High,1943,2020-12-08,INTRAVENOUS
Azacitidine Injection,AZACITIDINE,Meitheal Pharmaceuticals Inc.,Other,Available,High,1933,2020-12-18,"INTRAVENOUS, SUBCUTANEOUS"
Azacitidine Injection,AZACITIDINE,"Fresenius Kabi USA, LLC",Other,Available,High,1933,2020-12-18,"INTRAVENOUS, SUBCUTANEOUS"
Azacitidine Injection,VIDAZA,Celgene Corporation,Other,Available,High,1933,2020-12-18,"INTRAVENOUS, SUBCUTANEOUS"
Azacitidine Injection,AZACITIDINE,Armas Pharmaceuticals Inc.,Other,Available,High,1933,2020-12-18,"INTRAVENOUS, SUBCUTANEOUS"
Azacitidine Injection,AZACITIDINE,Hikma Pharmaceuticals USA Inc.,Other,Available,High,1933,2020-12-18,"INTRAVENOUS, SUBCUTANEOUS"
Azacitidine Injection,AZACITIDINE,Dr. Reddy's Laboratories Inc.,Other,Available,High,1933,2020-12-18,"INTRAVENOUS, SUBCUTANEOUS"
Azacitidine Injection,AZACITIDINE,Accord Healthcare Inc.,Other,Available,High,1930,2020-12-21,"INTRAVENOUS, SUBCUTANEOUS"
Ropivacaine Hydrochloride Injection,ROPIVACAINE HYDROCHLORIDE,Baxter Healthcare Corporation,Other,Available,High,1929,2020-12-22,"EPIDURAL, INFILTRATION, PERINEURAL"
Ropivacaine Hydrochloride Injection,ROPIVACAINE HYDROCHLORIDE,Baxter Healthcare Corporation,Other,Available,High,1929,2020-12-22,"EPIDURAL, INFILTRATION, PERINEURAL"
Valproate Sodium Injection,VALPROATE SODIUM,"Fresenius Kabi USA, LLC",Other,Available,High,1921,2020-12-30,INTRAVENOUS
Valproate Sodium Injection,VALPROATE SODIUM,Hikma Pharmaceuticals USA Inc.,Other,Available,High,1921,2020-12-30,INTRAVENOUS
Rifampin Injection,RIFADIN IV,Sanofi-Aventis U.S. LLC,Other,Available,High,1872,2021-02-17,INTRAVENOUS
Rifampin Injection,RIFAMPIN,"Fresenius Kabi USA, LLC",Other,Available,High,1872,2021-02-17,INTRAVENOUS
Rifampin Injection,RIFAMPIN,Mylan Institutional LLC,Other,Available,High,1872,2021-02-17,INTRAVENOUS
Desmopressin Acetate Spray,DESMOPRESSIN ACETATE,Apotex Corp.,Other,Available,High,1849,2021-03-12,NASAL
Dexmedetomidine Hydrochloride Injection,DEXMEDETOMIDINE,Meitheal Pharmaceuticals Inc.,Sedatives/Anesthesia,Available,High,1820,2021-04-10,INTRAVENOUS
Sterile Water Injection,STERILE WATER,"Hospira, Inc.",Other,Available,High,1593,2021-11-23,"INTRAMUSCULAR, INTRAVENOUS, SUBCUTANEOUS"
Sterile Water Injection,STERILE WATER,"Hospira, Inc.",Other,Available,High,1593,2021-11-23,"INTRAMUSCULAR, INTRAVENOUS, SUBCUTANEOUS"
Sterile Water Injection,STERILE WATER,"Medefil, Inc.",Other,Available,High,1593,2021-11-23,"INTRAMUSCULAR, INTRAVENOUS, SUBCUTANEOUS"
Sterile Water Injection,STERILE WATER,"Hospira, Inc.",Other,Available,High,1593,2021-11-23,"INTRAMUSCULAR, INTRAVENOUS, SUBCUTANEOUS"
Sterile Water Injection,STERILE WATER,"Fresenius Kabi USA, LLC",Other,Available,High,1593,2021-11-23,INTRAVENOUS
Sterile Water Injection,STERILE WATER,Hikma Pharmaceuticals USA Inc.,Other,Available,High,1593,2021-11-23,"INTRAMUSCULAR, INTRAVENOUS, SUBCUTANEOUS"
Sterile Water Injection,STERILE WATER,"Hospira, Inc.",Other,Available,High,1593,2021-11-23,"INTRAMUSCULAR, INTRAVENOUS, SUBCUTANEOUS"
Sterile Water Injection,STERILE WATER,"Fresenius Kabi USA, LLC",Other,Available,High,1593,2021-11-23,"INTRAMUSCULAR, INTRAVENOUS, SUBCUTANEOUS"
Sterile Water Injection,STERILE WATER,"Fresenius Kabi USA, LLC",Other,Available,High,1593,2021-11-23,"INTRAMUSCULAR, INTRAVENOUS, SUBCUTANEOUS"
Methylprednisolone Acetate Injection,DEPO-MEDROL,Pharmacia & Upjohn Company LLC,Steroids,Available,High,1571,2021-12-15,"INTRALESIONAL, INTRAMUSCULAR, INTRASYNOVIAL, SOFT TISSUE"
Methylprednisolone Acetate Injection,DEPO-MEDROL,Pharmacia & Upjohn Company LLC,Steroids,Available,High,1571,2021-12-15,"INTRALESIONAL, INTRAMUSCULAR, INTRASYNOVIAL, SOFT TISSUE"
Methylprednisolone Acetate Injection,DEPO-MEDROL,Pharmacia & Upjohn Company LLC,Steroids,Available,High,1571,2021-12-15,"INTRALESIONAL, INTRAMUSCULAR, INTRASYNOVIAL, SOFT TISSUE"
Methylprednisolone Acetate Injection,DEPO-MEDROL,Pharmacia & Upjohn Company LLC,Steroids,Available,High,1571,2021-12-15,"INTRA-ARTICULAR, INTRALESIONAL, INTRAMUSCULAR, SOFT TISSUE"
Methylprednisolone Acetate Injection,DEPO-MEDROL,Pharmacia & Upjohn Company LLC,Steroids,Available,High,1571,2021-12-15,"INTRALESIONAL, INTRAMUSCULAR, INTRASYNOVIAL, SOFT TISSUE"
Methylprednisolone Acetate Injection,DEPO-MEDROL,Pharmacia & Upjohn Company LLC,Steroids,Available,High,1571,2021-12-15,"INTRALESIONAL, INTRAMUSCULAR, INTRASYNOVIAL, SOFT TISSUE"
Methylprednisolone Acetate Injection,DEPO-MEDROL,Pharmacia & Upjohn Company LLC,Steroids,Available,High,1571,2021-12-15,"INTRALESIONAL, INTRAMUSCULAR, INTRASYNOVIAL, SOFT TISSUE, INTRA-ARTICULAR"
Methylprednisolone Acetate Injection,DEPO-MEDROL,Pharmacia & Upjohn Company LLC,Steroids,Available,High,1571,2021-12-15,"INTRALESIONAL, INTRAMUSCULAR, INTRASYNOVIAL, SOFT TISSUE, INTRA-ARTICULAR"
Methylprednisolone Acetate Injection,METHYLPREDNISOLONE ACETATE,Amneal Pharmaceuticals LLC,Steroids,Available,High,1571,2021-12-15,"INTRA-ARTICULAR, INTRALESIONAL, INTRAMUSCULAR, SOFT TISSUE"
Methylprednisolone Acetate Injection,DEPO-MEDROL,Pharmacia & Upjohn Company LLC,Steroids,Available,High,1571,2021-12-15,"INTRALESIONAL, INTRAMUSCULAR, INTRASYNOVIAL, SOFT TISSUE"
Methylprednisolone Acetate Injection,DEPO-MEDROL,Pharmacia & Upjohn Company LLC,Steroids,Available,High,1571,2021-12-15,"INTRALESIONAL, INTRAMUSCULAR, INTRASYNOVIAL, SOFT TISSUE"
Methylprednisolone Acetate Injection,METHYLPREDNISOLONE ACETATE,Sagent Pharmaceuticals,Steroids,Available,High,1571,2021-12-15,"INTRA-ARTICULAR, INTRALESIONAL, INTRAMUSCULAR, INTRASYNOVIAL, SOFT TISSUE"
Methylprednisolone Acetate Injection,METHYLPREDNISOLONE ACETATE,Sagent Pharmaceuticals,Steroids,Available,High,1571,2021-12-15,"INTRA-ARTICULAR, INTRALESIONAL, INTRAMUSCULAR, INTRASYNOVIAL, SOFT TISSUE"
Methylprednisolone Acetate Injection,DEPO-MEDROL,Pharmacia & Upjohn Company LLC,Steroids,Available,High,1571,2021-12-15,"INTRALESIONAL, INTRAMUSCULAR, INTRASYNOVIAL, SOFT TISSUE, INTRA-ARTICULAR"
Methylprednisolone Acetate Injection,DEPO-MEDROL,Pharmacia & Upjohn Company LLC,Steroids,Available,High,1571,2021-12-15,"INTRALESIONAL, INTRAMUSCULAR, INTRASYNOVIAL, SOFT TISSUE, INTRA-ARTICULAR"
Methylprednisolone Acetate Injection,METHYLPREDNISOLONE ACETATE,Amneal Pharmaceuticals LLC,Steroids,Available,High,1571,2021-12-15,"INTRA-ARTICULAR, INTRALESIONAL, INTRAMUSCULAR, INTRASYNOVIAL, SOFT TISSUE"
Methylprednisolone Acetate Injection,DEPO-MEDROL,Pharmacia & Upjohn Company LLC,Steroids,Available,High,1571,2021-12-15,"INTRA-ARTICULAR, INTRALESIONAL, INTRAMUSCULAR, SOFT TISSUE"
Methylprednisolone Acetate Injection,METHYLPREDNISOLONE ACETATE,Amneal Pharmaceuticals LLC,Steroids,Available,High,1571,2021-12-15,"INTRA-ARTICULAR, INTRALESIONAL, INTRAMUSCULAR, SOFT TISSUE"
Rifampin Capsule,RIFAMPIN,"EPIC PHARMA, LLC",Other,Available,High,1564,2021-12-22,ORAL
Rifampin Capsule,RIFAMPIN,"EPIC PHARMA, LLC",Other,Available,High,1564,2021-12-22,ORAL
Dextrose Monohydrate 50% Injection,DEXTROSE,"Hospira, Inc.",IV Fluids,Available,High,1542,2022-01-13,INTRAVENOUS
Dextrose Monohydrate 50% Injection,DEXTROSE,"Hospira, Inc.",IV Fluids,Available,High,1542,2022-01-13,INTRAVENOUS
Metronidazole Injection,METRONIDAZOLE,Baxter Healthcare Corporation,Antibiotics,Available,High,1542,2022-01-13,INTRAVENOUS
Metronidazole Injection,METRONIDAZOLE,Sagent Pharmaceuticals,Antibiotics,Available,High,1542,2022-01-13,INTRAVENOUS
Dextrose Monohydrate 5% Injection,DEXTROSE,"FRESENIUS KABI USA, LLC",IV Fluids,Available,High,1510,2022-02-14,INTRAVENOUS
Dextrose Monohydrate 5% Injection,DEXTROSE,B. Braun Medical Inc.,IV Fluids,Available,High,1510,2022-02-14,INTRAVENOUS
Dextrose Monohydrate 5% Injection,DEXTROSE,"FRESENIUS KABI USA, LLC",IV Fluids,Available,High,1510,2022-02-14,INTRAVENOUS
Dextrose Monohydrate 5% Injection,DEXTROSE,B. Braun Medical Inc.,IV Fluids,Available,High,1510,2022-02-14,INTRAVENOUS
Dextrose Monohydrate 5% Injection,DEXTROSE,"ICU Medical, Inc.",IV Fluids,Available,High,1510,2022-02-14,INTRAVENOUS
Dextrose Monohydrate 5% Injection,DEXTROSE,"ICU Medical, Inc.",IV Fluids,Available,High,1510,2022-02-14,INTRAVENOUS
Dextrose Monohydrate 5% Injection,DEXTROSE,Baxter Healthcare Corporation,IV Fluids,Available,High,1510,2022-02-14,INTRAVENOUS
Dextrose Monohydrate 5% Injection,DEXTROSE,Baxter Healthcare Company,IV Fluids,Available,High,1510,2022-02-14,INTRAVENOUS
Dextrose Monohydrate 5% Injection,DEXTROSE,"ICU Medical, Inc.",IV Fluids,Available,High,1510,2022-02-14,INTRAVENOUS
Dextrose Monohydrate 5% Injection,DEXTROSE,"ICU Medical, Inc.",IV Fluids,Available,High,1510,2022-02-14,INTRAVENOUS
Dextrose Monohydrate 5% Injection,DEXTROSE,"FRESENIUS KABI USA, LLC",IV Fluids,Available,High,1510,2022-02-14,INTRAVENOUS
Dextrose Monohydrate 5% Injection,DEXTROSE,B. Braun Medical Inc.,IV Fluids,Available,High,1510,2022-02-14,INTRAVENOUS
Dextrose Monohydrate 5% Injection,DEXTROSE,Baxter Healthcare Corporation,IV Fluids,Available,High,1510,2022-02-14,INTRAVENOUS
Dextrose Monohydrate 5% Injection,DEXTROSE,"ICU Medical, Inc.",IV Fluids,Available,High,1510,2022-02-14,INTRAVENOUS
Dextrose Monohydrate 5% Injection,DEXTROSE,"ICU Medical, Inc.",IV Fluids,Available,High,1510,2022-02-14,INTRAVENOUS
Dextrose Monohydrate 5% Injection,DEXTROSE,Baxter Healthcare Company,IV Fluids,Available,High,1510,2022-02-14,INTRAVENOUS
Dextrose Monohydrate 5% Injection,DEXTROSE,Baxter Healthcare Corporation,IV Fluids,Available,High,1510,2022-02-14,INTRAVENOUS
Dextrose Monohydrate 5% Injection,DEXTROSE,"ICU Medical, Inc.",IV Fluids,Available,High,1510,2022-02-14,INTRAVENOUS
Dextrose Monohydrate 5% Injection,DEXTROSE,Baxter Healthcare Company,IV Fluids,Available,High,1510,2022-02-14,INTRAVENOUS
Dextrose Monohydrate 5% Injection,DEXTROSE,Baxter Healthcare Corporation,IV Fluids,Available,High,1510,2022-02-14,INTRAVENOUS
Dextrose Monohydrate 5% Injection,DEXTROSE,"FRESENIUS KABI USA, LLC",IV Fluids,Available,High,1510,2022-02-14,INTRAVENOUS
Dextrose Monohydrate 5% Injection,DEXTROSE,"FRESENIUS KABI USA, LLC",IV Fluids,Available,High,1510,2022-02-14,INTRAVENOUS
Dextrose Monohydrate 5% Injection,DEXTROSE,"ICU Medical, Inc.",IV Fluids,Available,High,1510,2022-02-14,INTRAVENOUS
Dextrose Monohydrate 5% Injection,DEXTROSE,Baxter Healthcare Corporation,IV Fluids,Available,High,1510,2022-02-14,INTRAVENOUS
Dextrose Monohydrate 5% Injection,DEXTROSE,Baxter Healthcare Corporation,IV Fluids,Available,High,1510,2022-02-14,INTRAVENOUS
Dextrose Monohydrate 5% Injection,DEXTROSE,"ICU Medical, Inc.",IV Fluids,Available,High,1510,2022-02-14,INTRAVENOUS
Dextrose Monohydrate 5% Injection,DEXTROSE,Baxter Healthcare Corporation,IV Fluids,Available,High,1510,2022-02-14,INTRAVENOUS
Dextrose Monohydrate 5% Injection,DEXTROSE,B. Braun Medical Inc.,IV Fluids,Available,High,1510,2022-02-14,INTRAVENOUS
Dextrose Monohydrate 5% Injection,DEXTROSE,Baxter Healthcare Corporation,IV Fluids,Available,High,1510,2022-02-14,INTRAVENOUS
Dextrose Monohydrate 5% Injection,DEXTROSE,B. Braun Medical Inc.,IV Fluids,Available,High,1510,2022-02-14,INTRAVENOUS
Dextrose Monohydrate 5% Injection,DEXTROSE,Baxter Healthcare Corporation,IV Fluids,Available,High,1510,2022-02-14,INTRAVENOUS
Dextrose Monohydrate 5% Injection,DEXTROSE,Baxter Healthcare Corporation,IV Fluids,Available,High,1510,2022-02-14,INTRAVENOUS
Dextrose Monohydrate 5% Injection,DEXTROSE,Baxter Healthcare Company,IV Fluids,Available,High,1510,2022-02-14,INTRAVENOUS
Dextrose Monohydrate 5% Injection,DEXTROSE,"ICU Medical, Inc.",IV Fluids,Available,High,1510,2022-02-14,INTRAVENOUS
Dextrose Monohydrate 10% Injection,DEXTROSE,"ICU Medical, Inc.",IV Fluids,Available,High,1495,2022-03-01,INTRAVENOUS
Dextrose Monohydrate 10% Injection,DEXTROSE,B. Braun Medical Inc.,IV Fluids,Available,High,1495,2022-03-01,INTRAVENOUS
Dextrose Monohydrate 10% Injection,DEXTROSE,B. Braun Medical Inc.,IV Fluids,Available,High,1495,2022-03-01,INTRAVENOUS
Dextrose Monohydrate 10% Injection,DEXTROSE,Baxter Healthcare Corporation,IV Fluids,Available,High,1495,2022-03-01,INTRAVENOUS
Dextrose Monohydrate 10% Injection,DEXTROSE,"ICU Medical, Inc.",IV Fluids,Available,High,1495,2022-03-01,INTRAVENOUS
Dextrose Monohydrate 10% Injection,DEXTROSE,"Fresenius Kabi USA, LLC",IV Fluids,Available,High,1495,2022-03-01,INTRAVENOUS
Dextrose Monohydrate 10% Injection,DEXTROSE,"ICU Medical, Inc.",IV Fluids,Available,High,1495,2022-03-01,INTRAVENOUS
Dextrose Monohydrate 10% Injection,DEXTROSE,Baxter Healthcare Corporation,IV Fluids,Available,High,1495,2022-03-01,INTRAVENOUS
Dextrose Monohydrate 10% Injection,DEXTROSE,"Fresenius Kabi USA, LLC",IV Fluids,Available,High,1495,2022-03-01,INTRAVENOUS
Dextrose Monohydrate 10% Injection,DEXTROSE,Baxter Healthcare Corporation,IV Fluids,Available,High,1495,2022-03-01,INTRAVENOUS
Dextrose Monohydrate 10% Injection,DEXTROSE,"ICU Medical, Inc.",IV Fluids,Available,High,1495,2022-03-01,INTRAVENOUS
Dextrose Monohydrate 10% Injection,DEXTROSE,"Fresenius Kabi USA, LLC",IV Fluids,Available,High,1495,2022-03-01,INTRAVENOUS
Dextrose Monohydrate 10% Injection,DEXTROSE,B. Braun Medical Inc.,IV Fluids,Available,High,1495,2022-03-01,INTRAVENOUS
Sufentanil Citrate Injection,SUFENTANIL CITRATE,"Hospira, Inc.",Other,Available,High,1432,2022-05-03,"EPIDURAL, INTRAVENOUS"
Remifentanil Hydrochloride Injection,REMIFENTANIL HYDROCHLORIDE,"Fresenius Kabi USA, LLC",Other,Available,High,1376,2022-06-28,INTRAVENOUS
Remifentanil Hydrochloride Injection,REMIFENTANIL HYDROCHLORIDE,Hikma Pharmaceuticals USA Inc.,Other,Available,High,1376,2022-06-28,INTRAVENOUS
Remifentanil Hydrochloride Injection,ULTIVA,Mylan Institutional LLC,Other,Available,High,1376,2022-06-28,INTRAVENOUS
Remifentanil Hydrochloride Injection,REMIFENTANIL HYDROCHLORIDE,Hikma Pharmaceuticals USA Inc.,Other,Available,High,1376,2022-06-28,INTRAVENOUS
Remifentanil Hydrochloride Injection,REMIFENTANIL HYDROCHLORIDE,Hikma Pharmaceuticals USA Inc.,Other,Available,High,1376,2022-06-28,INTRAVENOUS
Remifentanil Hydrochloride Injection,REMIFENTANIL HYDROCHLORIDE,"Fresenius Kabi USA, LLC",Other,Available,High,1376,2022-06-28,INTRAVENOUS
Remifentanil Hydrochloride Injection,ULTIVA,Mylan Institutional LLC,Other,Available,High,1376,2022-06-28,INTRAVENOUS
Remifentanil Hydrochloride Injection,ULTIVA,Mylan Institutional LLC,Other,Available,High,1376,2022-06-28,INTRAVENOUS
"Streptozocin Powder, For Solution",ZANOSAR,"ESTEVE PHARMACEUTICALS, S.A.",Other,Available,High,1362,2022-07-12,INTRAVENOUS
Flurazepam Hydrochloride Capsule,FLURAZEPAM HYDROCHLORIDE,"Chartwell RX, LLC",Other,Available,High,1340,2022-08-03,ORAL
Flurazepam Hydrochloride Capsule,FLURAZEPAM HYDROCHLORIDE,"Chartwell RX, LLC",Other,Available,High,1340,2022-08-03,ORAL
Flurazepam Hydrochloride Capsule,FLURAZEPAM HYDROCHLORIDE,"Chartwell RX, LLC",Other,Available,High,1340,2022-08-03,ORAL
Flurazepam Hydrochloride Capsule,FLURAZEPAM HYDROCHLORIDE,"Chartwell RX, LLC",Other,Available,High,1340,2022-08-03,ORAL
Etomidate Injection,ETOMIDATE,"Fresenius Kabi USA, LLC",Sedatives/Anesthesia,Available,High,1277,2022-10-05,INTRAVENOUS
Etomidate Injection,ETOMIDATE,Hikma Pharmaceuticals USA Inc.,Sedatives/Anesthesia,Available,High,1277,2022-10-05,INTRAVENOUS
Etomidate Injection,ETOMIDATE,Fosun Pharma USA Inc,Sedatives/Anesthesia,Available,High,1277,2022-10-05,INTRAVENOUS
Etomidate Injection,ETOMIDATE,Armas Pharmaceuticals Inc.,Sedatives/Anesthesia,Available,High,1277,2022-10-05,INTRAVENOUS
Etomidate Injection,ETOMIDATE,"Civica, Inc.",Sedatives/Anesthesia,Available,High,1277,2022-10-05,INTRAVENOUS
Etomidate Injection,ETOMIDATE,Fosun Pharma USA Inc,Sedatives/Anesthesia,Available,High,1277,2022-10-05,INTRAVENOUS
Etomidate Injection,ETOMIDATE,Eugia US LLC,Sedatives/Anesthesia,Available,High,1277,2022-10-05,INTRAVENOUS
Etomidate Injection,ETOMIDATE,Mylan Institutional LLC,Sedatives/Anesthesia,Available,High,1277,2022-10-05,INTRAVENOUS
Etomidate Injection,ETOMIDATE,Hikma Pharmaceuticals USA Inc.,Sedatives/Anesthesia,Available,High,1277,2022-10-05,INTRAVENOUS
Etomidate Injection,AMIDATE,"Hospira, Inc.",Sedatives/Anesthesia,Available,High,1277,2022-10-05,INTRAVENOUS
Etomidate Injection,ETOMIDATE,Hikma Pharmaceuticals USA Inc.,Sedatives/Anesthesia,Available,High,1277,2022-10-05,INTRAVENOUS
Etomidate Injection,ETOMIDATE,"Civica, Inc.",Sedatives/Anesthesia,Available,High,1277,2022-10-05,INTRAVENOUS
Etomidate Injection,ETOMIDATE,"Fresenius Kabi USA, LLC",Sedatives/Anesthesia,Available,High,1277,2022-10-05,INTRAVENOUS
Etomidate Injection,AMIDATE,"Hospira, Inc.",Sedatives/Anesthesia,Available,High,1277,2022-10-05,INTRAVENOUS
Etomidate Injection,ETOMIDATE,Armas Pharmaceuticals Inc.,Sedatives/Anesthesia,Available,High,1277,2022-10-05,INTRAVENOUS
Etomidate Injection,ETOMIDATE,"Fresenius Kabi USA, LLC",Sedatives/Anesthesia,Available,High,1277,2022-10-05,INTRAVENOUS
Etomidate Injection,ETOMIDATE,Mylan Institutional LLC,Sedatives/Anesthesia,Available,High,1277,2022-10-05,INTRAVENOUS
"Amphetamine Aspartate Monohydrate, Amphetamine Sulfate, Dextroamphetamine Saccharate, Dextroamphetamine Sulfate Tablet",ADDERALL,"Teva Pharmaceuticals USA, Inc.",Other,Available,High,1270,2022-10-12,ORAL
"Amphetamine Aspartate Monohydrate, Amphetamine Sulfate, Dextroamphetamine Saccharate, Dextroamphetamine Sulfate Tablet","DEXTROAMPHETAMINE SACCHARATE, AMPHETAMINE ASPARTATE, DEXTROAMPHETAMINE SULFATE AND AMPHETAMINE SULFATE","Lannett Company, Inc.",Other,Available,High,1270,2022-10-12,ORAL
"Amphetamine Aspartate Monohydrate, Amphetamine Sulfate, Dextroamphetamine Saccharate, Dextroamphetamine Sulfate Tablet",DEXTROAMPHETAMINE SACCHARATE AND AMPHETAMINE ASPARTATE AND DEXTROAMPHETAMINE SULFATE AND AMPHETAMINE SULFATE,SpecGx LLC,Other,Available,High,1270,2022-10-12,ORAL
"Amphetamine Aspartate Monohydrate, Amphetamine Sulfate, Dextroamphetamine Saccharate, Dextroamphetamine Sulfate Tablet","DEXTROAMPHETAMINE SACCHARATE, AMPHETAMINE ASPARTATE, DEXTROAMPHETAMINE SULFATE, AMPHETAMINE SULFATE TABLETS,CII",Alvogen Inc.,Other,Available,High,1270,2022-10-12,ORAL
"Amphetamine Aspartate Monohydrate, Amphetamine Sulfate, Dextroamphetamine Saccharate, Dextroamphetamine Sulfate Tablet","DEXTROAMPHETAMINE SACCHARATE, AMPHETAMINE ASPARTATE, DEXTROAMPHETAMINE SULFATE AND AMPHETAMINE SULFATE",Granules Pharmaceuticals Inc.,Other,Available,High,1270,2022-10-12,ORAL
"Amphetamine Aspartate Monohydrate, Amphetamine Sulfate, Dextroamphetamine Saccharate, Dextroamphetamine Sulfate Tablet",DEXTROAMPHETAMINE SACCHARATE AND AMPHETAMINE ASPARTATE AND DEXTROAMPHETAMINE SULFATE AND AMPHETAMINE SULFATE,SpecGx LLC,Other,Available,High,1270,2022-10-12,ORAL
"Amphetamine Aspartate Monohydrate, Amphetamine Sulfate, Dextroamphetamine Saccharate, Dextroamphetamine Sulfate Tablet","DEXTROAMPHETAMINE SACCHARATE, AMPHETAMINE ASPARTATE, DEXTROAMPHETAMINE SULFATE AND AMPHETAMINE SULFATE","Teva Pharmaceuticals USA, Inc.",Other,Available,High,1270,2022-10-12,ORAL
"Amphetamine Aspartate Monohydrate, Amphetamine Sulfate, Dextroamphetamine Saccharate, Dextroamphetamine Sulfate Tablet","DEXTROAMPHETAMINE SACCHARATE, AMPHETAMINE ASPARTATE, DEXTROAMPHETAMINE SULFATE AND AMPHETAMINE SULFATE","Epic Pharma, LLC",Other,Available,High,1270,2022-10-12,ORAL
"Amphetamine Aspartate Monohydrate, Amphetamine Sulfate, Dextroamphetamine Saccharate, Dextroamphetamine Sulfate Tablet",ADDERALL,"Teva Pharmaceuticals USA, Inc.",Other,Available,High,1270,2022-10-12,ORAL
"Amphetamine Aspartate Monohydrate, Amphetamine Sulfate, Dextroamphetamine Saccharate, Dextroamphetamine Sulfate Tablet","DEXTROAMPHETAMINE SACCHARATE, AMPHETAMINE ASPARTATE, DEXTROAMPHETAMINE SULFATE AND AMPHETAMINE SULFATE",Granules Pharmaceuticals Inc.,Other,Available,High,1270,2022-10-12,ORAL
"Amphetamine Aspartate Monohydrate, Amphetamine Sulfate, Dextroamphetamine Saccharate, Dextroamphetamine Sulfate Tablet",ADDERALL,"Teva Pharmaceuticals USA, Inc.",Other,Available,High,1270,2022-10-12,ORAL
"Amphetamine Aspartate Monohydrate, Amphetamine Sulfate, Dextroamphetamine Saccharate, Dextroamphetamine Sulfate Tablet","DEXTROAMPHETAMINE SACCHARATE, AMPHETAMINE ASPARTATE, DEXTROAMPHETAMINE SULFATE AND AMPHETAMINE SULFATE",Granules Pharmaceuticals Inc.,Other,Available,High,1270,2022-10-12,ORAL
"Amphetamine Aspartate Monohydrate, Amphetamine Sulfate, Dextroamphetamine Saccharate, Dextroamphetamine Sulfate Tablet","DEXTROAMPHETAMINE SACCHARATE, AMPHETAMINE ASPARTATE, DEXTROAMPHETAMINE SULFATE AND AMPHETAMINE SULFATE",Granules Pharmaceuticals Inc.,Other,Available,High,1270,2022-10-12,ORAL
"Amphetamine Aspartate Monohydrate, Amphetamine Sulfate, Dextroamphetamine Saccharate, Dextroamphetamine Sulfate Tablet","DEXTROAMPHETAMINE SACCHARATE, AMPHETAMINE ASPARTATE, DEXTROAMPHETAMINE SULFATE AND AMPHETAMINE SULFATE","SUNRISE PHARMACEUTICAL, INC.",Other,Available,High,1270,2022-10-12,ORAL
"Amphetamine Aspartate Monohydrate, Amphetamine Sulfate, Dextroamphetamine Saccharate, Dextroamphetamine Sulfate Tablet","DEXTROAMPHETAMINE SACCHARATE, AMPHETAMINE ASPARTATE, DEXTROAMPHETAMINE SULFATE, AMPHETAMINE SULFATE TABLETS,CII",Alvogen Inc.,Other,Available,High,1270,2022-10-12,ORAL
"Amphetamine Aspartate Monohydrate, Amphetamine Sulfate, Dextroamphetamine Saccharate, Dextroamphetamine Sulfate Tablet",DEXTROAMPHETAMINE SACCHARATE AND AMPHETAMINE ASPARTATE AND DEXTROAMPHETAMINE SULFATE AND AMPHETAMINE SULFATE,SpecGx LLC,Other,Available,High,1270,2022-10-12,ORAL
"Amphetamine Aspartate Monohydrate, Amphetamine Sulfate, Dextroamphetamine Saccharate, Dextroamphetamine Sulfate Tablet","DEXTROAMPHETAMINE SACCHARATE, AMPHETAMINE ASPARTATE, DEXTROAMPHETAMINE SULFATE AND AMPHETAMINE SULFATE","SUNRISE PHARMACEUTICAL, INC.",Other,Available,High,1270,2022-10-12,ORAL
"Amphetamine Aspartate Monohydrate, Amphetamine Sulfate, Dextroamphetamine Saccharate, Dextroamphetamine Sulfate Tablet","DEXTROAMPHETAMINE SACCHARATE, AMPHETAMINE ASPARTATE, DEXTROAMPHETAMINE SULFATE AND AMPHETAMINE SULFATE","Epic Pharma, LLC",Other,Available,High,1270,2022-10-12,ORAL
"Amphetamine Aspartate Monohydrate, Amphetamine Sulfate, Dextroamphetamine Saccharate, Dextroamphetamine Sulfate Tablet","DEXTROAMPHETAMINE SACCHARATE, AMPHETAMINE ASPARTATE, DEXTROAMPHETAMINE SULFATE AND AMPHETAMINE SULFATE","Teva Pharmaceuticals USA, Inc.",Other,Available,High,1270,2022-10-12,ORAL
"Amphetamine Aspartate Monohydrate, Amphetamine Sulfate, Dextroamphetamine Saccharate, Dextroamphetamine Sulfate Tablet","DEXTROAMPHETAMINE SACCHARATE, AMPHETAMINE ASPARTATE, DEXTROAMPHETAMINE SULFATE AND AMPHETAMINE SULFATE","SUNRISE PHARMACEUTICAL, INC.",Other,Available,High,1270,2022-10-12,ORAL
"Amphetamine Aspartate Monohydrate, Amphetamine Sulfate, Dextroamphetamine Saccharate, Dextroamphetamine Sulfate Tablet",ADDERALL,"Teva Pharmaceuticals USA, Inc.",Other,Available,High,1270,2022-10-12,ORAL
"Amphetamine Aspartate Monohydrate, Amphetamine Sulfate, Dextroamphetamine Saccharate, Dextroamphetamine Sulfate Tablet",ADDERALL,"Teva Pharmaceuticals USA, Inc.",Other,Available,High,1270,2022-10-12,ORAL
"Amphetamine Aspartate Monohydrate, Amphetamine Sulfate, Dextroamphetamine Saccharate, Dextroamphetamine Sulfate Tablet","DEXTROAMPHETAMINE SACCHARATE, AMPHETAMINE ASPARTATE, DEXTROAMPHETAMINE SULFATE AND AMPHETAMINE SULFATE","Epic Pharma, LLC",Other,Available,High,1270,2022-10-12,ORAL
"Amphetamine Aspartate Monohydrate, Amphetamine Sulfate, Dextroamphetamine Saccharate, Dextroamphetamine Sulfate Tablet",ADDERALL,"Teva Pharmaceuticals USA, Inc.",Other,Available,High,1270,2022-10-12,ORAL
"Amphetamine Aspartate Monohydrate, Amphetamine Sulfate, Dextroamphetamine Saccharate, Dextroamphetamine Sulfate Tablet","DEXTROAMPHETAMINE SACCHARATE, AMPHETAMINE ASPARTATE, DEXTROAMPHETAMINE SULFATE AND AMPHETAMINE SULFATE","Lannett Company, Inc.",Other,Available,High,1270,2022-10-12,ORAL
"Amphetamine Aspartate Monohydrate, Amphetamine Sulfate, Dextroamphetamine Saccharate, Dextroamphetamine Sulfate Tablet",DEXTROAMPHETAMINE SACCHARATE AND AMPHETAMINE ASPARTATE AND DEXTROAMPHETAMINE SULFATE AND AMPHETAMINE SULFATE,SpecGx LLC,Other,Available,High,1270,2022-10-12,ORAL
"Amphetamine Aspartate Monohydrate, Amphetamine Sulfate, Dextroamphetamine Saccharate, Dextroamphetamine Sulfate Tablet","DEXTROAMPHETAMINE SACCHARATE, AMPHETAMINE ASPARTATE, DEXTROAMPHETAMINE SULFATE AND AMPHETAMINE SULFATE","SUNRISE PHARMACEUTICAL, INC.",Other,Available,High,1270,2022-10-12,ORAL
"Amphetamine Aspartate Monohydrate, Amphetamine Sulfate, Dextroamphetamine Saccharate, Dextroamphetamine Sulfate Tablet","DEXTROAMPHETAMINE SACCHARATE, AMPHETAMINE ASPARTATE MONOHYDRATE, DEXTROAMPHETAMINE SULFATE AND AMPHETAMINE SULFATE",Sandoz Inc,Other,Available,High,1270,2022-10-12,ORAL
"Amphetamine Aspartate Monohydrate, Amphetamine Sulfate, Dextroamphetamine Saccharate, Dextroamphetamine Sulfate Tablet","DEXTROAMPHETAMINE SACCHARATE, AMPHETAMINE ASPARTATE, DEXTROAMPHETAMINE SULFATE, AMPHETAMINE SULFATE TABLETS,CII",Alvogen Inc.,Other,Available,High,1270,2022-10-12,ORAL
"Amphetamine Aspartate Monohydrate, Amphetamine Sulfate, Dextroamphetamine Saccharate, Dextroamphetamine Sulfate Tablet",ADDERALL,"Teva Pharmaceuticals USA, Inc.",Other,Available,High,1270,2022-10-12,ORAL
"Amphetamine Aspartate Monohydrate, Amphetamine Sulfate, Dextroamphetamine Saccharate, Dextroamphetamine Sulfate Tablet","DEXTROAMPHETAMINE SACCHARATE, AMPHETAMINE ASPARTATE, DEXTROAMPHETAMINE SULFATE AND AMPHETAMINE SULFATE","Lannett Company, Inc.",Other,Available,High,1270,2022-10-12,ORAL
"Amphetamine Aspartate Monohydrate, Amphetamine Sulfate, Dextroamphetamine Saccharate, Dextroamphetamine Sulfate Tablet","DEXTROAMPHETAMINE SACCHARATE, AMPHETAMINE ASPARTATE, DEXTROAMPHETAMINE SULFATE AND AMPHETAMINE SULFATE",Oryza Pharmaceuticals Inc.,Other,Available,High,1270,2022-10-12,ORAL
"Amphetamine Aspartate Monohydrate, Amphetamine Sulfate, Dextroamphetamine Saccharate, Dextroamphetamine Sulfate Tablet","DEXTROAMPHETAMINE SACCHARATE, AMPHETAMINE ASPARTATE, DEXTROAMPHETAMINE SULFATE AND AMPHETAMINE SULFATE","Teva Pharmaceuticals USA, Inc.",Other,Available,High,1270,2022-10-12,ORAL
"Amphetamine Aspartate Monohydrate, Amphetamine Sulfate, Dextroamphetamine Saccharate, Dextroamphetamine Sulfate Tablet","DEXTROAMPHETAMINE SACCHARATE, AMPHETAMINE ASPARTATE, DEXTROAMPHETAMINE SULFATE AND AMPHETAMINE SULFATE","Teva Pharmaceuticals USA, Inc.",Other,Available,High,1270,2022-10-12,ORAL
"Amphetamine Aspartate Monohydrate, Amphetamine Sulfate, Dextroamphetamine Saccharate, Dextroamphetamine Sulfate Tablet",DEXTROAMPHETAMINE SACCHARATE AND AMPHETAMINE ASPARTATE AND DEXTROAMPHETAMINE SULFATE AND AMPHETAMINE SULFATE,SpecGx LLC,Other,Available,High,1270,2022-10-12,ORAL
"Amphetamine Aspartate Monohydrate, Amphetamine Sulfate, Dextroamphetamine Saccharate, Dextroamphetamine Sulfate Tablet","DEXTROAMPHETAMINE SACCHARATE, AMPHETAMINE ASPARTATE, DEXTROAMPHETAMINE SULFATE AND AMPHETAMINE SULFATE","Teva Pharmaceuticals USA, Inc.",Other,Available,High,1270,2022-10-12,ORAL
"Amphetamine Aspartate Monohydrate, Amphetamine Sulfate, Dextroamphetamine Saccharate, Dextroamphetamine Sulfate Tablet","DEXTROAMPHETAMINE SACCHARATE, AMPHETAMINE ASPARTATE, DEXTROAMPHETAMINE SULFATE AND AMPHETAMINE SULFATE","SUNRISE PHARMACEUTICAL, INC.",Other,Available,High,1270,2022-10-12,ORAL
"Amphetamine Aspartate Monohydrate, Amphetamine Sulfate, Dextroamphetamine Saccharate, Dextroamphetamine Sulfate Tablet","DEXTROAMPHETAMINE SACCHARATE, AMPHETAMINE ASPARTATE, DEXTROAMPHETAMINE SULFATE AND AMPHETAMINE SULFATE",Granules Pharmaceuticals Inc.,Other,Available,High,1270,2022-10-12,ORAL
"Amphetamine Aspartate Monohydrate, Amphetamine Sulfate, Dextroamphetamine Saccharate, Dextroamphetamine Sulfate Tablet","DEXTROAMPHETAMINE SACCHARATE, AMPHETAMINE ASPARTATE, DEXTROAMPHETAMINE SULFATE AND AMPHETAMINE SULFATE",Oryza Pharmaceuticals Inc.,Other,Available,High,1270,2022-10-12,ORAL
"Amphetamine Aspartate Monohydrate, Amphetamine Sulfate, Dextroamphetamine Saccharate, Dextroamphetamine Sulfate Tablet","DEXTROAMPHETAMINE SACCHARATE, AMPHETAMINE ASPARTATE, DEXTROAMPHETAMINE SULFATE AND AMPHETAMINE SULFATE",Granules Pharmaceuticals Inc.,Other,Available,High,1270,2022-10-12,ORAL
"Amphetamine Aspartate Monohydrate, Amphetamine Sulfate, Dextroamphetamine Saccharate, Dextroamphetamine Sulfate Tablet","DEXTROAMPHETAMINE SACCHARATE, AMPHETAMINE ASPARTATE, DEXTROAMPHETAMINE SULFATE AND AMPHETAMINE SULFATE","SUNRISE PHARMACEUTICAL, INC.",Other,Available,High,1270,2022-10-12,ORAL
"Amphetamine Aspartate Monohydrate, Amphetamine Sulfate, Dextroamphetamine Saccharate, Dextroamphetamine Sulfate Tablet","DEXTROAMPHETAMINE SACCHARATE, AMPHETAMINE ASPARTATE, DEXTROAMPHETAMINE SULFATE AND AMPHETAMINE SULFATE","SUNRISE PHARMACEUTICAL, INC.",Other,Available,High,1270,2022-10-12,ORAL
"Amphetamine Aspartate Monohydrate, Amphetamine Sulfate, Dextroamphetamine Saccharate, Dextroamphetamine Sulfate Tablet",DEXTROAMPHETAMINE SACCHARATE AND AMPHETAMINE ASPARTATE AND DEXTROAMPHETAMINE SULFATE AND AMPHETAMINE SULFATE,SpecGx LLC,Other,Available,High,1270,2022-10-12,ORAL
"Amphetamine Aspartate Monohydrate, Amphetamine Sulfate, Dextroamphetamine Saccharate, Dextroamphetamine Sulfate Tablet","DEXTROAMPHETAMINE SACCHARATE, AMPHETAMINE ASPARTATE, DEXTROAMPHETAMINE SULFATE AND AMPHETAMINE SULFATE",Granules Pharmaceuticals Inc.,Other,Available,High,1270,2022-10-12,ORAL
Albuterol Sulfate Solution,ALBUTEROL SULFATE,Nephron Pharmaceuticals Corporation,Respiratory,Available,High,1257,2022-10-25,RESPIRATORY (INHALATION)
Albuterol Sulfate Solution,"ALBUTEROL SULFATE INHALATION SOLUTION, 0.5%","Ritedose Pharmaceuticals, LLC",Respiratory,Available,High,1257,2022-10-25,RESPIRATORY (INHALATION)
Albuterol Sulfate Solution,ALBUTEROL SULFATE,"Rising Pharma Holdings, Inc.",Respiratory,Available,High,1257,2022-10-25,RESPIRATORY (INHALATION)
Quinapril/Hydrochlorothiazide Tablet,QUINAPRIL AND HYDROCHLOROTHIAZIDE,"Chartwell RX, LLC",Diuretics,Available,High,1171,2023-01-19,ORAL
Quinapril Hydrochloride Tablet,QUINAPRIL,"Chartwell RX, LLC",Other,Available,High,1171,2023-01-19,ORAL
Quinapril Hydrochloride Tablet,QUINAPRIL,"Chartwell RX, LLC",Other,Available,High,1171,2023-01-19,ORAL
Quinapril/Hydrochlorothiazide Tablet,QUINAPRIL AND HYDROCHLOROTHIAZIDE,"Chartwell RX, LLC",Diuretics,Available,High,1171,2023-01-19,ORAL
Quinapril/Hydrochlorothiazide Tablet,QUINAPRIL AND HYDROCHLOROTHIAZIDE,"Chartwell RX, LLC",Diuretics,Available,High,1171,2023-01-19,ORAL
Quinapril Hydrochloride Tablet,QUINAPRIL,"Chartwell RX, LLC",Other,Available,High,1171,2023-01-19,ORAL
Quinapril Hydrochloride Tablet,QUINAPRIL,"Chartwell RX, LLC",Other,Available,High,1171,2023-01-19,ORAL
Rocuronium Bromide Injection,ROCURONIUM BROMIDE,Baxter Healthcare Corporation,Sedatives/Anesthesia,Available,High,1144,2023-02-15,INTRAVENOUS
Rocuronium Bromide Injection,ROCURONIUM BROMIDE,Hikma Pharmaceuticals USA Inc.,Sedatives/Anesthesia,Available,High,1144,2023-02-15,INTRAVENOUS
Rocuronium Bromide Injection,ROCURONIUM,"Fresenius Kabi USA, LLC",Sedatives/Anesthesia,Available,High,1144,2023-02-15,INTRAVENOUS
Rocuronium Bromide Injection,ROCURONIUM BROMIDE,"Hospira, Inc.",Sedatives/Anesthesia,Available,High,1144,2023-02-15,INTRAVENOUS
Rocuronium Bromide Injection,ROCURONIUM BROMIDE,Mylan Institutional LLC,Sedatives/Anesthesia,Available,High,1144,2023-02-15,INTRAVENOUS
Rocuronium Bromide Injection,ROCURONIUM BROMIDE,Meitheal Pharmaceuticals Inc.,Sedatives/Anesthesia,Available,High,1144,2023-02-15,INTRAVENOUS
Rocuronium Bromide Injection,ROCURONIUM BROMIDE,"Hospira, Inc.",Sedatives/Anesthesia,Available,High,1144,2023-02-15,INTRAVENOUS
Rocuronium Bromide Injection,ROCURONIUM BROMIDE,"Hospira, Inc.",Sedatives/Anesthesia,Available,High,1144,2023-02-15,INTRAVENOUS
Rocuronium Bromide Injection,ROCURONIUM BROMIDE,"Hospira, Inc.",Sedatives/Anesthesia,Available,High,1144,2023-02-15,INTRAVENOUS
Rocuronium Bromide Injection,ROCURONIUM BROMIDE,"XGen Pharmaceuticals DJB, Inc.",Sedatives/Anesthesia,Available,High,1144,2023-02-15,INTRAVENOUS
Rocuronium Bromide Injection,ROCURONIUM BROMIDE,Eugia US LLC,Sedatives/Anesthesia,Available,High,1144,2023-02-15,INTRAVENOUS
Rocuronium Bromide Injection,ROCURONIUM BROMIDE,Sandoz Inc,Sedatives/Anesthesia,Available,High,1144,2023-02-15,INTRAVENOUS
Rocuronium Bromide Injection,ROCURONIUM BROMIDE,Baxter Healthcare Corporation,Sedatives/Anesthesia,Available,High,1144,2023-02-15,INTRAVENOUS
Rocuronium Bromide Injection,ROCURONIUM,"Fresenius Kabi USA, LLC",Sedatives/Anesthesia,Available,High,1144,2023-02-15,INTRAVENOUS
Rocuronium Bromide Injection,ROCURONIUM BROMIDE,Hikma Pharmaceuticals USA Inc.,Sedatives/Anesthesia,Available,High,1144,2023-02-15,INTRAVENOUS
Rocuronium Bromide Injection,ROCURONIUM BROMIDE,Meitheal Pharmaceuticals Inc.,Sedatives/Anesthesia,Available,High,1144,2023-02-15,INTRAVENOUS
Rocuronium Bromide Injection,ROCURONIUM,"Fresenius Kabi USA, LLC",Sedatives/Anesthesia,Available,High,1144,2023-02-15,INTRAVENOUS
Rocuronium Bromide Injection,ROCURONIUM BROMIDE,Sandoz Inc,Sedatives/Anesthesia,Available,High,1144,2023-02-15,INTRAVENOUS
Rocuronium Bromide Injection,ROCURONIUM,"Fresenius Kabi USA, LLC",Sedatives/Anesthesia,Available,High,1144,2023-02-15,INTRAVENOUS
Clonazepam Tablet,CLONAZEPAM,Accord Healthcare Inc.,Other,Available,High,1121,2023-03-10,ORAL
Clonazepam Tablet,CLONAZEPAM,Aurobindo Pharma Limited,Other,Available,High,1121,2023-03-10,ORAL
Clonazepam Tablet,CLONAZEPAM,"Teva Pharmaceuticals USA, Inc.",Other,Available,High,1121,2023-03-10,ORAL
Clonazepam Tablet,CLONAZEPAM,Solco Healthcare LLC,Other,Available,High,1121,2023-03-10,ORAL
Clonazepam Tablet,CLONAZEPAM,Advagen Pharma Ltd,Other,Available,High,1121,2023-03-10,ORAL
Clonazepam Tablet,CLONAZEPAM,Solco Healthcare LLC,Other,Available,High,1121,2023-03-10,ORAL
Clonazepam Tablet,CLONAZEPAM,Aurobindo Pharma Limited,Other,Available,High,1121,2023-03-10,ORAL
Clonazepam Tablet,KLONOPIN,"H2-Pharma, LLC",Other,Available,High,1121,2023-03-10,ORAL
Clonazepam Tablet,CLONAZEPAM,Aurobindo Pharma Limited,Other,Available,High,1121,2023-03-10,ORAL
Clonazepam Tablet,KLONOPIN,"H2-Pharma, LLC",Other,Available,High,1121,2023-03-10,ORAL
Clonazepam Tablet,CLONAZEPAM,Solco Healthcare LLC,Other,Available,High,1121,2023-03-10,ORAL
Clonazepam Tablet,CLONAZEPAM,"Teva Pharmaceuticals USA, Inc.",Other,Available,High,1121,2023-03-10,ORAL
Clonazepam Tablet,CLONAZEPAM,"Teva Pharmaceuticals USA, Inc.",Other,Available,High,1121,2023-03-10,ORAL
Clonazepam Tablet,CLONAZEPAM,Advagen Pharma Ltd,Other,Available,High,1121,2023-03-10,ORAL
Clonazepam Tablet,CLONAZEPAM,"Teva Pharmaceuticals USA, Inc.",Other,Available,High,1121,2023-03-10,ORAL
Clonazepam Tablet,CLONAZEPAM,Solco Healthcare LLC,Other,Available,High,1121,2023-03-10,ORAL
Clonazepam Tablet,CLONAZEPAM,Advagen Pharma Ltd,Other,Available,High,1121,2023-03-10,ORAL
Clonazepam Tablet,CLONAZEPAM,Solco Healthcare LLC,Other,Available,High,1121,2023-03-10,ORAL
Clonazepam Tablet,CLONAZEPAM,Advagen Pharma Ltd,Other,Available,High,1121,2023-03-10,ORAL
Clonazepam Tablet,CLONAZEPAM,Accord Healthcare Inc.,Other,Available,High,1121,2023-03-10,ORAL
Clonazepam Tablet,CLONAZEPAM,"Teva Pharmaceuticals USA, Inc.",Other,Available,High,1121,2023-03-10,ORAL
Clonazepam Tablet,CLONAZEPAM,Aurobindo Pharma Limited,Other,Available,High,1121,2023-03-10,ORAL
Clonazepam Tablet,KLONOPIN,"H2-Pharma, LLC",Other,Available,High,1121,2023-03-10,ORAL
Clonazepam Tablet,CLONAZEPAM,Solco Healthcare LLC,Other,Available,High,1121,2023-03-10,ORAL
Clonazepam Tablet,CLONAZEPAM,Aurobindo Pharma Limited,Other,Available,High,1121,2023-03-10,ORAL
Clonazepam Tablet,CLONAZEPAM,Advagen Pharma Ltd,Other,Available,High,1121,2023-03-10,ORAL
Clonazepam Tablet,CLONAZEPAM,Accord Healthcare Inc.,Other,Available,High,1121,2023-03-10,ORAL
Clonazepam Tablet,CLONAZEPAM,Solco Healthcare LLC,Other,Available,High,1121,2023-03-10,ORAL
Clonazepam Tablet,CLONAZEPAM,Aurobindo Pharma Limited,Other,Available,High,1121,2023-03-10,ORAL
Clonazepam Tablet,CLONAZEPAM,Solco Healthcare LLC,Other,Available,High,1121,2023-03-10,ORAL
Clonazepam Tablet,CLONAZEPAM,Accord Healthcare Inc.,Other,Available,High,1121,2023-03-10,ORAL
Clonazepam Tablet,CLONAZEPAM,Advagen Pharma Ltd,Other,Available,High,1121,2023-03-10,ORAL
Clonazepam Tablet,CLONAZEPAM,Advagen Pharma Ltd,Other,Available,High,1121,2023-03-10,ORAL
Clonazepam Tablet,CLONAZEPAM,Accord Healthcare Inc.,Other,Available,High,1121,2023-03-10,ORAL
Clonazepam Tablet,CLONAZEPAM,Advagen Pharma Ltd,Other,Available,High,1121,2023-03-10,ORAL
Methotrexate Sodium Injection,METHOTREXATE,"Teva Parenteral Medicines, Inc.",Oncology,Available,High,1118,2023-03-13,"INTRA-ARTERIAL, INTRAMUSCULAR, INTRATHECAL, INTRAVENOUS"
Methotrexate Sodium Injection,METHOTREXATE,"Fresenius Kabi USA, LLC",Oncology,Available,High,1118,2023-03-13,"INTRA-ARTERIAL, INTRAMUSCULAR, INTRATHECAL, INTRAVENOUS"
Methotrexate Sodium Injection,METHOTREXATE,"Hospira, Inc.",Oncology,Available,High,1118,2023-03-13,"INTRAMUSCULAR, INTRATHECAL, INTRAVENOUS, SUBCUTANEOUS"
Methotrexate Sodium Injection,METHOTREXATE,Hikma Pharmaceuticals USA Inc.,Oncology,Available,High,1118,2023-03-13,"INTRA-ARTERIAL, INTRAMUSCULAR, INTRATHECAL, INTRAVENOUS"
Methotrexate Sodium Injection,METHOTREXATE,Hikma Pharmaceuticals USA Inc.,Oncology,Available,High,1118,2023-03-13,"INTRA-ARTERIAL, INTRAMUSCULAR, INTRATHECAL, INTRAVENOUS"
Methotrexate Sodium Injection,METHOTREXATE,"Accord Healthcare, Inc.",Oncology,Available,High,1118,2023-03-13,"INTRA-ARTERIAL, INTRAMUSCULAR, INTRATHECAL, INTRAVENOUS"
Methotrexate Sodium Injection,METHOTREXATE,"Teva Parenteral Medicines, Inc.",Oncology,Available,High,1118,2023-03-13,"INTRA-ARTERIAL, INTRAMUSCULAR, INTRATHECAL, INTRAVENOUS"
Methotrexate Sodium Injection,METHOTREXATE,"Hospira, Inc.",Oncology,Available,High,1118,2023-03-13,"INTRAMUSCULAR, INTRATHECAL, INTRAVENOUS, SUBCUTANEOUS"
Methotrexate Sodium Injection,METHOTREXATE,"Fresenius Kabi USA, LLC",Oncology,Available,High,1118,2023-03-13,"INTRA-ARTERIAL, INTRAMUSCULAR, INTRAVENOUS"
Methotrexate Sodium Injection,METHOTREXATE,"Hospira, Inc.",Oncology,Available,High,1118,2023-03-13,"INTRAMUSCULAR, INTRAVENOUS, SUBCUTANEOUS"
Methotrexate Sodium Injection,METHOTREXATE,"Accord Healthcare, Inc.",Oncology,Available,High,1118,2023-03-13,"INTRA-ARTERIAL, INTRAMUSCULAR, INTRATHECAL, INTRAVENOUS"
Methotrexate Sodium Injection,METHOTREXATE,"Hospira, Inc.",Oncology,Available,High,1118,2023-03-13,"INTRAMUSCULAR, INTRATHECAL, INTRAVENOUS, SUBCUTANEOUS"
Methotrexate Sodium Injection,METHOTREXATE,"Hospira, Inc.",Oncology,Available,High,1118,2023-03-13,"INTRAMUSCULAR, INTRAVENOUS, SUBCUTANEOUS"
Clindamycin Phosphate Injection,CLINDAMYCIN,Sagent Pharmaceuticals,Antibiotics,Available,High,1110,2023-03-21,"INTRAMUSCULAR, INTRAVENOUS"
Clindamycin Phosphate Injection,CLINDAMYCIN IN 5 PERCENT DEXTROSE,"Civica, Inc.",Antibiotics,Available,High,1110,2023-03-21,INTRAVENOUS
Clindamycin Phosphate Injection,CLINDAMYCIN PHOSPHATE,Baxter Healthcare Company,Antibiotics,Available,High,1110,2023-03-21,INTRAVENOUS
Clindamycin Phosphate Injection,CLINDAMYCIN,Sagent Pharmaceuticals,Antibiotics,Available,High,1110,2023-03-21,"INTRAMUSCULAR, INTRAVENOUS"
Clindamycin Phosphate Injection,CLINDAMYCIN PHOSPHATE,Baxter Healthcare Company,Antibiotics,Available,High,1110,2023-03-21,INTRAVENOUS
Clindamycin Phosphate Injection,CLINDAMYCIN IN 5 PERCENT DEXTROSE,Sandoz Inc,Antibiotics,Available,High,1110,2023-03-21,INTRAVENOUS
Clindamycin Phosphate Injection,CLINDAMYCIN,Sagent Pharmaceuticals,Antibiotics,Available,High,1110,2023-03-21,"INTRAMUSCULAR, INTRAVENOUS"
Clindamycin Phosphate Injection,CLEOCIN PHOSPHATE,Pharmacia & Upjohn Company LLC,Antibiotics,Available,High,1110,2023-03-21,"INTRAMUSCULAR, INTRAVENOUS"
Clindamycin Phosphate Injection,CLINDAMYCIN IN 5 PERCENT DEXTROSE,Sandoz Inc,Antibiotics,Available,High,1110,2023-03-21,INTRAVENOUS
Clindamycin Phosphate Injection,CLEOCIN PHOSPHATE,Pharmacia & Upjohn Company LLC,Antibiotics,Available,High,1110,2023-03-21,"INTRAMUSCULAR, INTRAVENOUS"
Clindamycin Phosphate Injection,CLINDAMYCIN IN 5 PERCENT DEXTROSE,"Civica, Inc.",Antibiotics,Available,High,1110,2023-03-21,INTRAVENOUS
Clonazepam Tablet,CLONAZEPAM,Advagen Pharma Ltd,Other,Available,High,1104,2023-03-27,ORAL
Penicillin G Benzathine Injection,LENTOCILIN,"LABORATRIOS ATRAL, S.A.",Antibiotics,Available,High,1074,2023-04-26,INTRAMUSCULAR
Carboplatin Injection,CARBOPLATIN,"Hospira, Inc.",Oncology,Available,High,1072,2023-04-28,INTRAVENOUS
Carboplatin Injection,CARBOPLATIN,"Hospira, Inc.",Oncology,Available,High,1072,2023-04-28,INTRAVENOUS
Carboplatin Injection,CARBOPLATIN,"Hospira, Inc.",Oncology,Available,High,1072,2023-04-28,INTRAVENOUS
Carboplatin Injection,CARBOPLATIN,"Teva Parenteral Medicines, Inc.",Oncology,Available,High,1072,2023-04-28,INTRAVENOUS
Carboplatin Injection,CARBOPLATIN,Eugia US LLC,Oncology,Available,High,1072,2023-04-28,INTRAVENOUS
Sterile Water Irrigant,STERILE WATER,B. Braun Medical Inc.,Other,Available,High,1072,2023-04-28,IRRIGATION
Sterile Water Irrigant,STERILE WATER,B. Braun Medical Inc.,Other,Available,High,1072,2023-04-28,IRRIGATION
Carboplatin Injection,CARBOPLATIN,"Fresenius Kabi USA, LLC",Oncology,Available,High,1072,2023-04-28,INTRAVENOUS
Carboplatin Injection,CARBOPLATIN,"Hospira, Inc.",Oncology,Available,High,1072,2023-04-28,INTRAVENOUS
Carboplatin Injection,CARBOPLATIN,"Hospira, Inc.",Oncology,Available,High,1072,2023-04-28,INTRAVENOUS
Carboplatin Injection,CARBOPLATIN,"Hospira, Inc.",Oncology,Available,High,1072,2023-04-28,INTRAVENOUS
Carboplatin Injection,CARBOPLATIN,"Teva Parenteral Medicines, Inc.",Oncology,Available,High,1072,2023-04-28,INTRAVENOUS
Carboplatin Injection,CARBOPLATIN,"Hospira, Inc.",Oncology,Available,High,1072,2023-04-28,INTRAVENOUS
Carboplatin Injection,CARBOPLATIN,Eugia US LLC,Oncology,Available,High,1072,2023-04-28,INTRAVENOUS
Carboplatin Injection,CARBOPLATIN,"Teva Parenteral Medicines, Inc.",Oncology,Available,High,1072,2023-04-28,INTRAVENOUS
"Lisdexamfetamine Dimesylate Tablet, Chewable",LISDEXAMFETAMINE DIMESYLATE,Novadoz Pharmaceuticals LLC,Other,Available,High,995,2023-07-14,ORAL
Lisdexamfetamine Dimesylate Capsule,LISDEXAMFETAMINE DIMESYLATE,Alvogen Inc.,Other,Available,High,995,2023-07-14,ORAL
Lisdexamfetamine Dimesylate Capsule,LISDEXAMFETAMINE DIMESYLATE,Mylan Pharmaceuticals Inc.,Other,Available,High,995,2023-07-14,ORAL
"Lisdexamfetamine Dimesylate Tablet, Chewable",VYVANSE,"Takeda Pharmaceuticals America, Inc.",Other,Available,High,995,2023-07-14,ORAL
"Lisdexamfetamine Dimesylate Tablet, Chewable",LISDEXAMFETAMINE DIMESYLATE,Novadoz Pharmaceuticals LLC,Other,Available,High,995,2023-07-14,ORAL
Lisdexamfetamine Dimesylate Capsule,LISDEXAMFETAMINE DIMESYLATE,"Lannett Company, Inc.",Other,Available,High,995,2023-07-14,ORAL
Lisdexamfetamine Dimesylate Capsule,LISDEXAMFETAMINE DIMESYLATE,"Sun Pharmaceutical Industries, Inc.",Other,Available,High,995,2023-07-14,ORAL
Lisdexamfetamine Dimesylate Capsule,LISDEXAMFETAMINE DIMESYLATE,"Lannett Company, Inc.",Other,Available,High,995,2023-07-14,ORAL
"Lisdexamfetamine Dimesylate Tablet, Chewable",LISDEXAMFETAMINE DIMESYLATE,"Sun Pharmaceutical Industries, Inc.",Other,Available,High,995,2023-07-14,ORAL
Lisdexamfetamine Dimesylate Capsule,LISDEXAMFETAMINE DIMESYLATE,Alvogen Inc.,Other,Available,High,995,2023-07-14,ORAL
Lisdexamfetamine Dimesylate Capsule,LISDEXAMFETAMINE DIMESYLATE,"Teva Pharmaceuticals, Inc.",Other,Available,High,995,2023-07-14,ORAL
"Lisdexamfetamine Dimesylate Tablet, Chewable",VYVANSE,"Takeda Pharmaceuticals America, Inc.",Other,Available,High,995,2023-07-14,ORAL
Lisdexamfetamine Dimesylate Capsule,LISDEXAMFETAMINE DIMESYLATE,"Sun Pharmaceutical Industries, Inc.",Other,Available,High,995,2023-07-14,ORAL
Lisdexamfetamine Dimesylate Capsule,LISDEXAMFETAMINE DIMESYLATE,Alvogen Inc.,Other,Available,High,995,2023-07-14,ORAL
"Lisdexamfetamine Dimesylate Tablet, Chewable",LISDEXAMFETAMINE DIMESYLATE,"Sun Pharmaceutical Industries, Inc.",Other,Available,High,995,2023-07-14,ORAL
Lisdexamfetamine Dimesylate Capsule,LISDEXAMFETAMINE DIMESYLATE,"Sun Pharmaceutical Industries, Inc.",Other,Available,High,995,2023-07-14,ORAL
Lisdexamfetamine Dimesylate Capsule,LISDEXAMFETAMINE DIMESYLATE,"Teva Pharmaceuticals, Inc.",Other,Available,High,995,2023-07-14,ORAL
"Lisdexamfetamine Dimesylate Tablet, Chewable",VYVANSE,"Takeda Pharmaceuticals America, Inc.",Other,Available,High,995,2023-07-14,ORAL
Lisdexamfetamine Dimesylate Capsule,LISDEXAMFETAMINE DIMESYLATE,"Teva Pharmaceuticals, Inc.",Other,Available,High,995,2023-07-14,ORAL
Lisdexamfetamine Dimesylate Capsule,LISDEXAMFETAMINE DIMESYLATE,Alvogen Inc.,Other,Available,High,995,2023-07-14,ORAL
Lisdexamfetamine Dimesylate Capsule,LISDEXAMFETAMINE DIMESYLATE,Rhodes Pharmaceuticals,Other,Available,High,995,2023-07-14,ORAL
Lisdexamfetamine Dimesylate Capsule,VYVANSE,"Takeda Pharmaceuticals America, Inc.",Other,Available,High,995,2023-07-14,ORAL
Lisdexamfetamine Dimesylate Capsule,LISDEXAMFETAMINE DIMESYLATE,Rhodes Pharmaceuticals,Other,Available,High,995,2023-07-14,ORAL
Lisdexamfetamine Dimesylate Capsule,VYVANSE,"Takeda Pharmaceuticals America, Inc.",Other,Available,High,995,2023-07-14,ORAL
Lisdexamfetamine Dimesylate Capsule,LISDEXAMFETAMINE DIMESYLATE,Mylan Pharmaceuticals Inc.,Other,Available,High,995,2023-07-14,ORAL
"Lisdexamfetamine Dimesylate Tablet, Chewable",LISDEXAMFETAMINE DIMESYLATE,Novadoz Pharmaceuticals LLC,Other,Available,High,995,2023-07-14,ORAL
Lisdexamfetamine Dimesylate Capsule,LISDEXAMFETAMINE DIMESYLATE,"Sun Pharmaceutical Industries, Inc.",Other,Available,High,995,2023-07-14,ORAL
Lisdexamfetamine Dimesylate Capsule,LISDEXAMFETAMINE DIMESYLATE,"Sun Pharmaceutical Industries, Inc.",Other,Available,High,995,2023-07-14,ORAL
"Lisdexamfetamine Dimesylate Tablet, Chewable",LISDEXAMFETAMINE DIMESYLATE,"Sun Pharmaceutical Industries, Inc.",Other,Available,High,995,2023-07-14,ORAL
"Lisdexamfetamine Dimesylate Tablet, Chewable",LISDEXAMFETAMINE DIMESYLATE,"Sun Pharmaceutical Industries, Inc.",Other,Available,High,995,2023-07-14,ORAL
"Lisdexamfetamine Dimesylate Tablet, Chewable",LISDEXAMFETAMINE DIMESYLATE,"Sun Pharmaceutical Industries, Inc.",Other,Available,High,995,2023-07-14,ORAL
Lisdexamfetamine Dimesylate Capsule,LISDEXAMFETAMINE DIMESYLATE,"Sun Pharmaceutical Industries, Inc.",Other,Available,High,995,2023-07-14,ORAL
Lisdexamfetamine Dimesylate Capsule,LISDEXAMFETAMINE DIMESYLATE,Mylan Pharmaceuticals Inc.,Other,Available,High,995,2023-07-14,ORAL
"Lisdexamfetamine Dimesylate Tablet, Chewable",LISDEXAMFETAMINE DIMESYLATE,Novadoz Pharmaceuticals LLC,Other,Available,High,995,2023-07-14,ORAL
Lisdexamfetamine Dimesylate Capsule,LISDEXAMFETAMINE DIMESYLATE,Rhodes Pharmaceuticals,Other,Available,High,995,2023-07-14,ORAL
Lisdexamfetamine Dimesylate Capsule,VYVANSE,"Takeda Pharmaceuticals America, Inc.",Other,Available,High,995,2023-07-14,ORAL
Lisdexamfetamine Dimesylate Capsule,LISDEXAMFETAMINE DIMESYLATE,"Sun Pharmaceutical Industries, Inc.",Other,Available,High,995,2023-07-14,ORAL
"Lisdexamfetamine Dimesylate Tablet, Chewable",LISDEXAMFETAMINE DIMESYLATE,"Sun Pharmaceutical Industries, Inc.",Other,Available,High,995,2023-07-14,ORAL
"Lisdexamfetamine Dimesylate Tablet, Chewable",VYVANSE,"Takeda Pharmaceuticals America, Inc.",Other,Available,High,995,2023-07-14,ORAL
Lisdexamfetamine Dimesylate Capsule,LISDEXAMFETAMINE DIMESYLATE,"Lannett Company, Inc.",Other,Available,High,995,2023-07-14,ORAL
Lisdexamfetamine Dimesylate Capsule,LISDEXAMFETAMINE DIMESYLATE,Mylan Pharmaceuticals Inc.,Other,Available,High,995,2023-07-14,ORAL
"Lisdexamfetamine Dimesylate Tablet, Chewable",LISDEXAMFETAMINE DIMESYLATE,Novadoz Pharmaceuticals LLC,Other,Available,High,995,2023-07-14,ORAL
Lisdexamfetamine Dimesylate Capsule,LISDEXAMFETAMINE DIMESYLATE,Mylan Pharmaceuticals Inc.,Other,Available,High,995,2023-07-14,ORAL
Lisdexamfetamine Dimesylate Capsule,LISDEXAMFETAMINE DIMESYLATE,Rhodes Pharmaceuticals,Other,Available,High,995,2023-07-14,ORAL
Lisdexamfetamine Dimesylate Capsule,VYVANSE,"Takeda Pharmaceuticals America, Inc.",Other,Available,High,995,2023-07-14,ORAL
Lisdexamfetamine Dimesylate Capsule,LISDEXAMFETAMINE DIMESYLATE,"Teva Pharmaceuticals, Inc.",Other,Available,High,995,2023-07-14,ORAL
Lisdexamfetamine Dimesylate Capsule,LISDEXAMFETAMINE DIMESYLATE,Alvogen Inc.,Other,Available,High,995,2023-07-14,ORAL
"Lisdexamfetamine Dimesylate Tablet, Chewable",VYVANSE,"Takeda Pharmaceuticals America, Inc.",Other,Available,High,995,2023-07-14,ORAL
Lisdexamfetamine Dimesylate Capsule,LISDEXAMFETAMINE DIMESYLATE,Mylan Pharmaceuticals Inc.,Other,Available,High,995,2023-07-14,ORAL
Lisdexamfetamine Dimesylate Capsule,LISDEXAMFETAMINE DIMESYLATE,"Lannett Company, Inc.",Other,Available,High,995,2023-07-14,ORAL
Lisdexamfetamine Dimesylate Capsule,LISDEXAMFETAMINE DIMESYLATE,"Teva Pharmaceuticals, Inc.",Other,Available,High,995,2023-07-14,ORAL
Lisdexamfetamine Dimesylate Capsule,LISDEXAMFETAMINE DIMESYLATE,Alvogen Inc.,Other,Available,High,995,2023-07-14,ORAL
Lisdexamfetamine Dimesylate Capsule,VYVANSE,"Takeda Pharmaceuticals America, Inc.",Other,Available,High,995,2023-07-14,ORAL
"Lisdexamfetamine Dimesylate Tablet, Chewable",LISDEXAMFETAMINE DIMESYLATE,Novadoz Pharmaceuticals LLC,Other,Available,High,995,2023-07-14,ORAL
Lisdexamfetamine Dimesylate Capsule,LISDEXAMFETAMINE DIMESYLATE,Rhodes Pharmaceuticals,Other,Available,High,995,2023-07-14,ORAL
Lisdexamfetamine Dimesylate Capsule,LISDEXAMFETAMINE DIMESYLATE,Alvogen Inc.,Other,Available,High,995,2023-07-14,ORAL
Lisdexamfetamine Dimesylate Capsule,VYVANSE,"Takeda Pharmaceuticals America, Inc.",Other,Available,High,995,2023-07-14,ORAL
"Lisdexamfetamine Dimesylate Tablet, Chewable",VYVANSE,"Takeda Pharmaceuticals America, Inc.",Other,Available,High,995,2023-07-14,ORAL
Lisdexamfetamine Dimesylate Capsule,LISDEXAMFETAMINE DIMESYLATE,Rhodes Pharmaceuticals,Other,Available,High,995,2023-07-14,ORAL
Lisdexamfetamine Dimesylate Capsule,LISDEXAMFETAMINE DIMESYLATE,"Lannett Company, Inc.",Other,Available,High,995,2023-07-14,ORAL
Lisdexamfetamine Dimesylate Capsule,VYVANSE,"Takeda Pharmaceuticals America, Inc.",Other,Available,High,995,2023-07-14,ORAL
Lisdexamfetamine Dimesylate Capsule,LISDEXAMFETAMINE DIMESYLATE,"Teva Pharmaceuticals, Inc.",Other,Available,High,995,2023-07-14,ORAL
Lisdexamfetamine Dimesylate Capsule,LISDEXAMFETAMINE DIMESYLATE,"Lannett Company, Inc.",Other,Available,High,995,2023-07-14,ORAL
Liraglutide Injection,LIRAGLUTIDE,"Teva Pharmaceuticals USA, Inc.",Diabetes,Available,High,991,2023-07-18,SUBCUTANEOUS
Liraglutide Injection,LIRAGLUTIDE,Meitheal Pharmaceuticals Inc.,Diabetes,Available,High,991,2023-07-18,SUBCUTANEOUS
Liraglutide Injection,LIRAGLUTIDE,"Teva Pharmaceuticals USA, Inc.",Diabetes,Available,High,991,2023-07-18,SUBCUTANEOUS
Liraglutide Injection,LIRAGLUTIDE,Hikma Pharmaceuticals USA Inc.,Diabetes,Available,High,991,2023-07-18,SUBCUTANEOUS
Liraglutide Injection,LIRAGLUTIDE,Hikma Pharmaceuticals USA Inc.,Diabetes,Available,High,991,2023-07-18,SUBCUTANEOUS
Liraglutide Injection,LIRAGLUTIDE,Meitheal Pharmaceuticals Inc.,Diabetes,Available,High,991,2023-07-18,SUBCUTANEOUS
Liraglutide Injection,SAXENDA,Novo Nordisk,Diabetes,Available,High,991,2023-07-18,SUBCUTANEOUS
"Methylphenidate Hydrochloride Tablet, Extended Release",RELEXXII,"Vertical Pharmaceuticals, LLC",Other,Available,High,983,2023-07-26,ORAL
"Methylphenidate Hydrochloride Tablet, Extended Release",METHYLPHENIDATE HYDROCHLORIDE,"Actavis Pharma, Inc.",Other,Available,High,983,2023-07-26,ORAL
"Methylphenidate Hydrochloride Tablet, Extended Release",CONCERTA,"Janssen Pharmaceuticals, Inc.",Other,Available,High,983,2023-07-26,ORAL
"Methylphenidate Hydrochloride Tablet, Extended Release",METHYLPHENIDATE HYDROCHLORIDE,"Lannett Company, Inc.",Other,Available,High,983,2023-07-26,ORAL
"Methylphenidate Hydrochloride Tablet, Extended Release",METHYLPHENIDATE HYDROCHLORIDE,"Actavis Pharma, Inc.",Other,Available,High,983,2023-07-26,ORAL
"Methylphenidate Hydrochloride Tablet, Extended Release",CONCERTA,"Janssen Pharmaceuticals, Inc.",Other,Available,High,983,2023-07-26,ORAL
"Methylphenidate Hydrochloride Tablet, Extended Release",METHYLPHENIDATE HYDROCHLORIDE,"Actavis Pharma, Inc.",Other,Available,High,983,2023-07-26,ORAL
"Methylphenidate Hydrochloride Tablet, Extended Release",RELEXXII,"Vertical Pharmaceuticals, LLC",Other,Available,High,983,2023-07-26,ORAL
"Methylphenidate Hydrochloride Tablet, Extended Release",RELEXXII,"Vertical Pharmaceuticals, LLC",Other,Available,High,983,2023-07-26,ORAL
"Methylphenidate Hydrochloride Tablet, Extended Release",METHYLPHENIDATE HYDROCHLORIDE,"Actavis Pharma, Inc.",Other,Available,High,983,2023-07-26,ORAL
"Methylphenidate Hydrochloride Tablet, Extended Release",CONCERTA,"Janssen Pharmaceuticals, Inc.",Other,Available,High,983,2023-07-26,ORAL
"Methylphenidate Hydrochloride Tablet, Extended Release",CONCERTA,"Janssen Pharmaceuticals, Inc.",Other,Available,High,983,2023-07-26,ORAL
"Methylphenidate Hydrochloride Tablet, Extended Release",RELEXXII,"Vertical Pharmaceuticals, LLC",Other,Available,High,983,2023-07-26,ORAL
"Methylphenidate Hydrochloride Tablet, Extended Release",RELEXXII,"Vertical Pharmaceuticals, LLC",Other,Available,High,983,2023-07-26,ORAL
"Methylphenidate Hydrochloride Tablet, Extended Release",RELEXXII,"Vertical Pharmaceuticals, LLC",Other,Available,High,983,2023-07-26,ORAL
"Methylphenidate Hydrochloride Tablet, Extended Release",RELEXXII,"Vertical Pharmaceuticals, LLC",Other,Available,High,983,2023-07-26,ORAL
"Methylphenidate Hydrochloride Tablet, Extended Release",METHYLPHENIDATE HYDROCHLORIDE,"Lannett Company, Inc.",Other,Available,High,983,2023-07-26,ORAL
Lisdexamfetamine Dimesylate Capsule,LISDEXAMFETAMINE DIMESYLATE,"Lannett Company, Inc.",Other,Available,High,927,2023-09-20,ORAL
Propranolol Hydrochloride Injection,PROPRANOLOL,"Fresenius Kabi USA, LLC",Other,Available,High,886,2023-10-31,INTRAVENOUS
Lisdexamfetamine Dimesylate Capsule,LISDEXAMFETAMINE DIMESYLATE,Apotex Corp.,Other,Available,High,885,2023-11-01,ORAL
Lisdexamfetamine Dimesylate Capsule,LISDEXAMFETAMINE DIMESYLATE,Apotex Corp.,Other,Available,High,885,2023-11-01,ORAL
Lisdexamfetamine Dimesylate Capsule,LISDEXAMFETAMINE DIMESYLATE,Apotex Corp.,Other,Available,High,885,2023-11-01,ORAL
Lisdexamfetamine Dimesylate Capsule,LISDEXAMFETAMINE DIMESYLATE,Apotex Corp.,Other,Available,High,885,2023-11-01,ORAL
Lisdexamfetamine Dimesylate Capsule,LISDEXAMFETAMINE DIMESYLATE,Apotex Corp.,Other,Available,High,885,2023-11-01,ORAL
Lisdexamfetamine Dimesylate Capsule,LISDEXAMFETAMINE DIMESYLATE,Apotex Corp.,Other,Available,High,885,2023-11-01,ORAL
Lisdexamfetamine Dimesylate Capsule,LISDEXAMFETAMINE DIMESYLATE,Apotex Corp.,Other,Available,High,885,2023-11-01,ORAL
Cromolyn Sodium Concentrate,CROMOLYN SODIUM,Omnivium Pharmaceuticals LLC,Other,Available,High,883,2023-11-03,ORAL
Cromolyn Sodium Concentrate,CROMOLYN SODIUM,Micro Labs Limited,Other,Available,High,883,2023-11-03,ORAL
Cromolyn Sodium Concentrate,GASTROCROM,Viatris Specialty LLC,Other,Available,High,883,2023-11-03,ORAL
Promethazine Hydrochloride Injection,PROMETHAZINE HYDROCHLORIDE,Hikma Pharmaceuticals USA Inc.,GI/Antiemetics,Available,High,865,2023-11-21,"INTRAMUSCULAR, INTRAVENOUS"
Promethazine Hydrochloride Injection,PROMETHAZINE HYDROCHLORIDE,Hikma Pharmaceuticals USA Inc.,GI/Antiemetics,Available,High,865,2023-11-21,INTRAMUSCULAR
Promethazine Hydrochloride Injection,PHENERGAN,Hikma Pharmaceuticals USA Inc.,GI/Antiemetics,Available,High,865,2023-11-21,"INTRAMUSCULAR, INTRAVENOUS"
Promethazine Hydrochloride Injection,PHENERGAN,Hikma Pharmaceuticals USA Inc.,GI/Antiemetics,Available,High,865,2023-11-21,INTRAMUSCULAR
Promethazine Hydrochloride Injection,PROMETHAZINE HYDROCHLORIDE,Hikma Pharmaceuticals USA Inc.,GI/Antiemetics,Available,High,865,2023-11-21,"INTRAMUSCULAR, INTRAVENOUS"
Fentanyl Citrate Injection,FENTANYL CITRATE,Hikma Pharmaceuticals USA Inc.,Pain/Opioids,Available,High,836,2023-12-20,"INTRAMUSCULAR, INTRAVENOUS"
Fentanyl Citrate Injection,FENTANYL CITRATE,Hikma Pharmaceuticals USA Inc.,Pain/Opioids,Available,High,836,2023-12-20,"INTRAMUSCULAR, INTRAVENOUS"
Fentanyl Citrate Injection,FENTANYL CITRATE,Hikma Pharmaceuticals USA Inc.,Pain/Opioids,Available,High,836,2023-12-20,"INTRAMUSCULAR, INTRAVENOUS"
Atropine Sulfate Injection,ATROPINE SULFATE,Hikma Pharmaceuticals USA Inc.,Anticholinergics,Available,High,836,2023-12-20,"ENDOTRACHEAL, INTRAMEDULLARY, INTRAMUSCULAR, INTRAVENOUS, SUBCUTANEOUS"
Fentanyl Citrate Injection,FENTANYL CITRATE,Hikma Pharmaceuticals USA Inc.,Pain/Opioids,Available,High,836,2023-12-20,INTRAVENOUS
Lisdexamfetamine Dimesylate Capsule,LISDEXAMFETAMINE DIMESYLATE,Rhodes Pharmaceuticals,Other,Available,High,814,2024-01-11,ORAL
Riluzole Oral Suspension,TEGLUTIK,"EDW PHARMA, INC",Other,Available,High,799,2024-01-26,ORAL
Riluzole Oral Suspension,TEGLUTIK,EDW PHARMA,Other,Available,High,799,2024-01-26,ORAL
Riluzole Oral Suspension,TEGLUTIK,EDW PHARMA,Other,Available,High,799,2024-01-26,ORAL
Dextrose Monohydrate 70% Injection,DEXTROSE,Baxter Healthcare Corporation,IV Fluids,Available,High,540,2024-10-11,INTRAVENOUS
Dextrose Monohydrate 70% Injection,DEXTROSE,B. Braun Medical Inc.,IV Fluids,Available,High,540,2024-10-11,INTRAVENOUS
Dextrose Monohydrate 70% Injection,DEXTROSE,ICU Medical Inc.,IV Fluids,Available,High,540,2024-10-11,INTRAVENOUS
Dextrose Monohydrate 70% Injection,DEXTROSE,ICU Medical Inc.,IV Fluids,Available,High,540,2024-10-11,INTRAVENOUS
"Methylphenidate Film, Extended Release",METHYLPHENIDATE TRANSDERMAL SYSTEM,PADAGIS US LLC,Other,Available,High,400,2025-02-28,TRANSDERMAL
"Methylphenidate Film, Extended Release",METHYLPHENIDATE TRANSDERMAL SYSTEM,PADAGIS US LLC,Other,Available,High,400,2025-02-28,TRANSDERMAL
"Methylphenidate Film, Extended Release",METHYLPHENIDATE TRANSDERMAL SYSTEM,PADAGIS US LLC,Other,Available,High,400,2025-02-28,TRANSDERMAL
"Methylphenidate Film, Extended Release",METHYLPHENIDATE TRANSDERMAL SYSTEM,PADAGIS US LLC,Other,Available,High,400,2025-02-28,TRANSDERMAL
Meperidine Hydrochloride Injection,DEMEROL,"Hospira, Inc.",Other,Available,Medium,309,2025-05-30,"INTRAMUSCULAR, INTRAVENOUS, SUBCUTANEOUS"
Meperidine Hydrochloride Injection,MEPERIDINE HYDROCHLORIDE,Hikma Pharmaceuticals USA Inc.,Other,Available,Medium,309,2025-05-30,"INTRAMUSCULAR, INTRAVENOUS, SUBCUTANEOUS"
