review_text,star_rating,review_id,date,sentiment,theme,urgency,key_phrase,month,week
"not recommend hotel did reviewers actually stay hotel did, good thing hotel location really close leidseplein, shared facilities filthy got, did not look toilet floor cleaned month, facilities not cleaned 3 days got, disgusting, staff rude complained left night early refused refund night, not recommend hotel,  ",1,REV-0001,2024-01-01,negative,customer_service,high,hotel service was awful,2024-01,2024-01-01
"barcelona rocks, stayed hotel jazz girlfriend 3 nights end august.the hotel excellent location carrer pelai, close placa catalunya ramblas appreciate buzz city removed respite mayhem crowds, caught airport bus barcelona costs 7 euros person return trip, hotel located 2 mins walk maximum placa universitat stop 2nd route, hotel modern clean, air conditioning room superb balcony looking street outside, room good size, bathroom fine scrimp bit toiletries, bring shower gels unless consider washing un",5,REV-0002,2024-01-01,positive,product_quality,low,hotel modern clean rooms,2024-01,2024-01-01
"ok hotel good location stayed night way beijing rawa island, hotel service room ok. location great shopping restaurants, probably stay, opinion nice 3 star hotel,  ",1,REV-0003,2024-01-02,neutral,general,low,hotel ok good location,2024-01,2024-01-01
"great service nice pool ok beach lovely grounds small rooms stayed 5 days 4 nights 1st 5th, quick cab ride hotel, no line checkin requested king bed guaranteed offered doubles b club level floor, wasnt thrilled went, grounds hotel beautiful, issue posters close airport nonissue, inside hotel heard planes taking, outside hotel heard thrusts engines twice, white noise wind pool people ocean not airport thought, club level nice, compare club levels st. regis aspen, pales compared worth upgrade, clu",5,REV-0004,2024-01-03,positive,product_quality,low,hotel pool and beach area,2024-01,2024-01-01
"surprising treat spent weekend july 15/16 2006 cartwright hotel based purely recommendations read site, actually expecting like small older european hotel, cartwright amazing, small elegant pleasant staff knowlegable city, room small nicely appointed queen bed linens quality, no airconditioning temperatures sf rarely warrant open windows fresh air night 4th floor, wine hour afternoon gave opportunity meet guests share days adventures breakfast buffet adequate, walk half block powell st cable car",5,REV-0005,2024-01-04,positive,product_quality,low,hotel was a pleasant surprise,2024-01,2024-01-01
"fantastic stay affinia 50 stayed affinia 50 december 22-29 2007. not happier, room bedroom suite spacious comfortable family including 2 teenagers, desk doormen extremely helpful, especially enjoyed club floor complimentary drinks 6 7pm, met fellow travellers able share experiences ideas great idea, location fantastic walk rockerfeller centre grand central station times square, definitely reccommend stay affinia hotel future,  ",5,REV-0006,2024-01-05,positive,customer_service,low,helpful doormen staff,2024-01,2024-01-01
"great choice, stayed argonaut 7th 10th sepember second leg honeymoon states, loved, booked expedia got pretty good rate realised making booking got slightly cheaper booking direct kimpton hotels parent, shop best rate.on arrival doormen check-in staff friendly efficient, bottle champagne ice-bucket waiting room honeymoon nice touch, room pretty large beautifully decorated nautical theme.it inward facing room i.e, no bay view bright looks window holiday, furnished k/s bed fridge minibar tv dvd sa",5,REV-0007,2024-01-06,positive,product_quality,low,large beautifully decorated room,2024-01,2024-01-01
"treat good room glimpse bridge, thought room, impeccable service, excellent food bar restaurant, brilliant value, criticism so-called business centre disgrace expensive compared dubai bangkok internet cut warning ludicrously short opening hours,  ",5,REV-0008,2024-01-07,positive,product_quality,low,brilliant value good room,2024-01,2024-01-01
"par price stayed marco polo hotel 1 night november 18 19 time, check quick efficient got room no light working called reception, person housekeeping arrived 5 minutes later light bulbs quickly realized wrong light did not work, mentioned need engineer went reception change room not exactly want 16 hours trip europe got new room quickly worked fine, room large separate pantry old-fashioned worn fixtures furniture, tv small not possible bed, internet speed fine hkd 120 24 hours breakfast arrived m",1,REV-0009,2024-01-08,negative,product_quality,high,broken light in room,2024-01,2024-01-08
"great value money tegal sari lovely hotel, wife stayed 3-days middle honeymoon, cheapest resort stayed just nice, facilities nice pictures, stayed duplex room nicest room, large room 2 balconies jacuzzi tub, tub nice different expected, not deep thought, staff really nice helpful, willing drive wanted ubud free pick, food just okay cheap, cokes refrig room cost 3,500 0.40 cents american, ice cream good dinners, definetly bang buck stayed,  ",5,REV-0010,2024-01-09,positive,value_for_money,low,great value money,2024-01,2024-01-08
"great hotel perfect central location just came trip san juan puerto rico, chose stay sheraton old san juan reviews site good, originally thought stay east coast glad stayed, not mention reviews sheraton properties coast terrible, location perfect want truly explore puerto rico central location easily accessible freeways tollways, easily walk forts central location, went day weekend wanted feel safe stayed, night felt completely safe leaving hotel walking streets restaurants nightclubs, walk vale",5,REV-0011,2024-01-10,positive,location,high,hotel location perfect central,2024-01,2024-01-08
"great hotel perfect central location just came trip san juan puerto rico, chose stay sheraton old san juan reviews site good, originally thought stay east coast glad stayed, not mention reviews sheraton properties coast terrible, location perfect want truly explore puerto rico central location easily accessible freeways tollways, easily walk forts central location, went day weekend wanted feel safe stayed, night felt completely safe leaving hotel walking streets restaurants nightclubs, walk vale",5,REV-0011,2024-01-10,positive,customer_service,low,felt safe leaving hotel,2024-01,2024-01-08
"beautiful just returned 5 night stay beach hotel, experience wonderful, read negative reviews going apprehensive say, grounds beautiful maintained, staff friendly helpful, food good prepared different manner usa, variety food excellent service attentive, drinks kept flowing liquor, rooms nice size lovely balcony, colorful bedspread added decor, negative small towels like rough bathmats bathmats big feet, maid service kept rooms clean in-room frig kept stocked, small tip day appreciated hard work",5,REV-0012,2024-01-11,positive,value_for_money,high,wonderful experience stayed 5 nights,2024-01,2024-01-08
"beautiful just returned 5 night stay beach hotel, experience wonderful, read negative reviews going apprehensive say, grounds beautiful maintained, staff friendly helpful, food good prepared different manner usa, variety food excellent service attentive, drinks kept flowing liquor, rooms nice size lovely balcony, colorful bedspread added decor, negative small towels like rough bathmats bathmats big feet, maid service kept rooms clean in-room frig kept stocked, small tip day appreciated hard work",5,REV-0012,2024-01-11,negative,product_quality,low,small towels rough bathmats,2024-01,2024-01-08
"hope come chose hotel based location reviews tripadvisor say written upsides hotel true, lovely staff excellent location low rates, accept bit noise night garbage trucks far guess, conclusion definately coming hotel chance san francisco,  ",5,REV-0013,2024-01-11,positive,location,high,excellent location low rates,2024-01,2024-01-08
"awesome hotel stayed luanna week 1 6. visit oahu, hotel awesome friendly staff great clean rooms comfortable beds, maid service efficient, air conditioning great long hot day sun, hotel room not microwaves book kitchenette wish, quiet hotel looking escape hustle bustle downtown close walk royal hawaiian shopping center international marketplace, enjoy walk fort derussey park famous waikiku beach 10 minutes away, easy access public transportation shopping shuttles, possibly want situated right, s",5,REV-0014,2024-01-12,positive,product_quality,high,hotel awesome friendly clean rooms,2024-01,2024-01-08
"awesome hotel stayed luanna week 1 6. visit oahu, hotel awesome friendly staff great clean rooms comfortable beds, maid service efficient, air conditioning great long hot day sun, hotel room not microwaves book kitchenette wish, quiet hotel looking escape hustle bustle downtown close walk royal hawaiian shopping center international marketplace, enjoy walk fort derussey park famous waikiku beach 10 minutes away, easy access public transportation shopping shuttles, possibly want situated right, s",5,REV-0014,2024-01-12,neutral,product_quality,low,room bathroom decent size,2024-01,2024-01-08
"great location friendly staff, friend just got staying hotel casci florence, not believe close cathedral sites, hotel clean maintained staff super friendly wanted make stay enjoyable possible, bumed did rain days grateful hotel provided umbrella, room bathroom decent size complaint mattresses little firm tastes, fridge flat screen tv nice surprise free access internet, definitly stay hotel highly recommend hotel,  ",5,REV-0015,2024-01-13,positive,customer_service,high,staff super friendly clean hotel,2024-01,2024-01-08
"great location friendly staff, friend just got staying hotel casci florence, not believe close cathedral sites, hotel clean maintained staff super friendly wanted make stay enjoyable possible, bumed did rain days grateful hotel provided umbrella, room bathroom decent size complaint mattresses little firm tastes, fridge flat screen tv nice surprise free access internet, definitly stay hotel highly recommend hotel,  ",5,REV-0015,2024-01-13,negative,product_quality,low,little firm mattresses,2024-01,2024-01-08
"loved mandarin oriental singapore writing inform wonders mandarin oriental hotel singapore, experience sheer luxury, urge contemplating stay singapore seriously consider option available choose, terms value money hit, booked early directly hotel secured great rate 300 aud night 2 adults 1 child breakfast included, fantastic given excellent standard quality hotel, bonus roll bed free extra charge rarity singapore hotels checked, husband worked global role london based sydney 10 years, consequence",5,REV-0016,2024-01-14,positive,value_for_money,high,good value luxury hotel,2024-01,2024-01-08
"excellent fronts wife stayed night february 2006 thought excellent, live albany ny occasion visit manhattan times year kids stay various hotels sure ranks high, room 38th floor overlooking east river chrysler empire state building pretty darn nice, king bed fine room certainly big especially room multiple beds fine kids, neighborhood nice attraction quiet not case manhatan hotels facing busy streets just 15-20 minute walk times square, did not eat restaurant hotel preferring graze walk including",5,REV-0017,2024-01-15,positive,customer_service,low,fantastic hotel stay,2024-01,2024-01-15
"normandie charming, booked normandie december spring break 2005 saw negative reviews nervous, unfounded, like stepping era, staff efficient courteous trouble renting vehicle big carry brood 14, handled, did best accomodate big crowd, ate breakfast twice nicely presented portions small, pool nicely kept towels hand, beach n't desirable public beach walking distance gorgeous not caribe direction, spent day just vegging, quiet renovations 99 complete need nightlife, thought room adequate junior sui",5,REV-0018,2024-01-16,positive,customer_service,low,staff were accommodating,2024-01,2024-01-15
"beautiful hotel quiet good location safe got best hotel price.we standard room beautiful clean.it looked like website.it black marble fireplace room white marble reclining female nude statue tall ceilings.it great bathroom deep tub good bed.what u need romance.the hotel special set movies.the hotel staff helpful, hotel close galleries lafayette breakfast day terrace overlooking opera paris.breakfast cheaper half department store.have fun,  ",5,REV-0019,2024-01-17,positive,customer_service,low,helpful staff romantic,2024-01,2024-01-15
"mature opulence original seasons hotel singapore, extremely convenient orchard area actually hussle bussle, not sure probably 25 years old matured gracefully, excellent staff excellent facilities rooms absolutely 5 star, quality staff efficient intrusive, normally stay fullerton pricing market level service going, holiday business try regent pleasantly surprised book singapore airways flight excellent value aroun,  ",5,REV-0020,2024-01-18,positive,customer_service,low,excellent service,2024-01,2024-01-15
"great staff makes hotel step reading reviews booked hotel 6 nights november, great, asked room balconey booked time request, cancellation gave room.the staff sent excellent places eat, got reservations uffizi, staff friendly helpful.i stay definately recommend friends,  ",5,REV-0021,2024-01-19,positive,customer_service,high,great staff makes hotel,2024-01,2024-01-15
"great location easy centraal station 5 minute walk busy main road deluxe room no traffic/people noise problems all.check in/out painless helpful provided map offered hold luggage day.did n't bother breakfast quite expensive 5 person.rooms great compact end day not looking palatial, clean good housekeeping, amenities wanted air sat tv good shower tea coffee making.there no room service,  ",5,REV-0022,2024-01-20,positive,value_for_money,high,great location hotel,2024-01,2024-01-15
"overpriced not trendy research thought hip trendy area dissappointed hotel area, yes entrance hotel looks like south beach miami rooms not, just idea taste 28 boyfriend 37 traveled pretty destinations internationally, consider trendy crowd easy, usually hit new trendy clubs traffic sports bars wine bars, pictures posted hotel website say photographer did amazing job real life furniture looked like purchased ikea small rooms small closet area restrooms shower does not sliding door curtain nor exh",1,REV-0023,2024-01-21,negative,product_quality,high,overpriced not trendy hotel,2024-01,2024-01-15
"affordable great location guest hotel times years pleasurable stay great value, location unbeatable, just block union square walking distance shopping well-known restaurants theater bart cable cars.the rooms eleventh floor little bit expensive come extra amenities like bathrobes cd players continental breakfast nearby cafe, bob concierge character willing help, stay rooms hotel quieter fabulous view city, no not modern hotel city updated clean wonderful theater adjacent farallon restaurant best ",5,REV-0024,2024-01-21,positive,value_for_money,high,great location affordable hotel,2024-01,2024-01-15
"great hotel, friendly attentive clean greatest hotel rooms small set feeling larger, rooms nicely decorated room balcony amsterdam, staff not friendlier attentive need construction outside offered switch room not really bother stayed overall not happier stay time come amsterdam.. hotel nadia love, soon,  ",5,REV-0025,2024-01-22,positive,product_quality,low,great hotel friendly staff,2024-01,2024-01-22
"wonderful staff planning trip paris friends looked lot websites read traveler reveiws, hotel lelovoisier looked good location reveiws positive booked 2 twin rooms, trip paris not stayed better hotel, friendly helpful, fabienne vanessa wondeful helping make reservations advising, metro staions close getting city easy, breakfast fresh tasty morning, neeshan delight helpful, rooms small clean quiet, bathroom shower little tricky no shower curtain door bathroom pretty wet showers, did feel unsafe ne",5,REV-0026,2024-01-23,positive,customer_service,high,friendly and helpful staff,2024-01,2024-01-22
"good business location stayed gran melia mexico reforma 2 nights, hotel location business travel tourists hotel not walking-distance city center yuo need use taxi.the room fine clean confortable.breakfast included rate goof breakfast buffet.the hotel good rate compare international hotels mexico city not really 5 stars hotel rate/quality fine.sorry english not perfect,  ",5,REV-0027,2024-01-24,neutral,value_for_money,low,good location and rate,2024-01,2024-01-22
"excellente stayed week wife, bit reluctant dominican republic hearing bad reports, stay excellance completely won over.everthing place class rooms spacious beds enormous comfortable, food restaurants superb drinks great day night.would recomend hotel definitely returning,  ",5,REV-0028,2024-01-25,positive,product_quality,high,excellent stay and amenities,2024-01,2024-01-22
"loved nadia, nadia great little hotel radhuisstraat right near anne frank house right near center centrum perfect location home base exploration amsterdam historic center, hotel comfortable staff superb friendly efficient, osam manager wonderful man kind helpful eager make sure needs met, notch choice hotel belies two-star status, real treat,  ",5,REV-0029,2024-01-26,positive,customer_service,high,friendly and efficient staff,2024-01,2024-01-22
"not nice place good freshly squeezed fruit juices morning, good rest beech horrible, lot sea weed dirty water constant noise motor boats party boats, smell gasoline boats day long, daughter got stung sea lice second day spent days taking cortisone steroid pills shots getting wounds cleaned doctors office, n't care 240 medical bills best vacation getting, spots looked like 2nd degree burns cleared 3 months, resort management did n't want responsibility beach federal property resort not responsibl",1,REV-0030,2024-01-27,negative,packaging,high,dirty and weedy beach,2024-01,2024-01-22
"magnificent property marred terrible service physical aspect condado visually fresh aesthetically pleasing, lobby room city view pool area casino joy, cubicle shower curious i.e. fun experience door leaks bit, balconies nice, pools fresh water salt water hot tub great shape n't tempted swim-up bar, no-password wi-fi not rooms property.unfortunately act actually staying resort task experience, rundown stay elevators operating second hotel row seen trying cut electricity costs, ten-story property ",1,REV-0031,2024-01-28,neutral,customer_service,high,mixed experience with service,2024-01,2024-01-22
"beautiful club lounge seen big fan sofitel asia natural consider property spending 7 nights sydney recently, hotel built 1960 considered landmark city, nice walk harbour great shopping restaurants, hotel completely renovated recently rooms stayed suite tastfully furnished not big fan blond wood finishes, fabrics linens excellent, bathroom bit small.the highlight hotel le club lounge available guests extra cost, finish design lounge absolutely beautiful, spacious array snacks drinks day including",5,REV-0032,2024-01-29,positive,product_quality,medium,beautiful hotel with great renovations,2024-01,2024-01-29
"secrets paradise absolutely loved secrets, husband celebrated anniversary paradise retreat june 18 22. run great could-have-been betters arrival-yes van ride hour long times plenty potholes not bad ride, u dominicans really live treated cows roadway, coulda reached touched them.arrival hotel-i ask mimosa room n't ready just meant went straight lunch buffet, yummy, decor-the place absolutely beautiful room magnificent, clean luxurious love jacuzzi, certainly did, online pictures n't justice, poin",5,REV-0033,2024-01-30,positive,general,low,fantastic anniversary getaway at secrets,2024-01,2024-01-29
"nice little hotel came sf business select reasonably priced hotel, pleasantly surprised hotel layne, family-run make feel welcome, rooms basic amenities ironing board blow dryer not fancy, bathroom spotless, neighborhood borders tenderloin streets little tricky panhandlers not worst seen, just use street smarts fine, stay, yes,  ",5,REV-0034,2024-01-31,positive,value_for_money,low,nice hotel at a reasonable price,2024-01,2024-01-29
"absolutely superb wife just returned night stay new york palace, left uk hotel extremely helpful answering questions booking restaurants arrived check-in swift friendly minutes thirtieth floor executive room spacious extremely comfortable equiped fine views st patrick cathedral, strongly recommend executive rooms benefits include use executive lounge serves complimentary buffet breakfast drinks lunch time snacks tea evening snacks, ate gilt restaurant night food superb standards, hotel staff fri",5,REV-0035,2024-01-31,positive,product_quality,medium,excellent hotel with great amenities,2024-01,2024-01-29
"nice hotel husband spent seven nights hotel december 29th january 5th great time, centrally located used metro buses taxis, city people enjoyed corner room 208 second floor balconies gran street, room bathroom spacious nicely furnished clean, lot storage space bed big comfortable lighting excellent, not bothered gran via__Ç_é_ noise windows closed room soundproofed, buffet breakfast included rate ok lot cold warm options, receptionists especially oscar ruth professional friendly polite extremely",5,REV-0036,2024-02-01,positive,customer_service,low,excellent customer service staff,2024-02,2024-01-29
"nice hotel husband spent seven nights hotel december 29th january 5th great time, centrally located used metro buses taxis, city people enjoyed corner room 208 second floor balconies gran street, room bathroom spacious nicely furnished clean, lot storage space bed big comfortable lighting excellent, not bothered gran via__Ç_é_ noise windows closed room soundproofed, buffet breakfast included rate ok lot cold warm options, receptionists especially oscar ruth professional friendly polite extremely",5,REV-0036,2024-02-01,positive,product_quality,low,hotel very clean spacious well furnished,2024-02,2024-01-29
"nice hotel husband spent seven nights hotel december 29th january 5th great time, centrally located used metro buses taxis, city people enjoyed corner room 208 second floor balconies gran street, room bathroom spacious nicely furnished clean, lot storage space bed big comfortable lighting excellent, not bothered gran via__Ç_é_ noise windows closed room soundproofed, buffet breakfast included rate ok lot cold warm options, receptionists especially oscar ruth professional friendly polite extremely",5,REV-0036,2024-02-01,positive,packaging,low,room soundproofed great,2024-02,2024-01-29
"nice hotel husband spent seven nights hotel december 29th january 5th great time, centrally located used metro buses taxis, city people enjoyed corner room 208 second floor balconies gran street, room bathroom spacious nicely furnished clean, lot storage space bed big comfortable lighting excellent, not bothered gran via__Ç_é_ noise windows closed room soundproofed, buffet breakfast included rate ok lot cold warm options, receptionists especially oscar ruth professional friendly polite extremely",5,REV-0036,2024-02-01,positive,value_for_money,low,reasonable rate excellent breakfast,2024-02,2024-01-29
"excellent hotel clean good food excellent staff freindly people, good value money included breakfast taxes, good location just opposite central station tram station corner, excellent selection tourist information foyer rooms, walking tour buy guide old city hotel reception,  ",5,REV-0037,2024-02-02,positive,product_quality,low,hotel clean good food excellent staff,2024-02,2024-01-29
"excellent hotel clean good food excellent staff freindly people, good value money included breakfast taxes, good location just opposite central station tram station corner, excellent selection tourist information foyer rooms, walking tour buy guide old city hotel reception,  ",5,REV-0037,2024-02-02,positive,value_for_money,low,good value for money included breakfast taxes,2024-02,2024-01-29
"excellent hotel clean good food excellent staff freindly people, good value money included breakfast taxes, good location just opposite central station tram station corner, excellent selection tourist information foyer rooms, walking tour buy guide old city hotel reception,  ",5,REV-0037,2024-02-02,positive,general,low,excellent selection tourist information foyer,2024-02,2024-01-29
"thanks tripadvisor, visited march weather perfect, booked month early used aaa rate, economical used tripadvisor reviews make choice, arrived checked luggage rooms not quite ready, receptions staff great, lobby hearkens early 20th century bavarian hotels, nice, daily tea available guests afternoons.room great, no ac bay need summer, room looked similar pictures website spacious flat screen tv wall mounted no furniture desk extra chair present, beds bit old comfortable, bathroom cleanthere good c",5,REV-0038,2024-02-03,positive,customer_service,low,reception staff great very helpful,2024-02,2024-01-29
"thanks tripadvisor, visited march weather perfect, booked month early used aaa rate, economical used tripadvisor reviews make choice, arrived checked luggage rooms not quite ready, receptions staff great, lobby hearkens early 20th century bavarian hotels, nice, daily tea available guests afternoons.room great, no ac bay need summer, room looked similar pictures website spacious flat screen tv wall mounted no furniture desk extra chair present, beds bit old comfortable, bathroom cleanthere good c",5,REV-0038,2024-02-03,positive,product_quality,low,room great clean large flat screen tv,2024-02,2024-01-29
"thanks tripadvisor, visited march weather perfect, booked month early used aaa rate, economical used tripadvisor reviews make choice, arrived checked luggage rooms not quite ready, receptions staff great, lobby hearkens early 20th century bavarian hotels, nice, daily tea available guests afternoons.room great, no ac bay need summer, room looked similar pictures website spacious flat screen tv wall mounted no furniture desk extra chair present, beds bit old comfortable, bathroom cleanthere good c",5,REV-0038,2024-02-03,neutral,packaging,low,no ac bay need summer room ok,2024-02,2024-01-29
"great location spent 5 nights h10 montcada, aerobus airport placa catalunya convenient good deal 4.10 euro, arriving early sunday morning decided skip metro walked rest way, quickly realized centrally located hotel, smallest hotel room stayed laid functional comfortable, room 7th floor facing street, street noise view great, waking morning seeing cathedral roman wall just street amazing, church bells start 6am city literally comes life.the location perfect want explore gothic area, port parc la ",5,REV-0039,2024-02-04,positive,delivery,low,excellent location convenient to airport tram,2024-02,2024-01-29
"great location spent 5 nights h10 montcada, aerobus airport placa catalunya convenient good deal 4.10 euro, arriving early sunday morning decided skip metro walked rest way, quickly realized centrally located hotel, smallest hotel room stayed laid functional comfortable, room 7th floor facing street, street noise view great, waking morning seeing cathedral roman wall just street amazing, church bells start 6am city literally comes life.the location perfect want explore gothic area, port parc la ",5,REV-0039,2024-02-04,positive,product_quality,low,comfortable room with great street view,2024-02,2024-01-29
"loved staff stayed nights november 2007. time venice unfamiliar, walked directly boat straight ahead asked hotel daniel directions, called stephano met minutes, short short walk alley, no dragging luggage forever streets, carried luggage upstairs poor guy, surprised double room balconey, modern pristine fresh smelling clean, bathroom gorgeous, felt luxurious comforting, safe phone window balconey stocked mini bar, heaven, stephano professional helpful kind, breakfast fine, ordered 3 coffee no di",5,REV-0040,2024-02-05,positive,customer_service,low,staff extremely helpful professional kind,2024-02,2024-02-05
"loved staff stayed nights november 2007. time venice unfamiliar, walked directly boat straight ahead asked hotel daniel directions, called stephano met minutes, short short walk alley, no dragging luggage forever streets, carried luggage upstairs poor guy, surprised double room balconey, modern pristine fresh smelling clean, bathroom gorgeous, felt luxurious comforting, safe phone window balconey stocked mini bar, heaven, stephano professional helpful kind, breakfast fine, ordered 3 coffee no di",5,REV-0040,2024-02-05,positive,product_quality,low,modern pristine fresh smelling clean room,2024-02,2024-02-05
"loved staff stayed nights november 2007. time venice unfamiliar, walked directly boat straight ahead asked hotel daniel directions, called stephano met minutes, short short walk alley, no dragging luggage forever streets, carried luggage upstairs poor guy, surprised double room balconey, modern pristine fresh smelling clean, bathroom gorgeous, felt luxurious comforting, safe phone window balconey stocked mini bar, heaven, stephano professional helpful kind, breakfast fine, ordered 3 coffee no di",5,REV-0040,2024-02-05,positive,value_for_money,low,double room balcony luxurious safe stocked mini,2024-02,2024-02-05
"great place little gem great, checked hotels internet making booking glad did homework, central absolutely rooms lovely staff friendly, ask room number huge chandelers ground floor no steep stairs negotiate drinks, going amsterdam definitely stay,  ",5,REV-0041,2024-02-06,neutral,general,low,tagging failed,2024-02,2024-02-05
"beautiful gardens husband booked 10 night stay celebrated 40th birthday, following long journey uk finally arraived hyatt greeted lovely smiling staff bearing lei garlands cold fruit juice, check easy straight forward shown room- 2301 overlooked absolutely stunning gardens, huge sun terrace 2 sun loungers parasol addition small patio table chairs, no sign dampness room spotlessly clean, upgraded regency club recommend, regency lounge peaceful perfect way start day gentle breakfast overlooking pr",5,REV-0042,2024-02-07,neutral,general,low,tagging failed,2024-02,2024-02-05
"thanks crowne plaza stayed feb 12-19 2006. loved hotel, oversized junior suite corner room spacious sitting area, staff hotel pleasant, single one.the hotel convenient central, n't far, conference moscone center pleasant 5-10 min, walk.when left forgot sentimental blanket baby crib, forgot 2 weeks surprise kept blanket, not mailed expense, service.thanks crowne plaza san francisco wonderful stay,  ",5,REV-0043,2024-02-08,neutral,general,low,tagging failed,2024-02,2024-02-05
"booklover retreat millionaire terrace wife returned library hotel november 2004. thermostat room controlled functioned simply efficiently, bathrobes hung closet hangers said trust guests, know does not sound like returning italy having none elated.each room stocked books specific categories vcr, terrace reminds photo shoot glamourous magazine, purchase bottle wine well-stocked shop madison avenue 40th street sent terrace, smokers indulge, chinesedelivered room enjoyed cozy room blocks nyc librar",5,REV-0044,2024-02-09,neutral,general,low,tagging failed,2024-02,2024-02-05
"charming hotel great location pleased alexis, charming little hotel walking distance pike market shops restaurants needed, staff friendly courteous especially valet staff bell hops, comfortable hotel beds slept,  ",5,REV-0045,2024-02-10,neutral,general,low,tagging failed,2024-02,2024-02-05
"good just good night stay hotel happy aspect experience initial contact booking car parking porter service.various people praised staff add praise quite refreshing visit hotel staff really care.the minor grumble shower room fairly useless.we use hotel,  ",5,REV-0046,2024-02-10,positive,customer_service,high,Staff really care,2024-02,2024-02-05
"clean no frills holiday inn express condado area san juan clean comfortable quiet hotel, continental breakfast served no restaurant, recommend hotel one-night stay not,  ",1,REV-0047,2024-02-11,positive,value_for_money,low,Clean and quiet hotel,2024-02,2024-02-05
"iberostar fantastic just returned trip dominican republic punta cana, best vacations on.the staff iberostar willing help guests, smiling helpful, servers activities staff helpful.when arrived not happy room, damp musty smell, did not view, hotel gave upgraded room day thoroughly enjoyed.the food fantastic high quality huge menu selection, got bored food, different lunch dinner buffets, breakfast buffet day huge selection not problem all.the la carte restaurants fantastic, went rock cafe pagoda m",5,REV-0048,2024-02-12,positive,product_quality,high,Fantastic food and staff,2024-02,2024-02-12
"great location read reviews saying rooms small dirty little apprehensive, room quite large having 3 windows looking hotel quiet, furnishings need update room clean, bathroom large, good separate area smokers breakfast room, good selection food, staff friendly helpful, no hesitation staying,  ",5,REV-0049,2024-02-13,positive,value_for_money,high,Good location and friendly staff,2024-02,2024-02-12
"not bad, stayed nights husband mid october year.we originally booked stay agon frankfurter allee got hotel double booked, need n't worried immediately transported hotel taxi paid hotel chain pleased, staff pleasant rooms clean, breakfast buffett style nice.the room husband got like apartment small kitchen area balcony good view, bathroom shower clean easy use hotel 5/10 minutes walk alexanderplatz, recommend going tv tower early queues long, recommend tour bus takes approx, 2 hours, worth doing,",5,REV-0050,2024-02-14,positive,product_quality,low,Clean and pleasant stay,2024-02,2024-02-12
"nice resort stay bahia prinicipe week april 12 april 19 3 couples area, nice resort, requested couples place villas needless say 3 couples stayed villa 15 stuck villa 11. told just short walk believed did not realize just big resort, pool kids club, not big deal did request prior leaving states arrived resort, resort clean neat freak resort passes high standards, cleaning polishing, food ok serving people like repeats main things, 3 al carte restaurants managed sneak 2 meals cancellations, check",5,REV-0051,2024-02-15,positive,general,low,nice resort stay experience,2024-02,2024-02-12
"wonderful hotel fantastic hotel fantastic location fantastic staff, boyfriend stayed weekend city break loved minute it.location right middle, really fun bars clubs comedy clubs just outside hotel door, liedseplein great food/drink dancing night away, recommend bulldog bit cliched hey dam, tram stops musuem district canal tour pick point tourist information fashion district casino 5 mins walking distance, red light district centraal station littel away no 10 min tram ride beds amazing spacious, ",5,REV-0052,2024-02-16,positive,general,low,fantastic hotel location staff,2024-02,2024-02-12
"great experience marriott city wall just returned weeks china stop beijing stayed new marriott city wall, comfortable staff attentive helpful, 8 weeks old arrived obviously beautifully, equipped room amenity, staff n't delightful, worked different concierges efficient possible, enjoyed buffet breakfast morning staff remembered morning, guys hotel helped taxi, terrific, location convenient taxi ride necessary main historical sights, wonderful guide days johanna unfortunately not email, need guide",5,REV-0053,2024-02-17,positive,general,low,great experience marriott hotel,2024-02,2024-02-12
"treated like royalty treated like royalty, quite possibly finest hotel i__Ç_ée experienced, treatment__Ç started arrived, day visit realized forgotten exactly reservations called jury__Ç_é_ remembered hotels came highly recommended trip advisor reviews, recollection booked dates needed recommended boutique hotel area, spoke gentleman named dan later learned deputy general manager, great surprise offered hotels behalf reservation, clearly no benefit provide service believed not staying hotel, sp",5,REV-0054,2024-02-18,positive,general,low,treated like royalty hotel,2024-02,2024-02-12
"perfect location location location location, walking distance major points interest.rooms soundproof real effective 6th floor spacious clean room.should barcelona no doubt book royal again.breakfast not best absolutely starts 7am wake early ok 5 range 1 10,  ",1,REV-0055,2024-02-19,positive,general,low,perfect hotel location,2024-02,2024-02-19
"nice grounds pathetic service standards perspective frequent business traveler member highest tier hotel chain frequent stay program.good grounds nicely manicured original frank lloyd wright buildings iconic, service biltmore grill good, upgraded king room spacious.bad pathetic service starts arrival, valet/bell desk not offer help luggage, desk keys n't work causing return keys, 5 minute walk room summer 100+ degree temperatures, clock radio broken, coffee maker request none room delivered used",1,REV-0056,2024-02-20,negative,customer_service,high,pathetic service at biltmore grill,2024-02,2024-02-19
"ok not great, stayed weekend beginning september.check-in fine nice friendly receptionist promised great room nice good size nicely decorated good bathroom.it late hungry tried georgetown restaurant honest pretty poor, ordinary food i.e, better no chef means not-so-cheap prices, definitely _not_ eat here.next morning breakfast downstairs 2nd restaurant ok. restaurant kind cramped cooked food buffet style alright, apart chap appeared running place rest staff little like zombies asked nor care enj",1,REV-0057,2024-02-20,negative,customer_service,high,poor service at georgetown restaurant,2024-02,2024-02-19
"great hotel chose shangri-la five-night stay singapore consistent praise tripadvisor, not disappointed.there truly special service hotel, sure know read eye contact second want leave peace not, tourists singapore spend morning running various neighborhoods sites, given intense heat city spend lunch looking forward getting afternoon perfect little oasis shangri-la pool, stayed garden wing room beautiful amenity perfectly place, five-night stay went four-day trip returned shangri-la final night re",5,REV-0058,2024-02-21,positive,customer_service,low,excellent service at shangri-la hotel,2024-02,2024-02-19
"stylish hotel great rooms small issue husband stayed amrath 2 nights july 45th birthday, booked expedia pleased room, spacious clean complimentary mini bar unique selling point not come hotels real plus.we loved fact hotel retained original features, paternoster particularly impressive fact kept running used lovely touch, staff noticeably proud achieved year opening rightly so.the hotel location excellent walking distance red light disitrict station distant avoid noise hustle.we ate bar twice fo",5,REV-0059,2024-02-22,positive,general,low,impressive stylish hotel location,2024-02,2024-02-19
"nice teens loved buffet husband stays business decided join time little away, liked beach great, morning buffet afternoon manager reception great hung awaiting husband return work, kids loved frozen virgin pina coladas loved relaxing beautiful pool, john waterfall restaurant victor outback located inside hotel wonderful, offered info wanted not touristy things enjoy local things, embassy staff member gave information visiting bio bay big help, suite clean comfy loved made-to-order omelets hard c",5,REV-0060,2024-02-23,positive,general,low,loved beach and pool at embassy hotel,2024-02,2024-02-19
"watch scorpions- ouch recently stayed arizona biltmore time annual visit pheonix auctions, mistake inept check-in personnel kept credit-card initial room night lights heating did n't work requested non-smoking building cigarette smoke filling room 1am story does n't improve, highlight stay new room fourth floor bitten neck bed 2am scorpion critter no worse bee sting, came ventilation told, overall no compensation high price second rate rooms, far superior hotels pheonix favor stay away place,  ",1,REV-0061,2024-02-24,negative,customer_service,high,bad hotel experience,2024-02,2024-02-19
"friendly clean giada great sites doorstep run friendly small hotel, clean, noise expected city centre location lorenzo market square, family enjoyed convenience lovely views medici chapels, kids wedged pizzeria gelateria ice cream shop, watch pick pockets busy market,  ",5,REV-0062,2024-02-25,positive,general,low,lovely small hotel,2024-02,2024-02-19
"absolutely fabulous melia comfortable star hotel, lovely somewhat classic decorated rooms plush carpets mirrors don__t shy walking you__ve just come shower.the beds fantastic felt rested, pillow menu require type, standard room north no view no sun changed superior room best 18 euro extra spent, hotel built hill view balcony fantastic just relax watch sun set sitges bay, pool area nice hotel just stroll away beaches nudist, hotel hardly downsides, walk sitges downtown just little far takes 15 ",5,REV-0063,2024-02-26,positive,product_quality,low,amazing hotel experience,2024-02,2024-02-26
"acceptable nothing special stayed 5 nights june 2005 whilst hotel ok not work hyped people website, rooms reasonable size nice bathrooms, staff friendly dinner recommendation concierge night poor assume commission, no major complaints felt hotel quite adequate far memorable lacking character, not bother returning,  ",1,REV-0064,2024-02-27,neutral,general,low,average hotel stay,2024-02,2024-02-26
"lovely hotel recently spent weekend boyfriend hotel estherea really lovely, location singel canal perfect attraction walking distance number excellent restaurants near-by, smaller rooms got excellent season deal perfectly formed exceptionally clean, mentioned reviews nicest touches free tea coffee hot chocolate cakes feels like treat come day walking/sight-seeing relax beautiful reception area, hesitation recommend hotel stay trips amsterdam,  ",5,REV-0065,2024-02-28,positive,location,low,perfect amsterdam hotel,2024-02,2024-02-26
"best bean town just simply best hotels stayed, just did not want bed morning wanted bring mattress pillows home, staff friendly accommodating,  ",5,REV-0066,2024-02-29,positive,product_quality,low,loved bean town so much,2024-02,2024-02-26
"vacation disaster breezes punta cana boyfriend stayed breezes punta cana 20th 26th disappointed, resort desperate need new management say, problems encountered difficult simple toiletries towels wash cloths soap replaced calls, did not restock fridge soda water coffee creamer multiple calls, sheets pillow cases not changed prior arrival apparent, leave multiple notes finally changed, resort infested tiny bugs flies, eaten alive, flies food, speaking food food terrible, sick days vomiting diarrhe",1,REV-0067,2024-03-01,negative,product_quality,high,vacation disaster hotel,2024-03,2024-02-26
"loved, husband stayed nights summer, time hotel n't rated highly, thought getting great deal especially considering pretty height season, arrived knew got great deal, hotel clean contemporary style, service impeccable professional stuffy, room spotless thought quite spacious, negatives afternoon long flight suffering jet lag rudely awoke loud long chiming, church bell tower 15 feet away room afternoon chimes quite bit, normally not issue pain day, second issue location, big attractions quite bit",5,REV-0068,2024-03-01,positive,value_for_money,low,great deal hotel,2024-03,2024-02-26
"really enjoyed stay great hotel staff friendly helpful, definitely stay again.we stayed 6 nights earlier month convenient subway restaurants macy, lovely spacious room bed comfortable room spotless, lovely able make cup tea kitchenette fridge store milk, lots closet space room safe good lighting great make-up mirror bathroom.we lovely time new york staying affinia dumont good choice,  ",5,REV-0069,2024-03-02,positive,value_for_money,low,hotel stay was great,2024-03,2024-02-26
"pretty good 2 minute walk sants train station quiet area, 5 minutes metro central barcelona, room spotlessly clean bathroom, asked larger room didnt, quite small larger rooms, try push, breakfast fine decent nothing spectacular staff reasonably polite helpful, wont blow socks good experience,  ",5,REV-0070,2024-03-03,positive,customer_service,low,good hotel experience,2024-03,2024-02-26
"superb staff missing flight madrid poor weather arrived tired just check time, hoping use room simply shower lucky, gracious desk clerk n't nicer, allowed check showers nap leaving 6:00 pm catch flight marrakech, rooms sweet bathrooms great beds perfect service warm welcome remember, thank,  ",5,REV-0071,2024-03-04,positive,customer_service,low,gracious desk clerk,2024-03,2024-03-04
"rooms desparate need renovation, location hotel good, it__s not middle spring break party animals low budget tourists, you__re traveling children elder people you__ve got pretty good location, beach steps away unfortunatly building old need renovation especially bathrooms, say room clean mold mildew bathroom balcony carpet room smelled moist course problem hotel located directly beach high humidity salt water, think order riu good stay competitive hotels area hotel needs renovated asap, break",1,REV-0072,2024-03-05,negative,product_quality,high,desperate need renovation,2024-03,2024-03-04
"past ivisited dallas usually stayed sheraton clarion hotel, time decided time change chose bradford, clean appointed room just right, real home away home, welcome basket goodies nice idea, staff polite eager answer questions.i definitely plan return recommend bradford,  ",5,REV-0073,2024-03-06,positive,product_quality,low,clean appointed room,2024-03,2024-03-04
"did exactly said tin gathered multitude glowing write ups hotel absolutely tremendous, experience initial booking final check excellent, people said best rate hotels web site opportunity book breakfasts significant discount paying dine pricey, opportunity skype hotel web site sort queries/problems, just prior arrival received welcome email informing offers available nice touch, family room fantastic 32nd floor, great views hong kong bed blissful, room excellently equipped mini bar good variety d",5,REV-0074,2024-03-07,positive,general,low,extremely good experience,2024-03,2024-03-04
"great designer hotel**** loved hotel, great city designer hotel, love good surprises hotel good lobby cosy fireplace stepp elevators green violet red mirrors special bright, rooms friendly bathroom small comfy, no ikea furniture user wrote philippe starck, bar redwood place san francisco crowded great, did n't dinner asia cuba restaurant looked perfect, look details hotel love, special.staff friendly look good, not kind staff service classic 4-5 star hotel like ritz new generation hotel, oh yes ",5,REV-0075,2024-03-08,positive,general,low,great designer hotel,2024-03,2024-03-04
"amazing, went riu bambu friend time life, read alot reviews going certainly went trying open mind, not world traveler means does not mean not know good thing, greeted resort cocktail brought bags directly room checkin breeze rooms beautiful clean, booze room great extra, add friend called day arrived requested rooms close possible close beach, gave rooms hall closest building beach night heard sort alarm going room called inquire door minutes hanging up.unlike thoroughly enjoyed nightly entertai",5,REV-0076,2024-03-09,positive,customer_service,medium,great service and staff,2024-03,2024-03-04
"great location great facilities excellent staff stayed intercontinental 8/21 to8/24, arrival received great service concierges duty, helped getting excellent room, began nestor worked hard help joined associate did utmost help, pleased aspects hotel.some mentioned previous reviews listed, lagoon like pool beach real plus, staff attentive security valet parking, did not eat hotel interested local expensive cuisine, places area, particular run people san juan called mi casita, street hotel offered",5,REV-0077,2024-03-10,positive,customer_service,medium,excellent staff and service,2024-03,2024-03-04
"clift equals elegance personal service clift hotel truly knows provide luxurious comfort superior service serve, attitude seasoned world-wide traverlers business pleasure wife tremendioulsy impressed facility people service, 5-night stay clift san francisco vacation memorable time.the room exceptionally clean perfect ambiance.the restaurant food simply delicious no need eat doormen greeted courtesy name.the concierge provided service belief.the desk personnel friendly helpful knew arrived check-",5,REV-0078,2024-03-11,positive,customer_service,high,personal service and luxury,2024-03,2024-03-11
"beautiful quiet hotel great location husband stayed lenox 14th-17th november 2005 wonderful relaxing time, upgraded corner suite extra cost night bargain, n't pleased.i stayed beautifully appointed comfortable quiet room, felt people staying hotel quiet ate breakfast azure restaurant morning delicious really set day, waiting staff friendly courteous, waiter remembered drank tea not coffee second morning location hotel excellent easy walking distance things including boston common t stop just str",5,REV-0079,2024-03-11,positive,customer_service,medium,friendly and helpful staff,2024-03,2024-03-11
"excellent location/service stayed night med cruise, free bus cruise terminal piazzale roma, hotel 5-8 minute walk there.we arrived passengers early morning, staff stored luggage rooms ready later day, staff not nicer helpful, looking good resturant served seafood, told different ones walking distance drew locations map best route.our room looking canal fairly large large bathroom, clean room comfortable bed.these people want enjoy stay venice,  ",5,REV-0080,2024-03-12,positive,customer_service,low,helpful and nice staff,2024-03,2024-03-11
"nice hotel close circular quay pitt street mall hotel clean quite new, room nice spacious, noise street noise minimum heart business district stayed sixth floor, breakfast buffer hotel restaurant average, plenty cafes near sit outside weekdays people watching, downside bed harder expect upscale hotel, lobby small, crowded lot people checking time morning,  ",5,REV-0081,2024-03-13,positive,customer_service,low,overall good experience,2024-03,2024-03-11
"money bad spent week barcelo dominican beach september 1 september 6. 3rd trip punta cana wasn__Ç_é_ favorite resort we__Ç_ée stayed melia tropical iberostar okay price, checked trip advisor prior booking trip imagined based reports okay areas not great, that__Ç_é_, beach beaches punta cana not beat, despite days rain expected hurricane season got plenty enjoyed vacation overall, here__Ç_é_ felt good not good check-in bit problem check-in 3:00 p.m. arrived long overnight flight, received welcom",1,REV-0082,2024-03-14,positive,product_quality,medium,beach not beat rain,2024-03,2024-03-11
"martin luther king day prolonged weekend enjoyed stay punta cana grand.we group 10 guys ranging age 42 78 annual soire various resorts martin luther king weekend 5 days 25 years, diversified group, judge college professor plumber stockbroker etc.the hotel facilities nice, excelent layout clean rooms adequate food, great deal money, 1,000 entire package, 4nights days round trip kennedy.the food inclusives good not great, diner food, nothing wrong long expect.this trip punta cana recommended trave",5,REV-0083,2024-03-15,positive,product_quality,low,great deal money value,2024-03,2024-03-11
"disappointing not particularly friendly staff refused provide double bed requested rooms available, demanded extra 25 euros provide room double bed, bathrooms new clean room starting look quite shabby stained carpets, thought bargain price paid 170 euros/night say little expensive quality service rooms,  ",1,REV-0084,2024-03-16,negative,customer_service,high,unhelpful staff problems,2024-03,2024-03-11
"perfect family hotel just returned wonderful family wedding florence family friends stayed hotel casci, hotel met need, hotel fabulous central location clean, i__Ç_é sure fresh bed linen towels day, room__Ç_é_ simple clean fridge flat screen tv dvd, family room perfect children__Ç_é_ bedrooms alcove main room, lombardi family nothing trouble, went way ensure needed morning night, party ranged age 5 felt personal service, left send like family friends departing guests, incidentally building work",5,REV-0085,2024-03-17,positive,product_quality,low,perfect family hotel experience,2024-03,2024-03-11
"n't worry old reviews just returned staying hilton prince kuhio, yes renovating changing radisson hilton property, stayed 25th floor ocean view, balconies closed outside renovations disappointment, renovations nice, stayed hotel 4 years ago things completely changed, room nice clean, bathroom new ceramic tile glass shelving big shower plenty towels, plasma tv room small fridge, beds comfortable double-sized, staff helpful giving late check-out storing luggage late flight, gave courtesy room hour",5,REV-0086,2024-03-18,neutral,general,low,renovation disappointment,2024-03,2024-03-18
"loved cambridge suites booked deluxe suites parents, rooms good standard layouts slightly different.the rooms good value money similar european star, comfortable beds quite hard appliances worked fine complimentary popcorn helped jet lag bay, downsides lifts dreadfully slow spend good minutes waiting time.the staff friendly accommodating, bar small worked prices little steep.the hotel ideally located sightseeing/shopping etc. recommend sunset grill diner door breakfast good value great coffee.al",5,REV-0087,2024-03-19,positive,value_for_money,low,good value hotel rooms,2024-03,2024-03-18
"dazed confused having read reviews tripadvisor hoping nice budget hotel paris visit contacted hotel directly, rooms available decided ahead booking, asked provide bank card number including security code card information especially hotels small businesses chances fraud paramount, anybody access information stored hotel books forever steal card information happens left right center, security code told hotel not booking, regularly make reservations various hotels world asked provide level security",1,REV-0088,2024-03-20,negative,customer_service,high,security concerns for guests,2024-03,2024-03-18
"great spring break family just got week el family including children ages 15 4. reading reviews bit apprehensive staying resort, resort spectacular, service great staff friendly room clean surroundings beautiful, pools awesome problem finding chair, rented car airport endured traffic puerto rico, took hours friday night resort, pleasantly surprised, funiclar ferry private island working perfectly, wait 10 minutes ferry, island beautiful, food tad expensive quite tasty, kids loved chicken nuggets",5,REV-0089,2024-03-21,positive,general,low,fun family vacation,2024-03,2024-03-18
"awesome vacation minute, travelled calgary march 6 2008. ca n't say barcelo punta cana premium, price not beat, 2 wonderful weeks bored, days like day beach lagoon style pool quiet pool fountains built loungers, day excursion, time visit local market 20 minutes walking distance resort walk beach hour huge market right beach, nightly entertainment theatre casino disco, grounds pools 7 restaurants 1 buffet loved pasta station soups homemade breads buns lots different meats chicken fish dishes ever",5,REV-0090,2024-03-21,positive,value_for_money,low,good value price vacation,2024-03,2024-03-18
"great staff beautiful setting just came spending week not say place, wyndham member room preference ready, staff went resort friendly helpful actually quick service unusual island think island time room west wing 5th floor ocean view, fridge does not cold mind spend money purchasing items spoil easily, not told check lost milk morning coffee, bottled water kept ice, ants coffee maker kept nothing table, bathroom no vent got steamy quick showers, thought rainshower showerheads overkill standard t",5,REV-0091,2024-03-22,negative,product_quality,medium,fridge not cold spoiled items,2024-03,2024-03-18
"5 star room 3 star service pool wife stayed arts vacation, room nice clean, 5 star room standards, food restaurants good not excellent expensive, wine selection large, staff restaurants superb, hotel staff hand missed mark, hotel lets, asked types pillows online request, desk receptionist confirmed request, got room request not met, trouble working phone n't know phone, called help 4 times time told help way, no help arrived, requested birthday cake wife delievered particular time writing reciev",5,REV-0092,2024-03-23,negative,customer_service,high,hotel staff service was poor,2024-03,2024-03-18
"great value pleasant hotel great harbour views rooms, lucky upgraded suite room floor nice nothing local vicinity hotel right near quarry bay mtr getting pretty convenient,  ",5,REV-0093,2024-03-24,positive,value_for_money,low,great value pleasant hotel,2024-03,2024-03-18
"enchanting hotel tuscany moment entered foyer hotel knew stay amazing experience, travelled italy hotel far best lot, room hotel kind like staying attic, spacious extremely clean comparison hotels, just loved breakfast room sitting room delightful, best breakfast hotels italy, variety plentiful really enjoyed scrambled eggs bacon toast eating pastries day, hotel close train station major attractions foot, highly recommend day trip san gimingano countryside tuscany, amazing medieval town exlpore,",5,REV-0094,2024-03-25,positive,general,low,amazing experience enchanting hotel,2024-03,2024-03-25
"nice price just returned night stay broadway manor inn, room nice price, ask quiet room inside away broadway, comfortable bed clean linen flat screen television did n't spend time room watching television ironing board iron refrigerator/microwave great air conditioner, staff extremely friendly helpful no issues, did n't car ca n't speak parking issues, hotel situated major bus lines 47 49 buy muni pass city, san francisco not car friendly city expensive pay parking traffic nuts.only complaints m",5,REV-0095,2024-03-26,positive,product_quality,low,comfortable bed clean linen,2024-03,2024-03-25
"great place stay stayed nights trip usa, reiterate comments, great location union square great place based trip san fran, good rates room exec floor breakfast, huge rooms extremely comfortable beds.very good value money,  ",5,REV-0096,2024-03-27,positive,general,low,great place to stay,2024-03,2024-03-25
"pretty good visit arrived couple days labor day long weekend lots spare rooms, floor like penthouse.expensive though.small bathroom sink actually outside room, weird.free internet.ok service ok breakfast, average location, average cleanness,  ",1,REV-0097,2024-03-28,neutral,general,low,average hotel experience,2024-03,2024-03-25
"fabulous sofitel stay, did extensive research settled hotel, wonderful experience, staff great helpful, sent fabulous restaurants gave umbrellas rained gave complimentary wine, clean beds dreamy, great location,  ",5,REV-0098,2024-03-29,positive,customer_service,low,staff are very helpful,2024-03,2024-03-25
"cow hollow motor hotel san francisco stayed second week august.this hotel good option car comes free parking handy san francisco, rooms not tastefully decorated big confortable clean bathrooms, overlooked lombard street nice view n't foggy, opposite hotel mel diner great place breakfast, 50 style diner excellent not cheap food, area hotel interesting not touristy, nicest streets walk lombard street,  ",1,REV-0099,2024-03-30,positive,value_for_money,low,good value for the price,2024-03,2024-03-25
"great hotel 21 w hotel pretentious geared 20 year olds slightly sophisticated w san francisco chicago, pool tiny huge disappointment day mixture pounding techno music mixed random kids splashing parents staff allowing pool, amazed w allows kids run ghostbar super trendy filled pretentious dallas people, drinks tab friends tabs inaccurate, hotel overpriced, bed o.k, not great bedding looked old,  ",1,REV-0100,2024-03-31,negative,product_quality,high,hotel was overpriced,2024-03,2024-03-25
"best places stayed, absolutely loved place, trip hawai'i staff friendly, hotel room great view room clean, no problems, want thank dominique harris help, great host hope good work spunky attitude, mahalo,  ",5,REV-0101,2024-03-31,positive,general,low,great stay loved place,2024-03,2024-03-25
"not bad stayed april 17-20th, location great, right entrance bourban street, main concerns distance harrahs like casinos, distance not far, probably 10-15 min walk, lots people street felt safe times, hotel nice little worried reviews, complaint shower turn second, guess door flushing toilet, beds comfortable, rooms spacious, hotel old thats okay, really did n't stay hotel, walking new orleans arena superdome 20 minute walk, not really bad, think nicer hotels near/in french quarter, btw limo ser",1,REV-0102,2024-04-01,neutral,delivery,low,location great not far,2024-04,2024-04-01
"friendly staff central location sights great thai restaurants nearby, hotel manager lives premises family friendly folks, clean sheets clean shower not hilton reasonable price safe room, taylor post good location walkable restaurants wharf moderately healthy individual, street noise city-what,  ",1,REV-0103,2024-04-02,positive,general,low,friendly staff great location,2024-04,2024-04-01
"better location great service cleanliness terrible, checked 5:30 pm travelling companions room not serviced given key problem getting room.one bath taps hanging wall hair drier, cut head towell rack standing turning bath tap drops blood hand basin remained days, coffee maker cups not cleaned second day, breakfast adjacent restuarant food fine service terrible coffee n't topped took 1 hour just omelette, lot better cheaper alternatives.the hotel benefit complete make staff,  ",1,REV-0104,2024-04-03,negative,customer_service,high,terrible service cleanliness,2024-04,2024-04-01
"great location stayed brighton 5 20.i junior suite floor facing le jardin des tuileries.the view great.the location perfect.the room clean quiet lot space.the staff polite helpful.the breakfast not great 16 euros nothing perfect, recommend hotel price.an excellent choice,  ",5,REV-0105,2024-04-04,positive,product_quality,low,great location excellent choice,2024-04,2024-04-01
"took care, stayed rincon beach resort weekend june 25th 27th, going checked website needed lookout, demanding service receive vacations teacher not wealthy treat afford myself.1.i read staff rude, not, asked rollaway bed got room minutes cheked somebody came make sure received, restaurant asked aout bagel son did n't want come breakfast thought say no buffet expected waiter come tell charge instead brought container.2.i read food reastaurant n't good pricey, menu no longer wannabe italian change",5,REV-0106,2024-04-05,negative,customer_service,high,poor staff service experience,2024-04,2024-04-01
"affinia dumont excellent, party 6 stayed affinia dumont june 6-11 2006. originally reservations hotel read mutliple bad reviews started looking 2 weeks trip, reading wonderful reviews dumont site decided try book, actually got reservations bit skeptical place openings 2 weeks advance n't openings 4 months advance, doubts vanished second arrived, say hotel not sure start, start thing notice..locationthe dumont located 150 e 34th st. 3 quick blocks empire state building 2 blocks line 6 subway stop",5,REV-0107,2024-04-06,positive,product_quality,low,affinia dumont exceeded expectations,2024-04,2024-04-01
"penthouse yacuzzi, booked trip lastminute.se positively suprised read chocked, got penthouse 50 m2 terrace outdoor yacuzzi, stay started night champagne wine water open sky, need mention location hotel best possible blocks casa batllÙ gaudi close beach clubs placa catalunya, cool design interiour nice staff lots extras,  ",5,REV-0108,2024-04-07,positive,general,low,penthouse yacuzzi exceeded expectations,2024-04,2024-04-01
"best, love hotel, stayed trips amsterdam, not convenient charming, make sure ask room 24 wonderful,  ",5,REV-0109,2024-04-08,positive,general,low,charming amsterdam hotel,2024-04,2024-04-08
"nice stay stayed seattle marriott waterfront week august 16th enjoyed stay, hotel not large maintained great location, true train runs hotel did not hear train noise inside hotel stay, 5 minute walk pikes place market 10 minute walk downtown, experienced superb customer service stay, concierge lounge small nice, drawback 25 valet parking really n't viable option knew going not big deal, definitely stay,  ",5,REV-0110,2024-04-09,positive,general,low,great seattle marriott experience,2024-04,2024-04-08
"nice place discover stayed 2008 10 enjoyable nights, great location shoppers great pool great breakfast, small prob booked late 6pm checkout hotel said not case 12 noon check infinity flight centre not arranged, negotiated 6pm,  ",5,REV-0111,2024-04-10,positive,customer_service,low,late booking problem solution,2024-04,2024-04-08
"expected visit paris better imagined decision stay hotel le lavoisier, traveled extensively quite luxurious levels parts europe world eastern france not able historic beautiful city, high standards expectations decided trip avoid luxury hotels seek intimate hopefully attractive friendly comfortable boutique style lodging trip, rennovated updated townhome owned french scientist lavoisier wonderful find.on arrival day greeted warmly gracioius staff guest observed arrive depart stay feel waiting, c",5,REV-0112,2024-04-10,negative,value_for_money,high,wrong hotel choice,2024-04,2024-04-08
"comfortable dependable stay sofitel hotel enjoys perfect location 5th avenue broadway close away noise confusion times square, stayed week, morning offensive cooking odors restaurant not affiliated hotel entered room, spoke hotel manager promptly moved higher floor ungraded room rest stay, rooms furnished condition expect quality property, beds comfortable high quality linens comforters pillows, stay hotel rooms furnished large flat screen hd televisions, staff met expectations way, certainly in",5,REV-0113,2024-04-11,positive,product_quality,low,good hotel experience,2024-04,2024-04-08
"central affordable modern hotel stayed hotel 41 week june 2004.hotel 41 clean modern hotel set heart nyc theatre district, central location makes good base explore manhattan.my room clean modern despite stone throw away hustle bustle times square perfectly quiet, staff times friendly helpful, thing point twin rooms did not appear available, probably best check important requirement.i recommended hotel friends hesitation,  ",5,REV-0114,2024-04-12,positive,value_for_money,low,good hotel value,2024-04,2024-04-08
"nice comfortable sister stayed standard room 10th floor, room n't huge spacious, nice clean bathroom beds comfortable giant plasma wall english channels, hotel lobby lovely staff nice.breakfast pretty good early gets quite busy 8am wait table.hotel great location right near ladies night market surrounded plenty restaurants,  ",5,REV-0115,2024-04-13,positive,product_quality,low,comfortable hotel stay,2024-04,2024-04-08
"overratted ageing hotel reading great reviews expecting magical, n't fooled tired ageing hotel rooms looking like 2 star property 5 star, definately not world class hotel stretch imagination, beds hard slept floor bathrooms poor condition.beware n't fooled,  ",1,REV-0116,2024-04-14,negative,product_quality,high,overrated ageing hotel,2024-04,2024-04-08
"great place husband just returned oceans sand golf april 14-21 great, d.r better experience previously went grand flamenco, service good food actually good restaurants coffee shop excellent, problems room just concierge/staff request fast, took 7 month old baby accomodated play pen, beach pools great, casino great husband actually won money, overall good resort food good taste, dominican foods little bit salty, great place, great couples families large resort, shopping beach good vendors not agg",5,REV-0117,2024-04-15,positive,general,low,great family resort,2024-04,2024-04-15
"great experience brentwood stayed brentwood 1 week 1st july, wonderful vacation thanks friendliness staff cleanliness inn, rooms small updated- track lighting vaulted wooden ceilings remote control ac heat aveda products mini refrigerator bottled water restocked daily need small efficient relaxing shower, like staying small trendy cottage ways, parking free great able walk outside room car, landscaping grounds beautiful-take advantage patio cascading wall water, muffins breakfast pastries fresh ",5,REV-0118,2024-04-16,positive,customer_service,low,friendly staff cleanliness,2024-04,2024-04-15
"average resort typical run resort, expecting excursions things resort did n't lot offer, mind resort huge, quite blisters feet walking darn, oh n't let fool, told prior booking trip not beach rooms total lie, slipped reception 50.00 got room beach pleasant, nightlife not, discos invaded locals shows ridiculous geared kids, oh like add beach great pool not, 3 pm everyday pool invaded locals, told staff lives resort kids released school access pools, disappointed extremely hard relax minimum 15 ch",1,REV-0119,2024-04-17,negative,product_quality,high,average run resort,2024-04,2024-04-15
"lots potential issues revamp place nice feel hope pull lot frustrating stay, stayed weekend group friends experienced issues.the good great location right venice beach walking distance main boardwalk, prices reasonable, room options vary standard room queen single bed suite kitchen living room, nice patio overlooking beach* flat screen tvs microwaves minifridges room* friendly manager did best accomodate overwhelmed, room decorated differently felt like homey bed breakfast hotel breakfast bad ho",1,REV-0120,2024-04-18,neutral,general,low,lots potential issues revamp place,2024-04,2024-04-15
"9.5 10 best region sign great hotel happens problem, measure majestic certainly gets great, travel agent screwed holiday completely, oscar majestic operations manager personal intervention holiday toast, oscar team fixed charge fuss, 99 100 hotels washed hands problem oscar did n't thank you.on majestic serves quality food quality entertainment lots, entertainment team shows run london west end broadway.hygene levels perfect friendly staff great pool safe organised, minimal biting insects flies ",5,REV-0121,2024-04-19,positive,customer_service,high,helpful operations manager,2024-04,2024-04-15
"amazing, amazing hotel, enjoyed husband, trip combination business pleasure business things decided book different hotel company booked rest stay, glad decision change, hotel good meritus negara no complaints upgraded suite extra effort staff oriental diference, service staff impeccable, way check-in settling room staff club lounge doorman concerge, nothing trouble, domestic staff polite respectful privacy setting room, house staff club lounge friendly sense homour, occasion joking lift staff to",5,REV-0122,2024-04-20,positive,product_quality,low,excellent hotel experience,2024-04,2024-04-15
"love melia, kbs rye ny returned trip planning melia december 5th time say time getss better quality hotel far teh best teh dr. staff friendly attentive remember country not expect new york minuet great, beach spectacular pools nice time going food quality dramatically improved, not wait return teh friends,  ",5,REV-0123,2024-04-20,positive,product_quality,low,great quality hotel,2024-04,2024-04-15
"average, staff attitude stayed convenience ferry terminals macau.check-in bar, lady counter attitude doing favour, got room smoking room stunk badly requested non-smoking, asked change actually smaller crammed room, small chair small desk used 45degree angle, not fit straight desk porer moved cases new room basically dumped walked room, staying night decided grin bear it.stay not likely,  ",1,REV-0124,2024-04-21,negative,customer_service,high,bad staff attitude,2024-04,2024-04-15
"fantastic hotel, husband just returned 4 night stay benjamin just wanted comment lovely hotel, 1 bedroom suite spacious comfortable hotel staff friendly efficient, make use concierge knowledgable restaurant reservations great places, did not use gym spa not comment did experience certainly stay recommending friends visit new york,  ",5,REV-0125,2024-04-22,positive,product_quality,low,lovely hotel stay,2024-04,2024-04-22
"not bad expected booked hotel local travel agent, came home checked trip advisor wondered earth going, did want change glad did n't, room nothing like reports said, clean tidy, old building looks bit grotty end day place shower sleep obviously owners taken note previous reports, hotel not badly situated roof garden spectacular views city, n't great expectations wo n't disappointed expected worst quite surprised,  ",1,REV-0126,2024-04-23,negative,customer_service,high,poor service and room,2024-04,2024-04-22
"fabulous, family dr times stayed bavaro beach spectacular, stayed iberostar principe resorts time decided try majestic weeks xmas, great hotel, attentive staff right general manager carlos fresca making sure things perfect dining room thanks marisol bulin yandra christian roberto beach concierge denny, waiters bartenders polite smile dining areas clean lots lots varieties food.loved rooms large shower inroom jacuzzi pool beautiful maintained gardens amazing comfy chairs auditorium great loved co",5,REV-0127,2024-04-24,positive,customer_service,low,excellent hotel staff,2024-04,2024-04-22
"fantastic location views wow expected great views got fab, staff great concierge friendly helpful, gym updating especially free weights views excellent.breakfast food great good quality,  ",5,REV-0128,2024-04-25,positive,product_quality,low,great views and breakfast,2024-04,2024-04-22
"great hotel highly reccommend, husband visited paradisus hotel october 2001 right 9/11, nervous traveling figured time n't matter, hotel lobby beautiful drinks awaiting arrival, hotel staff courteous language barrier n't difficult convey basic needs, say avoid tour surrounding hotels lunch t-shirts free tour takes darn day n't let fool really time share pitch disguise, problems bugs appeared left fruity drink night table-bad, bed broke maybe husband broke it-who knows staff fixed things promptly",5,REV-0129,2024-04-26,positive,customer_service,low,good service and hotel,2024-04,2024-04-22
"hotel gets 3 stars hell 4 5 star venue depressing calamity arriving hotel felt sick stomach actually ended house truly awful place worse hotel experience dirty shoddy place looked like film set garish new york multiple murder story not kidding.read reviews save sanity,  ",1,REV-0130,2024-04-27,negative,product_quality,high,bad room and service,2024-04,2024-04-22
"excellent location good stay, mother-in-law wife spent week aparthotel acacia, positives hotel excellent location major street 50 meters metro station easy access public transportation busses d'urgell street connect busses going places like parc montjuic sp, numerous good restaurants cafÄs easy walking distance care breakfast/lunch/dinner needs, ate breakfast hotel offers not comment, small kitchen table dining perfect needs couple dishes glasses kitchen, n't plan doing cooking bowl cereal hea",5,REV-0131,2024-04-28,positive,hotel,low,good location and stay,2024-04,2024-04-22
"unfriendly staff stayed hotel ariele days march 2007. breakfast attendant housekeeping staff friendly, rest staff formal responded short answers routine questions i.e. directions bus routes dry cleaners, wife daughter felt intruding asked questions, housekeeping staff open door knocking, location quite walk center town, wo n't return hotel,  ",1,REV-0132,2024-04-29,negative,customer_service,high,unfriendly hotel staff,2024-04,2024-04-29
"great little hotel stayed night teenage son rugby world cup, staff friendly helpful rooms clean comfortable, hotel located great area paris minutes louvre short metro trip away gar nord.fully intend use hotel recommend,  ",5,REV-0133,2024-04-30,positive,hotel,low,great little hotel,2024-04,2024-04-29
"fantastic hotel n't fault hotel, n't centre people really n't, staff incredibly friendly hand answer questions, room larger expected bed extremely comfy.the tram stop 2 minute walk away hotel regular buses centre, took taxi couple times cost 10 euros way, shopping centre door provided quick easy rain poured down.the problem rain building did n't cope leaks glass, staff constantly making sure water dried did n't matter.i definately recommend hotel n't location,  ",5,REV-0134,2024-04-30,positive,hotel,low,fantastic hotel experience,2024-04,2024-04-29
"loved iberostar bavaro 4th all-inclusive vacation, stayed 3 iberostars mexico 1st trip d.r, best iberostar stayed far.check-in went smooth, took 10 min, got king bed safe 1st floor away contruction near pool request.grounds amazing, plenty walkways slip shoes walk grass little, better softest carpet, workers constantly working landscaping shows.rooms really nice clean, bathroom nice seperate shower tub, lots hot water, no musty smell, mini-fridge stocked everyday, living area nice room service t",5,REV-0135,2024-05-01,positive,hotel,low,great all-inclusive experience,2024-05,2024-04-29
"great hotel great hotel excellant views victoria harbour harbour view rooms, slightly concerned location arrival bus service ferry 5 mins walk away getting not issue direct links island central kowloon, room excellant good eateries not far away little pricey hotel, great shopping whampoa 10 mins walk,  ",5,REV-0136,2024-05-02,positive,general,medium,great hotel experience,2024-05,2024-04-29
"absolutely loved stay orchard garden comfortable effortless, perfect__Ç__he staff courteous accommodating room beautiful spacious clean, added satisfaction supporting environmentally-conscious business experiencing drop-off quality, little worried low-flow fixtures particular water pressure plenty strong, linens bit soft expect luxury hotel.the hotel location optimal right chinatown stone throw union square, lots shops restaurants, close bart getting orchard garden sfo surprisingly quick hotel ",5,REV-0137,2024-05-03,positive,customer_service,low,friendly and helpful staff,2024-05,2024-04-29
"excellent hostel hostal central location lively old crowded somewhat dark chaotic madrid, inside different world light airy quiet modern, rooms air conditioning fridge wifi no elevator not use, place great value money recommend,  ",5,REV-0138,2024-05-04,positive,value_for_money,low,great value for money,2024-05,2024-04-29
"loved el conquistador hotel absolutely wonderful landscaping incredible water taxi ride private island, beautiful secluded beach, staff attentive helpful guestroom wondeful entire experience great.highly recommend,  ",5,REV-0139,2024-05-05,positive,general,low,wonderful hotel experience,2024-05,2024-04-29
"excellent relaxing vacation wonderful relaxing vactation sivory punta cana, traveled mom beggining august, looking beautiful secluded beach saw 4 people time beach 5 day stay, mainly way straw umbrellas placed strategically privacy great food service place, rooms exquisite bathrooms best seen, staff polite intrude privacy.we stayed room privat patio pool view ocean 30 second walk water suggest taking helicopter hotel airport, drive cab little hour becuase stretch road really poor condition.the m",5,REV-0140,2024-05-06,positive,general,low,relaxing and wonderful vacation,2024-05,2024-05-06
"best deal town just returned 3 night stay drury not pleased, accomodations just single room surpass suites stayed nola 15 ft ceilings floor ceiling windows great view extremely comfortable bed large area room marble bathrooms nice touch, evening reception fantastic, allejandro good job rum cokes, office staff friendliest encountered n'awlins, travel new orleans quite new preferred place stay big easy,  ",5,REV-0141,2024-05-07,positive,customer_service,high,friendly hotel staff,2024-05,2024-05-06
"nice family just returned vacation loved location waikiki beachcomber went shows showroom really good, rooms older clean maid service great desk personnel wonderful thing say n't right charged coffee room morning not big complaint just went got coffee filters bag hawaiian coffee seen outside unexpected 2.00 pot charge enjoyed stay stay, treated nice wonderful wonderful time, aloha,  ",1,REV-0142,2024-05-08,positive,value_for_money,medium,good value location,2024-05,2024-05-06
"good location not far mitte, stay hotel 5 nights package excluding breakfast pleasant stay, attending convention icc west berlin subway right took 20 mins reach icc, hotel walking distance brundenberg gate museums nearby jewish musseum, easy mitte district, walked area 5 days really good time, restaurants charlottenberg strasse good, fredrichstrasse main shopping street east berlin 200 yards away, excellent night life bars restaurants late nights cinemas mitte district make exciting stay hotel, ",5,REV-0143,2024-05-09,positive,location,low,good location for shopping,2024-05,2024-05-06
"great place stay stayed towers june 28th-july 5th taking kids hawaii family vacation, room great beds adults kids, felt like condo kitchen laundry room, view spectacular overlooking beach street, staff friendly helpful walking distance, highly recommend following activities international marketplace driving north shore paradise cove luau, complaint towers n't check exactly 3pm no sooner, wait 3 hours room worth wait,  ",5,REV-0144,2024-05-10,positive,product_quality,low,great family condo,2024-05,2024-05-06
"wonderful experience recommend thanks reviews comments tripadvisor pick hotel week trip husband went anniversary day, just great perfect location spacious room awesome view professional staff, thoroughly enjoyed stay recommend coming hk, definitely return,  ",5,REV-0145,2024-05-10,positive,product_quality,low,spacious room with view,2024-05,2024-05-06
"location 10 hotel 2 know really got pretty bad experience hotel feel need log trip advisor rate place 48 hours getting home, second comments overall feel place n't know hotel featuring website parts saw including creepy dingy room labyrinthine gerbil cage hallways looked like n't cleaned painted 70, room dated awful cheap paneling, twin beds like sleeping slab surgical theatre, required creaky anxiety inducing elevator rides meters walk just floor room, staff really unfriendly case florence plac",1,REV-0146,2024-05-11,negative,customer_service,high,unfriendly hotel staff,2024-05,2024-05-06
"affectionate affinia dumont great location end aug-1st week sept fr corner room large 2 queen beds, clean rooms accommodating staff good restaurant adjoining hotel barking dog, pleasnat overall experience,  ",5,REV-0147,2024-05-12,positive,customer_service,medium,great hotel service staff,2024-05,2024-05-06
"cool place great hotel modern, room comfortable great shower dual shower heads, loved, wonderful view 27th floor totally silent night, noise elevator bit annoying right elevator,  ",5,REV-0148,2024-05-13,positive,product_quality,low,great modern hotel room,2024-05,2024-05-13
"highly recommend hotel 41 wife just spent 4 nights new york july 1st 5th stayed hotel 41. having stayed place manhattan year somewhat desirable figured better, did ever.from moment arrived knew hotel 41 great place, staff super friendly helpful, happy opened door helped checked flight information expect hotel staff, walked hotel noticed common areas lobby elevator hallways lounge/restaurant immaculately clean nicely decorated, got room clean bright stylishly decorated, bed pillows comfortable, a",5,REV-0149,2024-05-14,positive,customer_service,high,friendly hotel staff,2024-05,2024-05-13
"loved dauphin orleans 9/24/03 9/28/03, hotel exceeded expectations, rooms good size clean comfortable, staff exceedingly friendly, service terrific not intrusive, excellent continental breakfast fresh fruit waffles pastries, pool courtyard quiet lovely, mae baily great place pre-dinner cocktail n't gouge like bars french quarter, close quiet location, hotel little faded edges appropriate french quarter, place terrific atmosphere, party spotted resident ghosts, definately stay year,  ",5,REV-0150,2024-05-15,positive,product_quality,low,exceeded expectations rooms clean,2024-05,2024-05-13
"basic tourist hotel clean plain quite adequate, room relatively small nice view tokyo tokyo tower distance, inexpensive restaurants shops multi-level shopping center adjacent, convenient supermarket street hotel, anime fans tall ani-mate sp, building street related businesses.this actually ikebukuro suburb tokyo short walk train station.we stayed days package tour crowds tourists there- not just americans,  ",1,REV-0151,2024-05-16,neutral,product_quality,low,basic hotel quite adequate,2024-05,2024-05-13
"worst hotel company booked room hotel charged corporate rate, checked nothing short disastrous.there no tv room, called lobby asked tv acted committed sin, took second day stay received 13-inch tv remote control accompanied envelope requesting tip.i n't know website claims free wireless internet, no wireless internet service asked wired service charged 10 day.breakfast prepared overworked little old lady, clearly not geared people work early morning, used having hotels serve breakfast 6am signs ",1,REV-0152,2024-05-17,negative,customer_service,high,worst hotel company booked,2024-05,2024-05-13
"pretty standard expected ana intercontinental pretty just expected, large impersonal good quality rooms amaneties expect intercontinental hotel.room size rhather small general good condition, maybe exception tiny bathroom needed refurbishment.what makes average hotel opinion perfect location close things andb superior service offered staff.all place return,  ",5,REV-0153,2024-05-18,neutral,general,low,standard expected intercontinental hotel,2024-05,2024-05-13
"surpassed expectations mom stayed westin rio mar january 21st january 27th, westin surpassed expectations, 1 room, amazing views ocean view room, room clean beds extremely comfortable, 2 beach/pool, gorgeous, preferred quiet pool crowded, 3 service, employees westin n't nicer, extremely friendly helpful, asked early check-in late check-out got issues hassles, 4 food, recommend pallio italian restaurant, favorite, grill room golf course good, 5 weather, weather week january perfect, sunny no rain",5,REV-0154,2024-05-19,positive,product_quality,low,westin surpassed expectations,2024-05,2024-05-13
"like old car new paint booked expedia month advance lafayette hotel, arrived hotel no room, imagine stay great stayed, regina desk sympathetic oversight, sent sister hotel road le cirque staff just nice amber magda complimentary night hopefully told contact expedia refund, le cirque modern like like old car new paint, toilet run rattled handle, farther liked french quarter, beware 20 25 day valet parking, not does bit vehicle park car lot hotel cost 5 park, hotel did n't choose n't choose future",1,REV-0155,2024-05-20,neutral,product_quality,low,old car new paint hotel,2024-05,2024-05-20
"appalling check-in check-out hotel bills deluxe hotel, design brilliant totally impactical, lights not work baths taking 20 minutes service amateur wonder staff, room cleaned 5.00 p.m. staff walking room 8.30 a.m. unanounced, list endless interestingly noone cared, want service n't waste time, make sure n't leave bags reception stuck lables left permanent mark, check check total disaster, good value 50 euros not 400 euros,  ",1,REV-0156,2024-05-20,negative,customer_service,high,poor service and value,2024-05,2024-05-20
"relaxing honeymoon just returned week palace macau honeymoon 6 13 october, little worried left latest reviews not great didnt need be.flight long not used long haul sitting hour plane manchester airport 9 hours hard going, no problems getting hotel reception efficient bags taken rooms, rooms- room did musty smell not bad cause concern room big stocked fridge.food excellent, just choice buffet fresh delicious, tried steak house night ok missed choice buffet, men make sure wear long trousers not s",5,REV-0157,2024-05-21,positive,general,low,relaxing honeymoon experience,2024-05,2024-05-20
"high rise high prices stayed hotel nights october 2004. book internet shop bag mega bargain paid 230 pounds room stay, hotel minute metro ride centre barcelona no problem metro cheap frequent reliable, impressions hotel promising grand lobby, exciting pilots uniform guests hotel yum.the hotel impressive looking forwards seeing bedroom bound fabulous, bedroom nothing special looking star luxury, clean large great view lovely bathroom bland bit characterless.staff efficent checking phoned book res",1,REV-0158,2024-05-22,neutral,product_quality,medium,mixed impression of hotel rooms,2024-05,2024-05-20
"heaven earth husband punta cana 5 times, resort best, draw no buffet dinner, eat big meal time breakfast fact buffet, stay 10 days, staff resort exceptional isabel franklin entertainment fine examples hard working pleasant young adults met, looked forward seeing everyday, staff like mention boys serve spice restaurant ate diner 5 times, amazing group young men, not curteous smiing, boys told husband taken boys home, privilege waited boys, hostesses restaurants pleasant delight daily, wont,  ",5,REV-0159,2024-05-23,positive,customer_service,low,excellent staff and service,2024-05,2024-05-20
"great hotel nice surprises really enjoyed stay fajardo inn, room bathroom lovely spacious family 4. traveling people kept asking staying conquistador looked price range, people not heard fajardo inn, worried unnecessarily, really pleasant experience start finish, pool excellent, shallow depth perfect young children, desk staff helpful giving directions, stayed culebra 2 nights fajardo inn 4. took day trips el yunque old san juan stay fajardo inn entire time day trip culebra spend night old san j",5,REV-0160,2024-05-24,positive,product_quality,low,lovely hotel room and pool,2024-05,2024-05-20
"okay just got riu south beach miami, stayed 2 days prior cruise mar 9 10th amenities pretty good rooms not bad, not great not bad, assume cleaning past hurricane season little leeway.we ocean view room 7th floor great view beach ocean pool area, beds hard rock pillows pillows 2 inches no cushion, staff generally friendly spoke little english, barely understand guy checked forms signed language, ordered drink example bartender acknowledge start speaking language buddies bar, talking weather wife ",1,REV-0161,2024-05-25,neutral,general,low,hotel amenities okay,2024-05,2024-05-20
"bad bad bad hotel verry bad pls not stay, close ramblas things service customer extremeley poor, terrible cant recommend,  ",1,REV-0162,2024-05-26,negative,customer_service,high,hotel service extremely bad,2024-05,2024-05-20
"great time used tips awesome time, relaxing, beautiful beach, gorgeous grounds, nice room, friendly staff, wish knew went visas, arrive airport terminal head straight counter says tourist visa buy 10 card guest, government tax card need country, buy line customs, required, shop, store hotel way overpriced need basic really trouble, sunscreen 26, favor pack sunscreen sun strong, aid, bring medications band-aids neosporin immodium pepto, coming world country hotel no first-aid kit free medications",5,REV-0163,2024-05-27,positive,general,low,relaxing great time,2024-05,2024-05-27
"yes believe good reviews, suites not just rooms, clean elegant quiet, great bathroom including washing machine bidet view canals, breakfasts nice.the staff franca guido donatella great, feel happy assistance.location excellent central easy walk everywhere.i planned stay 3 nights ended staying 5.i grateful tripadvisor previous guests wrote reviews hotel,  ",5,REV-0164,2024-05-28,positive,customer_service,low,staff great assistance,2024-05,2024-05-27
"comfortable stay visited hilton garden located gravier street, location good especially want walk harrah's.it maybe blocks hotel, visit canal place shopping center, upscale center lots brand designers, convention center not far point, opposite direction walk french quarters, gravier narrow street cars through.my room plesant hilton not gotten hotel upgrade bedding enjoyed previous hilton hotels stays, staff said working, breakfast lunch served hotel, places walk dinner especially weekends.the lo",5,REV-0165,2024-05-29,positive,general,low,comfortable hotel stay,2024-05,2024-05-27
"great hotel price booked hotel stay hotwire, little nervous time used hotwire, turned great deal, got room 59/night, block bourbon street walk, rooms average size clean, things did not like beds really small bathroom floors sticky, cleaned did n't floor mat step bathed, worth money, return hotel future, thing little expensive parking 26/night, think pretty standard hotels area,  ",5,REV-0166,2024-05-30,positive,product_quality,low,average rooms clean size,2024-05,2024-05-27
"good place stay good price, spent days downtown rodeway inn enjoyed stay, room clean beds comfortable, maid service kept refreshed clean, bathroom looked like recently remodeled, wifi worked best motel used, breakfast modest adequate couple breakfast spots half block, room offered fridge microwave plus standard coffee maker, mini mart street, particulary enjoyed getting breakfast korean restaurant run nice couple half block 9th street market street, rodeway inn convenient market street bart muni",5,REV-0167,2024-05-30,positive,customer_service,low,maid service clean breakfast,2024-05,2024-05-27
"wonderful stay wonderful stay 3 nights, room nice beds comfortable staff extremely friendly helpful, definately thÄ place stay amsterdam short city break,  ",5,REV-0168,2024-05-31,positive,general,low,friendly staff comfortable bed,2024-05,2024-05-27
"disapointing 27/7/06 fife scotland 2 adults 1 child 14 just disapointing holiday room wasdark damp smelly 2 single beds small bed 510 son middle floor bathroom stinkingwe got room ok patio door did n't lock toilet did n't flush coffee maker broke 3x tv did n't work food disgusting covered flies entertainment 40 mins ametuer dancers nite went sosua got mobed locals scary not recommend holiday,  ",1,REV-0169,2024-06-01,negative,product_quality,high,dark damp smelly room,2024-06,2024-05-27
"amazing service wonderful staff stayed king deluxe room 3 nights end june wrote comment hotel saying july accident, moment stepped beautiful lobby seen- candles delphiniums hydrangeas deep purple- moment checked waiting bruce springsteen way, just magnificent experience, room spotless- no mold like ritz bathroom london- great amenities lots shelves safe comfy pillows big tub, staff smiling helpful available, concierge help, doormen friendly, housekeeping staff quiet- sleep late want- no kids run",5,REV-0170,2024-06-02,positive,customer_service,low,wonderful staff magnificent experience,2024-06,2024-05-27
"great place stay heart san francisco stayed weekend san francisco, fall 2008 quite bit rennovation going lobby area things like restaurant lounge not totally available, despite really enjoyed stay, place business people, weekend barely saw person sunday night rolled crowded, renovated room stylish comfortable, no complaints, view window not good did n't bother, unusually warm time felt air conditioner worked better, n't bad unacceptable really non-stellar stay, upper 80s doubt kind issue, great ",5,REV-0171,2024-06-03,neutral,general,low,mixed experience stay,2024-06,2024-06-03
"class perfect location, huge room, fab views, hotel just perfect, beautiful kimonos, staff lovely, stay,  ",5,REV-0172,2024-06-04,positive,general,low,great location and views,2024-06,2024-06-03
"awesome excellent hotel, not say good things park hyatt sydney, location perfect rooms magnificent hotel staff exceptional, upgraded room twice just asked, conceirge went way help local attractions, pricey worth dollar spent, stay visit sydney,  ",5,REV-0173,2024-06-05,positive,general,low,exceptional hotel and service,2024-06,2024-06-03
"lovely place wife booked april long weekend stay residence michelangiolo reading positive reviews tripadvisor website not disappointed, villa located leafy area edge town close walk 15 minutes centre florence.the room stayed clean spacious small table chosen morning coffee, incidentally room coffee making facilities small fridge stocked daily bottled water free use.the staff friendly providing tips various attractions visit florence suggesting various restaurants florence, definitely recommend r",5,REV-0174,2024-06-06,positive,general,low,lovely villa with great service,2024-06,2024-06-03
"great service hilton new orleans st. charles hilton new orleans st. charles great hotel, town conference not asked better hotel, loved turndown service chocolates left bed, staff helpful finding activities free time directions, room spacious clean, thank great stay,  ",5,REV-0175,2024-06-07,positive,customer_service,low,great service and helpful staff,2024-06,2024-06-03
"dumbstruck nothing kudos place check check room staff nothing short excellent, view room overlooking trade center river incredible, weekend kind quiet want, skip restaurant recommendations church day rate..you wo n't dissapointed, traveller spends 80 nights year hotels, place star rating, not solid, loved having starbucksa door complaint lack coffee maker room, thats complaint,  ",5,REV-0176,2024-06-08,neutral,customer_service,low,some good and bad experiences,2024-06,2024-06-03
"omm perfect contrary reviews stayed omm service excellent, staff exception friendly helpful, dinner restaurant moo tasting menu wine chosen pricey best meal, restaurant staff attentive friendly french wine waiter delightful, decor cool funky enjoyed playing electronic controls bedroom, good location beautiful building great food lovely staff highly recommend stay,  ",5,REV-0177,2024-06-09,positive,product_quality,low,excellent stay and service,2024-06,2024-06-03
"great time, stayed lti 2 weeks begining december.we enjoyed pool beach, king size bed air worked great, rooms simple clean stocked water, food buffet tasty lots options-neither got sick entire trip, al la carte restaurants little special did tasty food, staff nice helpful work hard, grounds clean kept, resort does n't alot english speaking people staying taken account want mix mingle alot, strong german resort, enjoyed trip alot,  ",5,REV-0178,2024-06-09,positive,product_quality,low,great time and accommodations,2024-06,2024-06-03
"wonderful hotel 2 nights october hotel got room bizz floor, room clean comfortable, booked holiday-inn webside payed approx, 95 us- night.the staff helpful friendly, breakfast buffet included rate really excellent.we coming beijing train shanghai.the taxi drive train station hotel takes 40 minutes cost approx, 3 us- no city-center beijing doesn__t matter not close forbidden city tianamen place, taxi ride 30 minutes important tourist attractions sure second ring.when want arrange tour great wall",5,REV-0179,2024-06-10,positive,product_quality,low,great hotel and staff,2024-06,2024-06-10
"nice hotel bad location barcelo atenea mar great hotel, modern faces mediterranean free internet cafe close bus stop easy access inner city.we no problem whatsoever hotel little better hotel city,  ",5,REV-0180,2024-06-11,neutral,location,low,nice hotel but bad location,2024-06,2024-06-10
"star ghetto motel hi arrived ant recomended suposed 4 star hotel enter lobby no marble outdated ugly tacky goto check-in line long empolyees rude finally rooms enter beds cramped no room inbetween room smelled humid air airconditoner smuggythe bathroom outdated coffe maker yes bathroom ugh sink clogged ants bathtub bugs bathroom raid like smell tiolet door, thou got stuck wanted open, look air vent bathroom room listen neighbor.nasty ok elevators getting stuck no ventilation whatso stunk people ",1,REV-0181,2024-06-12,negative,product_quality,high,very bad experience hotel,2024-06,2024-06-10
"fantastic hotel did lot research online looking hotel stay nights venice, trip advisor major influence decision contact hotel la commedia ultimately book junior suite, just returned trip happy chose wonderful hotel, hotel say star deluxe service star tremendously gracious classy professional group gentlemen desk, speak excellent english helpful nice, confirmed dinner reservations arrived tuscany.we stayed couple junior suite deluxe double, rooms quiet clean spacious comfortable, beds firm like b",5,REV-0182,2024-06-13,positive,general,low,excellent hotel experience venezia,2024-06,2024-06-10
"nice hotel wife just returned beautiful weekend barcelona 18-22 stayed torre catalunia hotel, superior room 20th floor nice clean speacios view fantastic, reading reviews tripadvisor decided pay room worth it.the hotel near sants station bit far center use underground list twice day hotel, looking beautiful view nice room don t mind use underground mentioned torre catalunia choose hotel la ramblas located hurt center,  ",5,REV-0183,2024-06-14,positive,general,low,great hotel barcelona view,2024-06,2024-06-10
"paradise not quite husband booked trip excited fun sun good food pampering 30 travel extensively, arrived greeted freddy beware dozens try hustle cabs drove resort air conditioned suv included room rate, great hour 20 minute ride bearable, spring helicopter albeit overpriced save time motion sickness, roads horribly potholed littered boulders did mention cattle horses crossing no road laws police, arrived resort met expectations ways fell short, staff accommodating friendly albeit scarce grounds",1,REV-0184,2024-06-15,neutral,general,medium,mixed feelings about resort experience,2024-06,2024-06-10
"fabulous breakfast buffet free use check email impressed hotel, staff notch helping visit town providing maps city best way walk things wanted, breakfast great beautiful buffet cold cuts hard boiled eggs toast jam fruit yogurt cereals juice cappuccino machine, computers lobby guests check email free.the rooms clean great tv remote control, thought outstanding location right near train station perfect day layover,  ",5,REV-0185,2024-06-16,positive,general,low,impressed with hotel services buffet,2024-06,2024-06-10
"not recommend just returned week paradisus, absolutely beautiful staff pretty friendly, stated place falls short ways quite disappointed, got told 23 occupancy, thought great no problems eating want, told book reservations dinners way ahead, tried night got told no openings, 23 occupancy restaurants, company trip mentioned marketing director proceeded check reservations gave 10 spots 3 different restaurants, does work, food pretty good tasting cold buffets not just little cold, expect better qua",1,REV-0186,2024-06-17,negative,customer_service,high,poor customer service,2024-06,2024-06-17
"loved ilerostar bavaro wow holiday stayed weeks enjoyed minute, grounds incredible grounds workers work 24/7 grounds incredibly clean beautiful, beach awesome able chair sun shade, pool large able charis, really enjoyed swim bar, speaking bars plenty not wait drink drinks stronge recommend bring travel cup way drinks ocean pool stay cold, staff nice went way traveled friends buffet restaurant staff table available n't asked, got little bored buffet good, try omlettes pasteries great, ala carte r",5,REV-0187,2024-06-18,positive,product_quality,low,excellent dining experience,2024-06,2024-06-17
"best hotel gem hotel.. ideal location great places eat 1 block away.. main bus city-champ elyses louvre 2 blocks away metro ideally located 3 blocks away.. free internet free tray cofee staff really phenomenal ready help need city tours pick hotel including airport taxi overall excellent.. definitely great hotel stay,  ",5,REV-0188,2024-06-19,positive,value_for_money,low,great value excellent location,2024-06,2024-06-17
"great hotel, just returned night stay hotel, really apprehensive having seen negative reviews need n't worried, reception staff really helpful room great traditional comfortable clean, triple room plenty room, balcony looked central area apartments, not pretty nice able sit hear chatter local people, overall highly recommend hotel, excellent value money great location,  ",5,REV-0189,2024-06-19,positive,value_for_money,low,great value excellent hotel,2024-06,2024-06-17
"great room stay stayed nights business trip great hotel great room great food near,  ",5,REV-0190,2024-06-20,positive,general,low,great hotel stay,2024-06,2024-06-17
"noisy wife booked nights hotel did not enjoy experience, clean friendly noise level resulted no sleep, rooms floor right hand building avoided, recycling trash bins outside windows collected early hours morning, windows did not lock properly provided no barrier outside noises, plus location excellent,  ",1,REV-0191,2024-06-21,negative,product_quality,high,hotel rooms too noisy,2024-06,2024-06-17
"just good true stayed 3 nights felt sense loss left, beautful building sublime views perfect service tasty food, fantastic room amazing bathroom state art toilet, 100 recommended,  ",5,REV-0192,2024-06-22,positive,product_quality,low,hotel excellent experience,2024-06,2024-06-17
"fabulous, singapore fabulous city aware general hotels higher standard service europe, book not disappointed style service facilities way, bend backwards look example birthday stay came room hand decorated birthday cake fruit arrangement complimentary left room, breakfast buffet took 3 rooms really, loved place hope day recommend,  ",5,REV-0193,2024-06-23,positive,general,low,hotel exceeded expectations,2024-06,2024-06-17
"good location reading reviews bit concerned travel agent booked, did n't need, yes rooms tiny time spend, clean location great, did n't eat hotel cheaper charlie browns round corner ca n't coment food, easy links underground ferry avoided touristy places dinner possible great local restaurant doors, stayed worse places money worse locations,  ",1,REV-0194,2024-06-24,neutral,value_for_money,low,hotel location great but small rooms,2024-06,2024-06-24
"clean rooms rooms hotel pro bowl 2/10-2/14, rooms clean hotel staff great, parking limited spaces small want avoid larger suv trailblazer explorer jeep etc.., parking 18 day noise huge problem, rooms located 6th 7th floor facing west, emergency stairwell doors rooms, people went doors 24 hours day doors slam closed everytime, street noise really bad floors hear people yelling laughing talking hours day, bar somehwere close night 2:30 3:30 dump glass bottles metal trash bin, goes 30 minutes, tras",1,REV-0195,2024-06-25,negative,product_quality,high,parking and noise huge problem,2024-06,2024-06-24
"great stay, barcelona 10 days october 2008 staying soho hotel nÄ_ëÙ_ez navarro hotels spain, hotel location good near universities 2 major shopping areas lots action close did not trouble finding way bit help concierges time city bit partner conference days.the property approximately 50+ room boutique hotel honest trip europe having worked management large high-end hotel vancouver bc canada soho definitely surpassed expectations, taken care property extremely clean beautiful kind funky fairly m",5,REV-0196,2024-06-26,positive,customer_service,high,great stay soho hotel,2024-06,2024-06-24
"architecture great user-centeredness low really hard complain biltmore pheonix, really lovely live interesting architecture lovely surroundings.having just concluded 3 nights business trip observation familir prairie school know rooms lovely balconies useless, blacony shared making impossible open drapes dressed fresh air, ca n't sleep door open risking walking room, obviously hard change architecture complaint, az love fresh air private balcony let enjoy surroundings, biltmore sleep ac drapes c",5,REV-0197,2024-06-27,negative,product_quality,high,balcony not private,2024-06,2024-06-24
"langham place best place outside central langham place great hotel mongkok, heading hong kong work pleasure fantastic place stay paying high prices central train stops away, langham place connected langham mall trendy mega-mall bit trendy tasts interesting latest fads, blocks away ladies market electronics market sports market interesting night bargain shopping, hotel iteself fabulous bathroom shares glass wall hotel room cool, favorite negative edge rooftop pool high-end exercise room, morning ",5,REV-0198,2024-06-28,positive,value_for_money,medium,langham place great value,2024-06,2024-06-24
"not 5 star hotel stayed hotel recent business trip, location great short walk central station easy access amsterdam attractions, not 5 star hotel reality tired 4 star hotel, room small dire need updating, 5th floor accessed lift hidden away hotel, despite higher floor left note hotel management ear plugs block noise dam square actually needed block loud awful music piped hotel corridors, looking window perfect view apartments opposite meant blinds closed times privacy, bathroom seen better days ",1,REV-0199,2024-06-29,negative,product_quality,high,room small outdated,2024-06,2024-06-24
"awesome just returned stayed hotel weeks enjoyed everyday location great neutral waikiki desk helpfull cheerfull accomadating friends came join putting floor definetly stay,  ",5,REV-0200,2024-06-30,positive,general,low,location and staff great,2024-06,2024-06-24
