EmployerName,sector,DiffMeanHourlyPercent,DiffMedianHourlyPercent,FemaleTopQuartile,EmployerSize,gap_severity
CALEDONIAN HERITABLE LIMITED,Food & Beverage,100.0,100.0,42.0,500 to 999,Severe (>20%)
ROBERT PRICE & SONS LIMITED,Wholesale,100.0,100.0,0.0,Less than 250,Severe (>20%)
GRAHAMS THE FAMILY DAIRY GROUP LIMITED,Food Manufacturing,97.0,10.0,15.0,500 to 999,Severe (>20%)
IPSWICH TOWN FOOTBALL CLUB COMPANY LIMITED,Sports/Recreation,92.03,54.55,17.47,1000 to 4999,Severe (>20%)
REGAL CARE TRADING LTD,Residential Care,90.0,10.0,75.0,250 to 499,Severe (>20%)
"BURNLEY FOOTBALL & ATHLETIC COMPANY,LIMITED(THE)",Sports/Recreation,88.0,17.0,7.0,250 to 499,Severe (>20%)
NSWE SPORTS LIMITED,Real Estate,85.47,2.97,18.41,1000 to 4999,Severe (>20%)
WEST HAM UNITED FOOTBALL CLUB LIMITED,Sports/Recreation,85.15,0.67,24.0,500 to 999,Severe (>20%)
Bellevue Place Education Trust,Other,84.3,73.9,83.7,500 to 999,Severe (>20%)
SIBELCO UK LIMITED,Facilities,84.0,81.0,16.5,250 to 499,Severe (>20%)
SWIFT EMPLOYMENT SOLUTIONS LIMITED,Management Consulting,83.9,70.2,59.5,1000 to 4999,Severe (>20%)
AFC BOURNEMOUTH LIMITED,Sports/Recreation,83.8,4.7,22.3,500 to 999,Severe (>20%)
WOLVERHAMPTON WANDERERS FOOTBALL CLUB (1986) LIMITED,Sports/Recreation,83.3,10.0,12.9,500 to 999,Severe (>20%)
HULL CITY TIGERS LIMITED,Sports/Recreation,82.6,22.7,0.0,250 to 499,Severe (>20%)
WHITTARD TRADING LIMITED,Retail,82.6,91.3,52.9,250 to 499,Severe (>20%)
CHELSEA FOOTBALL CLUB LIMITED,Sports/Recreation,82.5,7.4,10.5,1000 to 4999,Severe (>20%)
MANCHESTER CITY FOOTBALL CLUB LIMITED,Sports/Recreation,82.3,2.1,23.5,1000 to 4999,Severe (>20%)
MULHOLLAND CONTRACTS LIMITED,Other,82.29,79.86,0.0,250 to 499,Severe (>20%)
STAR BRANDS MANUFACTURING LTD,Chemicals,82.02,85.51,14.29,250 to 499,Severe (>20%)
BRENTFORD FC LIMITED,Sports/Recreation,82.0,22.0,7.0,250 to 499,Severe (>20%)
FULHAM FOOTBALL CLUB LIMITED,Sports/Recreation,81.19,5.6,11.0,500 to 999,Severe (>20%)
THE UPHAM PUB COMPANY LIMITED,Food & Beverage,81.0,7.0,32.0,250 to 499,Severe (>20%)
THE LIVERPOOL FOOTBALL CLUB AND ATHLETIC GROUNDS LIMITED,Sports/Recreation,80.02,0.32,35.7,"5000 to 19,999",Severe (>20%)
COVENTRY CITY FOOTBALL CLUB LIMITED,Sports/Recreation,79.28,10.33,7.14,250 to 499,Severe (>20%)
STANMORE QUALITY SERVICES LIMITED,Business Support,79.0,19.0,12.0,250 to 499,Severe (>20%)
NEWCASTLE UNITED FOOTBALL COMPANY LIMITED,Sports/Recreation,78.9,0.0,25.0,1000 to 4999,Severe (>20%)
MIDDLESBROUGH FOOTBALL & ATHLETIC COMPANY (1986) LIMITED,Sports/Recreation,77.9,21.8,6.1,500 to 999,Severe (>20%)
ARMSTRONG LOGISTICS LIMITED,Land Transport,77.0,20.0,35.0,250 to 499,Severe (>20%)
PROCOOK GROUP PLC,Retail,76.92,57.89,0.0,Less than 250,Severe (>20%)
CZARNIKOW GROUP LIMITED,Finance,76.73,33.71,22.22,Less than 250,Severe (>20%)
"BRIGHTON AND HOVE ALBION FOOTBALL CLUB,LIMITED(THE)",Sports/Recreation,75.6,18.9,22.8,1000 to 4999,Severe (>20%)
SOUTHAMPTON FOOTBALL CLUB LIMITED,Sports/Recreation,75.4,1.9,26.86,1000 to 4999,Severe (>20%)
STOKE CITY FOOTBALL CLUB LIMITED,Sports/Recreation,75.0,31.0,1.1,250 to 499,Severe (>20%)
NOTTINGHAM FOREST FOOTBALL CLUB LIMITED,Sports/Recreation,74.22,-1.88,14.49,500 to 999,Severe (>20%)
MANCHESTER UNITED FOOTBALL CLUB LIMITED,Sports/Recreation,73.9,13.5,18.0,500 to 999,Severe (>20%)
"PRESTON NORTH END FOOTBALL CLUB,LIMITED(THE)",Sports/Recreation,73.0,7.0,9.0,250 to 499,Severe (>20%)
"EVERTON FOOTBALL CLUB COMPANY, LIMITED",Sports/Recreation,72.4,-1.1,24.0,1000 to 4999,Severe (>20%)
THE RANGERS FOOTBALL CLUB LIMITED,Sports/Recreation,72.0,0.0,13.0,250 to 499,Severe (>20%)
LEEDS UNITED FOOTBALL CLUB LIMITED,Sports/Recreation,71.22,0.0,23.0,1000 to 4999,Severe (>20%)
TOTTENHAM HOTSPUR FOOTBALL & ATHLETIC CO. LTD,Sports/Recreation,71.0,6.0,27.0,1000 to 4999,Severe (>20%)
WEST BROMWICH ALBION FOOTBALL CLUB LIMITED,Sports/Recreation,70.6,14.6,16.41,500 to 999,Severe (>20%)
THE ARSENAL FOOTBALL CLUB LIMITED,Sports/Recreation,70.4,-5.6,33.0,1000 to 4999,Severe (>20%)
P. D. HOOK (GROUP) LIMITED,Management Consulting,70.0,39.0,38.0,Less than 250,Severe (>20%)
PEOPLE2.0 UK LIMITED,Business Support,69.5,57.9,24.0,Less than 250,Severe (>20%)
HOPSCOTCH DAY NURSERIES GROUP LTD,Finance,69.1,42.1,50.0,Less than 250,Severe (>20%)
AMWINS GLOBAL RISKS GROUP LIMITED,Management Consulting,69.0,49.0,16.0,500 to 999,Severe (>20%)
CPFC LIMITED,Sports/Recreation,69.0,0.0,26.0,1000 to 4999,Severe (>20%)
WED2B LIMITED,Retail,67.8,56.1,86.5,250 to 499,Severe (>20%)
SEYMOUR HOUSE LTD.,Education,66.73,63.8,95.12,250 to 499,Severe (>20%)
THE SHEFFIELD UNITED FOOTBALL CLUB LIMITED,Sports/Recreation,66.55,14.24,9.68,250 to 499,Severe (>20%)
Robert Clack School,Other,66.44,48.81,54.8,250 to 499,Severe (>20%)
THE BLACKBURN ROVERS FOOTBALL AND ATHLETIC LIMITED,Sports/Recreation,65.4,0.0,18.7,500 to 999,Severe (>20%)
CLEVELAND CLINIC LONDON LTD,Healthcare,64.91,21.0,32.0,1000 to 4999,Severe (>20%)
SCORE (EUROPE) LIMITED,Personal Services,64.16,15.86,4.21,500 to 999,Severe (>20%)
AIR RESOURCES LIMITED,Employment Agencies,64.04,25.22,15.69,250 to 499,Severe (>20%)
L.ROWLAND & COMPANY (RETAIL) LIMITED,Retail,64.0,11.3,72.0,1000 to 4999,Severe (>20%)
WREXHAM AFC LIMITED,Sports/Recreation,63.46,0.0,7.7,250 to 499,Severe (>20%)
GLEN DIMPLEX UK LIMITED,Electrical Equipment,63.0,39.0,20.0,Less than 250,Severe (>20%)
RYANAIR UK LIMITED,Air Transport,62.9,62.7,2.3,250 to 499,Severe (>20%)
SHEFFIELD WEDNESDAY FOOTBALL CLUB LIMITED,Sports/Recreation,62.0,2.0,11.0,500 to 999,Severe (>20%)
CLYDE DENTAL PRACTICE LIMITED,Healthcare,61.42,33.33,88.71,250 to 499,Severe (>20%)
PHOENIX MEDICAL SUPPLIES LIMITED,Wholesale,61.2,0.0,34.0,250 to 499,Severe (>20%)
PLYMOUTH ARGYLE FOOTBALL CLUB LIMITED,Sports/Recreation,61.0,0.0,25.0,500 to 999,Severe (>20%)
CARDIFF CITY FOOTBALL CLUB LIMITED,Sports/Recreation,61.0,12.0,8.0,250 to 499,Severe (>20%)
QPR HOLDINGS LIMITED,Sports/Recreation,60.88,12.33,11.0,250 to 499,Severe (>20%)
SALVEAS LIMITED,Employment Agencies,60.6,15.1,50.0,Less than 250,Severe (>20%)
Ryanair ltd,Air Transport,60.5,63.8,3.7,1000 to 4999,Severe (>20%)
PORTSMOUTH COMMUNITY FOOTBALL CLUB LIMITED,Sports/Recreation,60.39,13.25,8.22,250 to 499,Severe (>20%)
SWANSEA CITY ASSOCIATION FOOTBALL CLUB LIMITED(THE),Sports/Recreation,59.6,20.8,8.7,250 to 499,Severe (>20%)
MIDWICH LIMITED,Wholesale,59.04,40.13,12.0,250 to 499,Severe (>20%)
BAY CARE DOMICILIARY CARE LTD,Healthcare,59.0,41.0,54.0,250 to 499,Severe (>20%)
MORGAN STANLEY EMPLOYMENT SERVICES UK LIMITED,Finance,58.1,33.9,27.6,250 to 499,Severe (>20%)
VIRGIN ATLANTIC LIMITED,Management Consulting,58.0,28.0,30.7,"5000 to 19,999",Severe (>20%)
NORWICH CITY FOOTBALL CLUB PLC,Sports/Recreation,57.9,5.8,13.5,1000 to 4999,Severe (>20%)
EASYJET AIRLINE COMPANY LIMITED,Air Transport,57.2,42.5,10.0,"5000 to 19,999",Severe (>20%)
BRYAN'S SALADS LTD.,Other,57.0,43.0,40.0,250 to 499,Severe (>20%)
WIZZ AIR UK LIMITED,Air Transport,56.56,47.93,7.0,1000 to 4999,Severe (>20%)
BMC SOFTWARE LIMITED,IT Services,56.5,25.2,13.8,250 to 499,Severe (>20%)
SBFM LIMITED,Facilities,55.16,0.0,59.2,1000 to 4999,Severe (>20%)
JOJO MAMAN BEBE LTD,Wholesale,55.03,42.11,92.55,250 to 499,Severe (>20%)
GAINFORD HOTELS LIMITED,Hotels,55.0,45.0,63.0,500 to 999,Severe (>20%)
PROMETHEUS SAFE & SECURE LTD,Warehousing,54.66,-3.02,35.85,250 to 499,Severe (>20%)
DERBY COUNTY (THE RAMS) LIMITED,Sports/Recreation,54.4,31.2,15.0,500 to 999,Severe (>20%)
AMR GP LIMITED,Sports/Recreation,54.3,20.6,12.23,1000 to 4999,Severe (>20%)
SYMPHONY HEALTHCARE SERVICES LIMITED,Healthcare,54.29,44.4,58.0,500 to 999,Severe (>20%)
BIRMINGHAM CITY FOOTBALL CLUB LIMITED,Sports/Recreation,54.29,-1.8,24.81,250 to 499,Severe (>20%)
BRITISH AIRWAYS PLC,Air Transport,54.0,31.0,22.0,"20,000 or more",Severe (>20%)
BARNSLEY HEALTHCARE FEDERATION CIC,Healthcare,54.0,43.0,52.0,Less than 250,Severe (>20%)
RULLION ENGINEERING LIMITED,Employment Agencies,53.6,31.7,5.3,500 to 999,Severe (>20%)
"SUNDERLAND ASSOCIATION FOOTBALL CLUB,LIMITED(THE)",Sports/Recreation,53.49,0.0,28.5,1000 to 4999,Severe (>20%)
STIFEL NICOLAUS EUROPE LIMITED,Financial Support,53.3,47.7,7.0,250 to 499,Severe (>20%)
GREENCASTLE SOLUTIONS (UK) LIMITED,Business Support,53.0,35.0,21.0,250 to 499,Severe (>20%)
SCOTTISH RUGBY LIMITED,Sports/Recreation,53.0,26.0,11.0,500 to 999,Severe (>20%)
BGC SERVICES (HOLDINGS) LLP,Other,53.0,47.0,1.75,500 to 999,Severe (>20%)
BOUX AVENUE LIMITED,Retail,52.9,35.3,90.0,500 to 999,Severe (>20%)
TUI AIRWAYS LIMITED,Air Transport,52.64,42.87,7.47,"5000 to 19,999",Severe (>20%)
RYAN SPECIALTY CORPORATE SERVICES LIMITED,Professional Services,52.4,48.7,11.9,250 to 499,Severe (>20%)
ALLTASK LIMITED,Specialist Construction,52.07,58.17,16.67,250 to 499,Severe (>20%)
NORTHAMPTON RUGBY FOOTBALL CLUB LIMITED,Sports/Recreation,52.0,33.0,4.0,Less than 250,Severe (>20%)
CREATE HEALTH LIMITED,Healthcare,52.0,56.0,57.0,250 to 499,Severe (>20%)
PRIMARY CARE 24 (MERSEYSIDE) LIMITED,Other,52.0,61.0,61.0,250 to 499,Severe (>20%)
UTILITY WAREHOUSE LIMITED,Telecoms,51.91,12.19,33.7,1000 to 4999,Severe (>20%)
LINCOLN CITY FOOTBALL CLUB COMPANY LIMITED,Sports/Recreation,51.7,6.6,7.1,250 to 499,Severe (>20%)
BARCLAYS PLC,Finance,51.5,62.6,13.0,Less than 250,Severe (>20%)
ARTHUR J. GALLAGHER SERVICES (UK) LIMITED,Employment Agencies,51.5,34.4,23.9,"5000 to 19,999",Severe (>20%)
TOWNHOUSE GROUP LIMITED,Retail,51.5,41.0,72.8,250 to 499,Severe (>20%)
P.J. CAREY (CONTRACTORS) LIMITED,Construction,51.45,50.99,3.3,250 to 499,Severe (>20%)
THE REAL GOOD DENTAL COMPANY LIMITED,Healthcare,51.2,26.05,85.71,250 to 499,Severe (>20%)
DICK LOVETT (SPECIALIST CARS) LIMITED,Motor Trade,51.0,15.0,13.0,500 to 999,Severe (>20%)
DON-BUR (BODIES AND TRAILERS) LIMITED,Motor Vehicles,51.0,14.0,4.8,250 to 499,Severe (>20%)
MORTGAGE ADVICE BUREAU (HOLDINGS) PLC,Management Consulting,51.0,17.0,35.0,500 to 999,Severe (>20%)
RIVERDALE HEALTHCARE LIMITED,Healthcare,50.91,38.1,80.0,500 to 999,Severe (>20%)
D.C.K. CONCESSIONS LIMITED,Retail,50.53,27.18,87.07,500 to 999,Severe (>20%)
FLEET FINANCIAL LIMITED,Motor Trade,50.3,31.2,0.0,Less than 250,Severe (>20%)
COLLINS EARTHWORKS LIMITED,Specialist Construction,50.1,36.9,2.2,250 to 499,Severe (>20%)
EDDISONS COMMERCIAL LIMITED,Real Estate,50.1,50.2,5.7,500 to 999,Severe (>20%)
ROCHVILLES & CO. ACCOUNTANTS LTD,Legal,50.0,50.0,50.0,Less than 250,Severe (>20%)
L.C.P. MANAGEMENT LIMITED,Management Consulting,49.81,36.41,23.61,250 to 499,Severe (>20%)
BARNSLEY FOOTBALL CLUB LIMITED,Sports/Recreation,49.8,6.0,15.2,250 to 499,Severe (>20%)
THE PRACTICE SURGERIES LIMITED,Healthcare,49.72,74.49,67.0,250 to 499,Severe (>20%)
The Nene Education Trust,Other,49.3797,58.142,93.9655,500 to 999,Severe (>20%)
SMALLWORLD ACCESSORIES LIMITED,Retail,48.9,19.4,84.5,250 to 499,Severe (>20%)
J.M. FINN & CO.LTD,Finance,48.8,41.0,10.26,250 to 499,Severe (>20%)
FVWL FOOTBALL LIMITED,Sports/Recreation,48.6,12.9,11.6,250 to 499,Severe (>20%)
THE DUNDEE UNITED FOOTBALL COMPANY LIMITED,Sports/Recreation,48.54,20.0,12.7,250 to 499,Severe (>20%)
PORTMAN HEALTHCARE LIMITED,Healthcare,48.5,41.7,77.0,1000 to 4999,Severe (>20%)
CLARINS (U.K.) LIMITED,Wholesale,48.4,52.4,82.6,1000 to 4999,Severe (>20%)
WEIRD FISH LIMITED,Wholesale,48.3,15.0,63.2,250 to 499,Severe (>20%)
CULINERA LIMITED,Food & Beverage,48.0,51.0,47.0,250 to 499,Severe (>20%)
KURT GEIGER LIMITED,Retail,48.0,16.0,64.49,1000 to 4999,Severe (>20%)
EQUALS GROUP LIMITED,Finance,48.0,41.0,10.0,250 to 499,Severe (>20%)
BAIN & COMPANY INC. UNITED KINGDOM,Other,47.8,21.4,31.66,1000 to 4999,Severe (>20%)
STONEX FINANCIAL LTD,Financial Support,47.7,28.1,15.0,500 to 999,Severe (>20%)
MJL CONTRACTORS LIMITED,Other,47.17,35.34,2.38,250 to 499,Severe (>20%)
MATTIOLI WOODS LIMITED,Business Support,47.1,31.4,22.9,1000 to 4999,Severe (>20%)
DNA VETCARE LTD,Veterinary,46.95,51.91,58.03,250 to 499,Severe (>20%)
PGA GLOBAL SERVICES LLC,Other,46.43,30.52,22.0,250 to 499,Severe (>20%)
PROOFPOINT LIMITED,IT Services,46.43,33.7,15.71,500 to 999,Severe (>20%)
LEONARD F.JOLLYE (BROOKMANS PARK) LIMITED,Retail,46.4,10.2,46.0,1000 to 4999,Severe (>20%)
ESSEX SERVICES GROUP LIMITED,Specialist Construction,46.0,50.0,3.0,250 to 499,Severe (>20%)
KIKO UK LIMITED,Retail,46.0,14.0,84.0,250 to 499,Severe (>20%)
ARDONAGH SPECIALTY LIMITED,Insurance,46.0,35.0,27.0,1000 to 4999,Severe (>20%)
Bitterne Park School,Other,46.0,54.0,44.0,250 to 499,Severe (>20%)
JET2.COM LIMITED,Air Transport,45.8,31.16,7.8,"5000 to 19,999",Severe (>20%)
HSBC BANK PLC,Finance,45.8,45.3,17.0,1000 to 4999,Severe (>20%)
HEART OF MIDLOTHIAN PLC,Sports/Recreation,45.7,6.0,25.9,500 to 999,Severe (>20%)
AIR IT GROUP LIMITED,IT Services,45.66,1.23,14.71,250 to 499,Severe (>20%)
TYSERS INSURANCE BROKERS LIMITED,Financial Support,45.3,34.6,17.6,500 to 999,Severe (>20%)
PRACTICE PLUS GROUP HOSPITALS LIMITED,Healthcare,45.2,26.1,53.0,1000 to 4999,Severe (>20%)
PENDRAGON MANAGEMENT SERVICES LIMITED,Management Consulting,45.1,54.9,41.6,500 to 999,Severe (>20%)
CMAC GROUP UK LIMITED,Land Transport,45.0,14.0,27.0,250 to 499,Severe (>20%)
suffolk primary Care,Healthcare,45.0,50.5,66.7,250 to 499,Severe (>20%)
N. M. ROTHSCHILD & SONS LIMITED,Financial Support,45.0,44.0,17.5,500 to 999,Severe (>20%)
NEUBERGER BERMAN EUROPE LIMITED,Finance,45.0,32.0,18.0,250 to 499,Severe (>20%)
LANCASTER UK LIMITED,Motor Trade,44.9,23.3,27.7,250 to 499,Severe (>20%)
GENSMILE DENTAL CARE LIMITED,Healthcare,44.9,27.8,87.3,250 to 499,Severe (>20%)
BRIGGS & FORRESTER ENGINEERING SERVICES LIMITED,Specialist Construction,44.7,48.8,0.0,Less than 250,Severe (>20%)
BROWN SHIPLEY & CO. LIMITED,Finance,44.7,15.8,30.0,250 to 499,Severe (>20%)
INFOTRACK LIMITED,Professional Services,44.65,30.74,25.0,250 to 499,Severe (>20%)
VERTU MOTORS PLC,Motor Trade,44.63,31.58,23.08,500 to 999,Severe (>20%)
BEAUTY OUTLET LIMITED,Retail,44.47,2.12,89.0,250 to 499,Severe (>20%)
BMS GROUP LIMITED,Insurance,44.4,38.8,17.4,500 to 999,Severe (>20%)
PEI MEDIA LIMITED,Publishing,44.39,29.92,23.0,250 to 499,Severe (>20%)
ENGLAND AND WALES CRICKET BOARD LIMITED,Sports/Recreation,44.3,22.2,24.0,250 to 499,Severe (>20%)
TAYLOR & EMMET LIMITED LIABILITY PARTNERSHIP,Other,44.27,45.09,66.67,250 to 499,Severe (>20%)
NORTHSTANDARD GROUP SERVICES LIMITED,Employment Agencies,44.2,44.3,30.0,500 to 999,Severe (>20%)
NORTHUMBRIA PRIMARY CARE LIMITED,Healthcare,44.0,73.8,66.7,250 to 499,Severe (>20%)
AIRCRAFT ENGINEERING SERVICES LIMITED,Other,44.0,46.0,4.0,500 to 999,Severe (>20%)
JUMP TRADING INTERNATIONAL LIMITED,Business Support,44.0,24.0,1.4,250 to 499,Severe (>20%)
HAGONDALE LIMITED,Finance,44.0,50.2,9.3,250 to 499,Severe (>20%)
POLO COMMERCIAL INSURANCE SERVICES LIMITED,Insurance,43.95,2.92,41.11,250 to 499,Severe (>20%)
EMOVIS OPERATIONS LEEDS LTD,Business Support,43.9,0.0,35.0,250 to 499,Severe (>20%)
TENEO FINANCIAL ADVISORY LIMITED,Management Consulting,43.9,25.1,18.0,250 to 499,Severe (>20%)
Doncaster Bassetlaw Hospitals NHS Trust,Other,43.63,24.35,64.52,"5000 to 19,999",Severe (>20%)
PITCHBOOK DATA LIMITED,IT Services,43.6,28.5,21.5,250 to 499,Severe (>20%)
MORGAN STANLEY & CO. INTERNATIONAL PLC,Financial Support,43.4,34.1,18.7,1000 to 4999,Severe (>20%)
FAIRSTONE GROUP LIMITED,Finance,43.3,35.74,16.0,500 to 999,Severe (>20%)
VALUE RETAIL MANAGEMENT LIMITED,Real Estate,43.0,27.9,51.7,250 to 499,Severe (>20%)
H.W. MARTIN (TRAFFIC MANAGEMENT) LIMITED,Specialist Construction,43.0,60.0,1.4,500 to 999,Severe (>20%)
ROCKSTAR GAMES UK LIMITED,Publishing,43.0,18.6,11.8,1000 to 4999,Severe (>20%)
CORSERV LIMITED,Management Consulting,43.0,37.33,63.0,Less than 250,Severe (>20%)
CARE FERTILITY GROUP LIMITED,Healthcare,43.0,25.0,79.0,500 to 999,Severe (>20%)
PETRIE TUCKER AND PARTNERS LIMITED,Healthcare,42.91,20.97,80.79,"5000 to 19,999",Severe (>20%)
SWEATY BETTY LIMITED,Retail,42.9,42.4,86.0,500 to 999,Severe (>20%)
PARTNERS& LIMITED,Financial Support,42.9,36.6,24.1,500 to 999,Severe (>20%)
LINNAEUS GROUP LIMITED,Veterinary,42.8,45.5,67.6,"5000 to 19,999",Severe (>20%)
INDIGO SUN RETAIL LTD.,Personal Services,42.6,-57.2,95.96,500 to 999,Severe (>20%)
HILLCREST ENTERPRISES LIMITED,Real Estate,42.57,34.79,50.0,Less than 250,Severe (>20%)
BRIDGE MULTI-ACADEMY TRUST,Education,42.4,52.1,79.22,250 to 499,Severe (>20%)
SPECIALIST RISK GROUP LIMITED,Finance,42.225,40.68,17.47,500 to 999,Severe (>20%)
THE FERTILITY PARTNERSHIP LTD,Management Consulting,42.2,38.7,69.9,250 to 499,Severe (>20%)
MURGITROYD & COMPANY LIMITED,Legal,42.2,51.8,39.0,250 to 499,Severe (>20%)
INVICTA HEALTH COMMUNITY INTEREST COMPANY,Healthcare,42.2,53.4,68.0,250 to 499,Severe (>20%)
FISHER INVESTMENTS EUROPE LIMITED,Finance,42.19,36.41,20.0,250 to 499,Severe (>20%)
ENHANCE ACADEMY TRUST,Education,42.0,53.0,78.13,500 to 999,Severe (>20%)
ENSTAR (EU) LIMITED,Business Support,42.0,23.8,21.4,250 to 499,Severe (>20%)
RAINHAM INDUSTRIAL SERVICES LIMITED,Specialist Construction,41.9,40.0,98.0,500 to 999,Severe (>20%)
INVESTEC WEALTH & INVESTMENT LIMITED,Finance,41.9,44.0,21.4,1000 to 4999,Severe (>20%)
INTIMATE APPAREL RETAIL UK LIMITED,Retail,41.9,11.6,90.0,500 to 999,Severe (>20%)
GLENCAR CONSTRUCTION LTD,Construction,41.81,44.43,4.29,250 to 499,Severe (>20%)
N.R.L. LIMITED,Employment Agencies,41.78,39.26,7.19,500 to 999,Severe (>20%)
INTRAHEALTH LIMITED,Healthcare,41.7,34.9,74.0,500 to 999,Severe (>20%)
DALES ACADEMIES TRUST,Other,41.58,65.28,66.67,250 to 499,Severe (>20%)
MCGILL AND PARTNERS SERVICES LTD,Business Support,41.5,47.6,11.7,250 to 499,Severe (>20%)
CHARLES TAYLOR LIMITED,Management Consulting,41.5,42.5,13.0,250 to 499,Severe (>20%)
CVC ADVISERS LIMITED,Financial Support,41.47,37.08,25.76,250 to 499,Severe (>20%)
EVERFLOW LIMITED,Business Support,41.46,1.59,46.9,Less than 250,Severe (>20%)
SEVENTEEN GROUP LIMITED,Insurance,41.4,33.9,18.7,250 to 499,Severe (>20%)
TRANMERE ROVERS FOOTBALL CLUB LIMITED,Sports/Recreation,41.2,4.5,17.9,250 to 499,Severe (>20%)
J.P. MORGAN SECURITIES PLC,Finance,41.2,37.8,18.8,1000 to 4999,Severe (>20%)
FLINT BISHOP LIMITED,Legal,41.2,21.6,44.0,250 to 499,Severe (>20%)
INTERPATH LTD,Management Consulting,41.1,27.5,21.4,500 to 999,Severe (>20%)
DHL AIR (UK) LIMITED,Air Transport,41.0,41.0,2.0,500 to 999,Severe (>20%)
G2V RECRUITMENT GROUP LIMITED,Employment Agencies,41.0,19.0,6.0,250 to 499,Severe (>20%)
HIDDEN HEARING LIMITED,Retail,41.0,34.0,44.0,500 to 999,Severe (>20%)
PRODUCE WORLD GROUP LTD,Wholesale,41.0,3.46,32.5,250 to 499,Severe (>20%)
BERLESDUNA ACADEMY TRUST,Education,41.0,49.9,84.2,500 to 999,Severe (>20%)
BRITISH-AMERICAN TOBACCO (HOLDINGS) LIMITED,Management Consulting,41.0,34.0,30.0,250 to 499,Severe (>20%)
PEEL HUNT LLP,Other,40.9,51.7,4.5,250 to 499,Severe (>20%)
TRINITYBRIDGE HOLDINGS LIMITED,Management Consulting,40.8,33.0,20.5,500 to 999,Severe (>20%)
LOOKERS LEASING LIMITED,Motor Trade,40.8,29.6,0.0,Less than 250,Severe (>20%)
AUTUMNPAPER LIMITED,Business Support,40.5,13.2,64.0,250 to 499,Severe (>20%)
ID MEDICAL GROUP LIMITED,Employment Agencies,40.4,17.2,32.9,500 to 999,Severe (>20%)
CULINA GROUP LIMITED,Management Consulting,40.4,28.6,22.9,500 to 999,Severe (>20%)
HILLSIDE (MEDIA SERVICES) LIMITED,Business Support,40.4,3.1,27.3,250 to 499,Severe (>20%)
AVENTUM GROUP LIMITED,Finance,40.4,30.2,11.9,250 to 499,Severe (>20%)
WANT2BTHERE LTD,Travel,40.21,55.33,20.0,250 to 499,Severe (>20%)
ALFRED H. KNIGHT HOLDINGS LIMITED,Management Consulting,40.2,15.3,36.7,250 to 499,Severe (>20%)
FRONTIER ECONOMICS LIMITED,Management Consulting,40.1,10.2,29.9,250 to 499,Severe (>20%)
ASSOCIATED BRITISH FOODS PLC,Management Consulting,40.1,20.1,33.3,250 to 499,Severe (>20%)
AMEY GROUP SERVICES LIMITED,Business Support,40.04,33.51,31.0,250 to 499,Severe (>20%)
INSPIRING VET CARE LIMITED,Veterinary,40.01,51.73,68.43,"5000 to 19,999",Severe (>20%)
COMMUNITY DENTAL SERVICES CIC,Healthcare,40.0,55.0,79.0,500 to 999,Severe (>20%)
CANACCORD GENUITY WEALTH LIMITED,Finance,40.0,40.4,10.4,250 to 499,Severe (>20%)
Central England Academy Trust,Other,40.0,44.0,71.76,250 to 499,Severe (>20%)
TRIMBLE UK LIMITED,IT Services,40.0,41.0,15.0,500 to 999,Severe (>20%)
MENWELL LIMITED,Retail,40.0,53.0,23.0,250 to 499,Severe (>20%)
ENVISAGE DENTAL UK LIMITED,Finance,40.0,25.0,83.0,500 to 999,Severe (>20%)
EDWARDS & WARD LIMITED,Food & Beverage,40.0,17.0,87.6,500 to 999,Severe (>20%)
RADLEY + CO. LIMITED,Wholesale,40.0,22.0,67.0,250 to 499,Severe (>20%)
PROGENY WEALTH LIMITED,Financial Support,40.0,27.0,29.0,250 to 499,Severe (>20%)
Lion Academy Trust,Other,40.0,26.1,86.5,500 to 999,Severe (>20%)
CDW LIMITED,Information Services,40.0,14.5,17.9,1000 to 4999,Severe (>20%)
BRISTOW HELICOPTERS LIMITED,Air Transport,40.0,48.0,4.0,500 to 999,Severe (>20%)
REED & MACKAY TRAVEL LIMITED,Travel,39.98,8.77,57.54,500 to 999,Severe (>20%)
DRAYTON GROUP LIMITED,Motor Trade,39.9,20.4,8.2,250 to 499,Severe (>20%)
TTP PLC,Research,39.8,39.1,5.3,250 to 499,Severe (>20%)
HEALTHCARE BUSINESS SOLUTIONS (UK) LIMITED,Management Consulting,39.8,26.1,41.7,1000 to 4999,Severe (>20%)
MCLAREN CONSTRUCTION LIMITED,Construction,39.78,45.45,4.96,500 to 999,Severe (>20%)
THE OFFICE GROUP PROPERTIES LIMITED,Business Support,39.7,19.6,42.5,500 to 999,Severe (>20%)
GOODWOOD ESTATE COMPANY LIMITED(THE),Other,39.68,6.03,44.83,250 to 499,Severe (>20%)
MEDIVET GROUP LIMITED,Veterinary,39.66,42.24,64.51,1000 to 4999,Severe (>20%)
MIZUHO INTERNATIONAL PLC,Finance,39.64,42.79,12.5,250 to 499,Severe (>20%)
WATKIN JONES PLC,Construction,39.6,41.9,9.4,250 to 499,Severe (>20%)
HGF BUSINESS SERVICES LIMITED,Legal,39.52,51.22,39.0,250 to 499,Severe (>20%)
WINVIC CONSTRUCTION LIMITED,Construction,39.5,46.6,3.6,500 to 999,Severe (>20%)
MCARTHURGLEN UK LIMITED,Real Estate,39.4,28.1,50.0,250 to 499,Severe (>20%)
HGCAPITAL LLP,Other,39.4,50.2,34.3,250 to 499,Severe (>20%)
RYAN PROPERTY TAX SERVICES UK LIMITED,Management Consulting,39.3,28.0,7.8,250 to 499,Severe (>20%)
PROMAN SUPPLY CHAIN LTD,Employment Agencies,39.12,10.37,16.53,1000 to 4999,Severe (>20%)
SUCCESSION HOLDINGS LTD,Finance,39.1,27.5,28.4,500 to 999,Severe (>20%)
THOMAS MILLER & CO. LIMITED,Management Consulting,39.1,41.3,20.9,500 to 999,Severe (>20%)
LEICESTER FOOTBALL CLUB PLC,Sports/Recreation,39.0,0.0,47.0,250 to 499,Severe (>20%)
ARDONAGH SERVICES LIMITED,Finance,39.0,40.0,37.0,Less than 250,Severe (>20%)
SHI CORPORATION UK LIMITED,IT Services,39.0,29.0,22.0,250 to 499,Severe (>20%)
ACTEMIUM UK LIMITED,Specialist Construction,39.0,57.0,9.0,Less than 250,Severe (>20%)
CATALYST  ACADEMIES TRUST,Education,39.0,32.0,75.0,250 to 499,Severe (>20%)
SSP HEALTH MEDICAL SERVICES LTD,Healthcare,39.0,0.0,94.0,250 to 499,Severe (>20%)
IQUW ADMINISTRATION SERVICES LIMITED,Insurance,38.91,42.96,28.9,500 to 999,Severe (>20%)
FORTH AND OBAN LIMITED,Construction,38.88,33.49,5.34,1000 to 4999,Severe (>20%)
INVESTIGO LIMITED,Management Consulting,38.8,19.9,23.5,250 to 499,Severe (>20%)
QUESTGATES LIMITED,Financial Support,38.8,38.5,24.0,500 to 999,Severe (>20%)
GOLDMAN SACHS INTERNATIONAL,Finance,38.8,26.4,25.7,1000 to 4999,Severe (>20%)
E.W. BEARD LIMITED,Construction,38.8,44.9,3.0,250 to 499,Severe (>20%)
XPO BULK UK LIMITED,Land Transport,38.7,44.7,0.0,500 to 999,Severe (>20%)
XBP EUROPE LIMITED,IT Services,38.7,0.0,27.9,250 to 499,Severe (>20%)
Robin Hood Multi Academy Trust,Other,38.6,44.4,76.53,250 to 499,Severe (>20%)
CARLSBERG MARSTON'S BREWING COMPANY LIMITED,Other,38.6,22.7,54.7,500 to 999,Severe (>20%)
MARIA MALLABAND LIMITED,Residential Care,38.46,10.27,55.04,500 to 999,Severe (>20%)
VETPARTNERS PRACTICES LIMITED,Veterinary,38.45,45.61,73.77,1000 to 4999,Severe (>20%)
UBS AG,Other,38.4,30.2,21.2,1000 to 4999,Severe (>20%)
TRAVELPORT INTERNATIONAL LIMITED,Travel,38.3,17.7,36.0,250 to 499,Severe (>20%)
ARENA RACING CORPORATION LIMITED,Business Support,38.3,6.2,51.5,1000 to 4999,Severe (>20%)
IFC CERTIFICATION LIMITED,Professional Services,38.24,43.98,0.0,Less than 250,Severe (>20%)
NOMAD FOODS EUROPE LIMITED,Food Manufacturing,38.1,19.5,34.5,500 to 999,Severe (>20%)
KIDO SCHOOLS UK LIMITED,Social Work,38.0,5.0,93.7,500 to 999,Severe (>20%)
"Joh. Berenberg, Gossler & Co. KG - London Branch",Finance,38.0,44.0,13.0,250 to 499,Severe (>20%)
SOFTCAT PLC,IT Services,38.0,23.0,18.0,1000 to 4999,Severe (>20%)
CERA CARE CENTRAL LIMITED,IT Services,38.0,33.06,61.75,1000 to 4999,Severe (>20%)
DECHERT LLP,Other,38.0,31.0,43.0,250 to 499,Severe (>20%)
RBC EUROPE LIMITED,Finance,38.0,40.0,18.0,1000 to 4999,Severe (>20%)
AVISON YOUNG (UK) LIMITED,Real Estate,38.0,38.5,23.0,1000 to 4999,Severe (>20%)
THE FORGE TRUST,Education,38.0,42.0,76.0,250 to 499,Severe (>20%)
NES FIRCROFT ENGINEERING SERVICES LIMITED,Employment Agencies,38.0,52.0,12.0,500 to 999,Severe (>20%)
LITTLE GARDEN DAY NURSERIES LIMITED,Social Work,38.0,5.5,92.0,1000 to 4999,Severe (>20%)
ORION ENGINEERING SERVICES LIMITED,Employment Agencies,38.0,48.0,37.0,500 to 999,Severe (>20%)
F.W. THORPE PUBLIC LIMITED COMPANY,Electrical Equipment,38.0,19.0,9.0,500 to 999,Severe (>20%)
LENDABLE OPERATIONS LTD,Financial Support,37.9,51.4,19.7,250 to 499,Severe (>20%)
LOOKERS MB LIMITED,Motor Trade,37.9,22.0,4.8,250 to 499,Severe (>20%)
VOLKERSERVICES LIMITED,Management Consulting,37.9,29.8,33.3,250 to 499,Severe (>20%)
EFG PRIVATE BANK LIMITED,Finance,37.9,28.4,20.7,250 to 499,Severe (>20%)
QMETRIC GROUP LIMITED,Insurance,37.9,38.2,18.0,500 to 999,Severe (>20%)
THE BODY SHOP INTERNATIONAL LIMITED,Wholesale,37.9,28.8,69.0,1000 to 4999,Severe (>20%)
STELLANTIS &YOU UK LIMITED,Motor Trade,37.82,9.34,11.84,1000 to 4999,Severe (>20%)
DORNAN ENGINEERING SERVICES LIMITED,Architecture/Engineering,37.81,35.88,6.86,250 to 499,Severe (>20%)
IDEAL CLEANING SERVICES LIMITED,Facilities,37.7,1.8,64.68,500 to 999,Severe (>20%)
BOTTOMLINE TECHNOLOGIES LIMITED,Information Services,37.7,26.5,19.0,250 to 499,Severe (>20%)
LAMBERT SMITH HAMPTON LIMITED,Management Consulting,37.7,39.5,16.6,1000 to 4999,Severe (>20%)
ALLEGIS GROUP LIMITED,IT Services,37.7,48.9,12.2,1000 to 4999,Severe (>20%)
PRODUCT PERCEPTIONS LIMITED,Research,37.61,0.0,84.0,250 to 499,Severe (>20%)
UNITED INFRASTRUCTURE POWER T&D LIMITED,Utilities,37.6,42.2,3.0,250 to 499,Severe (>20%)
BIBBY FINANCIAL SERVICES LIMITED,Finance,37.6,40.4,31.4,500 to 999,Severe (>20%)
SECURE TRUST BANK PUBLIC LIMITED COMPANY,Finance,37.57,39.92,30.0,500 to 999,Severe (>20%)
INTELLIGENT PROCESSING SOLUTIONS LIMITED,Finance,37.5,54.2,24.0,500 to 999,Severe (>20%)
MILLER INSURANCE SERVICES LLP,Other,37.5,36.9,19.9,500 to 999,Severe (>20%)
Coppice Primary Partnership,Other,37.46,47.6,83.9,250 to 499,Severe (>20%)
OVIA LIMITED,Personal Services,37.44,38.46,0.0,250 to 499,Severe (>20%)
WHISPER FILMS LIMITED,Film/TV,37.31,13.09,40.91,250 to 499,Severe (>20%)
West Bromwich Building Society,Finance,37.3,33.4,35.1,500 to 999,Severe (>20%)
VERTIV INFRASTRUCTURE LTD,Electrical Equipment,37.3,20.4,13.3,250 to 499,Severe (>20%)
JOBANDTALENT UK LIMITED,Employment Agencies,37.2,9.3,61.9,250 to 499,Severe (>20%)
THE HARBOROUGH HARE LIMITED,Finance,37.2,13.9,81.0,500 to 999,Severe (>20%)
HOLIDAY EXTRAS LIMITED,Personal Services,37.2,39.4,26.0,250 to 499,Severe (>20%)
HAMMERSON GROUP MANAGEMENT LIMITED,Management Consulting,37.16,33.12,26.92,Less than 250,Severe (>20%)
The Childrens Endeavour Trust,Other,37.1,62.1,82.2,250 to 499,Severe (>20%)
North East and North Cumbria Integrated Care Board,Other,37.01,38.08,58.2,500 to 999,Severe (>20%)
LEARNING PATHWAYS ACADEMY,Education,37.0,62.1,87.0,250 to 499,Severe (>20%)
HSB ENGINEERING INSURANCE LIMITED,Insurance,37.0,23.7,27.8,250 to 499,Severe (>20%)
BAM CONSTRUCT & VENTURES UK LIMITED,Construction,37.0,52.1,13.8,1000 to 4999,Severe (>20%)
BA CITYFLYER LIMITED,Air Transport,37.0,27.0,12.0,500 to 999,Severe (>20%)
BOWMER AND KIRKLAND LIMITED,Construction,37.0,34.0,6.34,500 to 999,Severe (>20%)
DERRY BUILDING SERVICES LIMITED,Specialist Construction,37.0,50.0,2.33,250 to 499,Severe (>20%)
"WORLD FUEL SERVICES EUROPE, LTD.",Wholesale,37.0,32.0,20.0,250 to 499,Severe (>20%)
BAUDER LIMITED,Wholesale,37.0,41.0,14.06,250 to 499,Severe (>20%)
INTERNATIONAL SOS ASSISTANCE UK LIMITED,Healthcare,36.9,15.7,43.5,250 to 499,Severe (>20%)
HDR CONSULTING LIMITED,Architecture/Engineering,36.86,41.11,11.0,250 to 499,Severe (>20%)
Queen Victoria Hospital NHS Foundation Trust,Other,36.86,35.07,49.2,1000 to 4999,Severe (>20%)
SAIPEM LIMITED,Specialist Construction,36.85,43.23,5.43,500 to 999,Severe (>20%)
HG CONSTRUCTION LIMITED,Construction,36.8,28.3,10.0,250 to 499,Severe (>20%)
GLAMORGAN COUNTY CRICKET CLUB LIMITED,Other,36.8,21.0,12.1,Less than 250,Severe (>20%)
MYI LIMITED,Financial Support,36.8,38.4,16.87,250 to 499,Severe (>20%)
ONCE FOR ALL LIMITED,Business Support,36.8,36.9,18.6,250 to 499,Severe (>20%)
WESTERN PROVIDENT ASSOCIATION LIMITED,Insurance,36.78,13.91,47.92,250 to 499,Severe (>20%)
OVERBURY PLC,Construction,36.7,40.6,8.0,1000 to 4999,Severe (>20%)
TP ICAP GROUP SERVICES LIMITED,Finance,36.7,28.7,14.0,1000 to 4999,Severe (>20%)
BNP PARIBAS LONDON BRANCH,Other,36.7,27.2,17.0,"5000 to 19,999",Severe (>20%)
NEW VISION TRUST,Education,36.68,53.63,86.09,250 to 499,Severe (>20%)
TOTAL SUPPORT SERVICES LIMITED,Facilities,36.67,3.02,46.83,1000 to 4999,Severe (>20%)
K B REFRIGERATION LIMITED,Other,36.6,46.6,1.4,250 to 499,Severe (>20%)
NORWEGIAN CRUISE LINE GROUP UK LIMITED,Travel,36.6,34.9,45.2,250 to 499,Severe (>20%)
HCA INTERNATIONAL LIMITED,Healthcare,36.6,2.9,57.0,"5000 to 19,999",Severe (>20%)
ASSURED GROUP HOLDINGS LIMITED,Management Consulting,36.52,2.8,8.0,500 to 999,Severe (>20%)
WESTCON GROUP EUROPEAN OPERATIONS LIMITED,IT Services,36.5,40.5,26.7,500 to 999,Severe (>20%)
ALIXPARTNERS UK LLP,Other,36.5,24.3,26.9,250 to 499,Severe (>20%)
LLOYD & WHYTE GROUP LIMITED,Financial Support,36.41,21.29,36.0,500 to 999,Severe (>20%)
CVS (UK) LIMITED,Veterinary,36.41,37.91,71.29,"5000 to 19,999",Severe (>20%)
CHAUCER SYNDICATES LIMITED,Insurance,36.4,14.9,32.4,500 to 999,Severe (>20%)
MSC CRUISE MANAGEMENT (UK) LIMITED,Water Transport,36.4,23.9,5.9,250 to 499,Severe (>20%)
CHAMPNEYS HENLOW LIMITED,Hotels,36.4,4.2,74.0,Less than 250,Severe (>20%)
BARCLAYS BANK PLC,Finance,36.4,28.0,22.0,"5000 to 19,999",Severe (>20%)
GOLDMAN SACHS ASSET MANAGEMENT INTERNATIONAL,Finance,36.4,26.5,29.8,500 to 999,Severe (>20%)
SEMPERIAN GROUP SERVICES LIMITED,Business Support,36.3,34.6,18.8,250 to 499,Severe (>20%)
LANGFORD VETERINARY SERVICES LIMITED,Veterinary,36.3,27.1,73.0,250 to 499,Severe (>20%)
HCRG STAFFING LIMITED,Employment Agencies,36.3,40.1,35.2,1000 to 4999,Severe (>20%)
M&J Evans Construction Ltd,Construction,36.26,31.09,6.9,250 to 499,Severe (>20%)
GODDARD VETERINARY GROUP LIMITED,Veterinary,36.25,46.7,68.84,500 to 999,Severe (>20%)
PARK'S OF HAMILTON (TOWNHEAD GARAGE) LIMITED,Motor Trade,36.22,17.68,8.4,1000 to 4999,Severe (>20%)
TM PROPERTY SEARCHES LIMITED,Information Services,36.22,14.08,38.75,250 to 499,Severe (>20%)
MCLAUGHLIN & HARVEY CONSTRUCTION LIMITED,Construction,36.2,45.2,6.1,250 to 499,Severe (>20%)
The Oak Partnership Trust,Other,36.19,39.48,76.85,250 to 499,Severe (>20%)
HIGGINS PARTNERSHIPS 1961 PLC,Construction,36.01,45.49,12.86,250 to 499,Severe (>20%)
JAMES MONTGOMERY ACADEMY TRUST,Education,36.0,83.0,85.0,500 to 999,Severe (>20%)
PRA GROUP (UK) LIMITED,Finance,36.0,29.0,35.0,250 to 499,Severe (>20%)
PJT PARTNERS (UK) LIMITED,Finance,36.0,55.0,18.0,250 to 499,Severe (>20%)
POLYTEC CAR STYLING UK LIMITED,Rubber/Plastics,36.0,34.0,5.0,250 to 499,Severe (>20%)
QUILTER CHEVIOT LIMITED,Financial Support,36.0,42.0,16.0,500 to 999,Severe (>20%)
ANIMAL TRUST VETS C.I.C.,Veterinary,36.0,41.0,70.0,250 to 499,Severe (>20%)
QUANTUMA ADVISORY LIMITED,Legal,36.0,28.0,27.03,250 to 499,Severe (>20%)
Barnsley Hospital NHS Foundation Trust,Other,36.0,18.0,65.0,1000 to 4999,Severe (>20%)
CLARKSON EVANS LIMITED,Specialist Construction,36.0,20.7,2.1,500 to 999,Severe (>20%)
SHISEIDO UK LIMITED,Retail,36.0,33.0,90.0,250 to 499,Severe (>20%)
SMC CORPORATION (U.K.) LIMITED,Machinery,36.0,30.0,7.0,250 to 499,Severe (>20%)
NEWDAY CARDS LTD,Finance,36.0,41.0,24.0,1000 to 4999,Severe (>20%)
SDL SURVEYING LIMITED,Professional Services,36.0,47.0,16.0,250 to 499,Severe (>20%)
GALLAGHER BASSETT INTERNATIONAL LTD.,Financial Support,36.0,19.6,40.8,500 to 999,Severe (>20%)
Nottingham Building Society,Finance,35.93,38.18,40.46,500 to 999,Severe (>20%)
TOPCASHBACK LIMITED,Information Services,35.9,23.73,28.57,250 to 499,Severe (>20%)
SALTS HEALTHCARE LIMITED,Other Manufacturing,35.9,9.9,56.0,500 to 999,Severe (>20%)
M.V. KELLY LIMITED,Other,35.9,37.8,6.0,250 to 499,Severe (>20%)
HCC SERVICE COMPANY INC,Other,35.9,38.5,22.4,1000 to 4999,Severe (>20%)
DIGBY BROWN LLP,Other,35.9,28.2,53.5,250 to 499,Severe (>20%)
TOWN AND COUNTRY CLEANERS LIMITED,Facilities,35.9,0.0,66.7,500 to 999,Severe (>20%)
BRIGGS & FORRESTER GROUP LIMITED,Management Consulting,35.8,36.5,2.4,500 to 999,Severe (>20%)
NOMURA INTERNATIONAL PLC,Finance,35.8,23.6,15.2,1000 to 4999,Severe (>20%)
MAGICARD LTD,Electronics,35.8,39.62,6.25,Less than 250,Severe (>20%)
BRIGGS & FORRESTER (UK) LIMITED,Management Consulting,35.8,36.5,2.4,500 to 999,Severe (>20%)
GAMA AVIATION (UK) LIMITED,Air Transport,35.74,41.9,3.13,250 to 499,Severe (>20%)
UNICRIMP LIMITED,Wholesale,35.73,35.72,0.0,250 to 499,Severe (>20%)
North Tees and Hartlepool NHS Foundation Trust,Other,35.7,21.8,70.4,"5000 to 19,999",Severe (>20%)
ARUN ESTATE AGENCIES LIMITED,Business Support,35.64,34.58,39.58,1000 to 4999,Severe (>20%)
SEMCO MARITIME LIMITED,Electrical Equipment,35.6,47.0,2.74,250 to 499,Severe (>20%)
LOMOND MOTORS LIMITED,Motor Trade,35.6,23.3,6.4,250 to 499,Severe (>20%)
OFFSHORE HELICOPTER SERVICES UK LIMITED,Air Transport,35.55,44.7,2.22,250 to 499,Severe (>20%)
PARTNERS IN PROPERTY (U.K.) LIMITED,Real Estate,35.55,21.1,55.93,250 to 499,Severe (>20%)
BW WORKPLACE EXPERTS LIMITED,Business Support,35.52,34.6,7.46,250 to 499,Severe (>20%)
DOLCE LIMITED,Personal Services,35.5,8.2,90.9,1000 to 4999,Severe (>20%)
EDUCATION NETWORK LIMITED,Employment Agencies,35.5,36.1,44.2,250 to 499,Severe (>20%)
E.SURV LIMITED,Finance,35.5,55.9,16.1,1000 to 4999,Severe (>20%)
Preston Primary Academy Trust,Other,35.43,28.53,88.0,500 to 999,Severe (>20%)
ALLEGIS GLOBAL SOLUTIONS LIMITED,IT Services,35.4,11.6,25.7,500 to 999,Severe (>20%)
BK PLUS LIMITED,Legal,35.29,28.31,32.0,500 to 999,Severe (>20%)
HANSON WADE LIMITED,Business Support,35.24,30.65,43.14,250 to 499,Severe (>20%)
CERTSURE LLP,Other,35.2,51.4,14.6,250 to 499,Severe (>20%)
RJAH Orthopaedic Hospital NHS Foundation Trust,Other,35.18,18.56,60.63,1000 to 4999,Severe (>20%)
INSIGHT DIRECT (UK) LTD,IT Services,35.1,34.8,18.0,1000 to 4999,Severe (>20%)
NINETY ONE UK LIMITED,Financial Support,35.1,29.0,24.3,250 to 499,Severe (>20%)
HERTFORDSHIRE CATERING LIMITED,Food & Beverage,35.1,31.6,88.2,1000 to 4999,Severe (>20%)
TOWERS WATSON SOFTWARE LIMITED,Publishing,35.1,26.9,8.5,250 to 499,Severe (>20%)
ONESAVINGS BANK PLC,Finance,35.09,34.78,34.4,1000 to 4999,Severe (>20%)
PONTEFRACT ACADEMIES TRUST,Education,35.0,55.0,66.0,500 to 999,Severe (>20%)
JUST CHILDCARE LIMITED,Education,35.0,8.0,83.0,500 to 999,Severe (>20%)
ARES MANAGEMENT LIMITED,Financial Support,35.0,36.0,18.0,250 to 499,Severe (>20%)
PICKERINGS EUROPE LIMITED,Other,35.0,42.0,9.0,250 to 499,Severe (>20%)
"LAZARD & CO., LIMITED",Finance,35.0,44.0,23.0,250 to 499,Severe (>20%)
GATELEY PLC,Legal,35.0,36.6,41.9,1000 to 4999,Severe (>20%)
ALTRAD INTEGRITY SERVICES LIMITED,Libraries,35.0,41.0,2.0,1000 to 4999,Severe (>20%)
JULIUS BAER INTERNATIONAL LIMITED,Finance,35.0,39.1,11.1,250 to 499,Severe (>20%)
CITIGROUP GLOBAL MARKETS LIMITED,Financial Support,34.9,24.0,17.7,1000 to 4999,Severe (>20%)
SIMPLYHEALTH PEOPLE LIMITED,Healthcare,34.9,38.0,40.2,500 to 999,Severe (>20%)
BLACKWELL EARTHMOVING LIMITED,Specialist Construction,34.9,15.12,1.64,250 to 499,Severe (>20%)
FM INSURANCE EUROPE S.A. UK BRANCH,Other,34.9,46.8,23.8,250 to 499,Severe (>20%)
ELITE SECURITY PRODUCTS LIMITED,Wholesale,34.86,29.88,0.0,250 to 499,Severe (>20%)
JEFFERIES INTERNATIONAL LIMITED,Finance,34.8,31.0,11.3,1000 to 4999,Severe (>20%)
CIDARI EDUCATION LIMITED,Education,34.8,60.3,69.39,500 to 999,Severe (>20%)
PRETTYLITTLETHING.COM LIMITED,Retail,34.8,36.3,41.4,250 to 499,Severe (>20%)
EQT PARTNERS LIMITED,Finance,34.8,44.7,34.2,250 to 499,Severe (>20%)
PANDORA JEWELLERY UK LIMITED,Wholesale,34.79,16.84,87.29,1000 to 4999,Severe (>20%)
VETPARTNERS PRACTICES II LIMITED,Veterinary,34.78,49.68,72.39,500 to 999,Severe (>20%)
Grove Learning Trust,Other,34.78,22.94,91.18,500 to 999,Severe (>20%)
LORNE STEWART PLC,Specialist Construction,34.75,32.62,1.53,500 to 999,Severe (>20%)
RHENUS LOGISTICS LIMITED,Land Transport,34.72,3.0,28.77,250 to 499,Severe (>20%)
PARAGON FINANCE PLC,Finance,34.7,33.6,28.5,1000 to 4999,Severe (>20%)
HKA GLOBAL LTD.,Business Support,34.7,37.3,22.8,250 to 499,Severe (>20%)
THE NENE VALLEY PARTNERSHIP,Education,34.7,53.79,50.0,250 to 499,Severe (>20%)
NVIDIA LTD,IT Services,34.7,37.0,8.6,250 to 499,Severe (>20%)
SOUTH ORPINGTON LEARNING ALLIANCE MULTI-ACADEMY TRUST,Education,34.7,62.84,83.0,250 to 499,Severe (>20%)
2 EXCEL (HOLDINGS) LIMITED,Finance,34.7,33.7,5.5,250 to 499,Severe (>20%)
KELLY COMMS LIMITED,Business Support,34.68,27.63,0.0,250 to 499,Severe (>20%)
Chesterfield Royal NHS Foundation Trust,Other,34.65,21.89,70.74,"5000 to 19,999",Severe (>20%)
CU CORPORATE SERVICES LIMITED,Business Support,34.62,15.26,52.58,250 to 499,Severe (>20%)
L. LYNCH (PLANT HIRE & HAULAGE) LIMITED,Specialist Construction,34.62,30.88,9.0,250 to 499,Severe (>20%)
HITACHI CONSTRUCTION MACHINERY (UK) LIMITED,Machinery,34.6,19.5,5.0,250 to 499,Severe (>20%)
CYIENT EUROPE LIMITED,IT Services,34.6,35.7,10.3,Less than 250,Severe (>20%)
ATLANTIC RESOURCING LIMITED,Employment Agencies,34.6,21.3,0.0,250 to 499,Severe (>20%)
THE KITE ACADEMY TRUST,Education,34.6,62.9,85.6,250 to 499,Severe (>20%)
University Hospitals Of Morecambe Bay Nhs Foundation Trust,Other,34.4755,18.8461,69.04,"5000 to 19,999",Severe (>20%)
HUNTER DOUGLAS UK RETAIL LIMITED,Other Manufacturing,34.4,8.8,42.9,1000 to 4999,Severe (>20%)
GREENERGY FLEXIGRID LIMITED,Business Support,34.4,41.9,1.7,500 to 999,Severe (>20%)
BRITISH GAS SOCIAL HOUSING LIMITED,Specialist Construction,34.4,33.9,6.1,250 to 499,Severe (>20%)
PTSG ACCESS AND SAFETY LIMITED,Other,34.4,21.1,21.6,250 to 499,Severe (>20%)
KORN FERRY (UK) LIMITED,Management Consulting,34.4,33.5,37.0,500 to 999,Severe (>20%)
TRICONNEX LTD,Specialist Construction,34.3,25.5,15.0,Less than 250,Severe (>20%)
LEE CHAPEL MULTI ACADEMY TRUST,Education,34.3,51.7,75.5,500 to 999,Severe (>20%)
DODD GROUP (MIDLANDS) LIMITED,Specialist Construction,34.3,36.8,4.0,500 to 999,Severe (>20%)
PARATUS AMC LIMITED,Finance,34.29,35.02,34.33,250 to 499,Severe (>20%)
ACORN CARE AND EDUCATION LIMITED,Management Consulting,34.24,25.02,44.0,250 to 499,Severe (>20%)
Adrian Flux Insurance Services,Financial Support,34.22,1.97,45.45,1000 to 4999,Severe (>20%)
NATHANIEL LICHFIELD & PARTNERS LIMITED,Professional Services,34.2,24.8,28.5,250 to 499,Severe (>20%)
CASTLEFORD ACADEMY TRUST,Education,34.17,58.7,65.8,500 to 999,Severe (>20%)
H.L. HUTCHINSON LIMITED,Wood Products,34.13,21.16,10.76,500 to 999,Severe (>20%)
NOTTINGHAM CITY GP ALLIANCE LIMITED,Healthcare,34.07,39.6,52.25,250 to 499,Severe (>20%)
Link Academy Trust,Other,34.01,61.46,74.26,250 to 499,Severe (>20%)
PUNCH TAVERNS LIMITED,Management Consulting,34.01,44.05,23.0,250 to 499,Severe (>20%)
WWT EMEA UK LIMITED,IT Services,34.0,41.0,13.0,250 to 499,Severe (>20%)
JOHN F HUNT GROUP LTD,Specialist Construction,34.0,25.0,5.0,250 to 499,Severe (>20%)
JACKSON LIFT SERVICES LIMITED,Other,34.0,48.0,4.0,500 to 999,Severe (>20%)
CAN (OFFSHORE) LIMITED,Libraries,34.0,41.0,3.6,500 to 999,Severe (>20%)
RUSSELL REYNOLDS ASSOCIATES LIMITED,Management Consulting,34.0,44.0,48.0,250 to 499,Severe (>20%)
ALDERMORE BANK PLC,Finance,34.0,32.1,30.0,1000 to 4999,Severe (>20%)
HENRY SCHEIN ONE UK LIMITED,IT Services,34.0,27.0,16.0,250 to 499,Severe (>20%)
DRW UK PARTNERS LLP,Other,34.0,28.0,7.0,250 to 499,Severe (>20%)
J & D PIERCE (CONTRACTS) LTD.,Fabricated Metals,34.0,32.0,0.0,500 to 999,Severe (>20%)
APOLLO MANAGEMENT INTERNATIONAL LLP,Other,34.0,49.0,23.0,250 to 499,Severe (>20%)
RISKTEC SOLUTIONS LIMITED,Professional Services,34.0,41.4,10.1,250 to 499,Severe (>20%)
ZENITH MULTI ACADEMY TRUST,Education,34.0,41.0,58.4,500 to 999,Severe (>20%)
M GROUP (SERVICES) LIMITED,Finance,33.99,33.87,34.25,250 to 499,Severe (>20%)
RESOURCE SOLUTIONS LIMITED,Employment Agencies,33.96,47.51,67.03,1000 to 4999,Severe (>20%)
"FOREST SCHOOL, LONDON",Education,33.93,12.26,51.95,250 to 499,Severe (>20%)
ERITH CONTRACTORS LIMITED,Waste Management,33.86,30.0,2.11,250 to 499,Severe (>20%)
PIB GROUP LIMITED,Financial Support,33.71,25.98,26.2,1000 to 4999,Severe (>20%)
BNP PARIBAS REAL ESTATE ADVISORY & PROPERTY MANAGEMENT UK LIMITED,Real Estate,33.6,37.7,24.0,1000 to 4999,Severe (>20%)
VINCI CONSTRUCTION MANAGEMENT LIMITED,Other,33.6,30.3,18.5,500 to 999,Severe (>20%)
HOWDEN GROUP HOLDINGS LIMITED,Insurance,33.6,23.33,28.12,"5000 to 19,999",Severe (>20%)
FINDEL EDUCATION LIMITED,Retail,33.6,35.3,40.0,250 to 499,Severe (>20%)
IRVINGQ LIMITED,Other Manufacturing,33.6,23.8,19.1,250 to 499,Severe (>20%)
THE TAPSCOTT LEARNING TRUST,Education,33.6,39.28,76.92,250 to 499,Severe (>20%)
TRINITAS ACADEMY TRUST,Education,33.58,56.24,71.2,250 to 499,Severe (>20%)
MSX INTERNATIONAL LIMITED,Business Support,33.54,11.6,19.54,250 to 499,Severe (>20%)
Fierte Multi Academy Trust,Other,33.53,62.06,78.75,250 to 499,Severe (>20%)
TOGETHER FINANCIAL SERVICES LIMITED,Management Consulting,33.5,16.0,28.0,500 to 999,Severe (>20%)
AVARA FOODS LIMITED,Food Manufacturing,33.5,35.4,30.0,Less than 250,Severe (>20%)
FRP ADVISORY GROUP PLC,Management Consulting,33.5,26.6,30.0,500 to 999,Severe (>20%)
AVON POLYMER PRODUCTS LIMITED,Rubber/Plastics,33.4,31.0,23.2,250 to 499,Severe (>20%)
OLIVER WYMAN LIMITED,Personal Services,33.4,36.3,21.6,500 to 999,Severe (>20%)
MANYPETS LTD,Financial Support,33.4,42.02,35.6,250 to 499,Severe (>20%)
LUCECO PLC,Electrical Equipment,33.39,37.82,11.27,250 to 499,Severe (>20%)
MAINPAY LIMITED,Management Consulting,33.3,13.5,72.2,"5000 to 19,999",Severe (>20%)
NORTHUMBERLAND CHURCH OF ENGLAND ACADEMY TRUST,Education,33.3,49.8,78.2,250 to 499,Severe (>20%)
E.ON CONTROL SOLUTIONS LIMITED,Professional Services,33.28,36.46,6.06,250 to 499,Severe (>20%)
M GROUP ENERGY (NETWORK INFRASTRUCTURE) LIMITED,Business Support,33.26,31.81,1.47,500 to 999,Severe (>20%)
BANK OF IRELAND,Other,33.25,31.34,27.0,500 to 999,Severe (>20%)
TSL LIMITED,Architecture/Engineering,33.22,37.76,4.9,250 to 499,Severe (>20%)
YEOMANS LIMITED,Motor Trade,33.2,23.4,9.3,500 to 999,Severe (>20%)
STAR REFRIGERATION LIMITED,Machinery,33.2,42.0,4.3,250 to 499,Severe (>20%)
FISHER GERMAN LLP,Other,33.1,28.9,38.1,500 to 999,Severe (>20%)
DUNE GROUP LIMITED,Retail,33.1,3.4,78.3,500 to 999,Severe (>20%)
BANK OF AMERICA EUROPE DESIGNATED ACTIVITY COMPANY,Other,33.1,27.6,25.0,250 to 499,Severe (>20%)
HSBC GLOBAL ASSET MANAGEMENT (UK) LIMITED,Financial Support,33.1,29.2,23.0,250 to 499,Severe (>20%)
GROSVENOR ESTATE MANAGEMENT LIMITED,Management Consulting,33.1,31.4,34.3,250 to 499,Severe (>20%)
ASCOT LLOYD LIMITED,Management Consulting,33.09,27.7,26.0,500 to 999,Severe (>20%)
ROYAL ORTHOPAEDIC HOSPITAL,Other,33.01,16.71,47.09,1000 to 4999,Severe (>20%)
RAYLEIGH SCHOOLS TRUST,Education,33.0,60.0,69.0,250 to 499,Severe (>20%)
F5 NETWORKS LIMITED,IT Services,33.0,32.4,18.2,250 to 499,Severe (>20%)
CRAWFORD & COMPANY ADJUSTERS (UK) LIMITED,Financial Support,33.0,38.6,17.0,1000 to 4999,Severe (>20%)
Aspire Multi-Academy Trust,Other,33.0,54.0,80.0,250 to 499,Severe (>20%)
GTC UTILITY CONSTRUCTION LIMITED,Specialist Construction,33.0,28.0,0.0,250 to 499,Severe (>20%)
PLAYGROUND GAMES LIMITED,IT Services,33.0,29.0,5.83,500 to 999,Severe (>20%)
ONE MEDICAL GROUP LTD,Finance,33.0,46.0,68.0,250 to 499,Severe (>20%)
KNIGHTS PROFESSIONAL SERVICES LIMITED,Legal,33.0,25.0,44.0,1000 to 4999,Severe (>20%)
JOSEPH GALLAGHER LIMITED,Other,33.0,30.0,16.0,500 to 999,Severe (>20%)
TRIUMPH MOTORCYCLES LIMITED,Other Transport,33.0,33.0,10.0,500 to 999,Severe (>20%)
IAN MACLEOD DISTILLERS LIMITED,Other,33.0,3.0,36.0,250 to 499,Severe (>20%)
The Letta Trust,Other,32.96,45.64,77.5,250 to 499,Severe (>20%)
FARRANS LIMITED,Construction,32.95,37.0,5.84,500 to 999,Severe (>20%)
Infinity Academies Trust,Other,32.9,44.4,86.0,250 to 499,Severe (>20%)
PENK VALLEY ACADEMY TRUST,Education,32.77,50.51,65.3,250 to 499,Severe (>20%)
AGILICO GROUP LIMITED,Finance,32.7,23.3,8.0,250 to 499,Severe (>20%)
Forest of Dean Trust,Other,32.7,52.0,62.0,250 to 499,Severe (>20%)
FLYING HIGH TRUST,Education,32.7,48.7,83.5,1000 to 4999,Severe (>20%)
HONEYWELL CONTROL SYSTEMS LIMITED,Business Support,32.7,25.8,8.1,500 to 999,Severe (>20%)
WELLA UK LTD,Wholesale,32.7,24.1,54.0,250 to 499,Severe (>20%)
PREMIUM CREDIT LIMITED,Finance,32.7,41.0,30.4,500 to 999,Severe (>20%)
GET MOTORING UK LIMITED,Leasing,32.7,24.0,12.5,Less than 250,Severe (>20%)
NATWEST MARKETS PLC,Financial Support,32.7,25.8,16.5,1000 to 4999,Severe (>20%)
"BANCO SANTANDER, S.A., LONDON BRANCH",Other,32.7,25.0,15.5,500 to 999,Severe (>20%)
ASHTEAD TECHNOLOGY LIMITED,Leasing,32.6,39.5,5.0,250 to 499,Severe (>20%)
CAROOLA ACCOUNTANCY LIMITED,Business Support,32.6,12.3,40.8,250 to 499,Severe (>20%)
NHS Devon Integrated Care Board,Other,32.56,26.75,59.32,250 to 499,Severe (>20%)
THE FEEL GOOD GROUP LIMITED,Retail,32.5,6.3,85.5,500 to 999,Severe (>20%)
JOHN SISK & SON LIMITED,Construction,32.5,35.2,11.7,500 to 999,Severe (>20%)
HAMILTON UK SERVICES LIMITED,Insurance,32.5,27.4,25.0,250 to 499,Severe (>20%)
TESGL LIMITED,Specialist Construction,32.45,39.9,4.1,250 to 499,Severe (>20%)
VELOCITY GLOBAL INTERNATIONAL SERVICES LTD,Employment Agencies,32.45,30.23,17.65,250 to 499,Severe (>20%)
SURESERVE COMPLIANCE NORTH LIMITED,Specialist Construction,32.44,33.97,4.48,250 to 499,Severe (>20%)
J & E HALL LIMITED,Machinery,32.44,35.8,6.4,250 to 499,Severe (>20%)
WATERTON ACADEMY TRUST,Education,32.44,50.99,82.8,500 to 999,Severe (>20%)
KALEIDOSCOPE MULTI ACADEMY TRUST,Education,32.43,54.09,97.0,250 to 499,Severe (>20%)
SAVILLS (UK) LIMITED,Real Estate,32.41,37.1,26.0,"5000 to 19,999",Severe (>20%)
OMNICOM MEDIA GROUP EUROPE LIMITED,Business Support,32.4,22.7,32.5,250 to 499,Severe (>20%)
WALON LIMITED,Land Transport,32.4,37.5,1.0,1000 to 4999,Severe (>20%)
STRATSTONE LIMITED,Motor Trade,32.4,34.4,9.8,500 to 999,Severe (>20%)
THOMAS HARDIE COMMERCIALS LIMITED,Motor Trade,32.39,28.77,1.15,250 to 499,Severe (>20%)
JOHN GRAHAM CONSTRUCTION LIMITED,Construction,32.35,34.19,8.48,1000 to 4999,Severe (>20%)
MCCARTHY & STONE RETIREMENT LIFESTYLES LIMITED,Construction,32.34,43.18,19.0,250 to 499,Severe (>20%)
SIGMA RETAIL SOLUTIONS LIMITED,Warehousing,32.32,39.74,10.13,Less than 250,Severe (>20%)
MEARS GROUP PLC,Finance,32.3,30.7,26.2,250 to 499,Severe (>20%)
FIRST RESPONSE FINANCE LIMITED,Finance,32.3,11.8,32.5,250 to 499,Severe (>20%)
C.L.C. CONTRACTORS LIMITED,Specialist Construction,32.3,30.9,3.0,500 to 999,Severe (>20%)
SCOTTISH FRIENDLY ASSURANCE,Other,32.29,3.51,59.0,250 to 499,Severe (>20%)
The Walton Centre NHS Foundation Trust,Other,32.24,23.67,58.99,1000 to 4999,Severe (>20%)
OSBORNE CO-OPERATIVE ACADEMY TRUST,Education,32.21,57.69,70.18,1000 to 4999,Severe (>20%)
DRANSFIELD NOVELTY COMPANY LIMITED,Sports/Recreation,32.2,14.3,16.0,250 to 499,Severe (>20%)
Treetops Learning Community,Other,32.12,14.37,82.8,250 to 499,Severe (>20%)
South Tyneside and Sunderland NHS Foundation Trust,Other,32.11,16.02,87.26,"5000 to 19,999",Severe (>20%)
CARNIVAL PLC,Water Transport,32.1,36.8,43.0,1000 to 4999,Severe (>20%)
KROLL ADVISORY LTD.,Business Support,32.1,24.6,21.0,250 to 499,Severe (>20%)
THE BISHOP KONSTANT CATHOLIC ACADEMY TRUST,Education,32.09,56.19,72.57,500 to 999,Severe (>20%)
TELEFÓNICA TECH UK LIMITED,IT Services,32.09,40.21,13.64,250 to 499,Severe (>20%)
HATTON ACADEMIES TRUST,Education,32.0,48.0,64.0,250 to 499,Severe (>20%)
MERCEDES AMG HIGH PERFORMANCE POWERTRAINS LIMITED,Research,32.0,37.9,5.9,500 to 999,Severe (>20%)
MEDIGOLD HEALTH CONSULTANCY LIMITED,Healthcare,32.0,9.0,52.0,500 to 999,Severe (>20%)
DALE POWER SOLUTIONS LIMITED,Electrical Equipment,32.0,47.0,14.0,250 to 499,Severe (>20%)
BROWN & BROWN (EUROPE) LIMITED,Finance,32.0,26.0,29.5,1000 to 4999,Severe (>20%)
MARLOW FOODS LIMITED,Food Manufacturing,32.0,4.26,35.48,500 to 999,Severe (>20%)
ACUSHNET EUROPE LTD,Other Manufacturing,32.0,19.0,11.0,250 to 499,Severe (>20%)
BABBLE CLOUD HOLDINGS LIMITED,Telecoms,32.0,15.0,17.0,250 to 499,Severe (>20%)
EASTERN MULTI-ACADEMY TRUST,Education,32.0,37.9,65.25,500 to 999,Severe (>20%)
SAINT-GOBAIN LIMITED,Management Consulting,32.0,31.83,32.53,250 to 499,Severe (>20%)
Shrewsbury School,Education,32.0,40.0,33.8,500 to 999,Severe (>20%)
ALLIANCE FOR BETTER CARE CIC,Healthcare,32.0,35.0,74.0,250 to 499,Severe (>20%)
FIDELIS MARKETING LIMITED,Business Support,32.0,31.0,26.0,250 to 499,Severe (>20%)
ESTEE LAUDER COSMETICS LIMITED,Wholesale,32.0,10.0,81.0,1000 to 4999,Severe (>20%)
Sancta Familia Catholic Academy Trust,Other,32.0,58.0,72.0,250 to 499,Severe (>20%)
OCTOPUS CAPITAL LIMITED,Finance,32.0,24.0,34.0,500 to 999,Severe (>20%)
CAUSEWAY TECHNOLOGIES LIMITED,IT Services,31.96,25.31,16.35,250 to 499,Severe (>20%)
ING SERVICES LIMITED,Employment Agencies,31.94,33.93,17.37,500 to 999,Severe (>20%)
CAE STS LIMITED,Warehousing,31.9,42.0,12.5,250 to 499,Severe (>20%)
INNOVATION PROPERTY (UK) LIMITED,Personal Services,31.9,32.6,10.7,250 to 499,Severe (>20%)
CAR CARE PLAN LIMITED,Insurance,31.9,27.3,18.3,250 to 499,Severe (>20%)
CALCUTTA PRODUCTIONS UK LTD,Film/TV,31.9,20.2,16.0,250 to 499,Severe (>20%)
ARROW ENTERPRISE COMPUTING SOLUTIONS LIMITED,IT Services,31.9,23.0,11.6,250 to 499,Severe (>20%)
THRINGS LLP,Other,31.9,36.4,66.7,250 to 499,Severe (>20%)
SEDGWICK INTERNATIONAL UK,Financial Support,31.85,31.26,26.6,1000 to 4999,Severe (>20%)
Primitas Learning Partnership,Other,31.85,74.47,32.58,500 to 999,Severe (>20%)
DERTOUR UK LIMITED,Travel,31.8,15.5,59.8,250 to 499,Severe (>20%)
The Dudley Group NHS Foundation Trust,Other,31.8,21.3,62.0,"5000 to 19,999",Severe (>20%)
PARSEQ LIMITED,Information Services,31.7,4.5,39.0,Less than 250,Severe (>20%)
CONSILIO GLOBAL (UK) LIMITED,Information Services,31.7,25.3,17.8,Less than 250,Severe (>20%)
E. C. M. (VEHICLE DELIVERY SERVICE) LIMITED,Land Transport,31.6,36.5,1.8,500 to 999,Severe (>20%)
BARRATT REDROW PLC,Construction,31.6,31.1,30.5,500 to 999,Severe (>20%)
COLEBROOK & BURGESS LIMITED,Motor Trade,31.6,19.2,14.8,Less than 250,Severe (>20%)
RIVERSTONE MANAGEMENT LIMITED,Finance,31.6,34.2,23.3,250 to 499,Severe (>20%)
BENEFIT COSMETICS LIMITED,Wholesale,31.6,11.4,92.7,500 to 999,Severe (>20%)
COMMUNITY HEALTH AND EYECARE LIMITED,Healthcare,31.6,22.2,62.4,500 to 999,Severe (>20%)
THE DIOCESE OF NORWICH EDUCATION AND ACADEMIES TRUST,Education,31.6,59.7,78.38,1000 to 4999,Severe (>20%)
BILFINGER UK LIMITED,Other,31.53,36.37,4.01,1000 to 4999,Severe (>20%)
KEYSTONE ACADEMY TRUST,Education,31.52,10.57,89.17,250 to 499,Severe (>20%)
LE CREUSET U.K. LIMITED,Wholesale,31.5,13.9,52.0,250 to 499,Severe (>20%)
ROBERT HALF LIMITED,Business Support,31.5,23.8,30.6,500 to 999,Severe (>20%)
CLINICAL PARTNERS LIMITED,Professional Services,31.5,17.02,70.2,500 to 999,Severe (>20%)
LDBS Frays Academy Trust,Other,31.5,39.5,91.9,250 to 499,Severe (>20%)
STORENGY UK LIMITED,Utilities,31.42,15.19,0.0,Less than 250,Severe (>20%)
RSK GROUP LIMITED,Management Consulting,31.4,24.7,39.4,500 to 999,Severe (>20%)
ION TRADING UK LIMITED,Business Support,31.4,30.1,18.8,250 to 499,Severe (>20%)
Walsall Healthcare NHS Trust,Other,31.38,17.97,64.93,"5000 to 19,999",Severe (>20%)
ACRISURE UK SERVICES LIMITED,Finance,31.3,19.4,36.2,250 to 499,Severe (>20%)
POLARIS MULTI ACADEMY TRUST,Education,31.3,48.0,62.67,250 to 499,Severe (>20%)
Nuclear Decommissioning Authority,Other,31.27,32.68,28.57,250 to 499,Severe (>20%)
SURESERVE COMPLIANCE NORTHWEST LIMITED,Specialist Construction,31.27,37.6,5.26,250 to 499,Severe (>20%)
Everychild Partnership Trust,Other,31.27,46.89,83.95,250 to 499,Severe (>20%)
OPTICAL EXPRESS LIMITED,Healthcare,31.27,0.0015,51.74,1000 to 4999,Severe (>20%)
Clarion Corvus Trust,Other,31.25,51.45,64.63,250 to 499,Severe (>20%)
CANADIAN IMPERIAL BANK OF COMMERCE,Other,31.2,26.0,16.0,250 to 499,Severe (>20%)
CANOPIUS SERVICES LIMITED,Personal Services,31.2,15.6,31.0,500 to 999,Severe (>20%)
OPTION A LTD,Employment Agencies,31.2,18.8,28.6,250 to 499,Severe (>20%)
STANNAH LIFT SERVICES LIMITED,Machinery,31.2,37.3,6.1,500 to 999,Severe (>20%)
East Kent Hospitals University Nhs Foundation Trust,Other,31.2,17.4,59.3,"5000 to 19,999",Severe (>20%)
UK FUELS LIMITED,Wholesale,31.19,20.5,25.2,500 to 999,Severe (>20%)
PINNACLE INSURANCE MANAGEMENT SERVICES LIMITED,Business Support,31.1,41.7,28.9,250 to 499,Severe (>20%)
PREMEX SERVICES LIMITED,Healthcare,31.1,-0.3,70.8,500 to 999,Severe (>20%)
BROOKS MACDONALD ASSET MANAGEMENT LIMITED,Financial Support,31.1,40.8,18.7,250 to 499,Severe (>20%)
COMMERZBANK AKTIENGESELLSCHAFT,Other,31.1,35.36,17.07,250 to 499,Severe (>20%)
BYTES SOFTWARE SERVICES LIMITED,IT Services,31.1,38.2,24.3,500 to 999,Severe (>20%)
GATTACA PLC,Finance,31.1,26.2,21.0,250 to 499,Severe (>20%)
SUBSEA 7 (UK SERVICE COMPANY) LIMITED,Business Support,31.1,36.2,17.0,1000 to 4999,Severe (>20%)
SHERBORNE SCHOOL FOR GIRLS,Education,31.08,6.26,70.0,250 to 499,Severe (>20%)
EQUALS TRUST,Education,31.02,56.34,80.0,500 to 999,Severe (>20%)
GENPACT (UK) LIMITED,Business Support,31.0,38.3,16.0,250 to 499,Severe (>20%)
BREHENY CIVIL ENGINEERING LIMITED,Specialist Construction,31.0,26.0,7.0,250 to 499,Severe (>20%)
AGROVISTA UK LIMITED,Wood Products,31.0,19.8,6.0,250 to 499,Severe (>20%)
CNR INTERNATIONAL (U.K.) LIMITED,Telecoms,31.0,35.0,13.0,250 to 499,Severe (>20%)
SPEEDY SUPPORT SERVICES LIMITED,Leasing,31.0,28.0,36.0,250 to 499,Severe (>20%)
SAINSBURY'S BANK PLC,Finance,31.0,28.5,43.7,1000 to 4999,Severe (>20%)
BOOKING.COM TRANSPORT LIMITED,Business Support,31.0,48.0,17.0,1000 to 4999,Severe (>20%)
PHS HOME SOLUTIONS LIMITED,Business Support,31.0,30.0,5.0,250 to 499,Severe (>20%)
WREN STERLING FINANCIAL PLANNING LIMITED,Finance,31.0,32.0,22.0,250 to 499,Severe (>20%)
RALEIGH EDUCATION TRUST,Education,31.0,27.0,60.0,Less than 250,Severe (>20%)
MACQUARIE BANK LIMITED,Other,31.0,34.9,9.7,250 to 499,Severe (>20%)
Modality Partnership,Other,31.0,46.1,73.8,1000 to 4999,Severe (>20%)
LEARNERS' TRUST,Education,31.0,39.0,76.97,500 to 999,Severe (>20%)
LIND GROUP HOLDING COMPANY LIMITED,Management Consulting,31.0,19.0,8.0,250 to 499,Severe (>20%)
The LINK Education Trust,Other,31.0,62.2,87.8,250 to 499,Severe (>20%)
HOLLIS GLOBAL LIMITED,Professional Services,31.0,34.0,12.0,250 to 499,Severe (>20%)
MACE CONSTRUCT LIMITED,Construction,31.0,33.4,8.0,1000 to 4999,Severe (>20%)
NetJets Management Limited,Air Transport,31.0,38.0,6.0,500 to 999,Severe (>20%)
George Eliot Hospital Nhs Trust,Other,30.92,15.22,64.49,1000 to 4999,Severe (>20%)
WHITE STUFF LIMITED,Wholesale,30.9,12.4,78.0,1000 to 4999,Severe (>20%)
KOOTH DIGITAL HEALTH LIMITED,Healthcare,30.9,35.0,53.7,250 to 499,Severe (>20%)
The STAR Multi Academy Trust,Other,30.8,49.3,72.0,500 to 999,Severe (>20%)
COLLIERS INTERNATIONAL PROPERTY CONSULTANTS LIMITED,Real Estate,30.8,33.2,13.64,1000 to 4999,Severe (>20%)
FOXTONS LIMITED,Real Estate,30.8,24.4,29.7,1000 to 4999,Severe (>20%)
TURLEY ASSOCIATES LTD,Architecture/Engineering,30.8,23.7,29.0,250 to 499,Severe (>20%)
FOSTER DENOVO GROUP SERVICES LIMITED,Personal Services,30.79,31.78,27.0,250 to 499,Severe (>20%)
HOLMAN FLEET LIMITED,Motor Trade,30.74,23.86,28.0,250 to 499,Severe (>20%)
AWIN LTD,Information Services,30.74,32.14,28.28,250 to 499,Severe (>20%)
VENESKY-BROWN RECRUITMENT LTD.,Employment Agencies,30.73,33.6,6.17,500 to 999,Severe (>20%)
THE TRAVEL CHAPTER LIMITED,Travel,30.7,26.6,46.02,500 to 999,Severe (>20%)
EMPOWERING LEARNING LIMITED,Employment Agencies,30.7,24.9,57.0,250 to 499,Severe (>20%)
DIGITAL MONEYBOX LIMITED,IT Services,30.7,41.2,27.2,250 to 499,Severe (>20%)
WESTERN BIOMASS OPERATING COMPANY LIMITED,Utilities,30.7,27.28,0.0,Less than 250,Severe (>20%)
ICU MEDICAL INTERNATIONAL LIMITED,Rubber/Plastics,30.66,26.59,32.0,Less than 250,Severe (>20%)
ENABLE TRUST,Education,30.65,34.81,82.86,250 to 499,Severe (>20%)
ALLAN WEBB LTD,Publishing,30.64,31.8,12.0,250 to 499,Severe (>20%)
DIGITAL SPACE GROUP LIMITED,Telecoms,30.62,39.29,15.0,250 to 499,Severe (>20%)
DIGITAL SPACE UC&C LIMITED,Other,30.62,39.29,15.0,250 to 499,Severe (>20%)
DIGITAL SPACE TECHNOLOGY GROUP LIMITED,Telecoms,30.62,39.29,15.0,250 to 499,Severe (>20%)
JENSTEN GROUP LIMITED,Finance,30.6,23.8,27.2,1000 to 4999,Severe (>20%)
CHASE DE VERE IFA GROUP PLC,Finance,30.6,26.9,20.0,500 to 999,Severe (>20%)
LONDON BUSINESS SCHOOL,Other,30.6,7.1,49.0,1000 to 4999,Severe (>20%)
"EVEREST ADVISORS (UK), LTD.",Finance,30.6,30.5,19.8,250 to 499,Severe (>20%)
"ROYAL LONDON MUTUAL INSURANCE SOCIETY,LIMITED(THE)",Financial Support,30.6,27.1,36.0,1000 to 4999,Severe (>20%)
ELEMIS LIMITED,Chemicals,30.58,26.94,80.0,500 to 999,Severe (>20%)
EDSENTIAL COMMUNITY INTEREST COMPANY,Food & Beverage,30.56,11.34,70.91,500 to 999,Severe (>20%)
JOHN GROSE GROUP LIMITED,Motor Trade,30.5,11.2,7.0,250 to 499,Severe (>20%)
QUEST GLOBAL ENGINEERING LIMITED,Professional Services,30.5,18.5,5.0,Less than 250,Severe (>20%)
ADVISERPLUS BUSINESS SOLUTIONS LIMITED,IT Services,30.5,13.1,50.8,250 to 499,Severe (>20%)
COVENTRY AND RUGBY GP ALLIANCE LIMITED,Healthcare,30.5,24.73,70.27,250 to 499,Severe (>20%)
JCT600 (RAWDON) LIMITED,Motor Trade,30.5,21.4,6.0,250 to 499,Severe (>20%)
JIGSAW SYSTEMS LIMITED,Wholesale,30.5,28.9,10.0,250 to 499,Severe (>20%)
GMI CONSTRUCTION GROUP PLC,Construction,30.5,37.2,3.4,Less than 250,Severe (>20%)
County Durham And Darlington Nhs Foundation Trust,Other,30.49,18.86,70.59,"5000 to 19,999",Severe (>20%)
SURESERVE COMPLIANCE CENTRAL LIMITED,Specialist Construction,30.47,38.2,5.11,500 to 999,Severe (>20%)
South Tees Hospitals Nhs Foundation Trust,Other,30.44,21.14,67.78,"5000 to 19,999",Severe (>20%)
TRAVELEX CENTRAL SERVICES LIMITED,Business Support,30.43,5.94,47.9,1000 to 4999,Severe (>20%)
THE SPRING PARTNERSHIP TRUST,Education,30.4,31.03,82.0,250 to 499,Severe (>20%)
OASIS DENTAL CARE LIMITED,Healthcare,30.4,20.5,80.2,1000 to 4999,Severe (>20%)
FIELDCORE SERVICE SOLUTIONS INTERNATIONAL LLC (UK),Other,30.4,29.7,2.0,250 to 499,Severe (>20%)
CHUBB SERVICES UK LIMITED,Business Support,30.4,25.5,27.0,1000 to 4999,Severe (>20%)
LOGANAIR LIMITED,Air Transport,30.4,32.5,10.3,500 to 999,Severe (>20%)
East Cheshire Nhs Trust,Other,30.34,7.42,66.86,1000 to 4999,Severe (>20%)
KINGSWOOD HOLDINGS LIMITED,Other,30.32,37.09,31.11,250 to 499,Severe (>20%)
HARRODS AVIATION LIMITED,Personal Services,30.3,19.2,23.5,250 to 499,Severe (>20%)
S.JENNINGS LIMITED,Motor Trade,30.3,16.5,11.4,Less than 250,Severe (>20%)
CORSTORPHINE & WRIGHT LIMITED,Architecture/Engineering,30.3,25.4,13.0,250 to 499,Severe (>20%)
TEAM INDUSTRIAL SERVICES (UK) LIMITED,Other,30.3,43.4,6.0,250 to 499,Severe (>20%)
ABRDN INVESTMENTS LIMITED,Finance,30.3,32.5,19.5,1000 to 4999,Severe (>20%)
STELLANTIS FINANCIAL SERVICES UK LIMITED,Motor Trade,30.24,32.04,23.36,250 to 499,Severe (>20%)
WATES GROUP SERVICES LIMITED,Business Support,30.2,29.9,16.4,1000 to 4999,Severe (>20%)
Bridge Academy Trust,Other,30.2,59.6,68.2,1000 to 4999,Severe (>20%)
WGC LTD,Facilities,30.15,37.98,18.18,"5000 to 19,999",Severe (>20%)
BATLEY MULTI ACADEMY TRUST,Education,30.1,54.68,71.26,500 to 999,Severe (>20%)
IW GROUP SERVICES (UK) LIMITED,Business Support,30.1,17.1,33.3,500 to 999,Severe (>20%)
LIEBHERR - GREAT BRITAIN LIMITED,Machinery,30.1,23.6,13.0,250 to 499,Severe (>20%)
NATIXIS,Other,30.1,37.5,24.1,250 to 499,Severe (>20%)
THE GOLDEN THREAD ALLIANCE,Education,30.04,54.44,84.52,500 to 999,Severe (>20%)
PROTIVITI LIMITED,Business Support,30.0,17.0,25.0,250 to 499,Severe (>20%)
EPPING FOREST SCHOOLS PARTNERSHIP TRUST,Other,30.0,37.0,90.0,500 to 999,Severe (>20%)
SES (ENGINEERING SERVICES) LIMITED,Construction,30.0,38.8,4.5,500 to 999,Severe (>20%)
DUN & BRADSTREET LIMITED,Business Support,30.0,22.0,27.0,250 to 499,Severe (>20%)
STONBURY LIMITED,Specialist Construction,30.0,27.0,4.0,250 to 499,Severe (>20%)
CONNECT ACADEMY TRUST,Education,30.0,23.0,85.0,500 to 999,Severe (>20%)
CONNELLS SURVEY & VALUATION LIMITED,Professional Services,30.0,54.0,22.0,500 to 999,Severe (>20%)
PUREPRINT GROUP LIMITED,Printing,30.0,25.0,6.7,250 to 499,Severe (>20%)
PENROSE LEARNING TRUST,Education,30.0,59.0,65.0,500 to 999,Severe (>20%)
GUARDIAN ELECTRICAL COMPLIANCE LIMITED,Specialist Construction,30.0,31.4,5.1,250 to 499,Severe (>20%)
MOUNTAIN HEALTHCARE LIMITED,Healthcare,30.0,12.0,88.0,250 to 499,Severe (>20%)
LNT CONSTRUCTION LIMITED,Construction,30.0,37.0,5.0,250 to 499,Severe (>20%)
LINDSAYS LLP,Other,30.0,35.0,65.3,250 to 499,Severe (>20%)
CUSHMAN & WAKEFIELD DEBENHAM TIE LEUNG LIMITED,Real Estate,30.0,26.9,24.2,1000 to 4999,Severe (>20%)
CHURCHES FIRE SECURITY LTD.,Facilities,30.0,31.3,10.0,500 to 999,Severe (>20%)
VERTU ACCIDENT REPAIR LIMITED,Motor Trade,29.97,31.21,1.09,250 to 499,Severe (>20%)
EVOLUTION FUNDING LIMITED,Finance,29.96,28.66,20.0,250 to 499,Severe (>20%)
LRG EMPLOYEES LIMITED,Management Consulting,29.95,20.7,32.76,1000 to 4999,Severe (>20%)
TANDRIDGE LEARNING TRUST,Education,29.95,49.69,71.32,500 to 999,Severe (>20%)
GBT TRAVEL SERVICES UK LIMITED,Travel,29.9,25.5,53.2,1000 to 4999,Severe (>20%)
Northern Lincolnshire and Goole NHS FT,Other,29.9,21.25,64.66,"5000 to 19,999",Severe (>20%)
MATILLION LIMITED,IT Services,29.8,26.6,10.8,250 to 499,Severe (>20%)
CELTIC F.C. LIMITED,Sports/Recreation,29.8,9.8,18.0,500 to 999,Severe (>20%)
LLOYD'S REGISTER EMEA,Other,29.8,34.0,8.7,250 to 499,Severe (>20%)
BNP PARIBAS LEASING SOLUTIONS LIMITED,Finance,29.76,34.37,38.95,250 to 499,Severe (>20%)
MORRIS & SPOTTISWOOD LIMITED,Specialist Construction,29.75,35.19,9.78,250 to 499,Severe (>20%)
TALASCEND LIMITED,Employment Agencies,29.75,19.04,6.0,250 to 499,Severe (>20%)
PARTNER RETAIL SERVICES LIMITED,Management Consulting,29.7,2.0,25.8,250 to 499,Severe (>20%)
MULTIPLEX CONSTRUCTION EUROPE LIMITED,Specialist Construction,29.7,32.0,9.1,500 to 999,Severe (>20%)
LEONARD CURTIS (UK) LIMITED,Legal,29.7,26.41,36.84,250 to 499,Severe (>20%)
LIVE NATION (MUSIC) UK LIMITED,Arts,29.7,22.0,42.5,500 to 999,Severe (>20%)
INVERTEK DRIVES LIMITED,Electronics,29.7,3.1,11.0,250 to 499,Severe (>20%)
PICKWICK ACADEMY TRUST,Education,29.7,49.08,84.95,500 to 999,Severe (>20%)
TWINKL LTD,Education,29.7,11.7,56.8,1000 to 4999,Severe (>20%)
THE ENQUIRE LEARNING TRUST,Education,29.66,29.01,84.9,1000 to 4999,Severe (>20%)
ASCOT UNDERWRITING HOLDINGS LIMITED,Insurance,29.65,29.54,25.0,250 to 499,Severe (>20%)
THE PARK FEDERATION ACADEMY TRUST,Education,29.61,41.42,89.0,500 to 999,Severe (>20%)
All Saints Schools Trust,Other,29.6,45.8,90.0,250 to 499,Severe (>20%)
HALL & KAY FIRE SERVICES LIMITED,Public Admin,29.6,31.1,5.4,250 to 499,Severe (>20%)
PLACES FOR PEOPLE GROUP LIMITED,Management Consulting,29.6,14.4,43.5,1000 to 4999,Severe (>20%)
INTERMEDIATE CAPITAL GROUP PLC,Finance,29.6,25.4,59.0,250 to 499,Severe (>20%)
BRISTOW & SUTOR (SERVICES) LIMITED,Business Support,29.6,30.3,25.4,250 to 499,Severe (>20%)
TECHNIP UK LIMITED,Libraries,29.6,38.4,13.4,500 to 999,Severe (>20%)
RESOLUTE MANAGEMENT LIMITED,Financial Support,29.6,30.4,33.3,250 to 499,Severe (>20%)
COVENTRY UNIVERSITY ENTERPRISES LIMITED,Professional Services,29.57,37.14,22.68,250 to 499,Severe (>20%)
TSA RILEY LIMITED,Management Consulting,29.55,33.07,8.0,250 to 499,Severe (>20%)
PAREXEL INTERNATIONAL LIMITED,Research,29.55,21.11,59.16,1000 to 4999,Severe (>20%)
NIGEL FRANK INTERNATIONAL LIMITED,Employment Agencies,29.51,22.22,24.42,250 to 499,Severe (>20%)
The Rainbow Multi Academy Trust,Other,29.51,26.04,83.72,500 to 999,Severe (>20%)
Dartford And Gravesham Nhs Trust,Other,29.5,17.9,62.2,1000 to 4999,Severe (>20%)
TILHILL FORESTRY LIMITED,Pharmaceuticals,29.5,27.2,6.5,250 to 499,Severe (>20%)
VETTED LIMITED,Business Support,29.5,35.5,25.0,250 to 499,Severe (>20%)
EXCLUSIVE NETWORKS LIMITED,Wholesale,29.5,25.75,28.4,250 to 499,Severe (>20%)
TRURO & PENWITH ACADEMY TRUST,Education,29.5,49.4,71.9,1000 to 4999,Severe (>20%)
ASCENT FLIGHT TRAINING (MANAGEMENT) LIMITED,Public Admin,29.5,33.6,7.0,250 to 499,Severe (>20%)
ACORN EDUCATION TRUST,Education,29.45,37.28,71.5,500 to 999,Severe (>20%)
Calderdale & Huddersfield N H S,Other,29.4,20.9,62.5,"5000 to 19,999",Severe (>20%)
WACOAL EMEA LTD,Clothing,29.4,22.5,67.5,250 to 499,Severe (>20%)
WINTERFLOOD SECURITIES LIMITED,Finance,29.4,30.8,12.0,250 to 499,Severe (>20%)
MARSH SERVICES LIMITED,Business Support,29.4,26.0,30.0,"5000 to 19,999",Severe (>20%)
NOVIA FINANCIAL PLC,Finance,29.4,23.8,28.4,250 to 499,Severe (>20%)
MIDDLESEX LEARNING PARTNERSHIP,Education,29.4,46.8,59.4,250 to 499,Severe (>20%)
Leeds Diocesan Learning Trust,Other,29.4,28.5,83.1,250 to 499,Severe (>20%)
AIRTANKER SERVICES LIMITED,Air Transport,29.3,39.8,16.0,500 to 999,Severe (>20%)
RAILPEN LIMITED,Insurance,29.3,28.6,34.36,500 to 999,Severe (>20%)
HOUSING 21,Other,29.3,20.4,75.0,1000 to 4999,Severe (>20%)
SHAWBROOK BANK LIMITED,Finance,29.3,28.4,25.1,1000 to 4999,Severe (>20%)
AON UK LIMITED,Financial Support,29.3,33.8,28.3,1000 to 4999,Severe (>20%)
XP School Trust Ltd,Other,29.28,51.32,72.7,250 to 499,Severe (>20%)
ATOM BANK PLC,Finance,29.24,31.39,20.3,500 to 999,Severe (>20%)
BEDFORDSHIRE SCHOOLS TRUST LIMITED,Education,29.2,55.7,63.0,500 to 999,Severe (>20%)
RATHBONES GROUP PLC,Finance,29.2,28.8,28.3,1000 to 4999,Severe (>20%)
RED BULL POWERTRAINS 2026 LIMITED,Motor Vehicles,29.2,17.2,4.0,500 to 999,Severe (>20%)
ARRIVA UK BUS LIMITED,Management Consulting,29.2,38.4,32.0,250 to 499,Severe (>20%)
NEOS NETWORKS LIMITED,Telecoms,29.2,30.5,15.5,250 to 499,Severe (>20%)
ALPHA ACADEMIES TRUST,Education,29.19,53.54,62.9,500 to 999,Severe (>20%)
1ST LOCATE (UK) LIMITED,Information Services,29.13,3.0,32.1,250 to 499,Severe (>20%)
ALTUS INTERVENTION LIMITED,Libraries,29.1,30.8,3.5,250 to 499,Severe (>20%)
MENZIES AVIATION (ASIG) LIMITED,Air Transport,29.1,35.0,26.8,500 to 999,Severe (>20%)
COSTCUTTER SUPERMARKETS GROUP LIMITED,Retail,29.1,28.4,21.0,250 to 499,Severe (>20%)
SCHRODER & CO. LIMITED,Finance,29.1,42.7,23.4,500 to 999,Severe (>20%)
HELLMANN WORLDWIDE LOGISTICS LIMITED,Warehousing,29.1,18.8,17.7,Less than 250,Severe (>20%)
PEKTRON GROUP LIMITED,Electronics,29.1,27.1,22.0,250 to 499,Severe (>20%)
INTERGRAPH (UK) LIMITED,IT Services,29.09,29.7,7.81,250 to 499,Severe (>20%)
VENN ACADEMY TRUST,Education,29.04,40.83,77.19,500 to 999,Severe (>20%)
Wise Owl Trust,Other,29.02,59.11,83.78,250 to 499,Severe (>20%)
Rotherham NHS Foundation Trust,Other,29.01,21.09,68.55,1000 to 4999,Severe (>20%)
Hull University Teaching Hospitals NHS Trust,Other,29.01,14.4,59.8,"5000 to 19,999",Severe (>20%)
DREES & SOMMER UK LIMITED,Business Support,29.0,36.0,12.0,250 to 499,Severe (>20%)
ISS UK LIMITED,Management Consulting,29.0,25.0,48.0,500 to 999,Severe (>20%)
KNOLL RISE SERVICES LIMITED,Business Support,29.0,38.0,21.0,250 to 499,Severe (>20%)
BULKHAUL LIMITED,Land Transport,29.0,14.6,9.6,250 to 499,Severe (>20%)
SAGE HOUSING GROUP LIMITED,Real Estate,29.0,23.0,32.0,250 to 499,Severe (>20%)
HPB MANAGEMENT LIMITED,Finance,29.0,3.5,62.1,250 to 499,Severe (>20%)
RAYMOND JAMES WEALTH MANAGEMENT LIMITED,Finance,29.0,36.7,27.5,500 to 999,Severe (>20%)
GLOBALDATA PLC,Information Services,29.0,23.0,23.0,500 to 999,Severe (>20%)
SALTUS PARTNERS LLP,Other,29.0,27.0,30.0,250 to 499,Severe (>20%)
RESTORE DIGITAL LIMITED,Business Support,29.0,18.0,29.0,500 to 999,Severe (>20%)
CLOSE BROTHERS LIMITED,Finance,29.0,30.4,27.0,1000 to 4999,Severe (>20%)
STORY PLANT LIMITED,Leasing,28.97,36.99,4.48,250 to 499,Severe (>20%)
Hanley and Upton Educational Trust,Other,28.96,58.92,55.6,250 to 499,Severe (>20%)
TRANSUNION INFORMATION GROUP LIMITED,Professional Services,28.91,22.67,26.0,500 to 999,Severe (>20%)
EVELYN PARTNERS SERVICES LIMITED,Business Support,28.9,25.5,23.8,1000 to 4999,Severe (>20%)
WILLIAM GRANT & SONS LIMITED,Other,28.9,10.0,45.0,250 to 499,Severe (>20%)
CH4 GAS UTILITY AND MAINTENANCE SERVICES LIMITED,Architecture/Engineering,28.9,38.5,7.0,500 to 999,Severe (>20%)
GRAPHIC PACKAGING INTERNATIONAL LIMITED,Paper,28.87,32.36,3.35,250 to 499,Severe (>20%)
AKT II LIMITED,Architecture/Engineering,28.86,24.41,9.0,250 to 499,Severe (>20%)
ADNAMS PLC,Other,28.83,9.55,36.84,250 to 499,Severe (>20%)
WOODGATE AND CLARK LIMITED,Business Support,28.8,44.7,29.2,250 to 499,Severe (>20%)
MORSON HUMAN RESOURCES LIMITED,Employment Agencies,28.8,28.3,8.2,1000 to 4999,Severe (>20%)
CWT UK GROUP LTD,Travel,28.8,30.9,48.6,250 to 499,Severe (>20%)
BLAKE MORGAN LLP,Other,28.8,35.0,53.0,500 to 999,Severe (>20%)
REMOTE TECHNOLOGY SERVICES LTD,Business Support,28.79,22.27,46.72,1000 to 4999,Severe (>20%)
J.S.BLOOR (SERVICES) LIMITED,Construction,28.72,28.27,10.0,1000 to 4999,Severe (>20%)
WILLIS LIMITED,Insurance,28.7,30.4,25.6,1000 to 4999,Severe (>20%)
FISH BROTHERS (SWINDON) LIMITED,Motor Trade,28.7,12.3,13.5,250 to 499,Severe (>20%)
Diocese of Norwich St Benets Multi -Academy Trust,Other,28.7,58.6,76.0,250 to 499,Severe (>20%)
ON THE BEACH LIMITED,IT Services,28.7,42.8,28.7,250 to 499,Severe (>20%)
FARFETCH UK LIMITED,Retail,28.7,20.4,57.0,250 to 499,Severe (>20%)
AON SOLUTIONS UK LIMITED,Management Consulting,28.7,23.5,30.8,1000 to 4999,Severe (>20%)
LEGAL & GENERAL HOMES (SERVICES  CO) LIMITED,Employment Agencies,28.7,32.8,33.3,Less than 250,Severe (>20%)
POINT72 UK LIMITED,Financial Support,28.7,28.1,11.8,250 to 499,Severe (>20%)
IMPACT EDUCATION MULTI ACADEMY TRUST,Education,28.66,48.19,66.0,500 to 999,Severe (>20%)
NHS Norfolk and Waveney Integrated Care Board,Other,28.63,18.26,88.0,500 to 999,Severe (>20%)
Pope Francis Catholic Multi Academy Trust,Other,28.6,48.49,70.09,250 to 499,Severe (>20%)
FMG REPAIR SERVICES LIMITED,Warehousing,28.6,30.42,1.05,1000 to 4999,Severe (>20%)
BREEDON HOUSE NURSERIES LIMITED,Social Work,28.6,9.4,94.3,1000 to 4999,Severe (>20%)
Hope Learning Community,Other,28.6,14.78,63.64,500 to 999,Severe (>20%)
EXLSERVICE (UK) LIMITED,Business Support,28.6,23.4,9.0,250 to 499,Severe (>20%)
VINCI CONSTRUCTION UK LIMITED,Construction,28.6,34.4,13.1,1000 to 4999,Severe (>20%)
STORAL NURSERIES LIMITED,Education,28.6,9.4,94.3,1000 to 4999,Severe (>20%)
Prosper Learning Trust,Other,28.6,47.3,71.6,250 to 499,Severe (>20%)
F M G SUPPORT (HO) LIMITED,Business Support,28.6,2.38,39.2,500 to 999,Severe (>20%)
TRENT MOTOR TRACTION COMPANY LIMITED(THE),Land Transport,28.6,22.4,16.85,500 to 999,Severe (>20%)
LAND SECURITIES PROPERTIES LIMITED,Real Estate,28.6,29.3,36.4,500 to 999,Severe (>20%)
UK GREETINGS LIMITED,Paper,28.6,20.9,58.0,1000 to 4999,Severe (>20%)
ACCORD MULTI ACADEMY TRUST,Education,28.6,52.4,59.8,500 to 999,Severe (>20%)
GELDARDS RESOURCES LIMITED,Employment Agencies,28.57,33.85,47.54,250 to 499,Severe (>20%)
PERENCO UK LIMITED,Telecoms,28.5,39.8,5.4,500 to 999,Severe (>20%)
OMEGA MULTI-ACADEMY TRUST,Education,28.5,18.6,71.0,500 to 999,Severe (>20%)
CROWN PET FOODS LIMITED,Food Manufacturing,28.5,36.0,36.1,Less than 250,Severe (>20%)
HALL & WOODHOUSE LIMITED,Other,28.5,3.2,32.0,1000 to 4999,Severe (>20%)
GREENERGY INTERNATIONAL LIMITED,Business Support,28.5,26.5,21.0,250 to 499,Severe (>20%)
ASHTONS LEGAL LLP,Other,28.5,33.4,66.0,250 to 499,Severe (>20%)
TRUMPF LASER UK LIMITED,Electronics,28.5,31.7,15.2,250 to 499,Severe (>20%)
Littleover Community School,Other,28.5,48.8,55.0,250 to 499,Severe (>20%)
CIGNA EUROPEAN SERVICES (UK) LIMITED,Financial Support,28.5,28.0,33.8,500 to 999,Severe (>20%)
STEPHEN JAMES (AUTOMOTIVE) LIMITED,Motor Trade,28.5,25.3,6.3,250 to 499,Severe (>20%)
RED BULL TECHNOLOGY LIMITED,Other Manufacturing,28.5,20.7,13.0,500 to 999,Severe (>20%)
SIMPSON MILLAR LLP,Other,28.5,29.0,41.0,250 to 499,Severe (>20%)
AGEAS INSURANCE LIMITED,Insurance,28.5,28.9,38.4,1000 to 4999,Severe (>20%)
HABERDASHERS' WEST MIDLANDS ACADEMIES TRUST,Education,28.47,62.16,54.12,250 to 499,Severe (>20%)
GOODWIN PROCTER (UK) LLP,Other,28.45,58.31,47.62,250 to 499,Severe (>20%)
LUXOTTICA NORTH EUROPE LIMITED,Wholesale,28.44,20.04,44.16,250 to 499,Severe (>20%)
MAMAS & PAPAS (STORES) LIMITED,Retail,28.4,29.9,79.0,500 to 999,Severe (>20%)
ST JAMES GROUP LIMITED,Construction,28.4,30.4,19.0,250 to 499,Severe (>20%)
PRICEWATERHOUSECOOPERS LLP,Other,28.4,27.2,45.2,500 to 999,Severe (>20%)
AVANTI SCHOOLS TRUST,Education,28.4,39.47,65.1,500 to 999,Severe (>20%)
MAMAS & PAPAS (CONCESSIONS) LIMITED,Retail,28.4,29.9,79.0,500 to 999,Severe (>20%)
MACQUARIE ASSET MANAGEMENT HOLDINGS PTY LIMITED (UK BRANCH),Other,28.3,24.5,31.0,250 to 499,Severe (>20%)
KERRIDGE COMMERCIAL SYSTEMS LIMITED,IT Services,28.3,25.7,12.0,250 to 499,Severe (>20%)
AMENTUM (UK) LTD.,Other,28.3,42.7,14.9,250 to 499,Severe (>20%)
TONBRIDGE SCHOOL,Education,28.26,30.3,32.61,500 to 999,Severe (>20%)
EXTRACOVER LIMITED,IT Services,28.2,33.1,57.0,250 to 499,Severe (>20%)
Prosper Together Multi Academy Trust,Other,28.2,28.7,87.5,250 to 499,Severe (>20%)
ASOS.COM LIMITED,Retail,28.2,41.0,40.0,1000 to 4999,Severe (>20%)
PAYMENTSENSE LIMITED,Finance,28.2,35.1,22.3,500 to 999,Severe (>20%)
VINCI BUILDING LIMITED,Construction,28.2,37.7,5.4,500 to 999,Severe (>20%)
SWECO UK LIMITED,Architecture/Engineering,28.2,22.0,19.7,500 to 999,Severe (>20%)
RODERICKS DENTAL PARTNERS LIMITED,Healthcare,28.2,-7.84,86.0,1000 to 4999,Severe (>20%)
"WEIL, GOTSHAL & MANGES (LONDON) LLP",Other,28.2,55.28,40.48,250 to 499,Severe (>20%)
THE WELSH RUGBY UNION LIMITED,Sports/Recreation,28.2,19.9,35.2,250 to 499,Severe (>20%)
Attenborough Learning Trust,Other,28.1,46.6,84.7,250 to 499,Severe (>20%)
ALLIANZ GLOBAL INVESTORS UK LIMITED,Financial Support,28.1,17.6,22.0,250 to 499,Severe (>20%)
DB GROUP SERVICES (UK) LIMITED,Employment Agencies,28.1,22.7,21.4,"5000 to 19,999",Severe (>20%)
ANSCHUTZ SPORTS HOLDINGS LTD.,Management Consulting,28.1,21.9,32.8,250 to 499,Severe (>20%)
Norfolk And Norwich University Hospitals Nhs Foundation Trust,Other,28.1,14.1,61.4,"5000 to 19,999",Severe (>20%)
CREATE PARTNERSHIP TRUST,Education,28.1,27.1,79.0,250 to 499,Severe (>20%)
ESURE SERVICES LIMITED,Finance,28.1,22.7,28.4,1000 to 4999,Severe (>20%)
EATON ELECTRIC LIMITED,Electrical Equipment,28.1,29.3,22.5,250 to 499,Severe (>20%)
EXTEND LEARNING ACADEMIES NETWORK,Education,28.05,43.31,81.2,500 to 999,Severe (>20%)
TALBOTS LAW LTD,Legal,28.02,29.25,58.93,250 to 499,Severe (>20%)
INGLETON WOOD SERVICES LIMITED,Business Support,28.0,34.0,11.0,250 to 499,Severe (>20%)
North Hampshire Urgent Care Limited,Healthcare,28.0,15.8,61.1,250 to 499,Severe (>20%)
DAIWA CAPITAL MARKETS EUROPE LIMITED,Finance,28.0,28.2,21.3,250 to 499,Severe (>20%)
BELLROCK PROPERTY & FACILITIES MANAGEMENT LIMITED,IT Services,28.0,28.0,23.6,1000 to 4999,Severe (>20%)
ME AND EM LIMITED,Retail,28.0,39.0,76.0,250 to 499,Severe (>20%)
Cumberland Building Society,Finance,28.0,33.4,55.4,500 to 999,Severe (>20%)
WHS CENTRAL SERVICES LTD,Business Support,28.0,28.0,5.0,Less than 250,Severe (>20%)
MUFG SECURITIES EMEA PLC,Finance,28.0,16.7,22.1,500 to 999,Severe (>20%)
MPHASIS UK LIMITED,IT Services,28.0,24.0,7.0,250 to 499,Severe (>20%)
MAIDEN ERLEGH TRUST,Education,28.0,48.3,69.9,500 to 999,Severe (>20%)
NG BAILEY LIMITED,Specialist Construction,28.0,31.8,3.9,1000 to 4999,Severe (>20%)
BBVA FINANCE (UK) LIMITED,Finance,28.0,41.0,23.0,250 to 499,Severe (>20%)
PERSIMMON PUBLIC LIMITED COMPANY,Finance,28.0,22.0,29.0,500 to 999,Severe (>20%)
RCL CRUISES LTD,Water Transport,28.0,24.0,40.0,250 to 499,Severe (>20%)
FUJIFILM UK LIMITED,Wholesale,28.0,24.0,14.0,Less than 250,Severe (>20%)
GIVAUDAN UK LIMITED,Other Manufacturing,28.0,15.0,40.0,500 to 999,Severe (>20%)
ALPINE RACING LIMITED,Sports/Recreation,28.0,18.0,7.0,500 to 999,Severe (>20%)
THE FOOTBALL ASSOCIATION PREMIER LEAGUE LIMITED,Sports/Recreation,28.0,16.2,33.7,250 to 499,Severe (>20%)
ENDURANCE BUSINESS SERVICES LIMITED,Insurance,28.0,9.1,29.9,500 to 999,Severe (>20%)
RIDGE SURVEYORS LIMITED,Business Support,28.0,33.0,14.0,1000 to 4999,Severe (>20%)
REED ONLINE LIMITED,Employment Agencies,28.0,23.0,21.6,Less than 250,Severe (>20%)
AIOI NISSAY DOWA INSURANCE MANAGEMENT LIMITED,Insurance,28.0,25.0,23.0,500 to 999,Severe (>20%)
Sherwood Forest Hospitals NHS Foundation Trust,Other,28.0,13.6,64.0,"5000 to 19,999",Severe (>20%)
Sidley Austin LLP,Legal,28.0,59.3,47.0,250 to 499,Severe (>20%)
STARR UNDERWRITING AGENTS LIMITED,Insurance,28.0,29.2,23.9,250 to 499,Severe (>20%)
VITAL ENERGI UTILITIES LIMITED,Utilities,28.0,38.2,7.8,500 to 999,Severe (>20%)
CLEAR INSURANCE MANAGEMENT LIMITED,Financial Support,28.0,28.0,25.0,500 to 999,Severe (>20%)
BEAZLEY MANAGEMENT LIMITED,Insurance,28.0,28.7,32.0,1000 to 4999,Severe (>20%)
CHUBB EUROPEAN GROUP SE,Other,28.0,25.7,29.0,1000 to 4999,Severe (>20%)
DE LAGE LANDEN LEASING LIMITED,Finance,27.98,31.34,28.92,250 to 499,Severe (>20%)
STOUR VALE ACADEMY TRUST,Education,27.98,47.74,69.2,1000 to 4999,Severe (>20%)
VINDIS GROUP LIMITED,Motor Trade,27.96,32.59,10.29,500 to 999,Severe (>20%)
MERRILL LYNCH INTERNATIONAL,Finance,27.9,40.0,19.0,1000 to 4999,Severe (>20%)
Hinchley Wood Learning Partnership,Other,27.9,39.8,67.0,250 to 499,Severe (>20%)
ABRDN INVESTMENT MANAGEMENT LIMITED,Financial Support,27.9,35.3,20.2,1000 to 4999,Severe (>20%)
SCHOLARS' EDUCATION TRUST,Education,27.9,59.1,64.3,1000 to 4999,Severe (>20%)
ST MARY'S ACADEMY TRUST,Education,27.9,17.8,83.5,250 to 499,Severe (>20%)
SAFFRON ACADEMY TRUST,Education,27.9,56.9,65.3,500 to 999,Severe (>20%)
BROOKSON LIMITED,Legal,27.9,31.8,38.18,Less than 250,Severe (>20%)
HSBC UK BANK PLC,Finance,27.9,16.6,42.0,"5000 to 19,999",Severe (>20%)
MWH TREATMENT LIMITED,Other,27.9,28.7,12.8,500 to 999,Severe (>20%)
CENTRICA ENERGY STORAGE LIMITED,IT Services,27.9,39.0,13.8,250 to 499,Severe (>20%)
RMET,Education,27.8762,59.1388,62.7119,250 to 499,Severe (>20%)
PETER VARDY LIMITED,Motor Trade,27.83,18.4,23.75,250 to 499,Severe (>20%)
Kirkland & Ellis International LLP,Legal,27.82,62.3,42.4,500 to 999,Severe (>20%)
INSTITUTE OF CHARTERED ACCOUNTANTS IN ENGLAND AND WALES,Other,27.8,26.2,55.9,500 to 999,Severe (>20%)
ANDREWS SYKES HIRE LIMITED,Wholesale,27.8,8.1,23.4,250 to 499,Severe (>20%)
ASPENS-SERVICES LIMITED,Food & Beverage,27.8,23.2,72.0,"5000 to 19,999",Severe (>20%)
DIOCESE OF SALISBURY ACADEMY TRUST,Education,27.8,33.97,86.87,500 to 999,Severe (>20%)
ROCKSTEADY STUDIOS LIMITED,IT Services,27.8,23.6,4.7,Less than 250,Severe (>20%)
STAGECOACH SERVICES LIMITED,Warehousing,27.8,31.5,29.8,250 to 499,Severe (>20%)
ZOPA BANK LIMITED,Finance,27.8,40.7,27.0,500 to 999,Severe (>20%)
BROWN & CO-PROPERTY AND BUSINESS CONSULTANTS LLP,Other,27.79,33.78,30.88,250 to 499,Severe (>20%)
Wye Valley Nhs Trust,Other,27.78,13.47,66.0,1000 to 4999,Severe (>20%)
NHS Nottingham and Nottinghamshire Integrated Care Board,Other,27.78,19.8,57.67,500 to 999,Severe (>20%)
F.HINDS LIMITED,Retail,27.78,8.62,60.85,500 to 999,Severe (>20%)
VIRTUSA CONSULTING & SERVICES LIMITED,IT Services,27.78,23.49,5.6,250 to 499,Severe (>20%)
Worcestershire Acute Hospitals NHS Trust,Other,27.77,11.63,67.31,"5000 to 19,999",Severe (>20%)
KIMS HOSPITAL LIMITED,Healthcare,27.76,17.94,70.0,500 to 999,Severe (>20%)
HEALTHNET HOMECARE (UK) LIMITED,Retail,27.72,15.08,68.42,250 to 499,Severe (>20%)
SCOLMORE (INTERNATIONAL) LIMITED,Wholesale,27.71,31.62,23.2,250 to 499,Severe (>20%)
ATTIGO ACADEMY TRUST,Education,27.7,61.48,79.0,250 to 499,Severe (>20%)
PETROFAC FACILITIES MANAGEMENT LIMITED,Libraries,27.7,38.8,8.4,1000 to 4999,Severe (>20%)
Kettering General Hospital,Other,27.7,13.4,61.0,"5000 to 19,999",Severe (>20%)
"Wrightington, Wigan And Leigh Nhs Foundation Trust.",Other,27.7,13.6,66.7,"5000 to 19,999",Severe (>20%)
EASTERN HOLDINGS LIMITED,Management Consulting,27.7,21.6,11.1,1000 to 4999,Severe (>20%)
The Keys Academy Trust,Other,27.7,21.8,86.0,250 to 499,Severe (>20%)
TOMBOLA LIMITED,IT Services,27.7,33.3,23.9,500 to 999,Severe (>20%)
ST.JAMES'S PLACE MANAGEMENT SERVICES LIMITED,Business Support,27.7,22.6,33.1,1000 to 4999,Severe (>20%)
SHERBORNE AREA SCHOOLS' TRUST,Education,27.68,48.77,62.5,500 to 999,Severe (>20%)
SURESERVE ENERGY SERVICES UK LIMITED,Personal Services,27.63,28.11,3.94,500 to 999,Severe (>20%)
HENRY SCHEIN UK HOLDINGS LIMITED,Wholesale,27.62,32.05,40.0,500 to 999,Severe (>20%)
WYCLIFFE COLLEGE (INCORPORATED),Education,27.6,26.8,50.6,250 to 499,Severe (>20%)
United Lincolnshire Hospitals Nhs Trust,Other,27.6,12.6,61.6,"5000 to 19,999",Severe (>20%)
LIGS LIMITED,Business Support,27.6,27.8,27.8,1000 to 4999,Severe (>20%)
JONES LANG LASALLE LIMITED,Real Estate,27.6,29.5,30.0,1000 to 4999,Severe (>20%)
ECCLESIASTICAL INSURANCE OFFICE PUBLIC LIMITED COMPANY,Insurance,27.6,18.2,35.0,1000 to 4999,Severe (>20%)
CASTLE PHOENIX TRUST,Education,27.6,34.0,72.0,500 to 999,Severe (>20%)
ABERDEEN FOOTBALL CLUB LIMITED,Sports/Recreation,27.6,12.7,28.9,250 to 499,Severe (>20%)
Stanley Learning Partnership,Other,27.6,15.6,82.8,250 to 499,Severe (>20%)
SOIL MACHINE DYNAMICS LIMITED,Machinery,27.6,26.8,7.9,250 to 499,Severe (>20%)
MORSON PROJECTS LIMITED,Electrical Equipment,27.6,62.5,8.1,250 to 499,Severe (>20%)
THRIVE CO-OPERATIVE LEARNING TRUST,Education,27.57,50.64,72.94,500 to 999,Severe (>20%)
Cwm Taf Morgannwg University Health Board,Other,27.52,12.0,68.84,"5000 to 19,999",Severe (>20%)
ROTHSCHILD & CO WEALTH MANAGEMENT UK LIMITED,Finance,27.5,29.6,31.9,250 to 499,Severe (>20%)
ARDEN MULTI ACADEMY TRUST,Education,27.5,51.1,58.2,500 to 999,Severe (>20%)
LIVERPOOL VICTORIA FINANCIAL SERVICES LIMITED,Insurance,27.5,22.3,33.7,1000 to 4999,Severe (>20%)
Furness Education Trust,Other,27.5,38.0,72.0,250 to 499,Severe (>20%)
EXPRESS ENGINEERING (GATESHEAD) LIMITED,Fabricated Metals,27.5,31.1,3.0,250 to 499,Severe (>20%)
RANDSTAD UK HOLDING LIMITED,Employment Agencies,27.49,32.09,46.0,Less than 250,Severe (>20%)
ORWELL MULTI ACADEMY TRUST,Education,27.47,45.08,81.82,250 to 499,Severe (>20%)
CARE OUTLOOK LTD,Healthcare,27.46,7.41,77.0,Less than 250,Severe (>20%)
SOTHEBY'S,Personal Services,27.46,26.32,45.45,250 to 499,Severe (>20%)
Everyone Matters Schools Trust,Other,27.44,46.26,54.84,250 to 499,Severe (>20%)
ZSCALER UK LTD.,IT Services,27.4,23.3,13.1,250 to 499,Severe (>20%)
ACHIEVEMENT THROUGH COLLABORATION TRUST,Education,27.4,25.79,75.89,500 to 999,Severe (>20%)
"FDR LIMITED, LLC",Other,27.4,43.4,30.8,1000 to 4999,Severe (>20%)
APOLLO SYNDICATE MANAGEMENT LIMITED,Insurance,27.4,26.1,19.0,250 to 499,Severe (>20%)
R.V. SERVICES LIMITED,Personal Services,27.36,13.38,56.0,250 to 499,Severe (>20%)
CRIPPS LLP,Other,27.34,39.24,57.01,250 to 499,Severe (>20%)
OLIVE DINING LTD,Food & Beverage,27.32,29.53,58.54,1000 to 4999,Severe (>20%)
ODFJELL TECHNOLOGY (UK) LTD.,Business Support,27.3,29.2,1.0,250 to 499,Severe (>20%)
Tameside and Glossop Integrated Care NHS Foundation Trust,Other,27.3,11.5,66.0,1000 to 4999,Severe (>20%)
TRINITY FIRE AND SECURITY SYSTEMS LTD,Security,27.3,25.4,11.7,250 to 499,Severe (>20%)
RHODAR INDUSTRIAL SERVICES LIMITED,Other,27.3,22.9,3.8,250 to 499,Severe (>20%)
EPA TRUST,Education,27.29,49.62,71.92,500 to 999,Severe (>20%)
THE WARRINER MULTI ACADEMY TRUST,Education,27.27,54.71,70.0,250 to 499,Severe (>20%)
WORLDLINE IT SERVICES UK LIMITED,IT Services,27.26,34.92,18.3,250 to 499,Severe (>20%)
SPECTRUM COMMUNITY HEALTH C.I.C.,Healthcare,27.2,16.6,78.86,500 to 999,Severe (>20%)
All Saints Catholic Academy Trust,Other,27.2,44.8,71.0,500 to 999,Severe (>20%)
ATLAS PAYROLL LIMITED,Facilities,27.2,6.7,40.0,500 to 999,Severe (>20%)
Seaford Learning Trust,Other,27.2,45.8,44.6,250 to 499,Severe (>20%)
GO TRAFFIC MANAGEMENT LIMITED,Business Support,27.2,26.8,17.2,250 to 499,Severe (>20%)
THE WHITE COMPANY (U.K.) LIMITED,Retail,27.2,19.3,73.8,1000 to 4999,Severe (>20%)
GLEEDS LLP,Other,27.2,33.0,13.0,1000 to 4999,Severe (>20%)
INTEGRAL UK LIMITED,Specialist Construction,27.2,29.6,11.6,1000 to 4999,Severe (>20%)
BRYAN CAVE LEIGHTON PAISNER LLP,Other,27.2,39.3,55.4,500 to 999,Severe (>20%)
H YOUNG (OPERATIONS) LIMITED,Wholesale,27.16,16.95,19.12,250 to 499,Severe (>20%)
OCU SERVICES LIMITED,Specialist Construction,27.16,25.52,9.47,250 to 499,Severe (>20%)
NASA UMBRELLA LTD,Business Support,27.13,34.47,17.95,"5000 to 19,999",Severe (>20%)
LINX PRINTING TECHNOLOGIES LIMITED,Machinery,27.13,31.81,23.53,250 to 499,Severe (>20%)
OMNES HEALTHCARE LTD,Healthcare,27.12,19.56,61.96,250 to 499,Severe (>20%)
THAME PARTNERSHIP ACADEMY TRUST,Education,27.11,52.27,62.8,250 to 499,Severe (>20%)
SOCIETE GENERALE,Other,27.1,27.8,20.0,1000 to 4999,Severe (>20%)
Staffordshire and Stoke-on-Trent Intergrated Care Board,Other,27.1,19.4,57.5,250 to 499,Severe (>20%)
CBRE LIMITED,Construction,27.09,24.41,27.0,1000 to 4999,Severe (>20%)
BROADSTONE CORPORATE BENEFITS LIMITED,Financial Support,27.02,10.65,24.3,250 to 499,Severe (>20%)
Our Health Partnership,Other,27.0,48.8,73.8,1000 to 4999,Severe (>20%)
BRAMBLES HOLDINGS (UK) LIMITED,Management Consulting,27.0,13.1,37.7,250 to 499,Severe (>20%)
DORKING HEALTHCARE LIMITED,Healthcare,27.0,38.4,79.7,250 to 499,Severe (>20%)
DOW CHEMICAL SERVICES UK LIMITED,Employment Agencies,27.0,28.0,20.0,Less than 250,Severe (>20%)
DECIDEBLOOM LIMITED,Motor Trade,27.0,13.0,11.0,1000 to 4999,Severe (>20%)
THE BRIGSHAW LEARNING PARTNERSHIP,Education,27.0,47.0,26.0,250 to 499,Severe (>20%)
THE BANK OF NOVA SCOTIA,Other,27.0,26.0,27.0,250 to 499,Severe (>20%)
EQUINOX LEARNING TRUST,Education,27.0,59.0,72.4,250 to 499,Severe (>20%)
RFS (RIPON) LIMITED,Wholesale,27.0,23.0,4.0,250 to 499,Severe (>20%)
COUNTRYWIDE SURVEYORS LIMITED,Business Support,27.0,43.0,19.0,500 to 999,Severe (>20%)
DOUBLE NEGATIVE LIMITED,Film/TV,27.0,28.0,19.0,500 to 999,Severe (>20%)
THE BATH AND WELLS DIOCESAN ACADEMIES TRUST,Education,27.0,48.0,85.09,1000 to 4999,Severe (>20%)
Endeavour Learning Trust,Other,27.0,52.0,67.0,500 to 999,Severe (>20%)
VERCITY SOCIAL INFRASTRUCTURE (UK) LIMITED,Management Consulting,27.0,31.0,27.96,250 to 499,Severe (>20%)
TANDEM MONEY LIMITED,Finance,27.0,24.0,27.0,250 to 499,Severe (>20%)
VIAVI SOLUTIONS UK LIMITED,Electronics,27.0,32.1,5.1,250 to 499,Severe (>20%)
St Francis of Assisi Catholic Academy Trust,Other,27.0,54.0,65.9,250 to 499,Severe (>20%)
INVESCO UK LIMITED,Finance,27.0,26.0,16.0,500 to 999,Severe (>20%)
MCALEER & RUSHE CONTRACTS UK LIMITED,Construction,27.0,31.0,11.0,250 to 499,Severe (>20%)
NEW LOOK RETAILERS LIMITED,Retail,27.0,2.0,71.6,"5000 to 19,999",Severe (>20%)
AMPLIFON LIMITED,Healthcare,27.0,41.0,46.0,250 to 499,Severe (>20%)
North Cumbria Integrated Care NHS Foundation Trust,Other,27.0,10.0,75.0,"5000 to 19,999",Severe (>20%)
PRACTICE PLUS GROUP URGENT CARE LIMITED,Healthcare,27.0,20.7,50.0,1000 to 4999,Severe (>20%)
PERRY HALL MULTI-ACADEMY TRUST,Education,27.0,54.26,82.31,500 to 999,Severe (>20%)
HOMELOAN MANAGEMENT LIMITED,Finance,27.0,25.0,44.0,Less than 250,Severe (>20%)
ALAN BOSWELL INSURANCE BROKERS LIMITED,Financial Support,27.0,20.0,29.0,250 to 499,Severe (>20%)
ROGER BULLIVANT LIMITED,Specialist Construction,27.0,31.0,3.0,250 to 499,Severe (>20%)
WARNER MUSIC UK LIMITED,Wholesale,27.0,5.6,43.0,Less than 250,Severe (>20%)
FLEXTRONICS GLOBAL SERVICES (MANCHESTER) LIMITED,Computer Repair,27.0,8.6,28.8,Less than 250,Severe (>20%)
AFH INDEPENDENT FINANCIAL SERVICES LIMITED,Finance,27.0,34.0,37.0,500 to 999,Severe (>20%)
STORM AVIATION LIMITED,Warehousing,27.0,18.0,6.0,Less than 250,Severe (>20%)
St Joseph Catholic Multi Academy Trust,Other,27.0,52.5,65.1,500 to 999,Severe (>20%)
EUROFINS FOOD TESTING UK LIMITED,Architecture/Engineering,26.97,-3.2,58.4,500 to 999,Severe (>20%)
Turner & Townsend PJM UK Limited,Management Consulting,26.9,31.5,13.3,500 to 999,Severe (>20%)
EPSILON INTERNATIONAL UK LTD,Business Support,26.9,30.7,30.0,250 to 499,Severe (>20%)
FEDERATED HERMES LIMITED,Finance,26.9,23.8,23.4,500 to 999,Severe (>20%)
MCCANN-ERICKSON CENTRAL LIMITED,Advertising,26.9,23.5,36.0,250 to 499,Severe (>20%)
MITSUBISHI HC CAPITAL UK PLC,Finance,26.9,31.0,31.3,1000 to 4999,Severe (>20%)
GRATTE BROTHERS GROUP LIMITED,Specialist Construction,26.9,16.9,6.4,250 to 499,Severe (>20%)
CHEVRON ENERGY LIMITED,Business Support,26.9,26.0,13.0,250 to 499,Severe (>20%)
HULL COLLABORATIVE ACADEMY TRUST,Education,26.9,55.9,83.0,1000 to 4999,Severe (>20%)
Credit Agricole CIB,Finance,26.9,27.9,16.0,500 to 999,Severe (>20%)
MATCHTECH GROUP (UK) LIMITED,Employment Agencies,26.9,33.8,8.0,1000 to 4999,Severe (>20%)
Latham & Watkins (London) LLP,Legal,26.9,48.6,44.0,500 to 999,Severe (>20%)
EQUA Mead Learning Trust,Other,26.89,45.65,79.3,1000 to 4999,Severe (>20%)
COMMUNITY ACADEMIES TRUST,Education,26.87,46.31,73.0,1000 to 4999,Severe (>20%)
ST EDMUNDSBURY AND IPSWICH DIOCESAN MULTI-ACADEMY TRUST,Education,26.85,51.29,86.89,500 to 999,Severe (>20%)
Bolton N H S Foundation Trust,Other,26.81,12.68,73.76,"5000 to 19,999",Severe (>20%)
LEGRAND ELECTRIC LIMITED,Fabricated Metals,26.81,27.83,18.18,500 to 999,Severe (>20%)
OLIVER JAMES ASSOCIATES LIMITED,Employment Agencies,26.8,11.5,32.0,250 to 499,Severe (>20%)
NETWORK PLUS SERVICES LTD,Other,26.8,28.0,15.5,1000 to 4999,Severe (>20%)
TICKETMASTER UK LIMITED,Retail,26.8,34.2,24.3,500 to 999,Severe (>20%)
COACH STORES LIMITED,Retail,26.8,18.9,71.0,500 to 999,Severe (>20%)
TROUP BYWATERS + ANDERS LLP,Other,26.78,26.71,11.11,250 to 499,Severe (>20%)
UNITED TRUST BANK LIMITED,Finance,26.77,19.47,26.61,250 to 499,Severe (>20%)
TREMCO CPG UK LIMITED,Chemicals,26.76,2.12,22.0,250 to 499,Severe (>20%)
Medway NHS Foundation Trust,Other,26.73,17.2,59.91,"5000 to 19,999",Severe (>20%)
PENNY & GILES CONTROLS LIMITED,Electrical Equipment,26.7,17.6,13.3,500 to 999,Severe (>20%)
Leeds Building Society,Other,26.7,29.2,37.3,1000 to 4999,Severe (>20%)
NEWPORT NORSE LIMITED,Personal Services,26.7,16.3,27.1,250 to 499,Severe (>20%)
FRONTIER AGRICULTURE LIMITED,Wood Products,26.7,25.6,19.1,1000 to 4999,Severe (>20%)
WATER PLUS LIMITED,Water Supply,26.7,23.9,43.0,250 to 499,Severe (>20%)
SABRE RETAIL FASHION LIMITED,Retail,26.67,32.91,92.15,500 to 999,Severe (>20%)
SPECIALIST CARS (ABERDEEN) LIMITED,Motor Trade,26.64,17.91,8.0,250 to 499,Severe (>20%)
TUI UK LIMITED,Travel,26.61,29.86,51.57,1000 to 4999,Severe (>20%)
Nationwide Building Society,Other,26.6,29.6,35.3,"5000 to 19,999",Severe (>20%)
TSB BANK PLC,Finance,26.6,24.9,40.2,1000 to 4999,Severe (>20%)
THE EDUCATION ALLIANCE,Education,26.6,53.7,65.0,1000 to 4999,Severe (>20%)
ERM Europe Limited,Professional Services,26.6,24.2,37.0,250 to 499,Severe (>20%)
University Hospitals Of Leicester Nhs Trust,Other,26.6,7.1,62.2,"5000 to 19,999",Severe (>20%)
CAR GIANT LIMITED,Motor Trade,26.6,5.4,5.7,250 to 499,Severe (>20%)
PAUL HASTINGS (EUROPE) LLP,Other,26.6,50.3,36.5,250 to 499,Severe (>20%)
HSBC GROUP MANAGEMENT SERVICES LIMITED,Business Support,26.6,13.2,34.0,"5000 to 19,999",Severe (>20%)
THE CHELMSFORD LEARNING PARTNERSHIP,Education,26.6,59.9,63.0,500 to 999,Severe (>20%)
ARDMORE CONSTRUCTION GROUP LTD,Construction,26.6,20.5,12.5,250 to 499,Severe (>20%)
A-SAFE HQ LTD,Rubber/Plastics,26.6,33.0,8.65,250 to 499,Severe (>20%)
The Royal Wolverhampton Nhs Trust,Other,26.52,12.43,64.96,"5000 to 19,999",Severe (>20%)
PRIMARY INTEGRATED COMMUNITY SERVICES LIMITED,Healthcare,26.5,30.9,69.0,250 to 499,Severe (>20%)
ROCKWELL AUTOMATION LIMITED,Electronics,26.5,41.0,14.3,250 to 499,Severe (>20%)
Gloucestershire Hospitals Nhs Foundation Trust,Other,26.5,17.8,63.1,"5000 to 19,999",Severe (>20%)
AURORA ACADEMIES TRUST,Education,26.5,36.7,65.6,250 to 499,Severe (>20%)
SURVITEC GROUP LIMITED,Other Manufacturing,26.5,22.9,25.9,500 to 999,Severe (>20%)
ODYSSEY COLLABORATIVE TRUST,Education,26.5,42.3,79.0,250 to 499,Severe (>20%)
Civil Aviation Authority,Other,26.5,32.8,23.0,1000 to 4999,Severe (>20%)
PROMAN MANAGED SERVICES LIMITED,Employment Agencies,26.45,0.37,13.73,500 to 999,Severe (>20%)
ANALOG DEVICES LIMITED,Electronics,26.44,25.8,6.2,250 to 499,Severe (>20%)
CAMPIONS GROUP LIMITED,Finance,26.43,2.2,60.33,500 to 999,Severe (>20%)
THE COLLEGIATE TRUST,Education,26.42,44.59,67.82,500 to 999,Severe (>20%)
Hailsham Community College Academy Trust,Other,26.41,40.37,52.0,250 to 499,Severe (>20%)
LOOKERS COLBORNE LIMITED,Motor Trade,26.4,28.2,10.5,Less than 250,Severe (>20%)
WINDSOR LEARNING PARTNERSHIP,Education,26.4,42.2,55.4,250 to 499,Severe (>20%)
HIGHDORN CO. LIMITED,Real Estate,26.4,-4.8,32.8,Less than 250,Severe (>20%)
ST BEDE'S SCHOOL TRUST SUSSEX,Education,26.4,24.8,36.0,500 to 999,Severe (>20%)
CARNELL SUPPORT SERVICES LIMITED,Other,26.4,28.2,6.5,250 to 499,Severe (>20%)
St Gregory the Great Catholic Academy Trust,Other,26.4,45.5,73.3,250 to 499,Severe (>20%)
BOUYGUES (U.K.) LIMITED,Construction,26.39,25.55,13.8,1000 to 4999,Severe (>20%)
Portsmouth Hospitals Nhs Trust,Other,26.36,16.96,59.54,"5000 to 19,999",Severe (>20%)
EPICOR SOFTWARE (UK) LIMITED,IT Services,26.36,13.41,19.23,250 to 499,Severe (>20%)
KELTBRAY MANAGEMENT SERVICES LIMITED,Business Support,26.32,22.2,10.0,1000 to 4999,Severe (>20%)
Bedfordshire Hospitals NHS Foundation Trust,Other,26.3,15.07,63.24,"5000 to 19,999",Severe (>20%)
CRANFIELD QUALITY SERVICES LIMITED,Employment Agencies,26.3,0.0,45.0,250 to 499,Severe (>20%)
EVANS HALSHAW LIMITED,Motor Trade,26.3,24.3,6.2,1000 to 4999,Severe (>20%)
SCHOOL CATERING SUPPORT LIMITED,Food & Beverage,26.3,18.6,69.31,250 to 499,Severe (>20%)
DAVIES GROUP LIMITED,Insurance,26.3,29.6,30.0,1000 to 4999,Severe (>20%)
OPEN TEXT UK LIMITED,IT Services,26.3,29.9,17.06,500 to 999,Severe (>20%)
CAPULA INVESTMENT SERVICES LTD,Business Support,26.3,36.9,7.9,250 to 499,Severe (>20%)
WILLMOTT DIXON CONSTRUCTION LIMITED,Construction,26.3,31.7,9.2,1000 to 4999,Severe (>20%)
MUNICH RE UK SERVICES LIMITED,Management Consulting,26.3,14.2,30.9,250 to 499,Severe (>20%)
MOTORWAY ONLINE LTD,IT Services,26.3,29.0,22.0,250 to 499,Severe (>20%)
BRIGGS & FORRESTER LIVING LIMITED,Specialist Construction,26.3,25.5,4.5,250 to 499,Severe (>20%)
JUST RETIREMENT MANAGEMENT SERVICES LIMITED,Business Support,26.3,27.5,34.0,1000 to 4999,Severe (>20%)
SNOWFLAKE COMPUTING U.K. LIMITED,Information Services,26.3,30.8,16.7,250 to 499,Severe (>20%)
RGA UK SERVICES LIMITED,Finance,26.3,15.2,31.1,250 to 499,Severe (>20%)
BOEING UNITED KINGDOM LIMITED,Business Support,26.3,28.0,24.7,250 to 499,Severe (>20%)
EVERCORE GROUP SERVICES LIMITED,Finance,26.3,42.8,19.8,250 to 499,Severe (>20%)
INNOVATE SERVICES LIMITED,Food & Beverage,26.26,27.79,49.18,1000 to 4999,Severe (>20%)
The Schools of King Edward VI Birmingham,Education,26.26,23.53,60.0,250 to 499,Severe (>20%)
Extol Academy Trust,Other,26.25,55.9,83.51,250 to 499,Severe (>20%)
COASTAL ACADEMIES TRUST,Education,26.25,55.28,64.3,500 to 999,Severe (>20%)
ASPIRE LEARNING TRUST (WHITTLESEY),Education,26.23,32.06,76.08,250 to 499,Severe (>20%)
THE DIOCESE OF CANTERBURY ACADEMIES TRUST,Education,26.22,33.03,84.18,500 to 999,Severe (>20%)
Minster Trust for Education,Other,26.21,54.04,68.0,500 to 999,Severe (>20%)
HARBOUR LEARNING TRUST,Education,26.2,39.6,73.27,250 to 499,Severe (>20%)
HAMPTON SCHOOL,Education,26.2,52.0,41.0,250 to 499,Severe (>20%)
WADE DEACON TRUST,Education,26.2,41.6,64.9,500 to 999,Severe (>20%)
TAYLOR ROSE LIMITED,Legal,26.17,22.79,61.94,500 to 999,Severe (>20%)
VEOLIA ENERGY & UTILITY SERVICES UK LIMITED,Utilities,26.17,34.43,8.82,250 to 499,Severe (>20%)
RANDSTAD SOURCERIGHT LIMITED,Employment Agencies,26.14,19.82,34.0,1000 to 4999,Severe (>20%)
AGILISYS LIMITED,Publishing,26.14,28.82,22.01,500 to 999,Severe (>20%)
"THE CONFEDERATION, HILLINGDON CIC",Healthcare,26.14,14.56,60.0,250 to 499,Severe (>20%)
THE BROOKE WESTON TRUST,Education,26.11,43.94,74.0,1000 to 4999,Severe (>20%)
Exeter Friendly Society Limited,Insurance,26.1,20.1,39.0,250 to 499,Severe (>20%)
HILL HOLDINGS LIMITED,Finance,26.1,33.5,12.4,500 to 999,Severe (>20%)
ST HELENS RUGBY FOOTBALL CLUB LIMITED,Sports/Recreation,26.1,0.0,21.3,500 to 999,Severe (>20%)
The College of Richard Collyer,Other,26.1,48.7,54.24,250 to 499,Severe (>20%)
ARCHER (UK) LIMITED,Libraries,26.1,39.6,7.0,250 to 499,Severe (>20%)
NATIONAL GRID COMMERCIAL HOLDINGS LIMITED,Management Consulting,26.1,12.5,49.5,250 to 499,Severe (>20%)
WGSN LIMITED,Publishing,26.1,15.48,75.0,250 to 499,Severe (>20%)
FIRST SENTIER INVESTORS (UK) SERVICES LIMITED,Finance,26.1,13.8,31.0,250 to 499,Severe (>20%)
DEXTERS LONDON LIMITED,Real Estate,26.1,18.0,33.8,1000 to 4999,Severe (>20%)
DAINS ACCOUNTANTS LIMITED,Legal,26.09,20.32,36.11,250 to 499,Severe (>20%)
Countess of Chester Hospital NHS FT,Other,26.07,7.74,71.16,"5000 to 19,999",Severe (>20%)
HORIZON ACADEMY TRUST,Education,26.07,38.02,87.7,500 to 999,Severe (>20%)
GREAT WESTERN HOSPITALS NHS FOUNDATION TRUST,Other,26.03,13.76,69.27,"5000 to 19,999",Severe (>20%)
SUFFOLK GP FEDERATION C.I.C.,Healthcare,26.0,29.0,69.0,250 to 499,Severe (>20%)
TAKEPAYMENTS LIMITED,IT Services,26.0,39.0,23.0,250 to 499,Severe (>20%)
SUPERMASSIVE GAMES LIMITED,IT Services,26.0,20.0,4.0,Less than 250,Severe (>20%)
GALLIARD HOMES LIMITED,Construction,26.0,22.0,18.0,Less than 250,Severe (>20%)
THE NEW HOMES GROUP LIMITED,Financial Support,26.0,27.0,41.0,250 to 499,Severe (>20%)
FLIGHT CENTRE (UK) LIMITED,Travel,26.0,16.0,46.0,1000 to 4999,Severe (>20%)
THE LEAF TRUST,Education,26.0,36.0,85.0,500 to 999,Severe (>20%)
Hollingworth Learning Trust,Other,26.0,37.9,60.0,250 to 499,Severe (>20%)
HEMPSONS LLP,Other,26.0,34.0,60.0,Less than 250,Severe (>20%)
ROYAL NATIONAL ORTHOPAEDIC HOSPITAL,Other,26.0,18.0,50.0,1000 to 4999,Severe (>20%)
REPTON SCHOOL,Education,26.0,47.0,46.6,250 to 499,Severe (>20%)
FORTEL SERVICES LIMITED,Other,26.0,22.8,0.9,500 to 999,Severe (>20%)
The Office for Nuclear Regulation,Other,26.0,38.98,17.5,500 to 999,Severe (>20%)
PAYSTREAM ACCOUNTING SERVICES LIMITED,IT Services,26.0,9.0,33.0,250 to 499,Severe (>20%)
BRIDGES (ELECTRICAL ENGINEERS) LIMITED,Electrical Equipment,26.0,29.0,4.0,250 to 499,Severe (>20%)
J.P. MORGAN PERSONAL INVESTING LIMITED,Financial Support,26.0,24.2,13.7,250 to 499,Severe (>20%)
NHS Cornwall and Isles of Scilly Integrated Care Board,Other,26.0,20.3,65.0,250 to 499,Severe (>20%)
INS-SURE SERVICES LIMITED,Insurance,26.0,31.0,76.0,250 to 499,Severe (>20%)
WHP TELECOMS LIMITED,Other,26.0,28.0,12.0,500 to 999,Severe (>20%)
JUNIPER NETWORKS (UK) LIMITED,IT Services,26.0,28.5,23.0,250 to 499,Severe (>20%)
AO WORLD PLC,Management Consulting,26.0,29.0,28.0,250 to 499,Severe (>20%)
CYNERGY BANK PLC,Finance,26.0,22.0,18.7,250 to 499,Severe (>20%)
BUILD-A-BEAR WORKSHOP UK LIMITED,Retail,26.0,4.0,78.0,500 to 999,Severe (>20%)
ENGENDA GROUP LIMITED,Specialist Construction,25.99,35.55,4.0,250 to 499,Severe (>20%)
LANCER SCOTT LIMITED,Facilities,25.91,77.63,43.0,250 to 499,Severe (>20%)
CARPENTER LIMITED,Rubber/Plastics,25.9,24.7,9.2,250 to 499,Severe (>20%)
UNIVERSAL MUSIC HOLDINGS LIMITED,Management Consulting,25.9,25.2,30.0,1000 to 4999,Severe (>20%)
TURNER BROADCASTING SYSTEM EUROPE LIMITED,Film/TV,25.9,21.2,32.6,250 to 499,Severe (>20%)
WOOD GROUP UK LIMITED,Libraries,25.9,33.8,9.0,1000 to 4999,Severe (>20%)
MEDITERRANEAN SHIPPING COMPANY (UK) LIMITED,Warehousing,25.9,15.9,35.0,500 to 999,Severe (>20%)
SCOR SERVICES UK LIMITED,Finance,25.9,19.8,33.04,250 to 499,Severe (>20%)
THORN LIGHTING LIMITED,Electrical Equipment,25.9,24.2,13.8,250 to 499,Severe (>20%)
EQUINITI FINANCIAL SERVICES LIMITED,Finance,25.86,9.68,31.11,Less than 250,Severe (>20%)
Rugby School,Education,25.85,34.08,44.44,500 to 999,Severe (>20%)
BIOMET UK HEALTHCARE LIMITED,Healthcare,25.81,24.05,10.34,Less than 250,Severe (>20%)
Sandstone Trust,Other,25.81,53.99,58.14,250 to 499,Severe (>20%)
Lykos Multi Academy Trust,Other,25.81,52.59,70.0,250 to 499,Severe (>20%)
ARROW ELECTRONICS LIMITED,Finance,25.8,33.6,30.9,250 to 499,Severe (>20%)
CHARLES HURST LIMITED,Motor Trade,25.8,22.8,11.1,500 to 999,Severe (>20%)
STIR FOOD LTD,Food & Beverage,25.8,27.6,69.0,250 to 499,Severe (>20%)
DELTA ACADEMIES TRUST,Education,25.8,49.3,66.7,1000 to 4999,Severe (>20%)
CRONER GROUP LIMITED,Management Consulting,25.8,25.4,26.0,250 to 499,Severe (>20%)
SHAKESPEARE MARTINEAU LLP,Other,25.8,37.8,57.0,500 to 999,Severe (>20%)
FIRST BUS CENTRAL SERVICES LIMITED,Land Transport,25.8,27.6,29.6,500 to 999,Severe (>20%)
TRUST PAYMENTS LTD,Management Consulting,25.8,20.1,14.9,250 to 499,Severe (>20%)
BROADFIELD LAW UK LLP,Other,25.8,27.54,61.9,250 to 499,Severe (>20%)
GREENSAND MULTI ACADEMY TRUST,Education,25.8,46.06,75.71,500 to 999,Severe (>20%)
BLESSED CHRISTOPHER WHARTON CATHOLIC ACADEMY TRUST,Education,25.8,31.9,72.9,1000 to 4999,Severe (>20%)
BIG FISH GROUP LIMITED,Personal Services,25.79,53.64,52.5,500 to 999,Severe (>20%)
Royal Veterinary College,Other,25.79,31.13,53.64,1000 to 4999,Severe (>20%)
Sandwell & West Birmingham Hospitals N H S Trust,Other,25.74,9.54,78.97,"5000 to 19,999",Severe (>20%)
THE LONDON EARLY YEARS FOUNDATION,Social Work,25.73,13.57,84.33,1000 to 4999,Severe (>20%)
THALES DIS UK LIMITED,Electronics,25.7,25.9,14.0,250 to 499,Severe (>20%)
ESH CONSTRUCTION LIMITED,Construction,25.7,26.74,4.24,500 to 999,Severe (>20%)
Hornchurch Academy Trust,Other,25.7,28.6,89.0,250 to 499,Severe (>20%)
UNIVERSITY OF BRIGHTON ACADEMIES TRUST,Other,25.7,37.0,69.2,1000 to 4999,Severe (>20%)
SAGA SERVICES LIMITED,Financial Support,25.7,12.4,45.5,1000 to 4999,Severe (>20%)
V.SHIPS UK LIMITED,Warehousing,25.7,35.8,21.1,250 to 499,Severe (>20%)
C. & J. CLARK INTERNATIONAL LIMITED,Retail,25.65,2.31,59.84,1000 to 4999,Severe (>20%)
MARSHALL MOTOR GROUP LIMITED,Motor Trade,25.64,22.52,15.66,1000 to 4999,Severe (>20%)
VETS NOW LIMITED,Management Consulting,25.63,35.41,77.0,1000 to 4999,Severe (>20%)
GAMA AVIATION (ENGINEERING) LIMITED,Other,25.62,30.76,2.63,250 to 499,Severe (>20%)
"MIZUHO BANK, LTD.",Other,25.62,23.48,26.09,Less than 250,Severe (>20%)
SOPRA STERIA LIMITED,IT Services,25.62,38.41,23.15,1000 to 4999,Severe (>20%)
LAST MILE INFRASTRUCTURE LIMITED,Specialist Construction,25.62,37.42,24.66,500 to 999,Severe (>20%)
North West Anglia NHS Foundation Trust,Other,25.62,12.51,62.84,"5000 to 19,999",Severe (>20%)
Aberdein Considine,Real Estate,25.61,9.52,53.0,250 to 499,Severe (>20%)
TPT RETIREMENT SOLUTIONS LIMITED,Insurance,25.6,21.9,35.1,250 to 499,Severe (>20%)
COLUMBIA THREADNEEDLE (SERVICES) LIMITED,Business Support,25.6,23.6,29.0,250 to 499,Severe (>20%)
MOTORLINE (KENT) LIMITED,Motor Trade,25.6,29.29,8.7,250 to 499,Severe (>20%)
AXIOM HOSPITALITY LIMITED,Finance,25.6,7.7,47.0,250 to 499,Severe (>20%)
CARTER SYNERGY LIMITED,Other,25.6,26.8,1.5,250 to 499,Severe (>20%)
CLARKE TELECOM LIMITED,Telecoms,25.6,33.8,15.9,250 to 499,Severe (>20%)
HANDELSBANKEN PLC,Finance,25.6,33.5,24.2,1000 to 4999,Severe (>20%)
EQUANS FM LIMITED,Utilities,25.6,34.1,14.8,500 to 999,Severe (>20%)
ROBERT WALTERS OPERATIONS LIMITED,Employment Agencies,25.59,19.93,33.6,500 to 999,Severe (>20%)
SUSSEX LEARNING TRUST,Education,25.55,41.21,68.46,500 to 999,Severe (>20%)
BOVIS CONSTRUCTION (EUROPE) LIMITED,Construction,25.55,24.43,12.0,500 to 999,Severe (>20%)
University Hospital Coventry and Warwickshire NHS Trust,Other,25.5358,17.3752,61.39,"5000 to 19,999",Severe (>20%)
INFOR (UNITED KINGDOM) LIMITED,IT Services,25.51,31.6,20.79,500 to 999,Severe (>20%)
UNIT4 BUSINESS SOFTWARE LIMITED,IT Services,25.5,5.0,34.4,250 to 499,Severe (>20%)
WEYDON MULTI ACADEMY TRUST,Education,25.5,48.9,68.0,1000 to 4999,Severe (>20%)
MARLOWE FIRE & SECURITY LIMITED,Security,25.5,33.2,13.0,500 to 999,Severe (>20%)
ENRA SPECIALIST FINANCE LIMITED,Business Support,25.5,12.8,20.3,250 to 499,Severe (>20%)
SANTANDER UK PLC,Finance,25.5,28.2,36.2,"5000 to 19,999",Severe (>20%)
DERBY DIOCESAN ACADEMY TRUST,Education,25.5,34.8,82.3,1000 to 4999,Severe (>20%)
CENTRICA PLC,Utilities,25.5,18.6,33.5,1000 to 4999,Severe (>20%)
JULIA'S HOUSE LIMITED,Healthcare,25.49,6.31,82.8,250 to 499,Severe (>20%)
MEDWAY COMMUNITY HEALTHCARE C.I.C.,Healthcare,25.49,13.8,80.3,1000 to 4999,Severe (>20%)
EXCEED LEARNING PARTNERSHIP,Education,25.48,40.77,72.0,500 to 999,Severe (>20%)
Liverpool Women's NHS Foundation Trust,Other,25.4651,11.3883,87.78,1000 to 4999,Severe (>20%)
CHETWOOD FINANCIAL LIMITED,Finance,25.46,22.27,30.0,250 to 499,Severe (>20%)
DANNY SULLIVAN & SONS LTD.,Other,25.45,27.31,2.37,1000 to 4999,Severe (>20%)
TELEDOCTOR LIMITED,Information Services,25.45,3.56,86.36,250 to 499,Severe (>20%)
MOLSON GROUP LTD,Specialist Construction,25.44,16.64,12.35,250 to 499,Severe (>20%)
ATKINSRÉALIS RAIL & TRANSIT LIMITED,Architecture/Engineering,25.4,29.5,5.3,250 to 499,Severe (>20%)
TAQA BRATANI LIMITED,Telecoms,25.4,26.7,9.0,500 to 999,Severe (>20%)
THOMSON SNELL & PASSMORE LLP,Other,25.4,39.9,63.1,250 to 499,Severe (>20%)
Charities Aid Foundation,Business Support,25.4,23.9,45.6,500 to 999,Severe (>20%)
THREE SPIRES TRUST,Education,25.4,52.4,65.2,500 to 999,Severe (>20%)
Harrogate and District NHS Foundation Trust,Other,25.4,12.7,71.9,"5000 to 19,999",Severe (>20%)
CRU INTERNATIONAL LIMITED,Professional Services,25.4,24.6,21.2,250 to 499,Severe (>20%)
Liverpool Heart and Chest Hospital NHS Foundation Trust,Other,25.38,7.66,59.34,1000 to 4999,Severe (>20%)
University Hospitals Birmingham Nhs Foundation Trust,Other,25.37,9.98,62.91,"20,000 or more",Severe (>20%)
FORMULA ONE MANAGEMENT LIMITED,Film/TV,25.37,18.32,29.53,500 to 999,Severe (>20%)
ACCENT CATERING SERVICES LIMITED,Food & Beverage,25.36,30.94,45.96,1000 to 4999,Severe (>20%)
SURFACE TECHNOLOGY INTERNATIONAL LIMITED,Electrical Equipment,25.35,0.0,18.92,250 to 499,Severe (>20%)
JEMCA CAR GROUP LIMITED,Motor Trade,25.34,24.94,6.19,250 to 499,Severe (>20%)
BAYFIELDS GROUP LIMITED,Finance,25.33,21.15,66.3,250 to 499,Severe (>20%)
COLT INTERNATIONAL LIMITED,Machinery,25.33,26.14,12.0,250 to 499,Severe (>20%)
HARSCO RAIL LIMITED,Machinery,25.33,33.56,6.8,250 to 499,Severe (>20%)
KNIGHTS BROWN CONSTRUCTION LTD,Other,25.31,26.2,7.0,250 to 499,Severe (>20%)
BONDCARE (DARRINGTON) LIMITED,Residential Care,25.3,0.0,89.5,250 to 499,Severe (>20%)
MICROLISE LIMITED,Electronics,25.3,26.1,14.5,500 to 999,Severe (>20%)
MOWBRAY EDUCATION TRUST LIMITED,Education,25.3,44.3,67.0,250 to 499,Severe (>20%)
Coventry Building Society,Other,25.3,29.5,34.0,1000 to 4999,Severe (>20%)
MONTAGU EVANS BUSINESS SERVICES LTD,Employment Agencies,25.3,16.87,27.03,250 to 499,Severe (>20%)
GOWLING WLG (UK) LLP,Other,25.3,28.6,57.0,1000 to 4999,Severe (>20%)
CREDERA LIMITED,Management Consulting,25.3,32.6,18.5,250 to 499,Severe (>20%)
RECONOMY (UK) LIMITED,Other,25.3,11.4,40.0,500 to 999,Severe (>20%)
Silverwood School,Other,25.27,10.85,89.36,250 to 499,Severe (>20%)
MALVERN COLLEGE,Other,25.24,22.42,52.31,500 to 999,Severe (>20%)
WORLEY EUROPE LTD,Architecture/Engineering,25.2,30.0,16.9,500 to 999,Severe (>20%)
SCIENSUS PHARMA SERVICES LIMITED,Pharmaceuticals,25.2,2.7,56.2,1000 to 4999,Severe (>20%)
HILLSIDE (TRADER SERVICES) LIMITED,Business Support,25.2,25.3,0.8,250 to 499,Severe (>20%)
LLOYDS BANK PLC,Finance,25.2,37.8,37.2,"20,000 or more",Severe (>20%)
COÖPERATIEVE RABOBANK U.A.,Other,25.2,29.8,20.0,500 to 999,Severe (>20%)
SIX CONTINENTS LIMITED,Business Support,25.2,6.5,44.8,250 to 499,Severe (>20%)
CATHEDRAL SCHOOLS TRUST,Education,25.2,44.8,68.0,1000 to 4999,Severe (>20%)
MORGAN SINDALL GROUP PLC,Construction,25.2,30.0,13.0,"5000 to 19,999",Severe (>20%)
WORKSPACE GROUP PLC,Real Estate,25.19,23.64,43.42,250 to 499,Severe (>20%)
EXPRO NORTH SEA LIMITED,Libraries,25.17,23.74,6.45,500 to 999,Severe (>20%)
"SYSTAGENIX WOUND MANAGEMENT MANUFACTURING, LIMITED",Business Support,25.15,33.15,38.0,250 to 499,Severe (>20%)
The Clatterbridge Cancer Centre Nhs Foundation Trust,Other,25.13,19.09,86.0,1000 to 4999,Severe (>20%)
Alder Hey Children's NHS Foundation Trust,Other,25.1296,16.9565,82.89,1000 to 4999,Severe (>20%)
PARAGON CUSTOMER COMMUNICATIONS LIMITED,Printing,25.1,25.9,24.0,250 to 499,Severe (>20%)
FTI CONSULTING LLP,Other,25.1,23.8,31.0,1000 to 4999,Severe (>20%)
P&O FERRIES LIMITED,Water Transport,25.1,5.3,33.3,250 to 499,Severe (>20%)
Orchard Community Trust,Other,25.1,42.0,86.0,500 to 999,Severe (>20%)
JAMES AND JAMES FULFILMENT LTD,Warehousing,25.1,4.6,45.3,250 to 499,Severe (>20%)
TOKIO MARINE KILN INSURANCE SERVICES LIMITED,Business Support,25.1,17.2,37.4,500 to 999,Severe (>20%)
Elston Hall Learning Trust,Other,25.1,22.6,86.9,250 to 499,Severe (>20%)
NCC GROUP SECURITY SERVICES LIMITED,IT Services,25.1,26.5,5.9,500 to 999,Severe (>20%)
CAE TECHNOLOGY SERVICES LIMITED,IT Services,25.08,27.83,9.0,250 to 499,Severe (>20%)
THE ELLIOT FOUNDATION ACADEMIES TRUST,Education,25.07,25.43,85.06,1000 to 4999,Severe (>20%)
JOHN TAYLOR MAT,Education,25.03,53.19,66.57,1000 to 4999,Severe (>20%)
SDL LIMITED,IT Services,25.02,34.85,32.31,500 to 999,Severe (>20%)
THE PRIORY LEARNING TRUST,Education,25.01,45.29,73.76,1000 to 4999,Severe (>20%)
TRILLIUM FLOW SERVICES UK LIMITED,Machinery,25.0,28.0,3.0,250 to 499,Severe (>20%)
BRITISH AIRWAYS HOLIDAYS LIMITED,Travel,25.0,17.0,62.0,250 to 499,Severe (>20%)
Mother Teresa Catholic Academy Trust,Other,25.0,58.0,78.9,500 to 999,Severe (>20%)
ELECTRIUM SALES LIMITED,Electrical Equipment,25.0,19.4,19.1,250 to 499,Severe (>20%)
ELECTROLUX PLC,Wholesale,25.0,26.9,33.8,250 to 499,Severe (>20%)
THE ARBIB EDUCATION TRUST,Education,25.0,35.0,63.0,250 to 499,Severe (>20%)
KINTO UK LIMITED,Motor Trade,25.0,23.0,39.0,250 to 499,Severe (>20%)
COWI UK LIMITED,Architecture/Engineering,25.0,28.0,18.0,250 to 499,Severe (>20%)
FOR ALL TIME PRODUCTIONS UK LIMITED,Film/TV,25.0,23.6,16.0,500 to 999,Severe (>20%)
CITATION HOLDINGS LIMITED,IT Services,25.0,16.0,36.0,250 to 499,Severe (>20%)
Ivel Valley School and College,Other,25.0,2.4,80.3,250 to 499,Severe (>20%)
St John Bosco Catholic Academy,Other,25.0,45.0,68.0,250 to 499,Severe (>20%)
SPARROWS OFFSHORE SERVICES LIMITED,Business Support,25.0,36.0,5.0,500 to 999,Severe (>20%)
AVI-SPL LIMITED,Telecoms,25.0,17.0,8.0,250 to 499,Severe (>20%)
CLARK CONTRACTS LIMITED,Construction,25.0,26.0,3.0,250 to 499,Severe (>20%)
DELTA CAPITA LTD.,Management Consulting,25.0,13.8,29.0,250 to 499,Severe (>20%)
THREADNEEDLE MANAGEMENT SERVICES LIMITED,Business Support,25.0,25.8,29.0,500 to 999,Severe (>20%)
FORWARD EDUCATION TRUST,Education,25.0,21.0,81.0,250 to 499,Severe (>20%)
Franklin Templeton UK,Financial Support,25.0,26.0,23.0,250 to 499,Severe (>20%)
HERCULES PLC,Other,25.0,28.7,2.1,1000 to 4999,Severe (>20%)
GIANT EMPLOYMENT LIMITED,Business Support,25.0,-18.0,42.0,250 to 499,Severe (>20%)
DEVELOPMENT BANK OF WALES PUBLIC LIMITED COMPANY,Finance,25.0,32.0,36.0,250 to 499,Severe (>20%)
BRADGATE EDUCATION PARTNERSHIP,Education,25.0,41.0,77.0,500 to 999,Severe (>20%)
MITEL NETWORKS LIMITED,Telecoms,25.0,32.0,19.0,250 to 499,Severe (>20%)
CREATIVE LYNX LIMITED,Management Consulting,25.0,16.0,49.0,250 to 499,Severe (>20%)
QUARTZELEC LTD,Fabricated Metals,25.0,32.0,6.0,500 to 999,Severe (>20%)
RIGHTMOVE GROUP LIMITED,IT Services,25.0,26.1,29.7,500 to 999,Severe (>20%)
COLOSSEUM DENTAL UK LIMITED,Healthcare,25.0,0.0,93.0,500 to 999,Severe (>20%)
GLENCORE UK LTD.,Financial Support,25.0,19.0,22.7,500 to 999,Severe (>20%)
BAKER & MCKENZIE SERVICES LIMITED,Business Support,25.0,32.0,44.0,500 to 999,Severe (>20%)
GOLD MEDAL TRAVEL GROUP LIMITED,Travel,25.0,29.0,40.0,500 to 999,Severe (>20%)
APROLIS UK LIMITED,Other,25.0,19.0,11.5,500 to 999,Severe (>20%)
LANCASHIRE INSURANCE SERVICES LIMITED,Financial Support,25.0,22.6,30.2,250 to 499,Severe (>20%)
East Midlands Academy Trust,Other,24.99,32.4,68.5,500 to 999,Severe (>20%)
EQUINITI LIMITED,Business Support,24.99,26.59,30.33,250 to 499,Severe (>20%)
GREENWOOD ACADEMIES TRUST,Education,24.98,45.52,80.07,1000 to 4999,Severe (>20%)
THG BEAUTY LIMITED,Finance,24.97,20.26,77.9,500 to 999,Severe (>20%)
LINCOLNSHIRE GATEWAY ACADEMIES TRUST,Education,24.96,38.87,61.76,500 to 999,Severe (>20%)
SOUTH WEST ESSEX COMMUNITY EDUCATION TRUST LIMITED,Education,24.94,46.58,63.0,500 to 999,Severe (>20%)
BANK OF CHINA (UK) LIMITED,Finance,24.91,29.05,39.0,500 to 999,Severe (>20%)
EFFICIO LIMITED,Management Consulting,24.9,13.75,25.83,250 to 499,Severe (>20%)
LLOYDS BANKING GROUP PLC,Finance,24.9,35.0,38.3,"20,000 or more",Severe (>20%)
SCOTT TIMBER LIMITED,Wood Products,24.9,0.1,14.4,500 to 999,Severe (>20%)
MCPHILLIPS (WELLINGTON) LIMITED,Other,24.9,28.6,2.0,Less than 250,Severe (>20%)
HEWLETT - PACKARD LIMITED,IT Services,24.9,27.4,16.0,1000 to 4999,Severe (>20%)
NEWS GROUP NEWSPAPERS LIMITED,Publishing,24.9,16.4,28.2,500 to 999,Severe (>20%)
SWISS RE SERVICES LIMITED,Business Support,24.9,32.6,33.5,250 to 499,Severe (>20%)
University Hospitals Of North Midlands Nhs Trust,Other,24.9,7.4,62.9,"5000 to 19,999",Severe (>20%)
PEPPER MONEY (PMB) LIMITED,Finance,24.9,18.9,37.0,250 to 499,Severe (>20%)
MARKS AND SPENCER FINANCIAL SERVICES PLC,Finance,24.9,3.1,60.0,500 to 999,Severe (>20%)
MORGAN SINDALL CONSTRUCTION & INFRASTRUCTURE LTD,Construction,24.9,29.7,11.0,1000 to 4999,Severe (>20%)
MATER CHRISTI MULTI-ACADEMY TRUST,Other,24.9,43.94,77.0,500 to 999,Severe (>20%)
Charterhouse School,Education,24.89,21.41,39.6,500 to 999,Severe (>20%)
AALBERTS INTEGRATED PIPING SYSTEMS LIMITED,Fabricated Metals,24.88,-1.84,36.0,Less than 250,Severe (>20%)
PELL FRISCHMANN CONSULTANTS LIMITED,Architecture/Engineering,24.86,25.84,14.0,500 to 999,Severe (>20%)
Airedale Nhs Foundation Trust,Other,24.85,17.6,65.3,1000 to 4999,Severe (>20%)
ASPEN INSURANCE UK SERVICES LIMITED,Employment Agencies,24.81,24.51,23.45,500 to 999,Severe (>20%)
Usdaw,Membership Orgs,24.8,33.5,30.5,250 to 499,Severe (>20%)
RIO TINTO LONDON LIMITED,Management Consulting,24.8,25.8,31.0,250 to 499,Severe (>20%)
T. ROWE PRICE INTERNATIONAL LTD,Financial Support,24.8,32.4,22.7,500 to 999,Severe (>20%)
H. CLARKSON & COMPANY LIMITED,Warehousing,24.8,29.8,8.5,500 to 999,Severe (>20%)
ADMIRAL FINANCIAL SERVICES LIMITED,Finance,24.8,25.7,28.5,250 to 499,Severe (>20%)
XL CATLIN SERVICES SE,Financial Support,24.8,27.7,31.99,1000 to 4999,Severe (>20%)
AMPA HOLDINGS LLP,Other,24.8,34.3,55.0,250 to 499,Severe (>20%)
UK BIOBANK LIMITED,Research,24.8,19.9,41.8,250 to 499,Severe (>20%)
TROWERS & HAMLINS (SERVICES) LIMITED,Business Support,24.8,19.7,52.4,250 to 499,Severe (>20%)
PONTICELLI UNITED KINGDOM LIMITED,Architecture/Engineering,24.8,27.5,5.7,250 to 499,Severe (>20%)
OGILVY & MATHER GROUP (HOLDINGS) LIMITED,Advertising,24.8,21.2,49.5,500 to 999,Severe (>20%)
MC TRUCK & BUS LIMITED,Motor Trade,24.8,23.6,6.5,250 to 499,Severe (>20%)
ELSEVIER LIMITED,IT Services,24.8,32.1,25.6,1000 to 4999,Severe (>20%)
Black Country NHS Integrated Care Board,Other,24.79,19.79,56.85,500 to 999,Severe (>20%)
KENNEDYS MANAGEMENT SERVICES LIMITED,Employment Agencies,24.78,30.5,55.12,1000 to 4999,Severe (>20%)
TOWN AND COUNTRY HOUSING GROUP,Other,24.76,29.59,37.5,250 to 499,Severe (>20%)
MILLFIELD,Education,24.71,39.35,52.6,1000 to 4999,Severe (>20%)
REG VARDY LIMITED,Motor Trade,24.7,27.9,13.3,Less than 250,Severe (>20%)
HBOS PLC,Finance,24.7,30.6,41.8,"5000 to 19,999",Severe (>20%)
OXLIP LEARNING PARTNERSHIP,Education,24.7,47.6,61.0,500 to 999,Severe (>20%)
MOONPIG.COM LIMITED,Printing,24.7,35.1,31.9,250 to 499,Severe (>20%)
ANIMAL FRIENDS INSURANCE SERVICES LIMITED,Insurance,24.7,35.3,44.9,250 to 499,Severe (>20%)
EVERY CHILD MATTERS ACADEMY TRUST,Education,24.7,46.5,83.6,500 to 999,Severe (>20%)
NHS Kent and Medway ICB,Other,24.68,14.41,86.54,500 to 999,Severe (>20%)
FIRMENICH UK LIMITED,Chemicals,24.65,-156.14,51.0,250 to 499,Severe (>20%)
Milton Keynes University Hospital NHS Foundation Trust,Other,24.63,9.96,66.78,1000 to 4999,Severe (>20%)
CONCRETE REPAIRS LIMITED,Specialist Construction,24.61,21.04,4.48,250 to 499,Severe (>20%)
AVMI KINLY LTD,Professional Services,24.61,18.91,21.0,250 to 499,Severe (>20%)
EPAM SYSTEMS LTD,IT Services,24.6,25.7,14.8,500 to 999,Severe (>20%)
XPS PENSIONS CONSULTING LIMITED,Management Consulting,24.6,28.2,35.0,500 to 999,Severe (>20%)
MILLENNIUM CAPITAL MANAGEMENT LTD.,Finance,24.6,28.2,13.3,250 to 499,Severe (>20%)
COOPERVISION INTERNATIONAL LIMITED,Wholesale,24.6,24.8,36.2,500 to 999,Severe (>20%)
TILBURY DOUGLAS CONSTRUCTION LIMITED,Construction,24.6,22.5,8.8,1000 to 4999,Severe (>20%)
NUTRICIA LIMITED,Food & Beverage,24.6,19.5,61.61,500 to 999,Severe (>20%)
OUTSIDECLINIC LIMITED,Healthcare,24.6,36.8,32.8,250 to 499,Severe (>20%)
HEMEL SNOWCENTRE LIMITED,Personal Services,24.6,14.8,22.0,250 to 499,Severe (>20%)
PHS COMPLIANCE LIMITED,Business Support,24.6,26.46,4.05,250 to 499,Severe (>20%)
The United Synagogue,Personal Services,24.6,9.14,43.56,500 to 999,Severe (>20%)
LIFE Education Trust,Other,24.6,38.9,72.0,250 to 499,Severe (>20%)
HASKONING UK LIMITED,Management Consulting,24.6,30.6,12.0,500 to 999,Severe (>20%)
BOTTLERS & DISTILLERS (WALES) LIMITED,Other,24.6,15.2,28.57,Less than 250,Severe (>20%)
THE CURRENCY CLOUD SERVICES LIMITED,IT Services,24.6,28.4,16.0,500 to 999,Severe (>20%)
TRANSFORMING LIVES EDUCATIONAL TRUST,Education,24.57,13.19,71.11,250 to 499,Severe (>20%)
Mersey & West Lancashire Teaching Hospitals NHS Trust,Other,24.52,8.11,69.5,"5000 to 19,999",Severe (>20%)
EVOLUTION ACADEMY TRUST,Education,24.5,23.6,79.5,500 to 999,Severe (>20%)
LEO BURNETT LIMITED,Advertising,24.5,23.3,47.6,250 to 499,Severe (>20%)
ISIO GROUP LIMITED,Finance,24.5,21.4,30.0,1000 to 4999,Severe (>20%)
HOLLAND & BARRETT RETAIL LIMITED,Retail,24.5,2.5,51.0,"5000 to 19,999",Severe (>20%)
PETER COOPER MOTOR GROUP LIMITED,Motor Trade,24.5,21.7,10.0,250 to 499,Severe (>20%)
C & W (U.K.) LLP,Other,24.5,15.5,34.8,250 to 499,Severe (>20%)
South Warwickshire General Hospital Nhs Trust,Other,24.5,7.03,83.0,"5000 to 19,999",Severe (>20%)
Betsi Cadwaladr University Health Board,Other,24.49,6.16,72.86,"20,000 or more",Severe (>20%)
DRAPERS' MULTI-ACADEMY TRUST,Education,24.49,43.03,60.5,250 to 499,Severe (>20%)
WESLEYAN ADMINISTRATION SERVICES LIMITED,Financial Support,24.49,19.72,42.67,500 to 999,Severe (>20%)
BWSC GENERATION SERVICES NORTHERN IRELAND LTD,Utilities,24.47,20.33,0.0,Less than 250,Severe (>20%)
SOUTH EAST CORNWALL MULTI ACADEMY REGIONAL TRUST,Education,24.46,46.89,57.14,250 to 499,Severe (>20%)
PROCOOK LIMITED,Retail,24.43,7.0,56.94,500 to 999,Severe (>20%)
LOTUS INTERNATIONAL LIMITED,Travel,24.41,29.16,18.6,250 to 499,Severe (>20%)
REACH2 ACADEMY TRUST,Education,24.41,38.7,82.9,1000 to 4999,Severe (>20%)
MCLAREN RACING LIMITED,Sports/Recreation,24.4,21.8,13.2,1000 to 4999,Severe (>20%)
SAPIENT LIMITED,IT Services,24.4,17.9,19.3,1000 to 4999,Severe (>20%)
GENERICS (U.K.) LIMITED,Pharmaceuticals,24.4,31.3,43.9,250 to 499,Severe (>20%)
GRAVITA GROUP LIMITED,Finance,24.4,22.1,33.0,250 to 499,Severe (>20%)
EASYJET UK LIMITED,Air Transport,24.4,23.3,2.0,"5000 to 19,999",Severe (>20%)
TAZIKER INDUSTRIAL LIMITED,Specialist Construction,24.4,24.3,2.0,250 to 499,Severe (>20%)
SECOM PLC,Security,24.4,23.1,8.6,250 to 499,Severe (>20%)
PLEASE HOLD (UK) LIMITED,Advertising,24.4,6.4,24.0,500 to 999,Severe (>20%)
SCOTTISH WIDOWS SCHRODER PERSONAL WEALTH LIMITED,Management Consulting,24.4,22.3,29.3,500 to 999,Severe (>20%)
STAPLOE EDUCATION TRUST,Education,24.4,45.4,62.82,250 to 499,Severe (>20%)
"MUFG BANK, LTD.",Other,24.4,21.4,27.7,1000 to 4999,Severe (>20%)
HSL COMPLIANCE LTD,Water Supply,24.4,23.67,6.32,250 to 499,Severe (>20%)
CENCORA GLOBAL CONSULTING SERVICES UK LIMITED,Business Support,24.4,25.9,41.5,250 to 499,Severe (>20%)
ENERGY ASSETS LIMITED,Business Support,24.4,17.9,10.0,500 to 999,Severe (>20%)
MARKEL INTERNATIONAL SERVICES LIMITED,Insurance,24.4,24.3,28.2,1000 to 4999,Severe (>20%)
MARSHALL WACE ASSET MANAGEMENT LIMITED,Financial Support,24.4,32.2,10.2,250 to 499,Severe (>20%)
ABCA SYSTEMS LIMITED,Specialist Construction,24.39,23.87,5.0,250 to 499,Severe (>20%)
Focus Academy Trust (UK) Ltd,Other,24.38,23.3,100.0,500 to 999,Severe (>20%)
SANGAMO LIMITED,Electrical Equipment,24.37,13.73,25.0,250 to 499,Severe (>20%)
IVY LEARNING TRUST,Education,24.35,30.42,87.7,500 to 999,Severe (>20%)
PARK PLACE TECHNOLOGIES LIMITED,Computer Repair,24.35,23.33,6.76,250 to 499,Severe (>20%)
THE SIR JOHN BRUNNER FOUNDATION,Education,24.32,46.17,59.6,250 to 499,Severe (>20%)
BRUNEL ACADEMIES TRUST,Education,24.32,12.8,81.6,500 to 999,Severe (>20%)
James Paget University  Hospital NHS Foundation Trust,Other,24.3001,9.3286,81.79,"5000 to 19,999",Severe (>20%)
WESLEYAN FINANCIAL SERVICES LIMITED,Insurance,24.3,33.1,28.2,500 to 999,Severe (>20%)
CLFIS (U.K.) LIMITED,Business Support,24.3,25.7,29.4,1000 to 4999,Severe (>20%)
RFD BEAUFORT LIMITED,Other Manufacturing,24.3,8.0,32.7,250 to 499,Severe (>20%)
East Suffolk and North Essex NHS Foundation Trust,Other,24.3,8.5,64.2,"5000 to 19,999",Severe (>20%)
ESSENCEMEDIACOM HOLDINGS LIMITED,Advertising,24.3,11.0,40.2,500 to 999,Severe (>20%)
SWANN-MORTON LIMITED,Other Manufacturing,24.3,15.9,27.2,250 to 499,Severe (>20%)
KELLOGG BROWN & ROOT (U.K.) LIMITED,Specialist Construction,24.3,32.3,15.0,1000 to 4999,Severe (>20%)
ENTIER LIMITED,Food & Beverage,24.3,16.6,12.2,250 to 499,Severe (>20%)
UNIVERSITIES SUPERANNUATION SCHEME LIMITED,Insurance,24.3,28.4,42.3,250 to 499,Severe (>20%)
FRASERS GROUP FINANCIAL SERVICES LIMITED,Retail,24.3,21.5,32.0,250 to 499,Severe (>20%)
KILNBRIDGE CONSTRUCTION SERVICES LTD.,Construction,24.3,11.1,18.7,250 to 499,Severe (>20%)
CITY LEARNING TRUST,Education,24.3,22.57,65.0,250 to 499,Severe (>20%)
LOOKERS MOTOR GROUP LIMITED,Motor Trade,24.3,15.9,18.1,1000 to 4999,Severe (>20%)
LODGE TYRE COMPANY LIMITED(THE),Motor Trade,24.3,26.8,3.1,250 to 499,Severe (>20%)
ANTARES GLOBAL MANAGEMENT LIMITED,Insurance,24.3,10.6,25.9,250 to 499,Severe (>20%)
CRANLEIGH SCHOOL,Education,24.29,34.07,36.0,250 to 499,Severe (>20%)
KINLEIGH LIMITED,Real Estate,24.28,22.78,37.07,500 to 999,Severe (>20%)
THE CHANCELLORS GROUP OF ESTATE AGENTS LIMITED,Real Estate,24.28,19.71,34.0,250 to 499,Severe (>20%)
MITSUBISHI ELECTRIC EUROPE B.V.,Other,24.27,28.77,21.9,500 to 999,Severe (>20%)
COLLINSON INTERNATIONAL LIMITED,Management Consulting,24.2,22.1,27.7,500 to 999,Severe (>20%)
RIDER LEVETT BUCKNALL UK LIMITED,Architecture/Engineering,24.2,22.8,18.9,1000 to 4999,Severe (>20%)
"ZS ASSOCIATES INTERNATIONAL,INC.",Other,24.2,23.4,26.2,250 to 499,Severe (>20%)
NEXT RETAIL LIMITED,Retail,24.2,10.9,54.0,"20,000 or more",Severe (>20%)
DUNCAN & TOPLIS LIMITED,Finance,24.2,9.8,41.9,250 to 499,Severe (>20%)
The Oxford University Hospitals Nhs Trust,Other,24.2,10.9,61.4,"5000 to 19,999",Severe (>20%)
EMMANUEL SCHOOLS FOUNDATION,Education,24.2,45.6,59.4,1000 to 4999,Severe (>20%)
XC TRAINS LIMITED,Land Transport,24.2,21.7,9.5,1000 to 4999,Severe (>20%)
Yateley School,Other,24.2,35.4,68.0,250 to 499,Severe (>20%)
EDRINGTON DISTILLERS GROUP LIMITED,Other,24.2,13.9,47.83,Less than 250,Severe (>20%)
TRAVEL COUNSELLORS GROUP LIMITED,Travel,24.2,30.7,35.4,250 to 499,Severe (>20%)
Newcastle Building Society,Finance,24.19,17.87,52.3,500 to 999,Severe (>20%)
PILKINGTON TECHNOLOGY MANAGEMENT LIMITED,Non-Metallic Minerals,24.18,24.76,11.94,250 to 499,Severe (>20%)
THE DIOCESE OF COVENTRY MULTI-ACADEMY TRUST,Education,24.18,39.02,76.8,1000 to 4999,Severe (>20%)
ANGLO AMERICAN SERVICES (UK) LTD.,Business Support,24.17,20.56,41.0,250 to 499,Severe (>20%)
Mid and South Essex NHS Foundation Trust,Other,24.1605,7.4648,79.04,"5000 to 19,999",Severe (>20%)
SS&C FINANCIAL SERVICES INTERNATIONAL LIMITED,IT Services,24.16,22.56,32.2,1000 to 4999,Severe (>20%)
MARKS & CLERK LLP,Other,24.15,24.24,35.71,250 to 499,Severe (>20%)
THOUGHT MACHINE GROUP LIMITED,IT Services,24.11,20.14,15.22,250 to 499,Severe (>20%)
NHS Somerset Clinical Commissioning Group,Other,24.11,23.72,68.18,250 to 499,Severe (>20%)
MCCARTHY & STONE MANAGEMENT SERVICES LIMITED,Real Estate,24.11,0.07,61.97,500 to 999,Severe (>20%)
FORD & SLATER LIMITED,Motor Trade,24.1,26.2,7.7,500 to 999,Severe (>20%)
RAPISCAN SYSTEMS LIMITED,Business Support,24.1,24.1,10.5,250 to 499,Severe (>20%)
TURNER & TOWNSEND PROJECT MANAGEMENT LIMITED,Business Support,24.1,24.5,17.6,1000 to 4999,Severe (>20%)
DALKIA FACILITIES LIMITED,Real Estate,24.1,27.1,80.2,1000 to 4999,Severe (>20%)
University Hospitals of Derby and Burton NHS Foundation Trust,Other,24.1,8.4,67.7,"5000 to 19,999",Severe (>20%)
DFDS A/S,Other,24.1,7.6,21.9,250 to 499,Severe (>20%)
STS AVIATION SERVICES UK LIMITED,Other,24.1,21.3,5.7,250 to 499,Severe (>20%)
TORONTO-DOMINION BANK (THE),Other,24.1,35.4,18.0,500 to 999,Severe (>20%)
KILLIK SERVICES LIMITED,Employment Agencies,24.1,33.9,27.0,250 to 499,Severe (>20%)
UNIVERSITY OF CHICHESTER (MULTI) ACADEMY TRUST,Education,24.1,45.56,82.81,1000 to 4999,Severe (>20%)
MS AMLIN CORPORATE SERVICES LIMITED,Management Consulting,24.1,21.9,30.9,500 to 999,Severe (>20%)
TOTALENERGIES GAS & POWER LIMITED,Utilities,24.1,12.0,21.1,500 to 999,Severe (>20%)
GLF SCHOOLS,Education,24.09,45.04,76.25,1000 to 4999,Severe (>20%)
HUAWEI TECHNOLOGIES RESEARCH & DEVELOPMENT (UK) LIMITED,Telecoms,24.08,20.09,3.66,250 to 499,Severe (>20%)
ONE (OWL NORTH EAST) TRUST,Education,24.08,48.87,80.0,250 to 499,Severe (>20%)
Pick Everard,Architecture/Engineering,24.06,31.29,16.2,500 to 999,Severe (>20%)
PROSERV UK LIMITED,Machinery,24.06,21.95,10.0,250 to 499,Severe (>20%)
MIDSOMER NORTON SCHOOLS PARTNERSHIP,Education,24.05,40.77,58.9,1000 to 4999,Severe (>20%)
Insignis Academy Trust,Other,24.03,41.73,70.1,500 to 999,Severe (>20%)
SHARED SERVICES CONNECTED LTD,Business Support,24.02,12.96,34.18,1000 to 4999,Severe (>20%)
SOUTH EAST ESSEX ACADEMY TRUST,Education,24.02,44.0,72.15,500 to 999,Severe (>20%)
NEWTON CONSULTING LIMITED,Management Consulting,24.02,22.07,35.61,500 to 999,Severe (>20%)
WHALE TANKERS LIMITED,Machinery,24.0,22.6,8.54,250 to 499,Severe (>20%)
ESRI (UK) LIMITED,IT Services,24.0,24.0,19.0,250 to 499,Severe (>20%)
king edward VI Academy Trust Birmingham,Other,24.0,22.44,67.0,1000 to 4999,Severe (>20%)
WILKIN CHAPMAN GROUP LTD,Legal,24.0,23.1,63.8,250 to 499,Severe (>20%)
BOMBARDIER SERVICES (UK) LIMITED,Other,24.0,22.0,2.0,250 to 499,Severe (>20%)
GTC INFRASTRUCTURE LIMITED,Other,24.0,28.0,17.0,1000 to 4999,Severe (>20%)
MADANO PARTNERSHIP LIMITED,Finance,24.0,17.0,51.0,Less than 250,Severe (>20%)
CARDO (SOUTH) LIMITED,Real Estate,24.0,23.0,11.5,250 to 499,Severe (>20%)
RITUALS COSMETICS UK LIMITED,Retail,24.0,1.0,85.0,1000 to 4999,Severe (>20%)
THE ROWAN LEARNING TRUST,Education,24.0,43.8,69.5,500 to 999,Severe (>20%)
BRITISH LAND COMPANY PUBLIC LIMITED COMPANY(THE),Construction,24.0,13.6,32.5,250 to 499,Severe (>20%)
ROCKWELL COLLINS UK LIMITED,Wholesale,24.0,28.1,18.0,250 to 499,Severe (>20%)
IPRS HEALTH LIMITED,Retail,24.0,11.0,73.0,250 to 499,Severe (>20%)
XMA LIMITED,Wholesale,24.0,8.5,24.0,500 to 999,Severe (>20%)
ARETÉ LEARNING TRUST,Education,24.0,55.0,59.0,500 to 999,Severe (>20%)
NEW WAVE CAPITAL LIMITED,Finance,24.0,13.0,21.0,500 to 999,Severe (>20%)
The Consortium Academy Trust,Other,24.0,48.0,61.0,1000 to 4999,Severe (>20%)
GLOBALLOGIC CORP. UK LTD.,IT Services,24.0,28.0,23.0,250 to 499,Severe (>20%)
BIG YELLOW GROUP PLC,Management Consulting,24.0,6.0,31.0,250 to 499,Severe (>20%)
PEGASUS PLANNING GROUP LIMITED,Architecture/Engineering,24.0,25.9,34.75,250 to 499,Severe (>20%)
BRAMPTON MANOR TRUST,Education,24.0,15.0,52.0,250 to 499,Severe (>20%)
BERKELEY HOMES (EAST THAMES) LIMITED,Construction,24.0,23.9,13.0,250 to 499,Severe (>20%)
HARRISON CATERING SERVICES LIMITED,Food & Beverage,24.0,21.8,57.0,1000 to 4999,Severe (>20%)
DIRECT RAIL SERVICES LIMITED,Land Transport,24.0,37.0,11.0,250 to 499,Severe (>20%)
ADVISORY INSURANCE BROKERS LIMITED,Insurance,24.0,18.0,24.0,1000 to 4999,Severe (>20%)
PLEXUS CORP (UK) LIMITED,Electrical Equipment,24.0,12.0,18.0,500 to 999,Severe (>20%)
FORSYTHS LIMITED,Fabricated Metals,24.0,33.0,8.0,250 to 499,Severe (>20%)
THE LEARNING PARTNERSHIP ACADEMIES TRUST,Education,24.0,55.4,67.4,1000 to 4999,Severe (>20%)
PRE-SCHOOL LEARNING ALLIANCE,Education,24.0,17.0,90.22,500 to 999,Severe (>20%)
FULSTON MANOR ACADEMIES TRUST,Education,24.0,57.0,66.0,250 to 499,Severe (>20%)
THE UNIVERSITY OF KENT ACADEMIES TRUST,Education,24.0,40.0,65.4,250 to 499,Severe (>20%)
POWER ON CONNECTIONS LTD,Specialist Construction,24.0,28.0,11.0,250 to 499,Severe (>20%)
HSB ENGINEERING INSURANCE SERVICES LIMITED,Architecture/Engineering,24.0,28.0,4.5,250 to 499,Severe (>20%)
PHARMA INTELLIGENCE U.K. LIMITED,Publishing,24.0,25.0,37.0,250 to 499,Severe (>20%)
SEQUENCE (UK) LIMITED,Financial Support,24.0,25.0,39.0,1000 to 4999,Severe (>20%)
MEGGER INSTRUMENTS LIMITED,Electrical Equipment,24.0,19.0,14.0,250 to 499,Severe (>20%)
ANSYS UK LIMITED,IT Services,24.0,21.24,14.1,250 to 499,Severe (>20%)
Monmouthshire Building Society,Finance,24.0,20.3,52.9,250 to 499,Severe (>20%)
SWALE ACADEMIES TRUST,Education,24.0,48.4,61.0,1000 to 4999,Severe (>20%)
NIDEC CONTROL TECHNIQUES LIMITED,Electronics,24.0,24.0,19.0,500 to 999,Severe (>20%)
CALLITECH LIMITED,IT Services,24.0,0.0,70.4,500 to 999,Severe (>20%)
FLUENT MONEY LIMITED,Finance,24.0,22.0,20.0,250 to 499,Severe (>20%)
BREWHOUSE & KITCHEN LIMITED,Food & Beverage,24.0,4.6,25.3,250 to 499,Severe (>20%)
ENERMECH LIMITED,Business Support,23.99,28.1,7.38,500 to 999,Severe (>20%)
ENGIE UK LIMITED,Utilities,23.97,26.31,23.91,Less than 250,Severe (>20%)
Excelsior Multi Academy Trust,Other,23.95,23.23,84.15,250 to 499,Severe (>20%)
SYNECTICS SOLUTIONS LIMITED,IT Services,23.95,17.0,16.42,250 to 499,Severe (>20%)
Northern Care Alliance NHS Foundation Trust,Other,23.9,6.7,66.5,"20,000 or more",Severe (>20%)
PEOPLESCOUT LIMITED,Advertising,23.9,11.3,47.0,Less than 250,Severe (>20%)
Lancashire Teaching Hospitals Nhs Foundation Trust,Other,23.9,1.9,67.0,"5000 to 19,999",Severe (>20%)
ARAG SERVICES LIMITED,Business Support,23.9,21.7,45.2,500 to 999,Severe (>20%)
the roman catholic diocese of westminster,Other,23.9,15.3,77.25,500 to 999,Severe (>20%)
SIEMENS FINANCIAL SERVICES LIMITED,Finance,23.9,25.4,42.6,250 to 499,Severe (>20%)
Emmaus Catholic Academy Trust,Other,23.9,26.7,73.9,1000 to 4999,Severe (>20%)
AVON COSMETICS LIMITED,Retail,23.9,35.2,53.0,250 to 499,Severe (>20%)
ST THOMAS AQUINAS CATHOLIC MULTI ACADEMY TRUST,Education,23.9,46.5,72.6,1000 to 4999,Severe (>20%)
KINGFISHER SCHOOLS TRUST,Education,23.9,42.7,64.23,500 to 999,Severe (>20%)
KINGFISHER PLC,Management Consulting,23.9,16.9,40.6,250 to 499,Severe (>20%)
VANTAGE MOTOR GROUP LIMITED,Motor Trade,23.9,11.8,13.4,250 to 499,Severe (>20%)
OXFORD PHARMAGENESIS LIMITED,Publishing,23.9,23.4,60.9,250 to 499,Severe (>20%)
York Teaching Hospital Nhs Foundation Trust,Other,23.89,17.85,75.43,"5000 to 19,999",Severe (>20%)
THE INSTITUTION OF ENGINEERING AND TECHNOLOGY,Other,23.89,23.12,40.8,250 to 499,Severe (>20%)
Our Lady and All Saints Catholic Multi Academy company,Other,23.88,37.11,77.38,500 to 999,Severe (>20%)
NHS South Yorkshire Integrated Care Board,Other,23.88,14.8545,71.31,500 to 999,Severe (>20%)
BCD MEETINGS & EVENTS LIMITED,Business Support,23.88,18.88,59.05,250 to 499,Severe (>20%)
BENIFEX LIMITED,IT Services,23.85,20.79,29.7,500 to 999,Severe (>20%)
NOATUM LOGISTICS UK LIMITED,Warehousing,23.83,2.73,31.5,250 to 499,Severe (>20%)
CLYDESDALE BANK PLC,Finance,23.8,33.7,39.9,"5000 to 19,999",Severe (>20%)
MAERSK LINE UK LIMITED,Water Transport,23.8,24.0,18.0,500 to 999,Severe (>20%)
A.B.M. CATERING LIMITED,Food & Beverage,23.8,16.3,73.7,1000 to 4999,Severe (>20%)
Buckinghamshire Healthcare NHS Trust,Other,23.8,12.6,66.0,"5000 to 19,999",Severe (>20%)
THE PASSMORES CO-OPERATIVE LEARNING COMMUNITY,Education,23.8,31.8,74.0,500 to 999,Severe (>20%)
TRANSFORM TRUST,Education,23.8,28.18,81.1,1000 to 4999,Severe (>20%)
HAIER SMART HOME UK & I LTD,Electrical Equipment,23.8,17.6,26.0,500 to 999,Severe (>20%)
"THE POKEMON COMPANY INTERNATIONAL, INC",Other,23.8,8.7,52.4,250 to 499,Severe (>20%)
CULINA ASSET MANAGEMENT LIMITED,Warehousing,23.8,27.0,10.9,250 to 499,Severe (>20%)
CALBEE GROUP (UK) LTD,Food Manufacturing,23.8,3.6,31.0,250 to 499,Severe (>20%)
BLACKHAWK NETWORK EMEA LIMITED,Business Support,23.8,23.3,28.9,250 to 499,Severe (>20%)
West Hertfordshire Hospitals NHS Trust,Other,23.8,13.9,63.7,"5000 to 19,999",Severe (>20%)
SOUTH DOWNS LEARNING TRUST,Education,23.8,45.9,66.7,250 to 499,Severe (>20%)
Aneurin Bevan University Health Board,Other,23.8,6.13,72.14,"5000 to 19,999",Severe (>20%)
AXIS UK SERVICES LIMITED,Business Support,23.8,28.7,27.0,500 to 999,Severe (>20%)
NIRAS GROUP (UK) LTD,Other Manufacturing,23.8,30.2,16.7,250 to 499,Severe (>20%)
INSPIRED LIMITED,Professional Services,23.79,23.05,34.27,500 to 999,Severe (>20%)
SOFTWAREONE UK LIMITED,IT Services,23.79,23.84,21.13,250 to 499,Severe (>20%)
KERNOW LEARNING MULTI ACADEMY TRUST,Education,23.75,42.81,80.36,500 to 999,Severe (>20%)
ABBEY DLD COLLEGES LIMITED,Education,23.73,19.52,37.33,250 to 499,Severe (>20%)
WHISTLES LIMITED,Retail,23.73,44.42,99.0,250 to 499,Severe (>20%)
PREMIER SUPPORT SERVICES LIMITED,Facilities,23.71,5.81,40.67,1000 to 4999,Severe (>20%)
CROSSROADS TRUCK & BUS LIMITED,Motor Trade,23.7,26.8,6.0,250 to 499,Severe (>20%)
ABC INTERNATIONAL BANK PLC,Finance,23.7,17.9,22.6,250 to 499,Severe (>20%)
ABBOTT MEDICAL U.K. LIMITED,Healthcare,23.7,15.3,29.0,250 to 499,Severe (>20%)
SLR CONSULTING LIMITED,Professional Services,23.7,22.2,24.9,1000 to 4999,Severe (>20%)
INZPIRE LIMITED,Public Admin,23.7,26.8,8.7,250 to 499,Severe (>20%)
J.P. BODEN & CO. LIMITED,Retail,23.7,15.3,54.0,500 to 999,Severe (>20%)
M&G CORPORATE SERVICES LIMITED,Business Support,23.7,21.6,35.0,250 to 499,Severe (>20%)
BRUNSWICK GROUP SERVICES LIMITED,Business Support,23.7,28.4,47.3,250 to 499,Severe (>20%)
BNP PARIBAS ASSET MANAGEMENT SERVICES LIMITED,Financial Support,23.7,24.7,19.2,500 to 999,Severe (>20%)
ZURICH EMPLOYMENT SERVICES LIMITED,Employment Agencies,23.7,22.0,39.5,1000 to 4999,Severe (>20%)
WALKER FILTRATION LIMITED,Machinery,23.69,-2.95,23.53,250 to 499,Severe (>20%)
CHESTERTON UK SERVICES LIMITED,Real Estate,23.68,20.03,34.07,250 to 499,Severe (>20%)
PENTLAND MOTOR COMPANY LIMITED,Motor Trade,23.66,12.51,15.0,250 to 499,Severe (>20%)
Gateshead Health NHS Foundation Trust,Other,23.64,13.57,73.55,1000 to 4999,Severe (>20%)
SURESERVE ENERGY SERVICES METERS LIMITED,Personal Services,23.63,33.96,7.41,250 to 499,Severe (>20%)
CUMBRIA HEALTH LIMITED,Healthcare,23.62,21.6,54.17,250 to 499,Severe (>20%)
ELEVATE MULTI ACADEMY TRUST,Education,23.6,38.6,85.49,250 to 499,Severe (>20%)
THE HOSPITAL OF ST JOHN AND ST ELIZABETH,Healthcare,23.6,2.28,62.7,500 to 999,Severe (>20%)
N FAMILY HOLDINGS LTD,Education,23.6,5.9,84.1,1000 to 4999,Severe (>20%)
SHOP DIRECT FINANCE COMPANY LIMITED,Finance,23.6,5.1,55.5,500 to 999,Severe (>20%)
ISLESTARR HOLDINGS LIMITED,Chemicals,23.6,26.4,67.5,500 to 999,Severe (>20%)
GRAPHCORE LIMITED,IT Services,23.6,22.2,7.4,250 to 499,Severe (>20%)
INTACT INSURANCE UK LIMITED,Insurance,23.6,23.3,35.2,1000 to 4999,Severe (>20%)
ADEMCO 1 LIMITED,Business Support,23.6,25.8,35.0,250 to 499,Severe (>20%)
"OADBY, WIGSTON AND LEICESTERSHIRE SCHOOLS ACADEMY TRUST",Education,23.6,25.6,89.7,250 to 499,Severe (>20%)
JCT600 (SOUTH YORKSHIRE) LIMITED,Motor Trade,23.6,20.9,8.2,250 to 499,Severe (>20%)
INFORMA MARKETS (UK) LIMITED,Business Support,23.6,16.9,38.5,250 to 499,Severe (>20%)
Mid Yorkshire Teaching NHS Trust,Other,23.6,12.0,63.1,"5000 to 19,999",Severe (>20%)
VOLKERSTEVIN INFRASTRUCTURE LIMITED,Other,23.6,28.5,8.3,500 to 999,Severe (>20%)
ETAS LIMITED,IT Services,23.6,19.62,4.23,250 to 499,Severe (>20%)
S&P GLOBAL RATINGS UK LIMITED,Information Services,23.58,25.09,27.17,250 to 499,Severe (>20%)
INNOX TRADING LIMITED,Retail,23.58,12.41,36.0,250 to 499,Severe (>20%)
THE HEATH FAMILY (NORTH WEST),Education,23.57,48.23,70.71,500 to 999,Severe (>20%)
READYPOWER RAIL SERVICES LIMITED,Leasing,23.55,34.02,2.25,250 to 499,Severe (>20%)
STEEL CITY SCHOOLS PARTNERSHIP,Education,23.52,49.07,77.8,500 to 999,Severe (>20%)
XODUS GROUP LIMITED,Architecture/Engineering,23.5,35.6,25.0,250 to 499,Severe (>20%)
NEWHAM COMMUNITY LEARNING,Education,23.5,33.3,57.6,500 to 999,Severe (>20%)
NATIONAL FOSTERING GROUP LIMITED,Social Work,23.5,5.2,81.0,500 to 999,Severe (>20%)
SIR ROBERT MCALPINE LIMITED,Construction,23.5,27.5,11.5,1000 to 4999,Severe (>20%)
"MCKINSEY & COMPANY, INC. UNITED KINGDOM",Other,23.5,12.6,29.7,1000 to 4999,Severe (>20%)
PRACTICE PLUS GROUP HEALTH AND REHABILITATION SERVICES LIMITED,Healthcare,23.5,15.4,72.0,1000 to 4999,Severe (>20%)
CMC MARKETS PLC,Finance,23.5,22.2,11.5,500 to 999,Severe (>20%)
MUTUAL CLOTHING & SUPPLY COMPANY LIMITED,Finance,23.5,14.0,44.4,250 to 499,Severe (>20%)
HASKINS GROUP LIMITED,Professional Services,23.5,9.6,48.4,500 to 999,Severe (>20%)
NATIONAL WESTMINSTER BANK PUBLIC LIMITED COMPANY,Finance,23.5,26.2,32.85,"20,000 or more",Severe (>20%)
NEXUS MULTI ACADEMY TRUST,Education,23.5,30.0,72.0,1000 to 4999,Severe (>20%)
WHITTAN INDUSTRIAL LIMITED,Fabricated Metals,23.48,25.28,16.0,500 to 999,Severe (>20%)
ASSA ABLOY LIMITED,Fabricated Metals,23.48,20.67,22.94,1000 to 4999,Severe (>20%)
SVITZER MARINE LIMITED,Water Transport,23.47,35.23,3.12,250 to 499,Severe (>20%)
PROPHARMA GROUP MIS LIMITED,Information Services,23.46,11.32,56.56,250 to 499,Severe (>20%)
NHS Sussex Integrated Care Board,Other,23.43,19.01,66.04,500 to 999,Severe (>20%)
Brighter Futures Learning Partnership Trust,Other,23.43,47.65,69.0,250 to 499,Severe (>20%)
WILLIAMS MOTOR CO.(HOLDINGS)LIMITED,Motor Trade,23.4,25.2,11.5,500 to 999,Severe (>20%)
GOTODOC LIMITED,Healthcare,23.4,22.5,67.7,500 to 999,Severe (>20%)
GIANT PROFESSIONAL LIMITED,Business Support,23.4,16.0,20.0,"5000 to 19,999",Severe (>20%)
HAMMERSMITH MEDICINES RESEARCH LIMITED,Research,23.4,6.1,55.0,250 to 499,Severe (>20%)
AMTRUST MANAGEMENT SERVICES LIMITED,Business Support,23.4,18.6,29.1,250 to 499,Severe (>20%)
SMBC BANK INTERNATIONAL PLC,Finance,23.4,22.7,27.6,1000 to 4999,Severe (>20%)
ICBC STANDARD BANK PLC,Finance,23.4,19.1,17.0,500 to 999,Severe (>20%)
SYKES COTTAGES LTD,Travel,23.35,11.85,54.9,250 to 499,Severe (>20%)
CRONER LIMITED,Information Services,23.35,16.43,29.0,250 to 499,Severe (>20%)
THOMAS FRANKS LIMITED,Food & Beverage,23.33,24.86,31.05,1000 to 4999,Severe (>20%)
BRADFORD DIOCESAN ACADEMIES TRUST,Education,23.32,41.14,20.0,1000 to 4999,Severe (>20%)
SANDWELL INSPIRED PARTNERSHIP SERVICES EDUCATION LIMITED,Other,23.32,36.41,59.34,250 to 499,Severe (>20%)
THE CLINKARD GROUP LIMITED,Wholesale,23.31,3.88,67.0,250 to 499,Severe (>20%)
HENKEL LIMITED,Management Consulting,23.3,29.1,36.0,500 to 999,Severe (>20%)
GALLIFORD TRY EMPLOYMENT LIMITED,Construction,23.3,27.0,10.6,1000 to 4999,Severe (>20%)
HCR LEGAL LLP,Other,23.3,32.3,59.0,500 to 999,Severe (>20%)
CUMMING MANAGEMENT GROUP UK LTD,Professional Services,23.3,19.0,15.0,500 to 999,Severe (>20%)
EAST WEST RAILWAY COMPANY LIMITED,Land Transport,23.3,26.4,17.5,Less than 250,Severe (>20%)
PERRYS EAST MIDLANDS LIMITED,Motor Trade,23.3,18.4,12.0,250 to 499,Severe (>20%)
PETERBOROUGH DIOCESE EDUCATION TRUST,Education,23.3,25.1,87.42,1000 to 4999,Severe (>20%)
ADT FIRE AND SECURITY PLC,Personal Services,23.3,30.1,12.0,1000 to 4999,Severe (>20%)
GRAINGER EMPLOYEES LIMITED,Construction,23.3,16.1,40.9,250 to 499,Severe (>20%)
OMNIA OUTSOURCING LIMITED,Business Support,23.3,6.7,63.6,1000 to 4999,Severe (>20%)
NDREAMS LIMITED,Publishing,23.3,32.1,13.0,Less than 250,Severe (>20%)
EDF ENERGY LIMITED,Utilities,23.3,27.5,28.2,"5000 to 19,999",Severe (>20%)
CAMBRIAN LEARNING TRUST,Education,23.29,50.56,78.2,1000 to 4999,Severe (>20%)
THE EXTRACARE CHARITABLE TRUST,Real Estate,23.27,3.29,75.0,500 to 999,Severe (>20%)
NHS PROPERTY SERVICES LIMITED,Real Estate,23.27,25.34,40.46,"5000 to 19,999",Severe (>20%)
ERIC WRIGHT WATER LIMITED,Other,23.26,26.95,5.19,250 to 499,Severe (>20%)
"Barking, Havering and Redbridge University Hospitals NHS Trust",Other,23.25,18.5,56.39,"5000 to 19,999",Severe (>20%)
"ARBUTHNOT LATHAM & CO., LIMITED",Finance,23.23,23.08,27.16,500 to 999,Severe (>20%)
THE ACTIVE LEARNING TRUST LIMITED,Education,23.2,34.8,73.13,1000 to 4999,Severe (>20%)
STRATSTONE SPECIALIST CARS LIMITED,Motor Trade,23.2,14.1,10.3,250 to 499,Severe (>20%)
FORTINET UK LIMITED,IT Services,23.2,30.4,14.9,500 to 999,Severe (>20%)
GLASSWELLS LIMITED,Retail,23.2,16.7,33.3,250 to 499,Severe (>20%)
MICHAEL KORS (UK) LIMITED,Retail,23.2,16.0,65.5,250 to 499,Severe (>20%)
THE DUTTON-FORSHAW MOTOR COMPANY LIMITED,Motor Trade,23.2,18.5,12.3,250 to 499,Severe (>20%)
ST. MODWEN HOMES LIMITED,Real Estate,23.2,8.6,28.2,250 to 499,Severe (>20%)
MCGEE GROUP (HOLDINGS) LIMITED,Construction,23.2,20.2,6.3,250 to 499,Severe (>20%)
TARMAC SERVICES LIMITED,Business Support,23.2,27.6,14.1,1000 to 4999,Severe (>20%)
All Saints' Trust,Other,23.2,27.7,71.0,250 to 499,Severe (>20%)
CITYGATE AUTOMOTIVE LIMITED,Motor Trade,23.2,13.38,8.0,500 to 999,Severe (>20%)
THE SIGMA TRUST,Education,23.18,41.31,60.72,1000 to 4999,Severe (>20%)
BRIGANTIA LEARNING TRUST LIMITED,Education,23.18,45.55,55.86,500 to 999,Severe (>20%)
Our Lady Help of Christians,Other,23.17,51.25,73.29,250 to 499,Severe (>20%)
CLARION EVENTS LIMITED,Business Support,23.17,21.72,38.66,500 to 999,Severe (>20%)
The Dunstan Catholic Educational Trust,Other,23.16,49.26,87.63,250 to 499,Severe (>20%)
BRABNERS LLP,Other,23.1,33.5,60.0,500 to 999,Severe (>20%)
TOPPESFIELD LIMITED,Other,23.1,27.7,3.8,250 to 499,Severe (>20%)
PAXTON ACCESS LIMITED,Electrical Equipment,23.1,14.4,20.6,250 to 499,Severe (>20%)
INVESTEC BANK PLC,Finance,23.1,19.4,22.1,1000 to 4999,Severe (>20%)
MANOR HALL ACADEMY TRUST,Education,23.1,23.9,65.1,500 to 999,Severe (>20%)
MULTIPLIER TECHNOLOGIES UK LTD,IT Services,23.1,16.7,25.7,250 to 499,Severe (>20%)
INVESTMENT FUNDS DIRECT LIMITED,Finance,23.1,2.5,33.0,250 to 499,Severe (>20%)
MOTOR INSURERS' BUREAU,Business Support,23.1,21.7,48.6,250 to 499,Severe (>20%)
The Collective Community Trust,Other,23.1,52.4,85.1,250 to 499,Severe (>20%)
RELIANCE WORLDWIDE CORPORATION (UK) LIMITED,Rubber/Plastics,23.1,35.4,24.5,500 to 999,Severe (>20%)
WICKERSLEY PARTNERSHIP TRUST,Education,23.09,47.81,67.92,1000 to 4999,Severe (>20%)
WIGHTLINK LIMITED,Water Transport,23.09,19.9,8.0,500 to 999,Severe (>20%)
FLEXERA SOFTWARE LIMITED,IT Services,23.08,9.04,17.19,250 to 499,Severe (>20%)
MHR INTERNATIONAL UK LIMITED,IT Services,23.08,22.02,27.85,500 to 999,Severe (>20%)
THE TRAVEL COMPANY LIMITED,Travel,23.06,19.12,54.71,500 to 999,Severe (>20%)
ST CHRISTOPHER'S C OF E (PRIMARY) MULTI ACADEMY TRUST,Education,23.06,47.85,79.0,500 to 999,Severe (>20%)
LOMOND PROPERTY LETTINGS LIMITED,Real Estate,23.04,12.4,41.5,1000 to 4999,Severe (>20%)
FOOT ANSTEY LLP,Other,23.04,27.96,65.28,500 to 999,Severe (>20%)
INDUSTRIAL TURBINE COMPANY (UK) LIMITED,Other,23.03,19.11,12.37,250 to 499,Severe (>20%)
BAXTERSTOREY SCOTLAND LIMITED,Food & Beverage,23.02,2.92,38.2,500 to 999,Severe (>20%)
RED HAT UK LIMITED,IT Services,23.0,26.7,10.8,500 to 999,Severe (>20%)
JSM GROUP HOLDINGS LIMITED,Finance,23.0,25.0,12.0,250 to 499,Severe (>20%)
Hampton Academies Trust,Other,23.0,38.0,68.0,250 to 499,Severe (>20%)
The Keepers And Governors Of The Free Grammar School Of John Lyon,Education,23.0,36.0,35.0,500 to 999,Severe (>20%)
STANDARD CHARTERED BANK,Finance,23.0,21.0,28.0,1000 to 4999,Severe (>20%)
NASDAQ LIMITED,Information Services,23.0,23.0,13.0,250 to 499,Severe (>20%)
TRIUMPH DESIGNS LIMITED,Other Transport,23.0,24.0,4.0,250 to 499,Severe (>20%)
TOYOTA FINANCIAL SERVICES (UK) PLC,Finance,23.0,32.0,33.0,250 to 499,Severe (>20%)
THE BRITISH CYCLING FEDERATION,Sports/Recreation,23.0,24.9,32.9,250 to 499,Severe (>20%)
CARLTON ACADEMY TRUST,Education,23.0,33.0,59.0,500 to 999,Severe (>20%)
Knowledge Schools Trust,Other,23.0,38.0,70.0,500 to 999,Severe (>20%)
FEXCO PROPERTY SERVICES (MANAGEMENT) LIMITED,Real Estate,23.0,18.0,51.5,250 to 499,Severe (>20%)
FERROVIAL CONSTRUCTION (UK) LIMITED,Other,23.0,27.0,13.0,500 to 999,Severe (>20%)
PROPERTY CONSORTIUM UK LIMITED,Specialist Construction,23.0,8.5,31.0,250 to 499,Severe (>20%)
STANDARD CHARTERED PLC,Finance,23.0,21.0,28.0,1000 to 4999,Severe (>20%)
THE DIOCESE OF GLOUCESTER ACADEMIES TRUST,Education,23.0,37.3,87.0,1000 to 4999,Severe (>20%)
BELRON INTERNATIONAL LIMITED,Management Consulting,23.0,11.0,30.0,250 to 499,Severe (>20%)
THE SLOUGH AND EAST BERKSHIRE C OF E MULTI ACADEMY TRUST,Education,23.0,31.0,76.0,500 to 999,Severe (>20%)
The Princess Alexandra Hospital Nhs Trust,Other,23.0,16.0,60.0,1000 to 4999,Severe (>20%)
LANDMARK INFORMATION GROUP LIMITED,IT Services,23.0,28.0,27.0,500 to 999,Severe (>20%)
QUILTER BUSINESS SERVICES LIMITED,Business Support,23.0,24.0,31.0,1000 to 4999,Severe (>20%)
ALPHA FX LIMITED,Finance,23.0,6.0,73.0,250 to 499,Severe (>20%)
THE WELLCOME TRUST LIMITED,Personal Services,23.0,13.3,59.4,1000 to 4999,Severe (>20%)
BERRY GARDENS LIMITED,Wholesale,23.0,8.0,41.0,250 to 499,Severe (>20%)
SEASALT LIMITED,Wholesale,23.0,6.4,68.0,1000 to 4999,Severe (>20%)
CONSORTIUM TRUST,Education,23.0,63.0,81.0,500 to 999,Severe (>20%)
CONNELLS LIMITED,Finance,23.0,29.0,34.0,1000 to 4999,Severe (>20%)
Talbot Underwriting Services Ltd,Business Support,23.0,28.0,21.0,250 to 499,Severe (>20%)
L'OCCITANE LIMITED,Retail,23.0,17.0,83.0,500 to 999,Severe (>20%)
GLYN HOPKIN LIMITED,Motor Trade,23.0,6.0,7.0,500 to 999,Severe (>20%)
BGEN LIMITED,Finance,23.0,10.5,4.0,1000 to 4999,Severe (>20%)
CORA HEALTH DIAGNOSTICS LTD,Healthcare,23.0,41.4,53.0,250 to 499,Severe (>20%)
WASDELL PACKAGING LIMITED,Other Manufacturing,23.0,6.0,33.0,250 to 499,Severe (>20%)
Bishop Chadwick Catholic Education Trust,Other,23.0,60.0,75.0,1000 to 4999,Severe (>20%)
FR AVIATION LIMITED,Air Transport,23.0,23.0,9.0,500 to 999,Severe (>20%)
Southend East Community Academy Trust,Other,23.0,47.0,72.0,500 to 999,Severe (>20%)
PATHFINDER MULTI ACADEMY TRUST,Education,23.0,39.0,73.0,1000 to 4999,Severe (>20%)
NEC SOFTWARE SOLUTIONS UK LIMITED,IT Services,23.0,37.0,28.0,1000 to 4999,Severe (>20%)
BRAYLEYS CARS LIMITED,Motor Trade,23.0,18.0,11.0,500 to 999,Severe (>20%)
POPULOUS LIMITED,Architecture/Engineering,23.0,12.0,30.0,250 to 499,Severe (>20%)
TRUST ALLIANCE GROUP LIMITED,Professional Services,22.99,5.18,39.5,250 to 499,Severe (>20%)
VF SERVICES (UK) LIMITED,Business Support,22.99,3.63,42.0,250 to 499,Severe (>20%)
GRESHAM'S SCHOOL,Education,22.97,50.15,53.0,250 to 499,Severe (>20%)
GB RAILFREIGHT LIMITED,Land Transport,22.97,35.97,5.85,1000 to 4999,Severe (>20%)
ZAHA HADID LIMITED,Architecture/Engineering,22.91,14.5,31.0,250 to 499,Severe (>20%)
"WILLIAM GIBBONS & SONS,LIMITED",Printing,22.9,27.6,1.4,250 to 499,Severe (>20%)
C. P. W. SERVICES LIMITED,Business Support,22.9,25.0,5.6,250 to 499,Severe (>20%)
SEFE MARKETING & TRADING LIMITED,Utilities,22.9,24.0,15.2,250 to 499,Severe (>20%)
NSG ENVIRONMENTAL LIMITED,Fabricated Metals,22.9,18.9,16.0,250 to 499,Severe (>20%)
H&H GROUP PLC,Business Support,22.9,9.6,31.5,250 to 499,Severe (>20%)
The Southfield Trust,Other,22.9,2.89,80.95,250 to 499,Severe (>20%)
BARBON INSURANCE GROUP LIMITED,Insurance,22.9,13.26,51.3,250 to 499,Severe (>20%)
DYNEX SEMICONDUCTOR LIMITED,Electronics,22.9,22.4,14.08,250 to 499,Severe (>20%)
INFORMA GROUP LIMITED,Management Consulting,22.9,26.7,37.9,500 to 999,Severe (>20%)
REACH SOUTH ACADEMY TRUST,Education,22.9,26.9,73.1,500 to 999,Severe (>20%)
TOWERS WATSON LIMITED,Professional Services,22.9,23.2,36.5,1000 to 4999,Severe (>20%)
AMPLIFY EDUCATION,Education,22.9,31.4,64.2,500 to 999,Severe (>20%)
RICHARD IRVIN FM LIMITED,Facilities,22.9,27.7,2.9,250 to 499,Severe (>20%)
PAVERS LIMITED,Retail,22.9,0.5,68.0,1000 to 4999,Severe (>20%)
DISCOVERY SCHOOLS ACADEMIES TRUST LTD,Education,22.89,29.77,78.85,1000 to 4999,Severe (>20%)
WESSEX MULTI ACADEMY TRUST,Education,22.89,44.91,62.45,500 to 999,Severe (>20%)
THE EDUCATION VILLAGE ACADEMY TRUST,Education,22.85,41.05,75.6,250 to 499,Severe (>20%)
AXA ASSISTANCE (U.K.) LIMITED,Financial Support,22.84,16.46,38.56,500 to 999,Severe (>20%)
TUNSTALL HEALTHCARE (UK) LIMITED,Electronics,22.83,20.63,20.6,500 to 999,Severe (>20%)
THE PANTRY (UK) LIMITED,Food & Beverage,22.8,15.79,73.74,500 to 999,Severe (>20%)
HILL DICKINSON BUSINESS SERVICES LIMITED,Business Support,22.8,15.4,57.8,1000 to 4999,Severe (>20%)
Mosaic Partnership Trust,Other,22.8,37.6,81.92,250 to 499,Severe (>20%)
NORTHERN POWERGRID (NORTHEAST) PLC,Utilities,22.8,29.9,13.0,1000 to 4999,Severe (>20%)
Lewisham And Greenwich Nhs Trust,Other,22.8,14.8,64.0,"5000 to 19,999",Severe (>20%)
Leicester Leicestershire & Rutland Integrated Care Board,Other,22.8,6.7,60.0,250 to 499,Severe (>20%)
FEN-BAY SERVICES LIMITED,Machinery,22.8,26.2,3.3,250 to 499,Severe (>20%)
APOLLO FIRE DETECTORS LIMITED,Electrical Equipment,22.8,17.7,25.0,250 to 499,Severe (>20%)
LIFESEARCH LIMITED,Insurance,22.8,27.11,31.0,250 to 499,Severe (>20%)
Swift Academies,Other,22.79,34.91,74.64,250 to 499,Severe (>20%)
INITIO LEARNING TRUST,Education,22.77,44.32,65.22,1000 to 4999,Severe (>20%)
BWSC GENERATION SERVICES UK LTD,Utilities,22.77,22.26,3.7,250 to 499,Severe (>20%)
CHIESI LIMITED,Wholesale,22.77,18.0,37.89,250 to 499,Severe (>20%)
KINGSBRIDGE EDUCATIONAL TRUST,Education,22.72,46.33,72.33,500 to 999,Severe (>20%)
CAPITAL (HAIR AND BEAUTY) LIMITED,Wholesale,22.71,7.85,61.63,250 to 499,Severe (>20%)
St Bartholomew's CE Multi Academy Trust,Other,22.71,34.13,87.27,250 to 499,Severe (>20%)
ABERDEEN GROUP PLC,Management Consulting,22.7,16.0,28.0,1000 to 4999,Severe (>20%)
GUEST MOTORS LIMITED,Motor Trade,22.7,3.0,7.6,250 to 499,Severe (>20%)
MYPAY LIMITED,Business Support,22.7,19.8,40.3,1000 to 4999,Severe (>20%)
RIDGEWAY EDUCATION TRUST,Education,22.7,26.0,72.2,500 to 999,Severe (>20%)
Manchester University NHS Foundation Trust,Other,22.7,2.29,66.21,"20,000 or more",Severe (>20%)
THE DAVID ROSS EDUCATION TRUST,Education,22.7,36.4,62.0,1000 to 4999,Severe (>20%)
PGA EUROPEAN TOUR,Sports/Recreation,22.7,20.5,23.0,250 to 499,Severe (>20%)
VOLKERFITZPATRICK LIMITED,Construction,22.7,27.2,9.2,1000 to 4999,Severe (>20%)
MARTIN-BAKER AIRCRAFT COMPANY LIMITED,Fabricated Metals,22.7,14.5,11.3,1000 to 4999,Severe (>20%)
"PRIMETALS TECHNOLOGIES, LIMITED",Architecture/Engineering,22.7,24.1,12.5,250 to 499,Severe (>20%)
EMERALD PUBLISHING LIMITED,Publishing,22.7,29.8,42.9,250 to 499,Severe (>20%)
AUDLEY TRAVEL GROUP LIMITED,Travel,22.7,25.1,50.8,500 to 999,Severe (>20%)
CUMBRIA EDUCATION TRUST,Education,22.69,34.56,70.0,500 to 999,Severe (>20%)
SQUARE ENIX LIMITED,Publishing,22.69,20.83,28.21,250 to 499,Severe (>20%)
SPACE NK LIMITED,Retail,22.69,-1.85,84.6,1000 to 4999,Severe (>20%)
LINGFIELD COLLEGE,Education,22.68,40.32,61.9,250 to 499,Severe (>20%)
THE FIRST FEDERATION TRUST,Education,22.67,48.46,85.7,500 to 999,Severe (>20%)
WESSEX LEARNING TRUST,Education,22.65,47.65,76.58,1000 to 4999,Severe (>20%)
CAF RAIL UK LIMITED,Other,22.65,19.89,4.6,250 to 499,Severe (>20%)
Seven Kings School,Other,22.64,41.53,69.0,250 to 499,Severe (>20%)
JELLYFISH U.K. LIMITED,Advertising,22.63,15.27,35.51,250 to 499,Severe (>20%)
GALLAGHER BENEFIT SERVICES MANAGEMENT COMPANY LIMITED,Financial Support,22.63,18.69,36.69,1000 to 4999,Severe (>20%)
CENTRAL CO-OPERATIVE LEARNING TRUST,Education,22.61,47.16,85.2,250 to 499,Severe (>20%)
CHELTON LIMITED,Electronics,22.6,26.52,8.89,250 to 499,Severe (>20%)
TGW LIMITED,Specialist Construction,22.6,22.2,11.1,250 to 499,Severe (>20%)
BRANDED GARDEN PRODUCTS LIMITED,Retail,22.6,9.8,34.8,250 to 499,Severe (>20%)
Christus Catholic Trust,Other,22.6,34.4,93.2,250 to 499,Severe (>20%)
BRIT GROUP SERVICES LIMITED,Business Support,22.6,12.6,24.0,500 to 999,Severe (>20%)
ANN SUMMERS LTD.,Retail,22.6,12.4,82.1,1000 to 4999,Severe (>20%)
MEWBURN ELLIS LLP,Other,22.6,27.2,46.4,250 to 499,Severe (>20%)
MAREX FINANCIAL,Finance,22.6,19.7,17.0,1000 to 4999,Severe (>20%)
VERTU MOTORS (VMC) LIMITED,Motor Trade,22.57,15.59,10.31,250 to 499,Severe (>20%)
GLOBALIZATION PARTNERS LTD.,Management Consulting,22.56,20.24,27.17,1000 to 4999,Severe (>20%)
LULULEMON ATHLETICA UK LTD,Retail,22.5,1.8,76.0,500 to 999,Severe (>20%)
TDK-LAMBDA UK LIMITED,Electronics,22.5,14.9,10.3,250 to 499,Severe (>20%)
SPAGHETTI BRIDGE LTD,Education,22.5,35.0,60.0,250 to 499,Severe (>20%)
CHUBB FIRE & SECURITY LIMITED,Management Consulting,22.5,27.4,14.0,1000 to 4999,Severe (>20%)
TRUSTED SCHOOLS ALLIANCE,Education,22.5,55.6,62.1,500 to 999,Severe (>20%)
ISON HARRISON LIMITED,Legal,22.5,27.6,58.3,250 to 499,Severe (>20%)
WESTON HOMES PLC,Construction,22.5,11.7,15.5,250 to 499,Severe (>20%)
CROWN AGENTS BANK LIMITED,Finance,22.5,25.7,22.5,250 to 499,Severe (>20%)
CONVEX UK SERVICES LIMITED,Financial Support,22.5,22.0,31.8,250 to 499,Severe (>20%)
H.J. HEINZ FOODS UK LIMITED,Wholesale,22.5,16.7,41.3,250 to 499,Severe (>20%)
FUTURA LEARNING PARTNERSHIP,Education,22.5,34.2,67.9,1000 to 4999,Severe (>20%)
CAVENDISH NUCLEAR LIMITED,Business Support,22.5,28.2,6.2,1000 to 4999,Severe (>20%)
INNOSPEC LIMITED,Chemicals,22.48,28.9,21.37,500 to 999,Severe (>20%)
SMART MULTI ACADEMY TRUST,Education,22.43,35.03,84.0,250 to 499,Severe (>20%)
SOUTH PENNINE ACADEMIES,Education,22.42,35.52,73.48,500 to 999,Severe (>20%)
HARDING RETAIL IHC LTD,Retail,22.42,24.83,41.2,250 to 499,Severe (>20%)
STONE TECHNOLOGIES LIMITED,Electronics,22.42,6.18,15.0,250 to 499,Severe (>20%)
Maidstone And Tunbridge Wells Nhs Trust,Other,22.4,5.6,61.9,"5000 to 19,999",Severe (>20%)
ALFRED H. KNIGHT INTERNATIONAL LIMITED,Professional Services,22.4,15.2,27.7,250 to 499,Severe (>20%)
ROYTHORNES LLP,Other,22.4,33.6,71.2,250 to 499,Severe (>20%)
STREVENS VEHICLES HOLDINGS LIMITED,Management Consulting,22.4,24.5,6.8,500 to 999,Severe (>20%)
ROYAL COLLEGE OF GENERAL PRACTITIONERS(THE),Other,22.4,14.1,50.7,250 to 499,Severe (>20%)
RAMSDENS FINANCIAL LIMITED,Retail,22.4,6.9,39.0,500 to 999,Severe (>20%)
MISHCON DE REYA GROUP (OPERATIONS) LIMITED,Finance,22.4,22.2,50.4,250 to 499,Severe (>20%)
EUROVIA INFRASTRUCTURE LIMITED,Non-Metallic Minerals,22.4,26.0,4.2,250 to 499,Severe (>20%)
ELEGANZE LIMITED,Retail,22.4,3.4,83.3,250 to 499,Severe (>20%)
BUGLE INN MOTOR COMPANY LIMITED,Motor Trade,22.37,9.25,11.5,250 to 499,Severe (>20%)
EMMAUS CATHOLIC MULTI ACADEMY COMPANY,Education,22.37,42.37,77.51,500 to 999,Severe (>20%)
TETRA TECH LIMITED,Architecture/Engineering,22.37,25.29,15.8,1000 to 4999,Severe (>20%)
COLCHESTER UNITED FOOTBALL CLUB LIMITED,Sports/Recreation,22.36,0.0,5.56,250 to 499,Severe (>20%)
Medicus Health Partners,Other,22.35,19.72,61.54,250 to 499,Severe (>20%)
Ellesmere College,Other,22.34,42.35,74.0,250 to 499,Severe (>20%)
ACADEMY TRANSFORMATION TRUST,Education,22.34,41.7,67.45,1000 to 4999,Severe (>20%)
Hywel Dda University Health Board,Other,22.33,6.64,68.87,"5000 to 19,999",Severe (>20%)
Beckfoot Trust,Other,22.32,44.39,67.06,1000 to 4999,Severe (>20%)
AEGON UK CORPORATE SERVICES LIMITED,Business Support,22.31,24.38,33.0,1000 to 4999,Severe (>20%)
Royal Devon University Healthcare NHS Foundation Trust,Other,22.31,6.28,64.88,"5000 to 19,999",Severe (>20%)
The Newcastle Upon Tyne Hospitals Nhs Foundation Trust,Other,22.31,1.83,67.9,"5000 to 19,999",Severe (>20%)
ORONA LIMITED,Other,22.31,18.5,13.0,250 to 499,Severe (>20%)
CALA MANAGEMENT LIMITED,Construction,22.31,23.47,20.06,1000 to 4999,Severe (>20%)
AJ BELL PLC,Management Consulting,22.3,17.1,21.5,1000 to 4999,Severe (>20%)
SAFEGUARD WORLD INTERNATIONAL HOLDINGS LIMITED,Management Consulting,22.3,22.8,37.0,250 to 499,Severe (>20%)
The Delta Education Trust,Other,22.3,21.9,71.0,500 to 999,Severe (>20%)
GEARSET LIMITED,IT Services,22.3,22.8,9.2,250 to 499,Severe (>20%)
PITNEY BOWES LIMITED,Machinery,22.3,13.4,30.2,250 to 499,Severe (>20%)
Cambridgeshire Community Services Nhs Trust,Other,22.3,19.1,84.8,1000 to 4999,Severe (>20%)
FITCH RATINGS LTD,Finance,22.3,12.5,28.0,500 to 999,Severe (>20%)
The Bedford Estates,Other,22.3,5.3,27.0,250 to 499,Severe (>20%)
INGRAM MICRO (UK) LIMITED,Wholesale,22.3,25.7,24.6,500 to 999,Severe (>20%)
WARNER MUSIC INTERNATIONAL SERVICES LIMITED,Finance,22.3,23.6,36.0,250 to 499,Severe (>20%)
ST. PAUL'S SCHOOL,Education,22.29,34.24,23.2,250 to 499,Severe (>20%)
GOOCH & HOUSEGO PLC,Electronics,22.29,19.99,13.0,500 to 999,Severe (>20%)
Tonbridge & Malling Borough Council,Other,22.27,28.45,41.54,250 to 499,Severe (>20%)
THG SHARED SERVICES LIMITED,Finance,22.24,5.39,36.73,250 to 499,Severe (>20%)
FLYING TRADE LIMITED,Retail,22.24,10.11,24.39,250 to 499,Severe (>20%)
KERV GROUP LIMITED,Finance,22.2,17.9,14.9,500 to 999,Severe (>20%)
MORTIMER CHILDE LTD,Management Consulting,22.2,15.7,32.2,250 to 499,Severe (>20%)
STEPHENS SCOWN LLP,Other,22.2,29.9,67.6,250 to 499,Severe (>20%)
COTY SERVICES UK LIMITED,Business Support,22.2,39.7,63.4,Less than 250,Severe (>20%)
BOLLIN GROUP LIMITED,Management Consulting,22.2,10.6,25.0,250 to 499,Severe (>20%)
ASHURST BUSINESS SERVICES LIMITED,Professional Services,22.2,20.0,48.0,500 to 999,Severe (>20%)
VPI HOLDING LIMITED,Utilities,22.2,15.8,5.3,250 to 499,Severe (>20%)
Bradford Teaching Hospitals NHS Foundation Trust,Other,22.2,4.9,65.25,"5000 to 19,999",Severe (>20%)
UTILITA FIELD SERVICES LIMITED,Other,22.19,32.96,9.0,250 to 499,Severe (>20%)
The Denbigh Alliance,Other,22.18,4.34,69.27,500 to 999,Severe (>20%)
AD ASTRA ACADEMY TRUST,Education,22.17,43.73,86.3,250 to 499,Severe (>20%)
THE SHAW EDUCATION TRUST,Education,22.16,32.97,65.43,1000 to 4999,Severe (>20%)
Birmingham Women’s and Children’s NHS Foundation Trust,Other,22.13,14.62,70.27,"5000 to 19,999",Severe (>20%)
STAFFORDSHIRE UNIVERSITY ACADEMIES TRUST,Education,22.11,48.18,81.33,500 to 999,Severe (>20%)
REED SMITH LLP,Other,22.1,37.5,54.0,500 to 999,Severe (>20%)
EAST MIDLANDS EDUCATION TRUST,Education,22.1,14.9,33.9,1000 to 4999,Severe (>20%)
METLIFE EUROPE SERVICES LIMITED,Other,22.1,28.9,33.0,250 to 499,Severe (>20%)
Mid Cheshire Hospitals Nhs Foundation Trust,Other,22.1,8.6,72.5,"5000 to 19,999",Severe (>20%)
LINCOLN ANGLICAN ACADEMY TRUST,Education,22.1,29.4,85.0,500 to 999,Severe (>20%)
GREENCORE FOODS LIMITED,Food Manufacturing,22.1,25.3,39.0,500 to 999,Severe (>20%)
HUMBER EDUCATION TRUST,Education,22.1,26.8,88.0,1000 to 4999,Severe (>20%)
L.E.K. CONSULTING LLP,Other,22.1,23.0,29.1,250 to 499,Severe (>20%)
WOODARD ACADEMIES TRUST,Education,22.1,36.1,62.61,500 to 999,Severe (>20%)
ACTIVE ADULT LIMITED,Finance,22.1,8.1,51.0,250 to 499,Severe (>20%)
SHARKNINJA EUROPE LTD,Retail,22.1,21.9,48.1,250 to 499,Severe (>20%)
BLUE CROSS,Retail,22.1,24.9,71.6,500 to 999,Severe (>20%)
NHS Bedfordshire Luton and Milton Keynes Integrated Care Board,Other,22.07,14.78,66.36,250 to 499,Severe (>20%)
CORPORATE TRAVEL MANAGEMENT (UNITED KINGDOM) LIMITED,Travel,22.04,15.14,42.62,250 to 499,Severe (>20%)
Durham and Newcastle Diocesan Learning Trust,Other,22.04,34.18,81.15,250 to 499,Severe (>20%)
RISE MULTI ACADEMY TRUST,Education,22.01,34.24,82.47,500 to 999,Severe (>20%)
FOUR CS MAT,Public Admin,22.0,31.0,65.0,500 to 999,Severe (>20%)
SMART PENSION LIMITED,Information Services,22.0,23.0,35.0,Less than 250,Severe (>20%)
FREMANTLEMEDIA GROUP LIMITED,Management Consulting,22.0,17.0,52.6,500 to 999,Severe (>20%)
ONESUBSEA UK LIMITED,Machinery,22.0,24.3,8.3,500 to 999,Severe (>20%)
CLARKE WILLMOTT LLP,Other,22.0,31.3,67.4,500 to 999,Severe (>20%)
PANCREDIT SYSTEMS LTD.,IT Services,22.0,26.0,19.0,250 to 499,Severe (>20%)
PARIS SMITH LLP,Other,22.0,39.0,70.0,Less than 250,Severe (>20%)
LEARNING PARTNERS ACADEMY TRUST,Education,22.0,34.0,66.0,1000 to 4999,Severe (>20%)
Lingfield Education Trust,Other,22.0,27.0,85.0,500 to 999,Severe (>20%)
LISTERS GROUP LIMITED,Motor Trade,22.0,15.0,12.0,1000 to 4999,Severe (>20%)
WARTSILA UK LIMITED,Other,22.0,30.0,20.0,250 to 499,Severe (>20%)
S.D.C. BUILDERS LIMITED,Construction,22.0,20.0,8.0,250 to 499,Severe (>20%)
WORLDPAY (UK) LIMITED,Financial Support,22.0,29.0,24.0,1000 to 4999,Severe (>20%)
KING'S GROUP ACADEMIES,Education,22.0,52.0,74.0,1000 to 4999,Severe (>20%)
"KING'S SCHOOL, BRUTON",Education,22.0,32.0,46.0,250 to 499,Severe (>20%)
BRIDEWELL CONSULTING LIMITED,Management Consulting,22.0,22.0,16.0,250 to 499,Severe (>20%)
FUNDING CIRCLE HOLDINGS PLC,Business Support,22.0,30.0,23.0,500 to 999,Severe (>20%)
NESTLE PURINA UK COMMERCIAL OPERATIONS LIMITED,Wholesale,22.0,31.0,44.0,Less than 250,Severe (>20%)
STAX TRADE CENTRES LIMITED,Wholesale,22.0,2.0,35.9,250 to 499,Severe (>20%)
CONNELLS RESIDENTIAL,Financial Support,22.0,24.0,35.0,1000 to 4999,Severe (>20%)
SEDDON CONSTRUCTION LIMITED,Construction,22.0,27.7,92.0,500 to 999,Severe (>20%)
MCCANN-ERICKSON ADVERTISING LIMITED,Advertising,22.0,23.5,48.3,250 to 499,Severe (>20%)
HEADMASTERS SALONS LIMITED,Personal Services,22.0,23.0,69.0,250 to 499,Severe (>20%)
KEYS ACADEMIES TRUST,Education,22.0,38.0,71.0,250 to 499,Severe (>20%)
DS SMITH PAPER LIMITED,Paper,22.0,10.5,7.7,250 to 499,Severe (>20%)
MBA GROUP LIMITED,Printing,22.0,24.0,19.0,250 to 499,Severe (>20%)
BARKING & DAGENHAM TRADING PARTNERSHIP LTD,Management Consulting,22.0,0.0,85.19,500 to 999,Severe (>20%)
STEPHENSON HARWOOD SERVICES LIMITED,Legal,22.0,33.2,52.9,500 to 999,Severe (>20%)
SPURGEONS,Social Work,22.0,28.0,80.5,250 to 499,Severe (>20%)
NUVEEN ADMINISTRATION LIMITED,Management Consulting,22.0,25.0,30.0,250 to 499,Severe (>20%)
PLAYTECH SOFTWARE LIMITED,IT Services,22.0,19.6,17.9,250 to 499,Severe (>20%)
COMPUTERSHARE INVESTOR SERVICES PLC,Financial Support,22.0,16.0,42.0,1000 to 4999,Severe (>20%)
ALVAREZ & MARSAL EUROPE LLP,Other,22.0,26.0,26.0,1000 to 4999,Severe (>20%)
STEPHENSONS SOLICITORS LLP,Other,22.0,34.0,53.0,250 to 499,Severe (>20%)
DANIEL OWEN LTD,Employment Agencies,22.0,16.0,24.0,500 to 999,Severe (>20%)
"NHS Bath and North East Somerset, Swindon and Wiltshire Clinical Commissioning Group",Other,22.0,23.5,69.0,250 to 499,Severe (>20%)
GANYMEDE SOLUTIONS LIMITED,Employment Agencies,22.0,17.0,7.0,500 to 999,Severe (>20%)
PRO INSURANCE SOLUTIONS LIMITED,Financial Support,22.0,1.0,38.0,500 to 999,Severe (>20%)
ALLFORD HALL MONAGHAN MORRIS LIMITED,Architecture/Engineering,22.0,12.1,27.8,250 to 499,Severe (>20%)
RED BULL COMPANY LIMITED,Wholesale,22.0,2.0,49.0,250 to 499,Severe (>20%)
ENDEAVOUR AUTOMOTIVE LTD,Motor Trade,22.0,12.0,25.0,250 to 499,Severe (>20%)
RAYNER INTRAOCULAR LENSES LIMITED,Other Manufacturing,22.0,4.0,39.0,500 to 999,Severe (>20%)
Royal Cornwall Hospitals NHS Trusts,Other,22.0,8.8,59.8,"5000 to 19,999",Severe (>20%)
CHANDLERS (FARM EQUIPMENT) LIMITED,Motor Trade,22.0,23.6,8.0,250 to 499,Severe (>20%)
IWOCA LTD,Finance,22.0,17.0,19.0,250 to 499,Severe (>20%)
LJMU RECRUITMENT AGENCY LIMITED,Personal Services,22.0,0.0,62.8,500 to 999,Severe (>20%)
NASH SQUARED LIMITED,Personal Services,22.0,28.0,32.0,250 to 499,Severe (>20%)
West Suffolk Nhs Foundation Trust,Other,21.95,7.57,69.41,"5000 to 19,999",Severe (>20%)
Cambridgeshire and Peterborough NHS Foundation Trust,Other,21.94,5.24,74.67,"5000 to 19,999",Severe (>20%)
VINES LIMITED,Motor Trade,21.93,17.83,13.89,250 to 499,Severe (>20%)
Duke of Northumberland The Northumberland Estates,Real Estate,21.93,0.96,40.0,250 to 499,Severe (>20%)
SHIRELAND COLLEGIATE ACADEMY TRUST,Education,21.93,29.4,68.2,500 to 999,Severe (>20%)
TSG UK SOLUTIONS LTD,Basic Metals,21.92,26.92,11.11,250 to 499,Severe (>20%)
FLEETCOR EUROPE LIMITED,IT Services,21.91,22.31,28.81,500 to 999,Severe (>20%)
WPP 2005 LIMITED,Management Consulting,21.9,15.1,36.7,500 to 999,Severe (>20%)
WESTCOAST LIMITED,Wholesale,21.9,18.6,25.0,500 to 999,Severe (>20%)
TUDOR GRANGE ACADEMIES TRUST,Education,21.9,41.2,63.0,500 to 999,Severe (>20%)
NHS Frimley Integrated Care Board,Other,21.9,26.2,55.75,250 to 499,Severe (>20%)
THE INNOVATION GROUP LIMITED,Finance,21.9,51.6,20.0,250 to 499,Severe (>20%)
LONDON & COUNTRY MORTGAGES LIMITED,Finance,21.9,20.2,21.0,500 to 999,Severe (>20%)
MCLEAN & APPLETON (HOLDINGS) LIMITED,Management Consulting,21.9,29.4,14.3,250 to 499,Severe (>20%)
TRANSPORT UK EAST MIDLANDS LIMITED,Land Transport,21.9,20.5,16.8,1000 to 4999,Severe (>20%)
East and North Hertfordshire NHS Trust,Other,21.9,8.7,61.5,"5000 to 19,999",Severe (>20%)
AFFINIA GROUP SERVICES LIMITED,Finance,21.9,17.1,29.5,250 to 499,Severe (>20%)
ENLIGHTEN LEARNING TRUST,Education,21.9,40.9,68.8,250 to 499,Severe (>20%)
TOYOTA(G.B.) PLC,Motor Trade,21.9,20.2,29.0,250 to 499,Severe (>20%)
CYGNUS ACADEMIES TRUST,Education,21.89,43.75,84.69,250 to 499,Severe (>20%)
LEVERHULME ACADEMY CHURCH OF ENGLAND AND COMMUNITY TRUST,Education,21.89,43.89,62.9,250 to 499,Severe (>20%)
MARLBOROUGH COLLEGE,Other,21.85,26.82,42.2,500 to 999,Severe (>20%)
AUDLEY COURT LIMITED,Real Estate,21.85,2.0,51.38,500 to 999,Severe (>20%)
SSE ENERGY SUPPLY LIMITED,Utilities,21.82,18.2,32.6,1000 to 4999,Severe (>20%)
PA HOLDINGS LIMITED,Management Consulting,21.8,24.6,20.0,1000 to 4999,Severe (>20%)
COOMBS CATERING PARTNERSHIP LIMITED,Food & Beverage,21.8,20.9,66.0,250 to 499,Severe (>20%)
Embark Multi Academy Trust,Other,21.8,30.7,71.5,1000 to 4999,Severe (>20%)
RENAKER BUILD LIMITED,Business Support,21.8,32.3,6.7,250 to 499,Severe (>20%)
INDUSTRIAL LIGHT & MAGIC (UK) LTD.,Film/TV,21.8,23.1,17.0,500 to 999,Severe (>20%)
BRIGHT HORIZONS FAMILY SOLUTIONS LIMITED,Education,21.8,5.7,90.1,"5000 to 19,999",Severe (>20%)
GATEWAY LEARNING COMMUNITY,Education,21.8,20.1,79.4,250 to 499,Severe (>20%)
JPMORGAN ASSET MANAGEMENT (UK) LIMITED,Finance,21.8,22.0,23.0,1000 to 4999,Severe (>20%)
DRIFT BRIDGE GARAGE LIMITED,Motor Trade,21.8,12.4,9.0,250 to 499,Severe (>20%)
LIBERTY SPECIALTY MARKETS LIMITED,Management Consulting,21.8,16.4,31.8,1000 to 4999,Severe (>20%)
The Creative Learning Partnership Trust,Other,21.8,19.0,85.29,250 to 499,Severe (>20%)
AIRBUS HELICOPTERS UK LIMITED,Other,21.8,29.2,10.7,250 to 499,Severe (>20%)
CBES LIMITED,Specialist Construction,21.8,22.8,4.4,500 to 999,Severe (>20%)
LEGAL & GENERAL RESOURCES LIMITED,Management Consulting,21.8,25.0,36.4,"5000 to 19,999",Severe (>20%)
CARTER JONAS SERVICE COMPANY,Real Estate,21.77,28.83,33.65,500 to 999,Severe (>20%)
CHANGING LIVES IN COLLABORATION,Education,21.77,-45.17,80.0,500 to 999,Severe (>20%)
THE KEMNAL ACADEMIES TRUST,Education,21.76,30.14,71.8,1000 to 4999,Severe (>20%)
University Hospital Southampton NHS Foundation Trust,Other,21.75,12.77,61.78,"5000 to 19,999",Severe (>20%)
OCS M&E SERVICES LIMITED,Specialist Construction,21.74,30.19,9.89,1000 to 4999,Severe (>20%)
BEYOND SCHOOLS TRUST,Education,21.73,46.01,65.07,500 to 999,Severe (>20%)
DIVERSE ACADEMIES TRUST,Education,21.72,34.13,65.92,1000 to 4999,Severe (>20%)
DARCHEM ENGINEERING LIMITED,Fabricated Metals,21.7,28.3,3.0,500 to 999,Severe (>20%)
PUBLICIS LIMITED,Advertising,21.7,19.1,48.5,250 to 499,Severe (>20%)
DATABRICKS U.K. LIMITED,Business Support,21.7,26.1,22.7,250 to 499,Severe (>20%)
MOONPIG GROUP PLC,Management Consulting,21.7,26.3,33.7,Less than 250,Severe (>20%)
MULALLEY & CO. LIMITED,Construction,21.7,37.0,12.1,250 to 499,Severe (>20%)
EDUCATION SOUTH WEST,Education,21.7,50.2,68.3,500 to 999,Severe (>20%)
LTA SERVICES LIMITED,Employment Agencies,21.7,11.4,35.0,250 to 499,Severe (>20%)
IQVIA LTD.,IT Services,21.7,15.0,42.2,1000 to 4999,Severe (>20%)
INTERNATIONAL FISH CANNERS (SCOTLAND) LIMITED,Food Manufacturing,21.7,5.2,39.7,500 to 999,Severe (>20%)
MILBANK LLP,Other,21.7,44.2,41.8,250 to 499,Severe (>20%)
JOSEPH HOLT LIMITED,Other,21.7,13.3,27.1,250 to 499,Severe (>20%)
Agape Multi Academy Trust,Other,21.69,38.56,67.02,250 to 499,Severe (>20%)
NHS Hampshire and Isle of Wight Integrated Care Board,Other,21.6675,19.7966,64.36,500 to 999,Severe (>20%)
MEDEXPRESS ENTERPRISES LTD,Retail,21.66,28.43,41.0,500 to 999,Severe (>20%)
NHS Mid & South Essex Integrated Care Board,Other,21.65,13.53,67.27,250 to 499,Severe (>20%)
ANAPLAN LIMITED,Publishing,21.64,23.28,11.82,250 to 499,Severe (>20%)
VISION EXPRESS (UK) LIMITED,Business Support,21.64,20.19,60.22,"5000 to 19,999",Severe (>20%)
SOUTHERN COAST CARE LTD,Residential Care,21.63,27.04,91.0,Less than 250,Severe (>20%)
Our Lady Of Walsingham CMAT,Other,21.62,47.19,65.75,500 to 999,Severe (>20%)
MOLTON BROWN LIMITED,Chemicals,21.61,15.8,68.0,500 to 999,Severe (>20%)
TOWER BRIDGE INTERNATIONAL SERVICES L.P.,Other,21.61,17.29,23.38,250 to 499,Severe (>20%)
MICRO FOCUS SOFTWARE UK LTD,IT Services,21.6,18.0,14.42,250 to 499,Severe (>20%)
CCL LABEL LIMITED,Printing,21.6,23.6,14.7,250 to 499,Severe (>20%)
DAISY COMMUNICATIONS LTD.,Telecoms,21.6,15.5,20.0,500 to 999,Severe (>20%)
MIQUILL CATERING LIMITED,Food & Beverage,21.6,14.3,81.0,500 to 999,Severe (>20%)
HOARE LEA LLP,Other,21.6,24.9,15.0,1000 to 4999,Severe (>20%)
SYNERGY MULTI ACADEMY TRUST,Education,21.6,45.2,69.38,500 to 999,Severe (>20%)
JARROLD & SONS LIMITED,Retail,21.6,0.0,58.7,250 to 499,Severe (>20%)
AXIOM MANUFACTURING SERVICES LTD.,Electrical Equipment,21.6,20.2,30.4,250 to 499,Severe (>20%)
VOLKERWESSELS LIMITED,Finance,21.6,22.9,12.5,1000 to 4999,Severe (>20%)
MSI REPRODUCTIVE CHOICES,Healthcare,21.6,24.1,71.2,500 to 999,Severe (>20%)
THE HARBOUR SCHOOLS PARTNERSHIP,Education,21.6,40.9,73.3,1000 to 4999,Severe (>20%)
CAPULA GROUP LIMITED,IT Services,21.6,30.9,18.6,250 to 499,Severe (>20%)
ENDAVA (UK) LIMITED,IT Services,21.6,17.1,14.0,250 to 499,Severe (>20%)
FELIXARC MARINE LIMITED,Employment Agencies,21.58,6.19,2.33,250 to 499,Severe (>20%)
The Rosary Trust,Other,21.55,47.49,89.33,250 to 499,Severe (>20%)
OCU GROUP LTD,Business Support,21.53,17.58,10.22,1000 to 4999,Severe (>20%)
TATA CONSUMER PRODUCTS GB LIMITED,Wholesale,21.52,23.5,46.0,250 to 499,Severe (>20%)
Warrington And Halton Hospitals Nhs Foundation Trust,Other,21.52,4.11,72.12,1000 to 4999,Severe (>20%)
VANGUARD LEARNING TRUST,Education,21.5,36.6,63.5,250 to 499,Severe (>20%)
ASHI GROUP LIMITED,Rubber/Plastics,21.5,14.6,11.37,1000 to 4999,Severe (>20%)
STHREE PARTNERSHIP LLP,Other,21.5,17.9,28.6,Less than 250,Severe (>20%)
CEVA FREIGHT (UK) LIMITED,Air Transport,21.5,12.0,28.4,250 to 499,Severe (>20%)
NEXUS EDUCATION SCHOOLS TRUST,Education,21.5,47.6,86.0,1000 to 4999,Severe (>20%)
INTEGRITY PRINT LIMITED,Other Manufacturing,21.5,18.5,17.5,250 to 499,Severe (>20%)
Hales Valley Trust,Other,21.5,41.9,83.3,250 to 499,Severe (>20%)
HEWLETT-PACKARD CDS LIMITED,IT Services,21.5,37.7,9.4,250 to 499,Severe (>20%)
NHS Cheshire and Merseyside ICB,Other,21.5,14.0,68.79,1000 to 4999,Severe (>20%)
IMAGINATION TECHNOLOGIES LIMITED,IT Services,21.5,18.4,5.4,250 to 499,Severe (>20%)
APOGEE CORPORATION LIMITED,IT Services,21.5,8.0,23.0,500 to 999,Severe (>20%)
ANGLIAN HOME IMPROVEMENTS GROUP LIMITED,Management Consulting,21.5,14.6,11.37,1000 to 4999,Severe (>20%)
PRIORY REHABILITATION SERVICES LIMITED,Healthcare,21.5,-2.3,64.8,250 to 499,Severe (>20%)
LGT WEALTH MANAGEMENT UK LLP,Other,21.5,19.0,28.3,500 to 999,Severe (>20%)
DAC BEACHCROFT CLAIMS LIMITED,Legal,21.48,21.67,57.37,1000 to 4999,Severe (>20%)
1509 GROUP,Education,21.48,17.74,30.0,250 to 499,Severe (>20%)
DAC BEACHCROFT LLP,Other,21.48,21.67,57.37,1000 to 4999,Severe (>20%)
SCOTTISH AND SOUTHERN ENERGY POWER DISTRIBUTION LIMITED,Utilities,21.47,16.4,0.0,250 to 499,Severe (>20%)
AUREOS INFRASTRUCTURE MANAGEMENT SERVICES LIMITED,Finance,21.46,28.67,11.0,1000 to 4999,Severe (>20%)
TEACH Poole,Other,21.45,48.53,74.55,250 to 499,Severe (>20%)
ONE Academy Trust,Other,21.44,47.67,84.0,250 to 499,Severe (>20%)
PING IDENTITY LIMITED,IT Services,21.43,10.56,13.68,250 to 499,Severe (>20%)
DRUCK LIMITED,Electronics,21.4,26.2,19.0,500 to 999,Severe (>20%)
Pioneer Educational Trust,Other,21.4,33.9,60.3,250 to 499,Severe (>20%)
GOODWIN INTERNATIONAL LIMITED,Machinery,21.4,20.3,5.95,250 to 499,Severe (>20%)
SMS ENERGY SERVICES LIMITED,Professional Services,21.4,30.8,25.0,Less than 250,Severe (>20%)
ULTIMATE PRODUCTS PLC,Management Consulting,21.4,2.5,46.7,250 to 499,Severe (>20%)
ULTIMATE PRODUCTS UK LIMITED,Wholesale,21.4,2.5,46.7,250 to 499,Severe (>20%)
Radstock Co-Operative Society Ltd.,Professional Services,21.4,5.1,29.7,250 to 499,Severe (>20%)
Great Learners Trust,Other,21.4,17.9,85.3,250 to 499,Severe (>20%)
NICHOLAS POSTGATE CATHOLIC ACADEMY TRUST,Education,21.4,48.6,67.3,1000 to 4999,Severe (>20%)
JULIAN HODGE BANK LIMITED,Finance,21.4,19.1,36.0,250 to 499,Severe (>20%)
FORGE HOLIDAY GROUP LTD,Finance,21.4,29.43,24.29,250 to 499,Severe (>20%)
WEDLAKE BELL LLP,Other,21.4,32.0,57.7,250 to 499,Severe (>20%)
THE TALENTUM LEARNING TRUST,Education,21.38,44.65,64.37,250 to 499,Severe (>20%)
THE CARR FENTON FOUNDATION,Education,21.37,21.6,63.8,250 to 499,Severe (>20%)
PRESTIGE NURSING LIMITED,Social Work,21.35,9.49,82.93,500 to 999,Severe (>20%)
HOLROYD HOWE LIMITED,Food & Beverage,21.35,14.55,41.11,1000 to 4999,Severe (>20%)
Wyvern College,Other,21.34,30.18,71.21,Less than 250,Severe (>20%)
OUR LADY IMMACULATE CATHOLIC ACADEMIES TRUST LTD,Education,21.33,47.0,75.98,500 to 999,Severe (>20%)
NORTHERN COMMERCIALS (MIRFIELD) LIMITED,Motor Trade,21.31,29.05,8.96,250 to 499,Severe (>20%)
MANDER PORTMAN WOODWARD LIMITED,Education,21.3,27.0,32.4,250 to 499,Severe (>20%)
THE BISHOP WHEELER CATHOLIC ACADEMY TRUST,Education,21.3,52.8,71.9,500 to 999,Severe (>20%)
BONHAMS 1793 LIMITED,Personal Services,21.3,28.1,46.15,250 to 499,Severe (>20%)
INTEGRATED CARE 24,Healthcare,21.3,14.9,50.8,1000 to 4999,Severe (>20%)
MOAT HOMES LIMITED,Other,21.3,17.7,52.0,500 to 999,Severe (>20%)
LEODIS ACADEMIES TRUST,Education,21.3,29.3,73.0,250 to 499,Severe (>20%)
THE TWO COUNTIES TRUST,Education,21.3,43.5,50.0,1000 to 4999,Severe (>20%)
AIB GROUP (UK) P.L.C.,Finance,21.3,15.4,37.8,500 to 999,Severe (>20%)
AVANT HOMES (ENGLAND) LIMITED,Construction,21.3,11.3,15.8,250 to 499,Severe (>20%)
GASWAY SERVICES LIMITED,Specialist Construction,21.28,32.41,3.0,250 to 499,Severe (>20%)
WELLS & CO (BEDFORD) LIMITED,Professional Services,21.26,10.04,33.59,500 to 999,Severe (>20%)
Homerton University Hospital Foundation Trust,Other,21.25,12.2,64.34,1000 to 4999,Severe (>20%)
MOTOR FUEL LIMITED,Retail,21.22,14.56,18.75,250 to 499,Severe (>20%)
Crompton House Church of England Multi Academy Trust,Other,21.2,29.2,69.0,500 to 999,Severe (>20%)
YAMAZAKI MAZAK U.K. LIMITED,Machinery,21.2,10.7,6.4,500 to 999,Severe (>20%)
PRUDENTIAL DISTRIBUTION LIMITED,Finance,21.2,21.4,33.0,1000 to 4999,Severe (>20%)
T. C. HARRISON GROUP LIMITED,Motor Trade,21.2,15.3,14.0,500 to 999,Severe (>20%)
Corporation of Lloyd's,Financial Support,21.2,31.7,40.5,500 to 999,Severe (>20%)
AZETS HOLDINGS LIMITED,Legal,21.2,11.6,40.5,1000 to 4999,Severe (>20%)
WATERGROVE TRUST,Education,21.2,30.2,66.1,500 to 999,Severe (>20%)
THE PRIORY FEDERATION OF ACADEMIES,Education,21.2,33.7,65.2,1000 to 4999,Severe (>20%)
NORCROS GROUP (HOLDINGS) LIMITED,Management Consulting,21.2,16.4,33.9,500 to 999,Severe (>20%)
BMAT EDUCATION,Education,21.2,18.1,62.5,500 to 999,Severe (>20%)
REDMAYNE-BENTLEY LLP,Other,21.2,7.7,28.4,250 to 499,Severe (>20%)
TOTALENERGIES E&P UK LIMITED,Telecoms,21.2,20.3,11.3,500 to 999,Severe (>20%)
STANLEY BLACK & DECKER UK LIMITED,Professional Services,21.2,26.2,26.1,1000 to 4999,Severe (>20%)
CROCKETT AND JONES LIMITED,Other,21.2,15.2,20.7,250 to 499,Severe (>20%)
CONDE NAST PUBLICATIONS LIMITED(THE),Publishing,21.2,19.6,59.8,500 to 999,Severe (>20%)
Yorkshire Building Society,Finance,21.2,22.9,40.1,1000 to 4999,Severe (>20%)
NORGINE LIMITED,Pharmaceuticals,21.18,10.59,49.0,500 to 999,Severe (>20%)
DIOCESE OF SOUTHWELL AND NOTTINGHAM MULTI-ACADEMY TRUST,Education,21.18,22.9,74.9,500 to 999,Severe (>20%)
EPOS NOW (UK) LTD,Wholesale,21.17,21.01,11.0,250 to 499,Severe (>20%)
TARKA LEARNING PARTNERSHIP,Education,21.16,41.71,71.7,500 to 999,Severe (>20%)
Bourne Alliance Multi Academy Trust,Other,21.15,29.48,81.08,250 to 499,Severe (>20%)
SPACE ENGINEERING SERVICES LIMITED,Machinery,21.14,28.85,6.82,250 to 499,Severe (>20%)
EDEN AUTOMOTIVE LIMITED,Motor Trade,21.14,18.55,14.39,250 to 499,Severe (>20%)
GOODWOOD ROAD RACING COMPANY LIMITED,Sports/Recreation,21.13,13.09,45.45,250 to 499,Severe (>20%)
Plymouth Hospitals Nhs Trust,Other,21.13,6.14,60.18,"5000 to 19,999",Severe (>20%)
Danes Educational Trust,Other,21.11,33.56,61.6,1000 to 4999,Severe (>20%)
W.H. BRAKSPEAR & SONS LIMITED,Wholesale,21.11,3.44,34.0,250 to 499,Severe (>20%)
VOLKERWESSELS UK LIMITED,Construction,21.1,24.9,11.3,1000 to 4999,Severe (>20%)
EXPRESS SOLICITORS LIMITED,Legal,21.1,19.0,56.0,500 to 999,Severe (>20%)
VUE SERVICES LIMITED,Management Consulting,21.1,21.2,32.7,250 to 499,Severe (>20%)
MALTBY LEARNING TRUST,Education,21.1,27.1,57.1,500 to 999,Severe (>20%)
WOMBLE BOND DICKINSON (UK) LLP,Other,21.1,32.1,60.5,1000 to 4999,Severe (>20%)
MAYER BROWN INTERNATIONAL LLP,Other,21.1,41.8,42.9,250 to 499,Severe (>20%)
The Pope Francis Catholic Multi Academy Company,Other,21.1,33.3,70.59,250 to 499,Severe (>20%)
JCT600 LIMITED,Motor Trade,21.1,19.0,20.8,1000 to 4999,Severe (>20%)
THE FREEDOM GROUP OF COMPANIES LTD.,Utilities,21.1,28.9,9.8,500 to 999,Severe (>20%)
EA TECHNOLOGY LIMITED,Electrical Equipment,21.1,17.9,14.9,250 to 499,Severe (>20%)
Shires Multi Academy Trust,Other,21.1,33.0,70.4,250 to 499,Severe (>20%)
SLALOM CONSULTING LIMITED,Management Consulting,21.1,17.7,23.0,250 to 499,Severe (>20%)
PAYPOINT NETWORK LIMITED,Business Support,21.1,36.0,27.3,250 to 499,Severe (>20%)
FRAMATOME LIMITED,Fabricated Metals,21.1,19.89,10.2,250 to 499,Severe (>20%)
ST HUGH'S COLLEGE OXFORD,Other,21.1,12.4,37.8,250 to 499,Severe (>20%)
ST JOHN THE BAPTIST CATHOLIC MULTI ACADEMY TRUST,Education,21.1,41.5,71.0,500 to 999,Severe (>20%)
RAMSDENS SOLICITORS LLP,Other,21.09,5.3,71.87,250 to 499,Severe (>20%)
"Buckinghamshire, Oxfordshire and Berkshire West Integrated Care Board",Other,21.08,11.15,66.1,250 to 499,Severe (>20%)
HAFELE U.K. LIMITED,Warehousing,21.08,18.27,27.0,250 to 499,Severe (>20%)
PELE TRUST,Education,21.07,46.6,66.38,500 to 999,Severe (>20%)
NEW BRIDGE MULTI ACADEMY TRUST,Education,21.05,14.3,73.06,500 to 999,Severe (>20%)
FIRST INTUITION LIMITED,Education,21.05,23.96,61.36,500 to 999,Severe (>20%)
LONDON SCHOOL OF ECONOMICS AND POLITICAL SCIENCE,Education,21.04,6.52,43.0,1000 to 4999,Severe (>20%)
UNIVERSITY OF LINCOLN ACADEMY TRUST,Education,21.04,36.04,62.86,500 to 999,Severe (>20%)
Bishop Wilkinson Catholic Education Trust,Other,21.03,42.97,70.43,1000 to 4999,Severe (>20%)
Creating Tomorrow Multi Academy Trust,Other,21.02,3.3,75.0,500 to 999,Severe (>20%)
Black Pear Trust,Other,21.02,37.79,66.0,250 to 499,Severe (>20%)
TEVA UK LIMITED,Pharmaceuticals,21.0,13.0,43.0,250 to 499,Severe (>20%)
M&G FA LIMITED,Management Consulting,21.0,22.6,27.0,1000 to 4999,Severe (>20%)
LINCOLNSHIRE CO-OPERATIVE LIMITED,Other,21.0,14.0,58.0,1000 to 4999,Severe (>20%)
Ascension Catholic Academy Trust,Other,21.0,28.0,71.0,250 to 499,Severe (>20%)
COOKSON PRECIOUS METALS LIMITED,Fabricated Metals,21.0,8.0,20.0,250 to 499,Severe (>20%)
COLLINS RIVER ENTERPRISES LIMITED,Water Transport,21.0,15.0,21.0,250 to 499,Severe (>20%)
"WALSALL FOOTBALL CLUB,LIMITED(THE)",Retail,21.0,0.0,19.0,500 to 999,Severe (>20%)
MARKETING VF LTD,Advertising,21.0,21.4,21.5,250 to 499,Severe (>20%)
DOTDIGITAL GROUP PLC,Business Support,21.0,20.0,22.0,250 to 499,Severe (>20%)
GENESIS CANCER CARE UK LIMITED,Healthcare,21.0,22.0,50.0,500 to 999,Severe (>20%)
THE DIAMOND LEARNING PARTNERSHIP TRUST,Education,21.0,8.0,79.0,500 to 999,Severe (>20%)
QUBE RESEARCH & TECHNOLOGIES LIMITED,Financial Support,21.0,18.0,11.0,500 to 999,Severe (>20%)
FALCON OF HULL & LINCOLNSHIRE LIMITED,Motor Trade,21.0,21.0,9.0,250 to 499,Severe (>20%)
MARITIME ACADEMY TRUST,Education,21.0,27.0,82.0,500 to 999,Severe (>20%)
AESSEAL PLC,Other Manufacturing,21.0,16.0,12.0,250 to 499,Severe (>20%)
ATLANTA INSURANCE INTERMEDIARIES LIMITED,Insurance,21.0,13.0,34.0,1000 to 4999,Severe (>20%)
SALLY SALON SERVICES LIMITED,Retail,21.0,5.0,76.0,1000 to 4999,Severe (>20%)
RELIABLE CONTRACTORS LIMITED,Other,21.0,22.0,1.0,500 to 999,Severe (>20%)
NOVA LABORATORIES LIMITED,Pharmaceuticals,21.0,21.0,35.0,250 to 499,Severe (>20%)
CIVICA UK LIMITED,IT Services,21.0,30.0,27.0,1000 to 4999,Severe (>20%)
WHS CANNING BRETT LTD,Motor Vehicles,21.0,12.0,0.0,Less than 250,Severe (>20%)
Together Learning Trust,Other,21.0,42.0,68.0,500 to 999,Severe (>20%)
GEORGE LESLIE LIMITED,Other,21.0,18.0,6.0,250 to 499,Severe (>20%)
STERLING FURNITURE GROUP LIMITED,Retail,21.0,0.0,42.0,250 to 499,Severe (>20%)
Aylsham Learning Federation,Other,21.0,3.0,69.0,250 to 499,Severe (>20%)
CLARION SOLICITORS LIMITED,Legal,21.0,29.0,71.0,250 to 499,Severe (>20%)
WAVE MULTI ACADEMY TRUST,Education,21.0,35.0,71.0,250 to 499,Severe (>20%)
WELLINGBOROUGH SCHOOL,Education,21.0,24.0,55.9,Less than 250,Severe (>20%)
GCI NETWORK SOLUTIONS LIMITED,Telecoms,21.0,28.0,18.0,500 to 999,Severe (>20%)
CREST NICHOLSON OPERATIONS LIMITED,Construction,21.0,33.0,25.0,500 to 999,Severe (>20%)
FOREST GARDEN LIMITED,Wood Products,21.0,27.0,8.0,500 to 999,Severe (>20%)
ORION EDUCATION,Education,21.0,37.1,59.4,500 to 999,Severe (>20%)
MASSTOCK ARABLE (UK) LIMITED,Wood Products,21.0,17.0,18.0,500 to 999,Severe (>20%)
VIVO DEFENCE SERVICES LIMITED,Construction,21.0,32.0,17.0,1000 to 4999,Severe (>20%)
ASPIRE TECHNOLOGY SOLUTIONS LTD,IT Services,21.0,13.6,7.0,250 to 499,Severe (>20%)
HORIBA MIRA LIMITED,Research,21.0,12.0,11.54,500 to 999,Severe (>20%)
SYTNER GROUP LIMITED,Motor Trade,21.0,19.7,14.7,"5000 to 19,999",Severe (>20%)
Esher Sixth Form College,Education,21.0,51.0,58.3,Less than 250,Severe (>20%)
LOVELL PARTNERSHIPS LIMITED,Construction,21.0,30.2,18.0,1000 to 4999,Severe (>20%)
ROYAL BANK OF CANADA,Other,21.0,20.0,26.0,1000 to 4999,Severe (>20%)
VERTU FIRST INVESTMENTS LIMITED,Motor Trade,20.96,15.28,10.34,1000 to 4999,Severe (>20%)
SOUTHAMPTON ISLE OF WIGHT AND SOUTH OF ENGLAND ROYAL MAIL STEAM PACKET COMPANY LIMITED,Water Transport,20.95,21.73,17.6,500 to 999,Severe (>20%)
Principality Building Society,Finance,20.94,26.85,45.6,1000 to 4999,Severe (>20%)
THE ATHELSTAN TRUST,Education,20.93,31.79,57.27,500 to 999,Severe (>20%)
VERINT SYSTEMS UK LIMITED,IT Services,20.92,21.19,23.0,500 to 999,Severe (>20%)
The Park Academies Trust,Other,20.92,44.7,69.19,500 to 999,Severe (>20%)
NATIONAL OILWELL VARCO UK LIMITED,Libraries,20.92,15.0,9.3,1000 to 4999,Severe (>20%)
ASTREA ACADEMY TRUST,Education,20.92,29.0,66.67,1000 to 4999,Severe (>20%)
LUMEN CHRISTI CATHOLIC MULTI ACADEMY COMPANY,Education,20.92,29.15,72.8,250 to 499,Severe (>20%)
INFORMA CONNECT LIMITED,Business Support,20.9,6.8,49.3,500 to 999,Severe (>20%)
TES GLOBAL LIMITED,Publishing,20.9,22.2,34.2,500 to 999,Severe (>20%)
EQUANS BUILDINGS LIMITED,Facilities,20.9,19.9,21.7,500 to 999,Severe (>20%)
OAK MULTI ACADEMY TRUST,Education,20.9,31.8,73.9,250 to 499,Severe (>20%)
NORBAR TORQUE TOOLS LIMITED,Fabricated Metals,20.9,18.8,6.5,250 to 499,Severe (>20%)
CLYDE UK SERVICES COMPANY,Business Support,20.9,28.7,52.0,1000 to 4999,Severe (>20%)
RED KITE LEARNING TRUST,Education,20.9,34.7,69.1,1000 to 4999,Severe (>20%)
UNITY SCHOOLS PARTNERSHIP,Education,20.9,36.3,69.5,1000 to 4999,Severe (>20%)
Wirral University Teaching Hospital Nhs Foundation Trust,Other,20.9,4.4,69.0,"5000 to 19,999",Severe (>20%)
Future Generation Trust,Other,20.9,25.9,84.1,250 to 499,Severe (>20%)
SWITALSKIS SOLICITORS LIMITED,Legal,20.9,23.0,73.0,250 to 499,Severe (>20%)
LIBERATA UK LIMITED,Management Consulting,20.9,8.3,55.1,1000 to 4999,Severe (>20%)
ST GABRIEL THE ARCHANGEL CATHOLIC MULTI-ACADEMY TRUST,Education,20.88,42.41,85.0,500 to 999,Severe (>20%)
HEALTH ASSURED LTD,Healthcare,20.87,9.13,46.0,250 to 499,Severe (>20%)
HARWIN PLC,Electronics,20.86,10.49,16.4,250 to 499,Severe (>20%)
OUR LADY OF LOURDES CATHOLIC MULTI-ACADEMY TRUST,Education,20.85,42.88,73.4,1000 to 4999,Severe (>20%)
HALLIARD TRUST,Education,20.85,43.53,68.53,1000 to 4999,Severe (>20%)
STRATSTONE AUTOMOTIVE LIMITED,Motor Trade,20.8,26.6,10.6,500 to 999,Severe (>20%)
THE ENTERTAINER (AMERSHAM) LIMITED,Retail,20.8,2.4,48.75,1000 to 4999,Severe (>20%)
THREE SHIRES HOSPITAL LLP,Other,20.8,20.7,72.4,250 to 499,Severe (>20%)
Liverpool University Hospitals NHS Foundation Trust,Other,20.8,5.6,64.3,"5000 to 19,999",Severe (>20%)
EQUANS SERVICES LIMITED,Facilities,20.8,25.0,22.7,"5000 to 19,999",Severe (>20%)
MINTEL GROUP LTD,Advertising,20.8,34.0,36.4,250 to 499,Severe (>20%)
HACHETTE UK LIMITED,Publishing,20.8,15.2,64.9,1000 to 4999,Severe (>20%)
NGAGE TALENT UK EMPLOYEES LIMITED,Employment Agencies,20.8,15.2,33.8,500 to 999,Severe (>20%)
INFY CONSULTING COMPANY LIMITED,Management Consulting,20.8,22.8,11.4,500 to 999,Severe (>20%)
Royal Papworth Hospital NHS Foundation Trust,Other,20.78,9.33,57.5,1000 to 4999,Severe (>20%)
The Shrewsbury and Telford Hospital NHS Trust,Other,20.77,3.49,78.83,"5000 to 19,999",Severe (>20%)
SFAET LTD,Other,20.76,22.79,65.49,500 to 999,Severe (>20%)
PORTSMOUTH WATER LIMITED,Water Supply,20.75,4.95,26.0,250 to 499,Severe (>20%)
NOVO NORDISK LIMITED,Wholesale,20.74,17.17,59.0,500 to 999,Severe (>20%)
J. MURPHY & SONS LIMITED,Other,20.73,23.68,10.04,1000 to 4999,Severe (>20%)
ST CLARE CATHOLIC MULTI ACADEMY TRUST,Education,20.72,37.84,67.9,500 to 999,Severe (>20%)
CHANNEL COMMERCIALS PLC,Motor Trade,20.71,25.0,7.0,250 to 499,Severe (>20%)
FIRST HYDRO COMPANY,Utilities,20.71,30.14,4.76,Less than 250,Severe (>20%)
TENTERDEN SCHOOLS TRUST,Education,20.7,31.6,73.4,250 to 499,Severe (>20%)
FIRST COMPLETE LIMITED,Finance,20.7,22.3,36.1,250 to 499,Severe (>20%)
WORKNEST LIMITED,Legal,20.7,17.2,39.0,250 to 499,Severe (>20%)
SABIO LTD,Telecoms,20.7,13.4,14.5,250 to 499,Severe (>20%)
WASHWOOD HEATH MULTI ACADEMY TRUST,Education,20.7,30.2,60.5,500 to 999,Severe (>20%)
NHS Humber and North Yorkshire Integrated Care Board,Other,20.7,10.89,64.22,500 to 999,Severe (>20%)
FRAMESTORE LIMITED(THE),Film/TV,20.7,30.8,22.0,1000 to 4999,Severe (>20%)
AMENTUM ENTERPRISE ASSET SOLUTIONS LIMITED,Fabricated Metals,20.7,26.9,9.2,1000 to 4999,Severe (>20%)
THE CONSTELLATION TRUST,Education,20.7,31.81,68.95,500 to 999,Severe (>20%)
THOMAS OF YORK LIMITED,Food Manufacturing,20.7,8.9,60.6,250 to 499,Severe (>20%)
CURTINS CONSULTING LIMITED,Architecture/Engineering,20.7,20.7,13.0,250 to 499,Severe (>20%)
Generations Multi Academy Trust,Other,20.7,45.0,62.5,250 to 499,Severe (>20%)
WARRINGTON GARAGES LIMITED,Motor Trade,20.7,28.9,15.4,250 to 499,Severe (>20%)
Northumbria Healthcare NHS Foundation Trust,Other,20.7,7.5,74.4,"5000 to 19,999",Severe (>20%)
ST OSCAR ROMERO CATHOLIC ACADEMY TRUST,Education,20.7,34.3,73.68,500 to 999,Severe (>20%)
THE ROMERO CATHOLIC ACADEMY,Education,20.7,41.7,73.0,500 to 999,Severe (>20%)
STEP ACADEMY TRUST,Education,20.69,20.85,76.0,500 to 999,Severe (>20%)
Mater Ecclesiae Catholic Multi Academy Trust,Other,20.69,40.61,79.0,250 to 499,Severe (>20%)
OAK LEARNING PARTNERSHIP,Education,20.69,35.85,73.16,500 to 999,Severe (>20%)
EQUINITI SERVICES LIMITED,Finance,20.69,28.58,37.07,1000 to 4999,Severe (>20%)
JET2HOLIDAYS LIMITED,Travel,20.68,5.24,62.7,1000 to 4999,Severe (>20%)
MICHELMORES LLP,Other,20.67,43.0,65.5,250 to 499,Severe (>20%)
HF LIMITED,Legal,20.66,20.76,49.46,500 to 999,Severe (>20%)
THE WHITE HORSE FEDERATION,Education,20.64,23.01,72.76,1000 to 4999,Severe (>20%)
VERTU MOTORS (CONTINENTAL) LIMITED,Motor Trade,20.64,17.17,15.03,1000 to 4999,Severe (>20%)
NHS Suffolk and North East Essex Integrated Care Board,Other,20.64,9.72,64.63,500 to 999,Severe (>20%)
FAIR WAYS COMMUNITY BENEFIT SOCIETY,Other,20.62,13.33,72.0,250 to 499,Severe (>20%)
L'OREAL (U.K.) LIMITED,Wholesale,20.61,18.95,68.1,1000 to 4999,Severe (>20%)
BRISTOL-MYERS SQUIBB BUSINESS SERVICES LIMITED,Business Support,20.61,20.21,56.1,250 to 499,Severe (>20%)
BUILDING DESIGN PARTNERSHIP LIMITED,Architecture/Engineering,20.6,17.6,27.0,500 to 999,Severe (>20%)
INMAT,Education,20.6,44.6,87.5,250 to 499,Severe (>20%)
MAGNA EXTERIORS (BANBURY) LIMITED,Motor Vehicles,20.6,11.1,11.2,500 to 999,Severe (>20%)
NHS Cambridgeshire & Peterborough,Other,20.6,10.5,66.36,250 to 499,Severe (>20%)
Scottish Children's Reporters Administration,Other,20.6,27.5,73.7,250 to 499,Severe (>20%)
SECURITAS TECHNOLOGY LIMITED,Electronics,20.6,26.9,19.6,250 to 499,Severe (>20%)
FUTURE PUBLISHING LIMITED,Publishing,20.6,12.4,39.0,1000 to 4999,Severe (>20%)
FORWARD AS ONE CHURCH OF ENGLAND MULTI ACADEMY TRUST,Education,20.6,63.5,89.8,500 to 999,Severe (>20%)
VOLKERHIGHWAYS LIMITED,Specialist Construction,20.6,14.0,12.0,250 to 499,Severe (>20%)
PIONEER LEARNING TRUST,Education,20.6,33.4,76.25,250 to 499,Severe (>20%)
INSIDE IDEAS GROUP LTD,Advertising,20.6,10.7,41.3,250 to 499,Severe (>20%)
ENDEAVOUR ACADEMIES TRUST,Education,20.6,30.9,72.5,250 to 499,Severe (>20%)
HAMPSHIRE TRUST BANK PLC,Finance,20.6,18.4,32.0,250 to 499,Severe (>20%)
BRIDGWATER & TAUNTON COLLEGE TRUST,Education,20.6,29.6,67.9,1000 to 4999,Severe (>20%)
LEEDS UNIVERSITY UNION,Membership Orgs,20.59,4.63,48.0,250 to 499,Severe (>20%)
LSH AUTO UK LIMITED,Motor Trade,20.59,27.63,15.75,500 to 999,Severe (>20%)
AIR BUSINESS LIMITED,Postal,20.53,10.61,27.0,250 to 499,Severe (>20%)
FIC SHARECO LIMITED,Retail,20.52,13.04,27.4,1000 to 4999,Severe (>20%)
FORTICRETE LIMITED,Non-Metallic Minerals,20.51,15.32,13.11,250 to 499,Severe (>20%)
IQVIA IES UK LIMITED,Professional Services,20.5,21.2,53.8,250 to 499,Severe (>20%)
ENTERPRISE RENT-A-CAR UK LIMITED,Leasing,20.5,1.9,26.1,"5000 to 19,999",Severe (>20%)
ESSAR OIL (UK) LIMITED,Petroleum,20.5,11.1,12.7,500 to 999,Severe (>20%)
ADVANCED MEDICAL SOLUTIONS GROUP PLC,Management Consulting,20.5,7.6,31.0,250 to 499,Severe (>20%)
NOVA CENTRIC LIMITED,Education,20.5,23.0,26.0,250 to 499,Severe (>20%)
LAW BUSINESS RESEARCH LIMITED,Business Support,20.5,25.8,41.3,250 to 499,Severe (>20%)
WUNDERMAN THOMPSON COMMERCE UK LIMITED,Advertising,20.5,25.0,19.8,250 to 499,Severe (>20%)
MERCHANT TAYLORS' SCHOOL,Education,20.5,33.93,41.56,250 to 499,Severe (>20%)
EDF TRADING MARKETS LIMITED,Wholesale,20.5,19.3,16.0,250 to 499,Severe (>20%)
ST BART'S MULTI ACADEMY TRUST,Education,20.5,26.96,81.0,1000 to 4999,Severe (>20%)
ENQUEST BRITAIN LIMITED,Telecoms,20.5,15.8,9.8,250 to 499,Severe (>20%)
SNAP-ON U.K. HOLDINGS LIMITED,Machinery,20.49,21.09,11.57,250 to 499,Severe (>20%)
INNOVATE2EDUCATE PARTNERSHIP LIMITED,Education,20.49,56.43,70.6,250 to 499,Severe (>20%)
LEICESTER CITY FOOTBALL CLUB LIMITED,Sports/Recreation,20.48,2.12,21.91,500 to 999,Severe (>20%)
SAMSUNG ELECTRONICS (UK) LIMITED,Electronics,20.47,16.12,22.3,1000 to 4999,Severe (>20%)
MOTABILITY,Other,20.45,24.8,44.3,250 to 499,Severe (>20%)
NOVA PAYROLL MANAGEMENT SERVICES LIMITED,Employment Agencies,20.43,22.62,37.5,1000 to 4999,Severe (>20%)
HOBBYCRAFT TRADING LIMITED,Retail,20.43,5.21,70.66,1000 to 4999,Severe (>20%)
OXFORD NANOPORE TECHNOLOGIES PLC,Research,20.43,20.62,31.78,500 to 999,Severe (>20%)
RS GROUP PLC,Management Consulting,20.41,29.66,37.69,500 to 999,Severe (>20%)
ASSISI CATHOLIC TRUST,Education,20.41,51.31,78.34,500 to 999,Severe (>20%)
TRUST HOUSING ASSOCIATION LIMITED,Other,20.4,0.0,73.9,500 to 999,Severe (>20%)
WORLEY SERVICES UK LIMITED,Libraries,20.4,28.6,19.7,500 to 999,Severe (>20%)
ALPHA PLUS GROUP LIMITED,Education,20.4,11.5,58.6,500 to 999,Severe (>20%)
CITIBANK N.A,Other,20.4,15.4,30.4,"5000 to 19,999",Severe (>20%)
THE SALTERNS ACADEMY TRUST,Education,20.4,40.9,63.9,250 to 499,Severe (>20%)
VANQUIS BANK LIMITED,Finance,20.4,30.8,32.0,1000 to 4999,Severe (>20%)
Bloomberg LP,Information Services,20.4,23.2,23.8,"5000 to 19,999",Severe (>20%)
CLOUDFLARE LIMITED,IT Services,20.4,24.1,15.3,500 to 999,Severe (>20%)
LLOYDS BANK ASSET FINANCE LIMITED,Finance,20.4,30.0,33.2,500 to 999,Severe (>20%)
RYDON GROUP LIMITED,Construction,20.4,17.7,19.8,250 to 499,Severe (>20%)
The Academies for Character and Excellence,Other,20.4,34.3,81.0,500 to 999,Severe (>20%)
NATS (EN ROUTE) PUBLIC LIMITED COMPANY,Air Transport,20.4,20.9,20.2,1000 to 4999,Severe (>20%)
EASTERN EDUCATION GROUP TRUST,Education,20.4,32.44,63.0,500 to 999,Severe (>20%)
NFU MUTUAL (SERVICE COMPANY) LIMITED,Business Support,20.4,14.1,38.5,1000 to 4999,Severe (>20%)
ACTICA CONSULTING LIMITED,IT Services,20.4,8.6,14.0,Less than 250,Severe (>20%)
SAMSUNG SDS EUROPE LIMITED,Water Transport,20.4,22.7,24.6,250 to 499,Severe (>20%)
BUSY BEES NURSERIES LIMITED,Education,20.4,3.8,91.7,"5000 to 19,999",Severe (>20%)
ELBIT SYSTEMS UK LIMITED,Management Consulting,20.36,24.82,15.38,250 to 499,Severe (>20%)
WIPAC TECHNOLOGY LIMITED,Electrical Equipment,20.34,24.74,12.16,250 to 499,Severe (>20%)
CBRE MANAGEMENT SERVICES LIMITED,Real Estate,20.32,20.04,38.0,250 to 499,Severe (>20%)
THRIVE EDUCATION PARTNERSHIP,Education,20.32,8.96,73.02,500 to 999,Severe (>20%)
WORLDWIDE FRUIT LIMITED,Wholesale,20.31,0.0,34.31,250 to 499,Severe (>20%)
EVI TECHNOLOGIES LIMITED,IT Services,20.3,33.1,13.1,500 to 999,Severe (>20%)
CAPITA LIFE & PENSIONS REGULATED SERVICES LIMITED,Finance,20.3,22.9,41.5,1000 to 4999,Severe (>20%)
EXPERIAN LIMITED,IT Services,20.3,14.6,31.1,1000 to 4999,Severe (>20%)
COVÉA INSURANCE SERVICES LIMITED,Financial Support,20.3,24.3,34.0,1000 to 4999,Severe (>20%)
INFOSYS LIMITED,Other,20.3,12.5,10.63,1000 to 4999,Severe (>20%)
South Farnham Educational Trust,Other,20.3,17.1,72.0,500 to 999,Severe (>20%)
VITALITY CORPORATE SERVICES LIMITED,Insurance,20.3,12.01,42.0,1000 to 4999,Severe (>20%)
BBI SOLUTIONS OEM LIMITED,Chemicals,20.3,14.2,27.0,250 to 499,Severe (>20%)
DRB IGNITE MULTI ACADEMY TRUST,Education,20.3,18.0,80.0,500 to 999,Severe (>20%)
PING EUROPE LIMITED,Other Manufacturing,20.3,12.6,19.7,250 to 499,Severe (>20%)
Brookfield Community School,Other,20.3,27.3,48.0,250 to 499,Severe (>20%)
HR FACILITIES LTD,Facilities,20.3,19.86,12.4,250 to 499,Severe (>20%)
WELDMAR HOSPICECARE LIMITED,Residential Care,20.3,-3.08,83.33,250 to 499,Severe (>20%)
RENROD LIMITED,Motor Trade,20.3,17.9,8.0,250 to 499,Severe (>20%)
The BlueKite Trust,Other,20.3,18.0,87.0,1000 to 4999,Severe (>20%)
VICTORIA ACADEMIES TRUST,Education,20.3,44.6,19.0,500 to 999,Severe (>20%)
NORTHAMPTON PRIMARY ACADEMY TRUST,Education,20.3,30.2,89.88,500 to 999,Severe (>20%)
FREEMANS PUBLIC LIMITED COMPANY,Retail,20.28,4.85,53.5,500 to 999,Severe (>20%)
EXERTIS (UK) LTD,Wholesale,20.26,11.72,27.6,1000 to 4999,Severe (>20%)
WESTCOUNTRY SCHOOLS TRUST,Education,20.24,39.39,70.73,1000 to 4999,Severe (>20%)
J.CARTER SPORTING CLUB LIMITED,Retail,20.23,1.78,44.14,500 to 999,Severe (>20%)
MEDIABRANDS LIMITED,Advertising,20.2,9.3,48.3,500 to 999,Severe (>20%)
HCAT,Education,20.2,30.97,73.0,500 to 999,Severe (>20%)
HARGREAVES LANSDOWN LIMITED,Finance,20.2,22.2,30.0,1000 to 4999,Severe (>20%)
GIACOM (COMMUNICATIONS) LIMITED,Telecoms,20.2,19.4,25.7,500 to 999,Severe (>20%)
CHANEL LIMITED,Wholesale,20.2,20.3,63.1,1000 to 4999,Severe (>20%)
L.E.A.D. ACADEMY TRUST,Education,20.2,36.3,78.1,1000 to 4999,Severe (>20%)
CARCLO TECHNICAL PLASTICS LIMITED,Rubber/Plastics,20.2,11.6,8.2,Less than 250,Severe (>20%)
DIODES SEMICONDUCTORS GB LIMITED,Electronics,20.2,23.1,8.5,250 to 499,Severe (>20%)
REED EXHIBITIONS LIMITED,Business Support,20.2,24.0,41.7,250 to 499,Severe (>20%)
ZWANENBERG FOOD GROUP UK LIMITED,Food Manufacturing,20.2,4.3,31.8,500 to 999,Severe (>20%)
LOCH LOMOND DISTILLERS LIMITED,Other,20.2,1.0,29.6,250 to 499,Severe (>20%)
BURBERRY LIMITED,Textiles,20.2,15.5,56.8,1000 to 4999,Severe (>20%)
THORNTONS LAW LLP,Other,20.2,31.3,69.3,500 to 999,Severe (>20%)
ABERDEEN CORPORATE SERVICES LIMITED,Business Support,20.2,10.4,31.6,1000 to 4999,Severe (>20%)
LIGHTHOUSE SCHOOLS PARTNERSHIP,Education,20.2,42.9,75.0,1000 to 4999,Severe (>20%)
Endeavour MAT,Other,20.19,30.05,61.95,250 to 499,Severe (>20%)
TOVE LEARNING TRUST,Education,20.18,28.04,65.0,1000 to 4999,Severe (>20%)
JACKSON CIVIL ENGINEERING GROUP LIMITED,Other,20.15,22.54,8.43,250 to 499,Severe (>20%)
CARRS BILLINGTON AGRICULTURE (SALES) LIMITED,Food Manufacturing,20.14,16.42,23.53,250 to 499,Severe (>20%)
HORIZONS SPECIALIST ACADEMY TRUST,Education,20.14,15.97,73.4,500 to 999,Severe (>20%)
Leger Education Trust,Other,20.13,34.52,68.07,250 to 499,Severe (>20%)
PCT HEALTHCARE LIMITED,Retail,20.1,0.0,71.0,1000 to 4999,Severe (>20%)
SLATER AND GORDON UK LIMITED,Legal,20.1,19.2,54.5,500 to 999,Severe (>20%)
WEST NORFOLK ACADEMIES TRUST,Education,20.1,26.7,65.3,500 to 999,Severe (>20%)
TRAYPORT LIMITED,Publishing,20.1,29.4,14.0,250 to 499,Severe (>20%)
SIGNET TRADING LIMITED,Business Support,20.1,3.6,65.0,1000 to 4999,Severe (>20%)
BAE SYSTEMS SERVICES LIMITED,IT Services,20.1,24.2,33.3,1000 to 4999,Severe (>20%)
THE WALT DISNEY COMPANY LIMITED,Arts,20.1,17.4,47.0,1000 to 4999,Severe (>20%)
CLARITY TRAVEL LIMITED,Travel,20.1,1.9,56.0,250 to 499,Severe (>20%)
MACDONALD RESORTS LIMITED,Hotels,20.1,-2.9,46.0,250 to 499,Severe (>20%)
INTERSURGICAL LIMITED,Other Manufacturing,20.1,11.2,29.0,250 to 499,Severe (>20%)
FIRST TRENITALIA WEST COAST RAIL LIMITED,Land Transport,20.1,21.4,17.4,1000 to 4999,Severe (>20%)
J.C. BAMFORD EXCAVATORS LIMITED,Machinery,20.1,19.9,8.5,1000 to 4999,Severe (>20%)
HARTWELL PLC,Management Consulting,20.1,20.7,15.5,250 to 499,Severe (>20%)
Endeavour Multi Academy Trust,Other,20.1,34.3,77.7,250 to 499,Severe (>20%)
APOLLO TEACHING SERVICES LTD,Education,20.1,43.9,69.9,500 to 999,Severe (>20%)
PULSE HEALTHCARE LIMITED,Employment Agencies,20.1,-3.3,77.0,"5000 to 19,999",Severe (>20%)
ARROW BUSINESS COMMUNICATIONS LIMITED,Telecoms,20.09,23.13,18.0,250 to 499,Severe (>20%)
Galileo Multi Academy Trust,Other,20.08,28.2,88.78,250 to 499,Severe (>20%)
ARROW GLOBAL GROUP LIMITED,Finance,20.07,23.79,32.14,Less than 250,Severe (>20%)
THE PIONEER ACADEMY,Education,20.05,45.69,83.91,500 to 999,Severe (>20%)
AAB BUSINESS & TAX ADVISORY LLP,Other,20.04,11.11,46.55,1000 to 4999,Severe (>20%)
CITY AND COUNTY HEALTHCARE GROUP LIMITED,Management Consulting,20.03,11.08,74.0,500 to 999,Severe (>20%)
ENERVEO LIMITED,Specialist Construction,20.03,22.78,9.5,500 to 999,Severe (>20%)
GREENSHAW LEARNING TRUST,Education,20.03,34.78,69.79,1000 to 4999,Severe (>20%)
PRICECHECK TOILETRIES LIMITED,Wholesale,20.02,-1.21,28.57,250 to 499,Severe (>20%)
FYLDE COAST ACADEMY TRUST,Education,20.01,10.87,49.0,500 to 999,Severe (>20%)
ERGEA UK AND IRELAND LIMITED,Professional Services,20.01,24.3,20.8,250 to 499,Severe (>20%)
JUPITER ASSET MANAGEMENT LIMITED,Finance,20.0,22.0,27.0,250 to 499,High (10-20%)
YARM SCHOOL,Education,20.0,37.0,42.0,250 to 499,High (10-20%)
LINK FINANCIAL OUTSOURCING LIMITED,Business Support,20.0,5.0,44.0,250 to 499,High (10-20%)
YOULEND LIMITED,Finance,20.0,20.0,26.0,250 to 499,High (10-20%)
VML(UK) LIMITED,Advertising,20.0,23.9,40.4,500 to 999,High (10-20%)
HEAVY HAUL RAIL GROUP LIMITED,Finance,20.0,15.0,36.0,250 to 499,High (10-20%)
CANARY WHARF LIMITED,Construction,20.0,8.0,51.0,250 to 499,High (10-20%)
PHARMACY2U LIMITED,Retail,20.0,9.0,49.0,500 to 999,High (10-20%)
YOURS CLOTHING LIMITED,Retail,20.0,7.0,85.9,1000 to 4999,High (10-20%)
CENTRAL LEARNING PARTNERSHIP TRUST,Education,20.0,39.8,72.0,1000 to 4999,High (10-20%)
EUROPEAN TYRE ENTERPRISE LIMITED,Management Consulting,20.0,23.0,23.0,250 to 499,High (10-20%)
THE DIOCESE OF ELY MULTI-ACADEMY TRUST,Education,20.0,33.9,86.0,500 to 999,High (10-20%)
PRO-DIRECT SPORT LIMITED,Retail,20.0,7.0,21.0,250 to 499,High (10-20%)
WESTFIELD CONTRIBUTORY HEALTH SCHEME LIMITED,Insurance,20.0,12.0,43.0,250 to 499,High (10-20%)
HAVAS MEDIA LIMITED,Advertising,20.0,20.0,46.0,250 to 499,High (10-20%)
DELTA DISPLAY LIMITED,Printing,20.0,22.8,21.0,250 to 499,High (10-20%)
WILKIN & SONS LIMITED,Other,20.0,15.0,42.0,500 to 999,High (10-20%)
FORGE HOUSE CARE LTD,Residential Care,20.0,9.0,37.0,250 to 499,High (10-20%)
CITATION LIMITED,Management Consulting,20.0,22.0,29.0,500 to 999,High (10-20%)
COPEWELL LIMITED,Personal Services,20.0,28.0,31.0,500 to 999,High (10-20%)
VENTRICA LTD,Business Support,20.0,3.0,50.0,250 to 499,High (10-20%)
CAFFYNS PUBLIC LIMITED COMPANY,Motor Trade,20.0,16.0,10.0,250 to 499,High (10-20%)
FOSTER CARE ASSOCIATES LIMITED,Residential Care,20.0,7.0,86.0,250 to 499,High (10-20%)
HELLERMANNTYTON LIMITED,Rubber/Plastics,20.0,27.0,14.0,500 to 999,High (10-20%)
THE NATURAL POWER CONSULTANTS LIMITED,Professional Services,20.0,18.0,22.0,250 to 499,High (10-20%)
Activate Learning Education Trust,Other,20.0,33.3,52.0,250 to 499,High (10-20%)
J D HEALTHCARE LIMITED,Healthcare,20.0,12.0,80.43,250 to 499,High (10-20%)
ALLIANZ GLOBAL CORPORATE & SPECIALTY AG,Other,20.0,28.0,28.0,500 to 999,High (10-20%)
BOND TURNER LIMITED,Legal,20.0,26.0,39.0,500 to 999,High (10-20%)
ITM POWER UK LIMITED,Electrical Equipment,20.0,9.0,19.0,250 to 499,High (10-20%)
EXPEDITORS INTERNATIONAL (UK) LIMITED,Warehousing,20.0,5.0,28.0,500 to 999,High (10-20%)
GYMSHARK LTD,Retail,20.0,21.0,43.0,500 to 999,High (10-20%)
"GULFSTREAM AEROSPACE, LTD",Business Support,20.0,17.0,5.0,250 to 499,High (10-20%)
RBC GLOBAL ASSET MANAGEMENT (UK) LIMITED,Finance,20.0,20.0,23.0,250 to 499,High (10-20%)
EXCHANGE HOUSE SERVICES LIMITED,Management Consulting,20.0,39.5,51.0,1000 to 4999,High (10-20%)
SALTIRE FACILITIES MANAGEMENT LIMITED,Specialist Construction,20.0,23.7,3.0,250 to 499,High (10-20%)
INSTITUTE OF DEVELOPMENT STUDIES(THE),Professional Services,20.0,22.0,45.0,250 to 499,High (10-20%)
TURNER SCHOOLS,Education,20.0,34.0,87.0,500 to 999,High (10-20%)
RENAULT RETAIL GROUP UK LIMITED,Motor Trade,20.0,22.0,11.0,250 to 499,High (10-20%)
WHITE WOODS PRIMARY ACADEMY TRUST,Education,20.0,26.0,83.9,500 to 999,High (10-20%)
BRITISH INTERNATIONAL INVESTMENT PLC,Finance,20.0,18.0,39.0,500 to 999,High (10-20%)
APEM LIMITED,Professional Services,20.0,17.0,48.0,250 to 499,High (10-20%)
MAMA BEAR'S DAY NURSERY LTD,Social Work,20.0,7.6,89.6,250 to 499,High (10-20%)
CABOT FINANCIAL (EUROPE) LIMITED,Finance,20.0,17.0,34.0,500 to 999,High (10-20%)
ZEMPLER BANK LIMITED,Finance,20.0,43.0,27.0,250 to 499,High (10-20%)
MEDACS HEALTHCARE LIMITED,Employment Agencies,19.99,-18.71,67.74,500 to 999,High (10-20%)
HERTS INSURANCE CONSULTANTS LIMITED,Insurance,19.98,4.38,46.43,250 to 499,High (10-20%)
INGENICO (UK) LIMITED,Electrical Equipment,19.94,17.14,19.64,Less than 250,High (10-20%)
KAINOS SOFTWARE LIMITED,IT Services,19.94,22.44,22.2,1000 to 4999,High (10-20%)
WESTWAY VETERINARY CENTRES LIMITED,Veterinary,19.93,24.78,86.15,250 to 499,High (10-20%)
QBE MANAGEMENT SERVICES (UK) LIMITED,Management Consulting,19.9,22.8,33.4,1000 to 4999,High (10-20%)
Northampton General Hospital Nhs Trust,Other,19.9,11.4,64.0,"5000 to 19,999",High (10-20%)
DRAPER TOOLS LIMITED,Wholesale,19.9,9.4,22.7,250 to 499,High (10-20%)
AMERICAN INTERNATIONAL GROUP UK LIMITED,Insurance,19.9,26.5,34.0,1000 to 4999,High (10-20%)
BIRKETTS LLP,Other,19.9,36.0,67.2,1000 to 4999,High (10-20%)
BPP HOLDINGS LIMITED,Management Consulting,19.9,9.5,44.0,500 to 999,High (10-20%)
Pendle Education Trust,Other,19.9,29.8,71.6,250 to 499,High (10-20%)
BELLWAY HOMES LIMITED,Construction,19.9,22.2,28.0,1000 to 4999,High (10-20%)
Nottingham University Hospitals Nhs Trust,Other,19.9,4.64,63.1,"20,000 or more",High (10-20%)
COMMUNITY INCLUSIVE TRUST,Education,19.9,19.2,74.4,500 to 999,High (10-20%)
TARMAC TRADING LIMITED,Facilities,19.9,25.7,9.1,1000 to 4999,High (10-20%)
FRESCA GROUP LIMITED,Management Consulting,19.9,5.24,30.0,1000 to 4999,High (10-20%)
THE BINDING SITE GROUP LIMITED,Research,19.9,9.6,40.0,500 to 999,High (10-20%)
CD&R GALAXY UK OPCO LIMITED,Finance,19.9,6.8,54.0,500 to 999,High (10-20%)
SHEPLEY ENGINEERS LIMITED,Fabricated Metals,19.9,27.6,9.1,250 to 499,High (10-20%)
PWS DISTRIBUTORS LIMITED,Wholesale,19.9,11.2,16.0,250 to 499,High (10-20%)
The Pyramid Schools Trust,Other,19.9,42.5,69.86,500 to 999,High (10-20%)
Advanced Forwarding Limited,Other,19.88,33.87,33.0,Less than 250,High (10-20%)
THE TENAX SCHOOLS TRUST,Education,19.88,29.2,68.0,500 to 999,High (10-20%)
HALO ACCIDENT REPAIR CENTRE LIMITED,Motor Trade,19.88,35.33,2.85,250 to 499,High (10-20%)
ST RALPH SHERWIN CATHOLIC MULTI ACADEMY TRUST,Education,19.84,44.44,75.0,1000 to 4999,High (10-20%)
Royal Berkshire Nhs Foundation Trust,Other,19.83,5.15,65.5,"5000 to 19,999",High (10-20%)
QIOPTIQ LIMITED,Electronics,19.82,9.41,13.84,500 to 999,High (10-20%)
BLOXHAM SCHOOL LIMITED,Education,19.81,41.88,40.28,250 to 499,High (10-20%)
COSWORTH LIMITED,Professional Services,19.81,14.68,2.17,250 to 499,High (10-20%)
ACRON AVIATION TRAINING SOLUTIONS LIMITED,Other Transport,19.8,21.3,14.0,250 to 499,High (10-20%)
JANUS HENDERSON ADMINISTRATION UK LIMITED,Management Consulting,19.8,20.8,22.0,1000 to 4999,High (10-20%)
DIAMOND RESORTS (EUROPE) LIMITED,Personal Services,19.8,3.5,40.7,250 to 499,High (10-20%)
EDF ENERGY CUSTOMERS LIMITED,Utilities,19.8,27.3,8.8,500 to 999,High (10-20%)
BAKER HICKS LIMITED,Business Support,19.8,16.9,14.0,250 to 499,High (10-20%)
T.G. HOLDCROFT (HOLDINGS) LIMITED,Finance,19.8,13.7,16.2,500 to 999,High (10-20%)
University of Warwick,Other,19.8,16.5,39.3,"5000 to 19,999",High (10-20%)
JANE STREET UK PARTNERSHIP LLP,Other,19.8,36.0,13.0,500 to 999,High (10-20%)
SINCLAIR MOTOR HOLDINGS LIMITED,Motor Trade,19.8,14.6,18.0,500 to 999,High (10-20%)
INVICTUS EDUCATION TRUST,Education,19.8,40.4,64.7,500 to 999,High (10-20%)
Durham University,Other,19.8,19.7,40.8,"5000 to 19,999",High (10-20%)
SAP (UK) LIMITED,Publishing,19.8,20.3,20.0,1000 to 4999,High (10-20%)
ALLEN OVERY SHEARMAN STERLING SERVICE COMPANY LIMITED,Professional Services,19.8,43.3,52.0,1000 to 4999,High (10-20%)
TWI LIMITED,Real Estate,19.8,21.0,23.8,500 to 999,High (10-20%)
MACDUFF SHELLFISH (SCOTLAND) LIMITED,Food Manufacturing,19.8,6.6,29.2,250 to 499,High (10-20%)
VICTORIOUS ACADEMIES TRUST,Education,19.8,27.6,86.0,500 to 999,High (10-20%)
Alpha Trust,Other,19.78,47.38,67.04,500 to 999,High (10-20%)
WALTON MULTI-ACADEMY TRUST,Education,19.77,45.29,72.6,250 to 499,High (10-20%)
Advantage Schools,Other,19.74,14.31,63.0,500 to 999,High (10-20%)
ATHENA LEARNING TRUST,Education,19.74,52.49,55.22,1000 to 4999,High (10-20%)
8X8 UK LIMITED,Telecoms,19.72,25.25,12.3,250 to 499,High (10-20%)
LIFT SCHOOLS,Education,19.72,25.17,73.85,1000 to 4999,High (10-20%)
TOUCHSTONE CORPORATE PROPERTY SERVICES LIMITED,Real Estate,19.7,4.3,49.2,250 to 499,High (10-20%)
CIRCLE CLINICAL SERVICES LIMITED,Management Consulting,19.7,40.0,49.3,250 to 499,High (10-20%)
AVALARA EUROPE LTD,IT Services,19.7,25.4,29.0,250 to 499,High (10-20%)
JOHN COTTON GROUP LIMITED,Textiles,19.7,6.2,21.7,1000 to 4999,High (10-20%)
VOLKERRAIL SPECIALIST BUSINESSES LIMITED,Other,19.7,25.1,6.5,500 to 999,High (10-20%)
THE GLASGOW ACADEMICALS WAR MEMORIAL TRUST,Education,19.7,20.4,59.0,250 to 499,High (10-20%)
FREETHS LLP,Other,19.7,24.6,59.0,1000 to 4999,High (10-20%)
SONY EUROPE B.V.,Other,19.7,11.5,26.3,250 to 499,High (10-20%)
Phoenix Collegiate,Other,19.7,33.9,66.0,250 to 499,High (10-20%)
MITCHELLS & BUTLERS LEISURE RETAIL LIMITED,Business Support,19.7,20.6,33.6,1000 to 4999,High (10-20%)
VAILLANT GROUP UK LIMITED,Business Support,19.7,31.3,18.2,500 to 999,High (10-20%)
GUTTERIDGE HASKINS & DAVEY LIMITED,Architecture/Engineering,19.7,22.1,15.2,250 to 499,High (10-20%)
Unity Education Trust,Other,19.7,20.5,69.2,500 to 999,High (10-20%)
ULTRA PCS LIMITED,Other Manufacturing,19.69,14.0,14.0,250 to 499,High (10-20%)
M GROUP TRANSPORT (RAIL & AVIATION) LIMITED,Other,19.69,26.73,10.16,500 to 999,High (10-20%)
CHIVAS BROTHERS INTERNATIONAL LIMITED,Professional Services,19.68,14.02,45.0,250 to 499,High (10-20%)
HEXAWARE TECHNOLOGIES UK LIMITED,IT Services,19.6782,14.0907,11.5385,250 to 499,High (10-20%)
ST PETER'S COLLEGE RADLEY,Other,19.67,24.26,32.0,500 to 999,High (10-20%)
JMK BUSINESS SOLUTIONS LIMITED,Business Support,19.65,24.73,11.0,1000 to 4999,High (10-20%)
Inspire Education Trust,Other,19.64,46.64,77.6,500 to 999,High (10-20%)
The Wellington College,Education,19.63,23.96,51.0,500 to 999,High (10-20%)
STEPNELL LIMITED,Construction,19.63,22.64,6.67,250 to 499,High (10-20%)
ARCH EUROPE INSURANCE SERVICES LTD,Insurance,19.63,23.4,30.8,500 to 999,High (10-20%)
INMARSAT GLOBAL LIMITED,Telecoms,19.6,23.2,22.1,500 to 999,High (10-20%)
Hampshire Hospitals Nhs Foundation Trust,Other,19.6,7.45,67.3,"5000 to 19,999",High (10-20%)
Royal Surrey County NHS Foundation Trust,Other,19.6,8.9,63.1,"5000 to 19,999",High (10-20%)
RM PROPERTY AND FACILITIES SOLUTIONS LIMITED,Architecture/Engineering,19.6,6.0,12.0,1000 to 4999,High (10-20%)
VOLKERRAIL LIMITED,Other,19.6,21.8,17.8,500 to 999,High (10-20%)
STONEWATER LIMITED,Other,19.6,20.9,51.7,500 to 999,High (10-20%)
TAYLOR WOODROW INFRASTRUCTURE LIMITED,Other,19.6,17.0,12.4,500 to 999,High (10-20%)
JAGUAR BUILDING SERVICES LIMITED,Facilities,19.6,24.6,6.0,500 to 999,High (10-20%)
KLM UK ENGINEERING LIMITED,Warehousing,19.6,31.5,4.0,250 to 499,High (10-20%)
Hugh James,Legal,19.6,22.3,59.1,500 to 999,High (10-20%)
ADARE SEC LIMITED,Paper,19.6,14.6,24.0,250 to 499,High (10-20%)
HAYMARKET MEDIA GROUP LTD.,Publishing,19.6,13.2,40.9,500 to 999,High (10-20%)
FREEAGENT CENTRAL LTD,IT Services,19.6,19.9,21.5,250 to 499,High (10-20%)
THE KANTAR GROUP LIMITED,Management Consulting,19.6,11.2,42.0,250 to 499,High (10-20%)
FYFFES GROUP LIMITED,Wholesale,19.59,7.09,30.0,500 to 999,High (10-20%)
Burton & South Derbyshire College,Other,19.59,29.19,48.6,250 to 499,High (10-20%)
GRAHAM ASSET MANAGEMENT LIMITED,Facilities,19.59,23.06,15.38,500 to 999,High (10-20%)
ST TERESA OF CALCUTTA CATHOLIC ACADEMY TRUST,Education,19.57,35.88,69.46,500 to 999,High (10-20%)
NEO ENERGY RESOURCES UK LIMITED,Telecoms,19.56,20.03,5.23,500 to 999,High (10-20%)
HYVE INTERNATIONAL EVENTS LIMITED,Business Support,19.55,25.72,45.0,250 to 499,High (10-20%)
IMK AUTOMOTIVE LIMITED,Motor Vehicles,19.54,5.07,27.0,250 to 499,High (10-20%)
River Learning Trust,Other,19.54,30.0,67.01,1000 to 4999,High (10-20%)
UNIVAR SOLUTIONS UK LIMITED,Wholesale,19.54,11.03,29.4,500 to 999,High (10-20%)
RENAULT TRUCK COMMERCIALS LIMITED,Motor Trade,19.52,23.01,4.76,250 to 499,High (10-20%)
DIOCESE OF HEREFORD MULTI ACADEMY TRUST,Education,19.52,5.45,84.03,500 to 999,High (10-20%)
RIDGEWAY GARAGES (NEWBURY) LIMITED,Motor Trade,19.51,16.09,14.14,250 to 499,High (10-20%)
DAVISONS SOLICITORS LIMITED,Legal,19.5,14.7,68.0,250 to 499,High (10-20%)
Richard Huish Trust,Other,19.5,37.81,62.04,500 to 999,High (10-20%)
SANTANDER CONSUMER (UK) PLC,Finance,19.5,20.5,36.3,500 to 999,High (10-20%)
SAGE PUBLICATIONS LIMITED,Publishing,19.5,20.9,47.0,500 to 999,High (10-20%)
CASTLE LEISURE LTD,Gambling,19.5,0.0,55.0,500 to 999,High (10-20%)
EMMA BRIDGEWATER LIMITED,Non-Metallic Minerals,19.5,10.4,55.0,250 to 499,High (10-20%)
CROSS MANUFACTURING COMPANY (1938) LIMITED,Fabricated Metals,19.5,9.6,15.7,500 to 999,High (10-20%)
KEBLE COLLEGE OXFORD,Other,19.5,8.5,43.0,250 to 499,High (10-20%)
SILLS & BETTERIDGE LLP,Other,19.5,19.1,79.3,250 to 499,High (10-20%)
J.D. WILLIAMS & COMPANY LIMITED,Retail,19.5,12.6,38.1,1000 to 4999,High (10-20%)
BNP PARIBAS REAL ESTATE FACILITIES MANAGEMENT LIMITED,Real Estate,19.5,22.0,22.2,Less than 250,High (10-20%)
COMPASS EDUCATION TRUST LTD,Education,19.5,41.3,63.6,500 to 999,High (10-20%)
AMALGAMATED CONSTRUCTION LTD,Other,19.5,23.5,6.8,1000 to 4999,High (10-20%)
PLESSEY SEMICONDUCTORS LIMITED,Electronics,19.5,22.18,13.56,250 to 499,High (10-20%)
LINDUM GROUP LIMITED,Construction,19.5,15.2,8.3,500 to 999,High (10-20%)
ZENSAR TECHNOLOGIES (UK) LIMITED,IT Services,19.5,13.7,19.1,250 to 499,High (10-20%)
YARA UK LIMITED,Chemicals,19.5,5.5,30.3,250 to 499,High (10-20%)
AMEY COMMUNITY LIMITED,Facilities,19.49,14.64,19.0,1000 to 4999,High (10-20%)
GLOBAL RELAY UK LIMITED,Information Services,19.47,-3.73,13.42,500 to 999,High (10-20%)
Chorus Education Trust,Other,19.47,45.55,64.97,500 to 999,High (10-20%)
"GORDONSTOUN SCHOOLS,LIMITED",Education,19.46,22.6,47.06,250 to 499,High (10-20%)
ABBVIE LTD,Wholesale,19.44,13.11,55.0,1000 to 4999,High (10-20%)
The  Queen Elizabeth Hospital Kings Lynn NHS Foundation Trust,Other,19.42,11.46,66.56,"5000 to 19,999",High (10-20%)
SIGMA CONNECTED LTD,Business Support,19.4,2.1,40.0,500 to 999,High (10-20%)
GB GROUP PLC,IT Services,19.4,18.7,28.6,500 to 999,High (10-20%)
SAPIENTIA EDUCATION TRUST,Education,19.4,34.7,62.3,1000 to 4999,High (10-20%)
OLIVE CATERING SERVICES LIMITED,Food & Beverage,19.4,19.6,31.0,500 to 999,High (10-20%)
DRIVE MOTOR RETAIL LIMITED,Motor Trade,19.4,21.3,9.4,500 to 999,High (10-20%)
THE NORTH LONDON COLLEGIATE SCHOOL,Education,19.4,26.4,53.4,250 to 499,High (10-20%)
SKANSKA UK PLC,Construction,19.4,19.8,14.4,1000 to 4999,High (10-20%)
BINNIES UK LIMITED,Other,19.4,20.6,14.5,500 to 999,High (10-20%)
THE ROYAL GRAMMAR SCHOOL WORCESTER,Education,19.4,33.1,54.0,250 to 499,High (10-20%)
GREENHOUS GROUP LIMITED,Motor Trade,19.4,17.2,7.1,500 to 999,High (10-20%)
BTG BEGBIES TRAYNOR LIMITED,Management Consulting,19.4,18.8,33.3,500 to 999,High (10-20%)
WARNER BROS. STUDIOS LEAVESDEN LIMITED,Film/TV,19.4,9.7,40.6,500 to 999,High (10-20%)
M&Y MAINTENANCE & CONSTRUCTION LIMITED,Specialist Construction,19.4,18.4,11.1,250 to 499,High (10-20%)
Aquinas CE Education Trust,Other,19.4,34.3,80.2,500 to 999,High (10-20%)
EXCALIBUR ACADEMIES TRUST,Education,19.4,46.5,67.3,1000 to 4999,High (10-20%)
NEW ENGLAND SEAFOOD INTERNATIONAL LIMITED,Food Manufacturing,19.4,-1.0,33.0,500 to 999,High (10-20%)
NEILSON FINANCIAL SERVICES LIMITED,Financial Support,19.4,15.7,32.4,250 to 499,High (10-20%)
BROADRIDGE FINANCIAL SOLUTIONS LIMITED,IT Services,19.4,26.2,17.5,500 to 999,High (10-20%)
INTERNATIONAL FIRE CONSULTANTS LIMITED,Architecture/Engineering,19.39,30.33,16.67,Less than 250,High (10-20%)
FRANK G. GATES LIMITED,Motor Trade,19.34,19.85,8.7,250 to 499,High (10-20%)
GREENCROFT BOTTLING COMPANY LIMITED,Wholesale,19.34,7.26,3.95,250 to 499,High (10-20%)
OCEAN NETWORK EXPRESS (EUROPE) LTD.,Land Transport,19.33,14.15,35.63,250 to 499,High (10-20%)
GRANTHAM MOTOR COMPANY LIMITED,Motor Trade,19.32,17.7,17.54,500 to 999,High (10-20%)
Thames Learning Trust,Other,19.31,21.84,80.6,250 to 499,High (10-20%)
FLUOR LIMITED,Professional Services,19.3,27.3,16.0,500 to 999,High (10-20%)
The TRUE Learning Partnership,Other,19.3,48.17,63.0,250 to 499,High (10-20%)
SEVERN ACADEMIES EDUCATIONAL TRUST,Education,19.3,42.9,74.0,250 to 499,High (10-20%)
IGLU.COM LIMITED,Travel,19.3,23.6,41.9,250 to 499,High (10-20%)
ORACLE CORPORATION UK LIMITED,IT Services,19.3,18.5,21.7,1000 to 4999,High (10-20%)
RECKITT BENCKISER HEALTH LIMITED,Management Consulting,19.3,14.6,47.3,500 to 999,High (10-20%)
BRIGHT HR LIMITED,IT Services,19.3,25.55,22.0,250 to 499,High (10-20%)
APLEONA UK LIMITED,Facilities,19.3,9.04,30.0,1000 to 4999,High (10-20%)
THE CHILTERN RAILWAY COMPANY LIMITED,Land Transport,19.3,26.7,10.0,1000 to 4999,High (10-20%)
DMH STALLARD SERVICE COMPANY LIMITED,Business Support,19.3,17.8,70.3,250 to 499,High (10-20%)
PHD INTERNATIONAL LIMITED,Advertising,19.3,24.6,40.8,250 to 499,High (10-20%)
KATSOURIS BROTHERS LIMITED,Wholesale,19.3,6.2,34.2,250 to 499,High (10-20%)
SMART EDUCATION LIMITED,Employment Agencies,19.3,29.3,70.0,250 to 499,High (10-20%)
WINDSOR ACADEMY TRUST,Education,19.3,33.6,61.59,1000 to 4999,High (10-20%)
POWER ELECTRICS (BRISTOL) LIMITED,Architecture/Engineering,19.29,17.4,10.9,250 to 499,High (10-20%)
ALLIANCE IN PARTNERSHIP LIMITED,Food & Beverage,19.27,21.97,80.0,1000 to 4999,High (10-20%)
Dorset County Hospital Nhs Foundation Trust,Other,19.27,1.63,64.95,1000 to 4999,High (10-20%)
CAMBRIDGE CONSULTANTS LIMITED,Research,19.24,22.56,18.67,500 to 999,High (10-20%)
HARTISMERE FAMILY OF SCHOOLS,Education,19.23,33.3,68.69,250 to 499,High (10-20%)
Torbay And Southern Devon Health And Care Nhs Trust,Other,19.23,3.13,68.39,"5000 to 19,999",High (10-20%)
ASCEND LEARNING TRUST,Education,19.2151,39.1169,68.9474,500 to 999,High (10-20%)
NORTHERN SCHOOLS TRUST,Education,19.21,39.46,61.87,500 to 999,High (10-20%)
IPSOS (MARKET RESEARCH) LTD,Advertising,19.2,15.2,51.0,250 to 499,High (10-20%)
RSM UK MANAGEMENT LIMITED,Business Support,19.2,17.9,46.0,500 to 999,High (10-20%)
Lancaster University,Other,19.2,19.5,38.5,1000 to 4999,High (10-20%)
UI SOCIAL INFRASTRUCTURE LIMITED,Specialist Construction,19.2,25.5,18.0,250 to 499,High (10-20%)
"WELLS FARGO BANK, NATIONAL ASSOCIATION",Other,19.2,14.5,31.5,500 to 999,High (10-20%)
REASSURE UK SERVICES LIMITED,Insurance,19.2,17.9,34.7,1000 to 4999,High (10-20%)
St Bartholomew's School,Other,19.2,44.2,88.16,250 to 499,High (10-20%)
East Sussex Healthcare NHS Trust,Other,19.2,5.0,67.4,"5000 to 19,999",High (10-20%)
THE CHILD CARE COMPANY (OLD WINDSOR) LIMITED,Education,19.2,19.4,71.9,250 to 499,High (10-20%)
PERRYS MOTOR SALES LIMITED,Motor Trade,19.2,17.0,14.9,1000 to 4999,High (10-20%)
LNRS DATA SERVICES LIMITED,IT Services,19.2,15.5,28.6,1000 to 4999,High (10-20%)
ADDISON MOTORS LIMITED,Motor Trade,19.2,17.8,22.4,500 to 999,High (10-20%)
CAPITA PENSION SOLUTIONS LIMITED,Insurance,19.2,18.8,40.3,1000 to 4999,High (10-20%)
CAPITAL ONE (EUROPE) PLC,Finance,19.2,26.7,30.4,1000 to 4999,High (10-20%)
CHILTERN LEARNING TRUST,Education,19.2,19.0,66.0,1000 to 4999,High (10-20%)
SIMMONS & SIMMONS LLP,Other,19.2,22.0,49.7,1000 to 4999,High (10-20%)
MONZO BANK LIMITED,Finance,19.2,8.7,35.6,1000 to 4999,High (10-20%)
BLACK COUNTRY HOUSING GROUP LIMITED,Other,19.19,28.42,58.62,Less than 250,High (10-20%)
SURESERVE COMPLIANCE SOUTH LIMITED,Specialist Construction,19.19,15.07,8.39,500 to 999,High (10-20%)
STOWE VALLEY MULTI ACADEMY TRUST,Education,19.19,42.32,74.7,1000 to 4999,High (10-20%)
MARRIOTT MOTOR GROUP LIMITED,Motor Trade,19.17,23.42,20.0,250 to 499,High (10-20%)
LONDON NORTH EASTERN RAILWAY LIMITED,Land Transport,19.16,13.72,22.19,1000 to 4999,High (10-20%)
JCW ENERGY SERVICES LIMITED,Specialist Construction,19.15,21.73,9.0,250 to 499,High (10-20%)
BEN-MOTOR AND ALLIED TRADES BENEVOLENT FUND,Hotels,19.13,1.38,73.91,250 to 499,High (10-20%)
ASHFORDS LLP,Other,19.12,38.27,66.7,500 to 999,High (10-20%)
DRAX ENERGY SOLUTIONS LIMITED,Utilities,19.12,24.99,32.04,250 to 499,High (10-20%)
MOSAIC SCHOOLS LEARNING TRUST,Education,19.11,36.63,84.8,500 to 999,High (10-20%)
BROMSGROVE SCHOOL,Education,19.1,45.6,51.5,500 to 999,High (10-20%)
LEXISNEXIS RISK SOLUTIONS UK LIMITED,IT Services,19.1,19.2,25.1,500 to 999,High (10-20%)
HOTELPLAN LIMITED,Travel,19.1,20.8,52.3,250 to 499,High (10-20%)
DENTONS UK AND MIDDLE EAST LEGAL SERVICES,Business Support,19.1,26.1,61.1,1000 to 4999,High (10-20%)
THOMPSONS SOLICITORS LLP,Other,19.1,36.0,55.2,500 to 999,High (10-20%)
EQUANS E&S SOLUTIONS LIMITED,Business Support,19.1,19.6,19.9,1000 to 4999,High (10-20%)
HQW AEROSPACE (UK) LIMITED,Machinery,19.1,19.7,14.1,250 to 499,High (10-20%)
ESTUARY HOUSING ASSOCIATION LIMITED,Other,19.1,15.1,68.3,250 to 499,High (10-20%)
London Orphan Asylum,Education,19.1,18.3,40.3,250 to 499,High (10-20%)
ARKELL'S BREWERY LIMITED,Other,19.1,-21.8,40.0,250 to 499,High (10-20%)
BIG EDUCATION TRUST,Education,19.1,87.4,68.0,250 to 499,High (10-20%)
KIER LIMITED,Management Consulting,19.1,23.9,16.0,"5000 to 19,999",High (10-20%)
Worcestershire Hills Trust,Other,19.1,20.3,71.6,250 to 499,High (10-20%)
ENRICH LEARNING TRUST,Education,19.1,36.3,58.1,500 to 999,High (10-20%)
"ENGAGE, ENRICH, EXCEL ACADEMIES",Education,19.1,44.7,89.7,250 to 499,High (10-20%)
RB UK COMMERCIAL LIMITED,Wholesale,19.1,13.3,53.3,250 to 499,High (10-20%)
STAR ACADEMIES,Education,19.1,23.5,69.4,1000 to 4999,High (10-20%)
S.G. PETCH LIMITED,Motor Trade,19.1,16.8,16.9,250 to 499,High (10-20%)
INTEGRAFIN SERVICES LIMITED,Business Support,19.1,12.67,29.91,250 to 499,High (10-20%)
EMERSON PROCESS MANAGEMENT LIMITED,Other Manufacturing,19.1,24.4,9.0,500 to 999,High (10-20%)
Northern Lights Learning Trust,Other,19.09,30.13,71.4,500 to 999,High (10-20%)
DISCOVERY EDUCATIONAL TRUST,Education,19.08,36.38,64.75,500 to 999,High (10-20%)
HOLY FAMILY CATHOLIC MULTI ACADEMY TRUST,Education,19.07,35.18,76.7,500 to 999,High (10-20%)
ARBOR EDUCATION PARTNERS LIMITED,IT Services,19.07,1.42,39.13,250 to 499,High (10-20%)
THE BLESSED EDWARD BAMBER CATHOLIC MULTI ACADEMY TRUST,Education,19.0617,28.2532,76.83616,500 to 999,High (10-20%)
SWAROVSKI UK LIMITED,Wholesale,19.06,0.73,82.05,500 to 999,High (10-20%)
CATER LINK LIMITED,Food & Beverage,19.05,11.77,83.54,"5000 to 19,999",High (10-20%)
APPLUS UK LTD,Architecture/Engineering,19.04,33.7,4.17,250 to 499,High (10-20%)
ST CHAD'S ACADEMIES TRUST,Education,19.03,31.75,80.0,500 to 999,High (10-20%)
PAYMASTER (1836) LIMITED,Business Support,19.02,26.94,26.42,Less than 250,High (10-20%)
UNIVERSITY OF LIVERPOOL,Other,19.01,14.99,43.71,"5000 to 19,999",High (10-20%)
PSJ FABRICATIONS LTD,Fabricated Metals,19.0,9.0,0.0,Less than 250,High (10-20%)
W.G.M (ENGINEERING)LIMITED,Fabricated Metals,19.0,16.7,8.7,500 to 999,High (10-20%)
LEARNING IN HARMONY MULTI ACADEMY TRUST,Education,19.0,25.79,84.0,500 to 999,High (10-20%)
Manor Multi Academy Trust,Other,19.0,22.6,87.2,250 to 499,High (10-20%)
NIFCO UK LIMITED,Rubber/Plastics,19.0,4.9,7.2,250 to 499,High (10-20%)
BRITISH LAND PROPERTY SERVICES LIMITED,Construction,19.0,25.4,22.0,Less than 250,High (10-20%)
THE HOWARD ACADEMY TRUST,Education,19.0,41.0,58.0,500 to 999,High (10-20%)
COUNTRYWIDE ESTATE AGENTS LIMITED,Real Estate,19.0,18.0,51.0,1000 to 4999,High (10-20%)
UNITY TRUST BANK PLC,Finance,19.0,18.97,29.0,250 to 499,High (10-20%)
RINA TECH UK LIMITED,Architecture/Engineering,19.0,22.0,20.0,250 to 499,High (10-20%)
ASTON & FINCHER LIMITED,Wholesale,19.0,10.0,54.0,250 to 499,High (10-20%)
CURRIE & BROWN UK LIMITED,Professional Services,19.0,22.0,13.0,500 to 999,High (10-20%)
INSIGHT INVESTMENT MANAGEMENT LIMITED,Finance,19.0,21.0,23.0,500 to 999,High (10-20%)
QEGSMAT,Education,19.0,35.0,61.0,500 to 999,High (10-20%)
EDUCATION FOR INDUSTRY GROUP,Education,19.0,5.0,67.0,250 to 499,High (10-20%)
DENTSU UK LIMITED,Advertising,19.0,16.7,38.6,1000 to 4999,High (10-20%)
PANASONIC MANUFACTURING U.K. LTD.,Electronics,19.0,17.0,12.0,Less than 250,High (10-20%)
KEITH PATTINSON LIMITED,Real Estate,19.0,18.0,45.0,250 to 499,High (10-20%)
SKECHERS USA LTD.,Wholesale,19.0,0.0,55.0,1000 to 4999,High (10-20%)
ContinU Plus Academy Trust,Other,19.0,-8.3,30.0,Less than 250,High (10-20%)
BW LEGAL SERVICES LIMITED,Legal,19.0,9.0,29.0,250 to 499,High (10-20%)
BWB CONSULTING LIMITED,Architecture/Engineering,19.0,21.0,15.0,250 to 499,High (10-20%)
ROBERTSON FACILITIES MANAGEMENT LIMITED,Facilities,19.0,16.0,20.0,1000 to 4999,High (10-20%)
ZIEGLER UK LIMITED,Warehousing,19.0,8.0,17.0,250 to 499,High (10-20%)
CORPUS CHRISTI COLLEGE OXFORD,Other,19.0,21.2,38.7,Less than 250,High (10-20%)
AGORA LEARNING PARTNERSHIP,Education,19.0,14.9,86.0,250 to 499,High (10-20%)
HERITAGE GREAT BRITAIN PLC,Business Support,19.0,2.7,20.9,250 to 499,High (10-20%)
THE LITTLE RIPLEY DAY NURSERIES LIMITED,Social Work,19.0,16.0,94.0,250 to 499,High (10-20%)
USS INVESTMENT MANAGEMENT LIMITED,Financial Support,19.0,22.2,23.5,250 to 499,High (10-20%)
PRISON ADVICE AND CARE TRUST (PACT),Social Work,19.0,19.7,78.7,250 to 499,High (10-20%)
GETRONICS SERVICES UK LIMITED,IT Services,19.0,10.9,13.1,250 to 499,High (10-20%)
GARRION SECURITY SERVICES LIMITED,Security,19.0,0.0,11.0,Less than 250,High (10-20%)
CHURCHER'S COLLEGE,Education,19.0,5.4,48.5,250 to 499,High (10-20%)
Bordesley Multi Academy Trust,Other,19.0,36.0,63.0,250 to 499,High (10-20%)
THE DEAN CLOSE FOUNDATION,Education,19.0,25.0,55.0,500 to 999,High (10-20%)
BECTON DICKINSON INFUSION THERAPY UK,Other Manufacturing,19.0,16.1,10.67,250 to 499,High (10-20%)
DISCOVER FINANCIAL SERVICES (UK) LIMITED,Finance,19.0,17.5,15.0,250 to 499,High (10-20%)
KENT CATHOLIC SCHOOLS' PARTNERSHIP,Education,19.0,49.0,74.0,1000 to 4999,High (10-20%)
AWAZE VACATION RENTALS LTD,Hotels,19.0,13.0,52.0,250 to 499,High (10-20%)
KEY 2 CARE LIMITED,Healthcare,19.0,32.9,85.71,500 to 999,High (10-20%)
JFD LIMITED,Other Manufacturing,19.0,24.0,14.0,250 to 499,High (10-20%)
AVIVA EMPLOYMENT SERVICES LIMITED,Personal Services,19.0,20.0,38.0,"5000 to 19,999",High (10-20%)
THE GOOD SHEPHERD TRUST,Education,18.99,29.95,87.5,500 to 999,High (10-20%)
T(N)S CATERING MANAGEMENT LIMITED,Food & Beverage,18.96,15.54,37.9,500 to 999,High (10-20%)
MARK EDUCATION TRUST,Education,18.92,29.04,57.89,250 to 499,High (10-20%)
SBS FINANCIAL SOFTWARE UK LIMITED,IT Services,18.91,20.15,14.91,250 to 499,High (10-20%)
EAT REAL LTD,Food Manufacturing,18.9,8.5,33.87,250 to 499,High (10-20%)
ST THOMAS CATHOLIC ACADEMIES TRUST,Education,18.9,28.9,77.9,1000 to 4999,High (10-20%)
LEIDOS INNOVATIONS UK LTD,IT Services,18.9,20.4,15.3,1000 to 4999,High (10-20%)
HAYLEY GROUP LIMITED,Wholesale,18.9,10.1,10.0,1000 to 4999,High (10-20%)
ASPIRE ACADEMY TRUST,Education,18.9,42.7,80.6,500 to 999,High (10-20%)
MERCIA LEARNING TRUST,Education,18.9,45.0,64.0,500 to 999,High (10-20%)
NWF AGRICULTURE LIMITED,Food Manufacturing,18.9,13.0,33.9,Less than 250,High (10-20%)
MOSAIC LEARNING TRUST,Education,18.9,19.2,68.7,250 to 499,High (10-20%)
SMR AUTOMOTIVE MIRRORS UK LIMITED,Motor Vehicles,18.9,8.0,12.2,250 to 499,High (10-20%)
The Kynge's College Of Our Ladye Of Eton Besyde Windesore,Education,18.9,29.0,41.0,1000 to 4999,High (10-20%)
Skipton Building Society,Finance,18.9,18.7,40.7,1000 to 4999,High (10-20%)
RAMBOLL UK LIMITED,Architecture/Engineering,18.9,19.4,22.0,1000 to 4999,High (10-20%)
TEXECOM LIMITED,Electrical Equipment,18.9,9.7,23.0,250 to 499,High (10-20%)
THE PRIMARY FIRST TRUST,Education,18.88,0.9,84.25,500 to 999,High (10-20%)
NORTHCARE (SCOTLAND) LTD.,Residential Care,18.87,14.29,66.88,500 to 999,High (10-20%)
BARRIE KNITWEAR LIMITED,Clothing,18.86,19.08,27.0,250 to 499,High (10-20%)
BELMOND (UK) LIMITED,Hotels,18.86,5.87,47.0,250 to 499,High (10-20%)
AWP ASSISTANCE UK LTD,Financial Support,18.86,22.58,23.89,500 to 999,High (10-20%)
CABOT LEARNING FEDERATION,Education,18.85,34.08,66.95,1000 to 4999,High (10-20%)
BEAM SUNTORY UK LIMITED,Other,18.85,20.43,41.12,500 to 999,High (10-20%)
NEWMARK GE SERVICES LLP,Other,18.85,14.4,50.0,500 to 999,High (10-20%)
RED GATE SOFTWARE LIMITED,IT Services,18.83,13.65,21.1,250 to 499,High (10-20%)
"Caroline Chisholm School, Wooldale Centre for Learning",Other,18.83,27.5,65.0,Less than 250,High (10-20%)
DAMARTEX UK LIMITED,Retail,18.83,9.39,48.61,250 to 499,High (10-20%)
GRUNDFOS PUMPS LIMITED,Machinery,18.82,17.68,20.55,250 to 499,High (10-20%)
PARK HOLIDAYS UK LIMITED,Hotels,18.8,0.57,43.0,1000 to 4999,High (10-20%)
ROKOS SERVICES (UK) LIMITED,Business Support,18.8,25.7,10.6,250 to 499,High (10-20%)
SPICERHAART GROUP SERVICES LIMITED,Business Support,18.8,13.9,39.0,1000 to 4999,High (10-20%)
ALLEN FORD (UK) LIMITED,Motor Trade,18.8,13.9,9.8,1000 to 4999,High (10-20%)
THOMAS TELFORD MULTI ACADEMY TRUST,Education,18.8,24.1,57.9,500 to 999,High (10-20%)
STRATSTONE LUXURY VEHICLES LIMITED,Motor Trade,18.8,12.5,6.1,250 to 499,High (10-20%)
PDSA,Veterinary,18.8,14.7,80.0,1000 to 4999,High (10-20%)
STOWE FAMILY LAW LLP,Other,18.8,5.23,82.52,250 to 499,High (10-20%)
COLUMBIA PICTURES CORPORATION LIMITED,Film/TV,18.8,23.3,48.0,250 to 499,High (10-20%)
INTERNATIONAL MANAGEMENT GROUP (UK) LIMITED,Business Support,18.8,12.1,42.9,250 to 499,High (10-20%)
FASTMARKETS GLOBAL LIMITED,Publishing,18.8,16.9,36.0,250 to 499,High (10-20%)
INSPIRO LEARNING LIMITED,Education,18.8,23.1,35.61,500 to 999,High (10-20%)
DIRECT TABLE FOODS LIMITED,Food Manufacturing,18.8,8.9,21.0,250 to 499,High (10-20%)
TRACKWORK LIMITED,Specialist Construction,18.79,11.66,8.0,250 to 499,High (10-20%)
BUZZ GROUP LIMITED,Gambling,18.77,3.12,46.0,1000 to 4999,High (10-20%)
HOBBS LIMITED,Retail,18.76,21.96,93.67,500 to 999,High (10-20%)
THE WILLOW LEARNING TRUST,Education,18.75,30.04,69.05,250 to 499,High (10-20%)
EULER HERMES SERVICES UK LIMITED,Financial Support,18.74,20.85,29.07,250 to 499,High (10-20%)
PROTEC FIRE DETECTION PUBLIC LIMITED COMPANY,Electronics,18.74,19.56,8.77,250 to 499,High (10-20%)
Isle of Wight NHS Trust,Other,18.73,4.83,59.49,1000 to 4999,High (10-20%)
FIELD LANE FOUNDATION(THE),Residential Care,18.71,4.8,71.0,250 to 499,High (10-20%)
VOLKERRAIL GROUP LIMITED,Finance,18.7,24.4,11.1,1000 to 4999,High (10-20%)
CAPITA BUSINESS SERVICES LTD,IT Services,18.7,8.7,37.5,"5000 to 19,999",High (10-20%)
LOUGHBOROUGH SCHOOLS FOUNDATION,Education,18.7,30.9,55.0,500 to 999,High (10-20%)
ZEN INTERNET LIMITED,Telecoms,18.7,19.9,18.4,500 to 999,High (10-20%)
LUSH GLOBAL DIGITAL LIMITED,Personal Services,18.7,23.6,21.1,Less than 250,High (10-20%)
CANCER RESEARCH TECHNOLOGY LIMITED,Research,18.7,9.0,42.0,250 to 499,High (10-20%)
Sheffield Children's NHS Foundation Trust,Other,18.7,17.0,74.8,1000 to 4999,High (10-20%)
THE DIOCESE OF WORCESTER MULTI ACADEMY TRUST,Education,18.7,44.5,91.8,250 to 499,High (10-20%)
ST GEORGE'S ACADEMY TRUST,Education,18.7,46.84,73.33,250 to 499,High (10-20%)
ASPIRE ACADEMIES TRUST,Education,18.7,24.7,86.4,250 to 499,High (10-20%)
FIRST GREATER WESTERN LIMITED,Land Transport,18.7,19.2,10.8,"5000 to 19,999",High (10-20%)
ABBEYFIELD SOCIETY (THE),Hotels,18.7,3.5,76.1,500 to 999,High (10-20%)
THE HARPUR TRUST,Education,18.7,23.5,46.0,1000 to 4999,High (10-20%)
STARBUCKS EMEA LTD,Personal Services,18.7,9.2,40.0,250 to 499,High (10-20%)
SSE UTILITY SOLUTIONS LIMITED,Utilities,18.69,20.8,17.0,250 to 499,High (10-20%)
IDOX PLC,Finance,18.68,11.32,27.59,500 to 999,High (10-20%)
RRG GROUP LIMITED,Motor Trade,18.67,21.09,14.0,500 to 999,High (10-20%)
SUMITOMO ELECTRIC WIRING SYSTEMS (EUROPE) LIMITED,Motor Vehicles,18.66,13.33,15.0,Less than 250,High (10-20%)
HARBRO LIMITED,Food Manufacturing,18.66,7.25,25.71,500 to 999,High (10-20%)
THOMPSONS SCOTLAND LLP,Other,18.64,23.42,63.49,250 to 499,High (10-20%)
KENSINGTON MORTGAGE COMPANY LIMITED,Finance,18.64,24.46,42.51,500 to 999,High (10-20%)
BRIAR CHEMICALS LIMITED,Chemicals,18.63,18.99,6.45,250 to 499,High (10-20%)
THE WARDEN AND SCHOLARS OF ST. MARY COLLEGE OF WINCHESTER,Other,18.62,35.25,33.0,500 to 999,High (10-20%)
VECTURA LIMITED,Healthcare,18.6,12.1,38.8,250 to 499,High (10-20%)
CENTRAL REGION SCHOOLS TRUST,Education,18.6,28.31,68.58,1000 to 4999,High (10-20%)
LINDT & SPRUNGLI (U.K.) LIMITED,Wholesale,18.6,2.8,60.1,500 to 999,High (10-20%)
CROFTY EDUCATION TRUST,Education,18.6,54.7,83.3,500 to 999,High (10-20%)
ACTIVATE ACCIDENT REPAIR GROUP LIMITED,Motor Trade,18.6,28.7,3.3,250 to 499,High (10-20%)
BABCOCK CORPORATE SERVICES LIMITED,Personal Services,18.6,18.8,31.6,1000 to 4999,High (10-20%)
NET TEMPS LIMITED,Employment Agencies,18.6,14.5,4.4,250 to 499,High (10-20%)
SAS SOFTWARE LIMITED,IT Services,18.6,17.4,19.1,500 to 999,High (10-20%)
H. B. LEISURE HOLDINGS LTD.,Management Consulting,18.6,2.2,35.96,500 to 999,High (10-20%)
LONDON LUTON AIRPORT OPERATIONS LIMITED,Warehousing,18.6,13.8,26.0,500 to 999,High (10-20%)
AXA SERVICES LIMITED,Business Support,18.6,17.2,40.6,1000 to 4999,High (10-20%)
CIRRUS LOGIC INTERNATIONAL SEMICONDUCTOR LTD.,IT Services,18.6,16.8,4.2,250 to 499,High (10-20%)
FREDERIC ROBINSON LIMITED,Other,18.6,8.6,28.8,1000 to 4999,High (10-20%)
H. B. LEISURE LTD.,Sports/Recreation,18.6,2.2,35.96,500 to 999,High (10-20%)
BIRDS (DERBY) LIMITED,Food Manufacturing,18.57,13.99,48.91,500 to 999,High (10-20%)
One Community Trust,Other,18.57,29.74,81.0,500 to 999,High (10-20%)
HALL & PICKLES 1812 LIMITED,Wholesale,18.57,14.57,15.5,250 to 499,High (10-20%)
HEARTWOOD LEARNING TRUST,Education,18.56,39.42,64.6,1000 to 4999,High (10-20%)
SEI INVESTMENTS (EUROPE) LTD,Business Support,18.54,11.63,24.0,250 to 499,High (10-20%)
BUTCOMBE BREWERY LIMITED,Other,18.53,4.52,24.56,1000 to 4999,High (10-20%)
NOVA EDUCATION TRUST,Education,18.52,29.9,65.56,1000 to 4999,High (10-20%)
SCIENTIFIC GAMES INTERNATIONAL LIMITED,Printing,18.5,11.6,20.0,250 to 499,High (10-20%)
BROSE LIMITED,Motor Vehicles,18.5,0.0,12.5,250 to 499,High (10-20%)
Durrington Multi Academy Trust,Other,18.5,37.05,63.64,250 to 499,High (10-20%)
The Institute of Cancer Research,Other,18.5,11.4,47.8,1000 to 4999,High (10-20%)
WPP MEDIA UK LIMITED,Advertising,18.5,9.1,45.8,1000 to 4999,High (10-20%)
LIVERPOOL DIOCESAN SCHOOLS TRUST,Education,18.5,16.2,82.0,500 to 999,High (10-20%)
CAPGEMINI UK PLC,IT Services,18.5,16.9,20.2,"5000 to 19,999",High (10-20%)
HR WALLINGFORD LIMITED,Research,18.5,22.7,17.2,250 to 499,High (10-20%)
HEART OF MERCIA,Education,18.5,46.0,64.0,1000 to 4999,High (10-20%)
FORTREA CLINICAL RESEARCH UNIT LIMITED,Professional Services,18.5,19.6,52.2,250 to 499,High (10-20%)
KARL STORZ ENDOSCOPY (UK) LIMITED,Other Manufacturing,18.5,16.64,15.62,250 to 499,High (10-20%)
INNOVUS GROUP LIMITED,Finance,18.49,17.3,32.98,250 to 499,High (10-20%)
PENINSULA BUSINESS SERVICES LIMITED,Management Consulting,18.48,18.13,27.0,500 to 999,High (10-20%)
KARCHER (U.K.) LIMITED,Wholesale,18.46,24.77,32.0,250 to 499,High (10-20%)
St Teresa of Calcutta Multi Academy Company,Other,18.46,36.31,65.77,250 to 499,High (10-20%)
SMARTESTENERGY LIMITED,Utilities,18.43,25.57,29.0,500 to 999,High (10-20%)
THOMAS ARMSTRONG (HOLDINGS) LIMITED,Construction,18.43,19.29,6.38,250 to 499,High (10-20%)
THE HOTEL FOLK LIMITED,Hotels,18.42,3.21,44.0,250 to 499,High (10-20%)
THE THINKING SCHOOLS ACADEMY TRUST,Education,18.42,27.04,69.0,1000 to 4999,High (10-20%)
ROKU UK LIMITED,Broadcasting,18.4,17.7,7.6,250 to 499,High (10-20%)
SCHRODER INVESTMENT MANAGEMENT LIMITED,Finance,18.4,18.7,26.9,1000 to 4999,High (10-20%)
FLAGSTONE GROUP LTD,Finance,18.4,24.6,32.9,250 to 499,High (10-20%)
SPORTS INTERACTIVE LIMITED,Personal Services,18.4,20.4,8.2,Less than 250,High (10-20%)
EY PROFESSIONAL SERVICES LIMITED,Personal Services,18.4,19.3,23.7,250 to 499,High (10-20%)
FEELUNIQUE INTERNATIONAL LIMITED,Retail,18.4,19.3,67.8,250 to 499,High (10-20%)
BGL GROUP LIMITED,Finance,18.4,18.4,35.0,500 to 999,High (10-20%)
BIELD HOUSING & CARE,Other,18.4,14.12,72.0,500 to 999,High (10-20%)
CERAMTEC UK LTD,Non-Metallic Minerals,18.4,9.2,25.0,250 to 499,High (10-20%)
SCRIVENS LIMITED,Retail,18.4,14.0,58.0,1000 to 4999,High (10-20%)
PVH UK GROUP LIMITED,Wholesale,18.4,0.5,66.0,1000 to 4999,High (10-20%)
LEARNING COMMUNITY TRUST,Education,18.4,29.72,68.0,1000 to 4999,High (10-20%)
KINGSTOWN WORKS LIMITED,Construction,18.4,17.6,6.5,250 to 499,High (10-20%)
KENT ENERGIES UK LTD.,Architecture/Engineering,18.4,26.2,13.9,250 to 499,High (10-20%)
ALUMASC BUILDING PRODUCTS LIMITED,Fabricated Metals,18.4,7.4,14.6,250 to 499,High (10-20%)
FRAZER-NASH CONSULTANCY LIMITED,Architecture/Engineering,18.4,22.8,14.0,1000 to 4999,High (10-20%)
JONES LANG LASALLE SERVICES LIMITED,Real Estate,18.4,25.9,32.8,1000 to 4999,High (10-20%)
MULBERRY COMPANY (DESIGN) LIMITED,Other,18.4,-1.9,65.0,250 to 499,High (10-20%)
HOGAN LOVELLS SERVICES,Business Support,18.4,39.2,53.7,1000 to 4999,High (10-20%)
Five Acre Wood School,Other,18.39,16.18,87.5,250 to 499,High (10-20%)
ZIP HEATERS (UK) LTD,Other Manufacturing,18.38,13.58,23.0,250 to 499,High (10-20%)
WARRINGTON PRIMARY ACADEMY TRUST,Education,18.37,26.6,82.6,250 to 499,High (10-20%)
KNDS DEFENCE UK LIMITED,Fabricated Metals,18.37,3.02,7.0,250 to 499,High (10-20%)
PALLADIAN ACADEMY TRUST,Education,18.37,29.82,77.62,500 to 999,High (10-20%)
CASTLE WATER LIMITED,Water Supply,18.37,5.67,31.0,250 to 499,High (10-20%)
Shrewsbury Colleges Group,Other,18.34,36.79,49.0,500 to 999,High (10-20%)
TARGET GROUP LIMITED,IT Services,18.34,20.22,30.83,500 to 999,High (10-20%)
FORETWO GROUP LIMITED,Management Consulting,18.33,7.54,28.0,1000 to 4999,High (10-20%)
PENTAGON LIMITED,Motor Trade,18.32,24.57,8.82,250 to 499,High (10-20%)
WYNNSTAY (AGRICULTURAL SUPPLIES) LIMITED,Food Manufacturing,18.3,2.8,24.9,500 to 999,High (10-20%)
FORESTER HOLDINGS (EUROPE) LIMITED,Management Consulting,18.3,23.8,36.0,250 to 499,High (10-20%)
SEN Trust Southend,Other,18.3,1.6,77.0,250 to 499,High (10-20%)
FOOTBALL ASSOCIATION LIMITED,Sports/Recreation,18.3,27.3,23.0,500 to 999,High (10-20%)
OXFORD DIOCESAN SCHOOLS TRUST,Education,18.3,24.9,85.0,1000 to 4999,High (10-20%)
PTSG ELECTRICAL SERVICES LIMITED,Other,18.3,16.9,8.8,250 to 499,High (10-20%)
AGIITO LIMITED,Travel,18.3,6.7,56.0,250 to 499,High (10-20%)
BARLOWE LLP,Other,18.3,22.9,7.4,250 to 499,High (10-20%)
TORQUAY BOYS' GRAMMAR SCHOOL,Education,18.27,27.32,50.0,250 to 499,High (10-20%)
CADBURY UK LIMITED,Food Manufacturing,18.25,14.26,45.0,250 to 499,High (10-20%)
SOLOTECH UK GROUP LTD,Arts,18.23,26.86,18.5,250 to 499,High (10-20%)
STORY CONTRACTING LIMITED,Construction,18.23,23.36,11.63,500 to 999,High (10-20%)
UNISURGE INTERNATIONAL LIMITED,Other Manufacturing,18.2,6.1,35.8,250 to 499,High (10-20%)
TRENDSTREAM LIMITED,Business Support,18.2,17.9,38.4,250 to 499,High (10-20%)
DUNNHUMBY LIMITED,Management Consulting,18.2,18.5,38.5,1000 to 4999,High (10-20%)
A & P FALMOUTH LIMITED,Other,18.2,18.5,2.2,250 to 499,High (10-20%)
PORT OF LONDON AUTHORITY LIMITED,Water Transport,18.2,18.5,12.0,500 to 999,High (10-20%)
London North West University Healthcare Trust,Other,18.2,13.1,59.0,"5000 to 19,999",High (10-20%)
STADCO LIMITED,Motor Vehicles,18.2,22.8,10.2,Less than 250,High (10-20%)
PILGRIM'S UK LAMB LTD.,Wholesale,18.2,10.5,8.5,250 to 499,High (10-20%)
HILLSIDE (TECHNOLOGY) LIMITED,Information Services,18.2,17.0,7.3,1000 to 4999,High (10-20%)
PORT OF TILBURY LONDON LIMITED,Warehousing,18.2,9.9,3.0,500 to 999,High (10-20%)
PPF LIMITED,Employment Agencies,18.2,31.0,96.2,500 to 999,High (10-20%)
ADVINIA HEALTH CARE LIMITED,Healthcare,18.2,5.8,72.7,1000 to 4999,High (10-20%)
SSE SERVICES PLC,Business Support,18.2,19.3,33.9,1000 to 4999,High (10-20%)
WSP UK LIMITED,Architecture/Engineering,18.2,22.1,20.1,"5000 to 19,999",High (10-20%)
CIENA LIMITED,Telecoms,18.2,28.1,12.2,250 to 499,High (10-20%)
ROTHESAY LIFE PLC,Insurance,18.2,23.4,22.7,500 to 999,High (10-20%)
FORTREA DEVELOPMENT LIMITED,Research,18.2,14.3,57.7,250 to 499,High (10-20%)
Sheffield Teaching Hospitals Nhs Foundation Trust,Other,18.2,2.3,63.1,"5000 to 19,999",High (10-20%)
CARPMAELS & RANSFORD SERVICES LIMITED,Legal,18.2,26.6,55.9,250 to 499,High (10-20%)
TRENITALIA C2C LIMITED,Land Transport,18.2,16.9,12.6,500 to 999,High (10-20%)
CLIFFORD CHANCE LONDON LIMITED,Business Support,18.2,38.1,54.4,1000 to 4999,High (10-20%)
SOUTH EAST WATER LIMITED,Water Supply,18.18,20.04,22.74,1000 to 4999,High (10-20%)
"THOUGHTWORKS, LTD",IT Services,18.15,19.72,30.8,250 to 499,High (10-20%)
THE CHALLENGE ACADEMY TRUST,Education,18.13,25.93,58.1,1000 to 4999,High (10-20%)
KEEPMOAT HOMES LIMITED,Construction,18.12,20.61,24.0,500 to 999,High (10-20%)
STATE 4 RESTAURANTS LIMITED,Food & Beverage,18.12,-2.37,61.0,250 to 499,High (10-20%)
"Bristol, North Somerset and South Gloucestershire CCG",Other,18.11,12.6135,58.82,250 to 499,High (10-20%)
Cambridge University Hospital NHS Trust,Other,18.1,6.9,61.5,"5000 to 19,999",High (10-20%)
HOOPLE LTD,Legal,18.1,16.8,48.1,500 to 999,High (10-20%)
High Speed Two (Hs2) Ltd.,Other,18.1,23.3,23.0,1000 to 4999,High (10-20%)
DELL CORPORATION LIMITED,IT Services,18.1,17.5,18.2,1000 to 4999,High (10-20%)
ABINGDON FLOORING LIMITED,Textiles,18.1,8.7,15.3,250 to 499,High (10-20%)
THE CAM ACADEMY TRUST,Education,18.1,36.6,66.9,1000 to 4999,High (10-20%)
PACIFIC LIFE RE SERVICES LIMITED,Financial Support,18.1,20.98,26.13,250 to 499,High (10-20%)
MOTABILITY OPERATIONS LIMITED,Finance,18.1,14.1,37.2,1000 to 4999,High (10-20%)
SWANSWAY GARAGES LIMITED,Motor Trade,18.1,17.3,15.5,1000 to 4999,High (10-20%)
STANLEY TEE LLP,Other,18.1,37.4,69.2,250 to 499,High (10-20%)
LEARNING CURVE GROUP LIMITED,Business Support,18.1,11.92,52.17,500 to 999,High (10-20%)
LUNCHTIME COMPANY LTD,Food & Beverage,18.09,20.0,76.9,500 to 999,High (10-20%)
SIEMENS INDUSTRY SOFTWARE LIMITED,IT Services,18.09,18.4,14.63,1000 to 4999,High (10-20%)
GEODIS FF UNITED KINGDOM LTD.,Land Transport,18.07,5.59,30.0,Less than 250,High (10-20%)
CHEMRING ENERGETICS UK LIMITED,Public Admin,18.06,16.73,9.5,250 to 499,High (10-20%)
Frimley Health Nhs Foundation Trust,Other,18.06,4.08,64.7,"5000 to 19,999",High (10-20%)
AMEY RAIL LIMITED,Other,18.05,17.58,11.0,500 to 999,High (10-20%)
WBW SOLICITORS LLP,Other,18.03,19.1,78.26,250 to 499,High (10-20%)
TALON OUTDOOR LIMITED,Advertising,18.02,18.11,58.0,250 to 499,High (10-20%)
WESTCOTTS (SW) LLP,Other,18.02,19.23,55.9,250 to 499,High (10-20%)
EUROPA ROAD LIMITED,Land Transport,18.01,8.01,23.81,250 to 499,High (10-20%)
AVECTO LTD,IT Services,18.0,14.0,20.0,250 to 499,High (10-20%)
U-POL LIMITED,Chemicals,18.0,9.0,20.0,250 to 499,High (10-20%)
BEN BURGESS & CO LIMITED,Wholesale,18.0,17.0,5.0,250 to 499,High (10-20%)
ZENITH UK (MEDIA) LIMITED,Advertising,18.0,6.8,47.4,500 to 999,High (10-20%)
EKC SCHOOLS TRUST LIMITED,Other,18.0,17.2,83.6,250 to 499,High (10-20%)
BACHY SOLETANCHE LIMITED,Other,18.0,12.0,16.0,250 to 499,High (10-20%)
THE COMPASS PARTNERSHIP OF SCHOOLS,Education,18.0,30.0,83.0,500 to 999,High (10-20%)
The Hillingdon Hospitals Nhs Foundation Trust,Other,18.0,11.7,63.8,1000 to 4999,High (10-20%)
The Law Society of Scotland,Membership Orgs,18.0,19.0,53.0,Less than 250,High (10-20%)
The Hertfordshire & Essex Multi-Academy Trust,Other,18.0,46.2,81.3,250 to 499,High (10-20%)
THE7STARS UK LIMITED,Finance,18.0,9.0,47.0,250 to 499,High (10-20%)
LEONI WIRING SYSTEMS U.K. LIMITED,Motor Vehicles,18.0,23.0,14.0,250 to 499,High (10-20%)
AVIOS GROUP (AGL) LIMITED,Business Support,18.0,29.0,46.0,500 to 999,High (10-20%)
WINGATE ELECTRICAL PLC,Specialist Construction,18.0,24.0,5.0,250 to 499,High (10-20%)
VIATOR LIMITED,Travel,18.0,22.6,28.6,250 to 499,High (10-20%)
BECHTEL LIMITED,Other,18.0,27.0,21.0,250 to 499,High (10-20%)
CPI BOOKS LTD,Printing,18.0,20.0,5.0,250 to 499,High (10-20%)
FNZ (UK) LTD,Finance,18.0,2.9,40.0,1000 to 4999,High (10-20%)
SOMERSET BRIDGE LTD,Financial Support,18.0,17.0,32.0,250 to 499,High (10-20%)
BOHUNT EDUCATION TRUST,Education,18.0,46.0,61.0,1000 to 4999,High (10-20%)
REWARD GATEWAY (UK) LTD,Business Support,18.0,12.0,40.0,250 to 499,High (10-20%)
REDCENTRIC SOLUTIONS LIMITED,IT Services,18.0,14.0,11.0,250 to 499,High (10-20%)
Redborne Upper School and Community College,Other,18.0,3.29,60.81,250 to 499,High (10-20%)
SCHAEFFLER (UK) LIMITED,Machinery,18.0,15.9,6.7,250 to 499,High (10-20%)
BLACKROW ENGINEERING CO. LIMITED,Fabricated Metals,18.0,30.74,2.5,250 to 499,High (10-20%)
SDTA PRODUCTIONS LIMITED,Film/TV,18.0,17.0,31.0,500 to 999,High (10-20%)
SD WORX UK LIMITED,Business Support,18.0,23.0,42.0,250 to 499,High (10-20%)
SOFTWIRE TECHNOLOGY LIMITED,IT Services,18.0,17.0,26.0,250 to 499,High (10-20%)
CASTLE SCHOOL EDUCATION TRUST,Education,18.0,40.0,73.0,500 to 999,High (10-20%)
Birmingham Diocesan Trust,Membership Orgs,18.0,15.0,62.0,250 to 499,High (10-20%)
FAIR ISAAC SERVICES LIMITED,IT Services,18.0,21.0,19.0,250 to 499,High (10-20%)
HEAVY HAUL RAIL LIMITED,Land Transport,18.0,33.0,1.0,1000 to 4999,High (10-20%)
BOUGHEY DISTRIBUTION LIMITED,Land Transport,18.0,12.6,7.2,500 to 999,High (10-20%)
BOXPARK LTD,Retail,18.0,9.4,36.0,250 to 499,High (10-20%)
PORTICO ACADEMY TRUST,Education,18.0,27.0,85.0,250 to 499,High (10-20%)
ORBACH  AND CHAMBERS LIMITED,Publishing,18.0,10.0,40.0,500 to 999,High (10-20%)
HOWARD GARAGES (WESTON) LIMITED,Motor Trade,18.0,16.0,15.0,250 to 499,High (10-20%)
PETROINEOS MANUFACTURING SCOTLAND LIMITED,Petroleum,18.0,22.0,9.0,250 to 499,High (10-20%)
NEW BALANCE ATHLETIC SHOES (U.K.) LIMITED,Other,18.0,9.0,40.0,500 to 999,High (10-20%)
INHEALTH LIMITED,Healthcare,18.0,8.6,58.0,1000 to 4999,High (10-20%)
INCORPORATED BISHOP'S STORTFORD COLLEGE ASSOCIATION(THE),Education,18.0,28.0,51.0,250 to 499,High (10-20%)
IRIS GROUP LIMITED,IT Services,18.0,20.5,33.0,1000 to 4999,High (10-20%)
IRG ADVISORS LLP,Other,18.0,23.3,54.2,250 to 499,High (10-20%)
BRITISH ASSESSMENT BUREAU LIMITED,Management Consulting,18.0,8.0,45.0,250 to 499,High (10-20%)
"J.BARBOUR & SONS,LIMITED",Clothing,18.0,3.0,55.0,1000 to 4999,High (10-20%)
NEW COLLABORATIVE LEARNING TRUST,Education,18.0,35.0,64.0,1000 to 4999,High (10-20%)
AO RETAIL LIMITED,Retail,18.0,23.0,31.0,500 to 999,High (10-20%)
METROL TECHNOLOGY LIMITED,Professional Services,18.0,22.0,11.1,250 to 499,High (10-20%)
METLEN ENERGY & METALS PLC,Finance,18.0,24.0,9.0,250 to 499,High (10-20%)
MARKEN LIMITED,Warehousing,18.0,10.8,34.78,250 to 499,High (10-20%)
MARKERSTUDY GROUP SERVICES LIMITED,Financial Support,18.0,4.0,37.0,1000 to 4999,High (10-20%)
EXPONENTIAL-E LIMITED,Telecoms,17.99,22.77,11.76,500 to 999,High (10-20%)
Hurst Education Trust Ltd,Other,17.99,41.95,86.67,250 to 499,High (10-20%)
Hertfordshire and West Essex ICB,Other,17.99,8.75,60.0,500 to 999,High (10-20%)
GOODWOOD RACECOURSE LIMITED,Sports/Recreation,17.98,17.36,37.5,Less than 250,High (10-20%)
Cornerstone Academy Trust,Other,17.98,28.32,73.17,250 to 499,High (10-20%)
ACORA LIMITED,IT Services,17.98,7.64,8.91,250 to 499,High (10-20%)
NTT DATA UK LIMITED,Information Services,17.97,15.42,16.8,1000 to 4999,High (10-20%)
SDBE MULTI-ACADEMY TRUST,Education,17.96,19.41,78.0,500 to 999,High (10-20%)
CBRE INVESTMENT MANAGEMENT (UK) LIMITED,Real Estate,17.95,16.86,36.0,250 to 499,High (10-20%)
BALFOUR BEATTY GROUP EMPLOYMENT LIMITED,Employment Agencies,17.94,22.98,14.0,"5000 to 19,999",High (10-20%)
Reigate Learning Alliance,Other,17.93,45.31,63.51,250 to 499,High (10-20%)
TERSUS CONSULTANCY LIMITED,Architecture/Engineering,17.93,30.02,7.53,250 to 499,High (10-20%)
ACO TECHNOLOGIES PLC,Non-Metallic Minerals,17.92,16.58,13.04,250 to 499,High (10-20%)
BROOK YOUNG PEOPLE,Healthcare,17.91,20.47,85.48,250 to 499,High (10-20%)
EXACT MORTGAGE EXPERTS LIMITED,Business Support,17.9,10.77,50.0,250 to 499,High (10-20%)
SALESFORCE UK LIMITED,IT Services,17.9,22.1,27.1,1000 to 4999,High (10-20%)
MASS CONSULTANTS LIMITED,IT Services,17.9,21.8,8.0,250 to 499,High (10-20%)
Stockport Nhs Foundation Trust,Other,17.9,-2.5,70.0,"5000 to 19,999",High (10-20%)
"QBE EUROPE SA/NV, UK BRANCH",Other,17.9,21.5,32.0,500 to 999,High (10-20%)
PUBLICIS HEALTHCARE COMMUNICATIONS GROUP LIMITED,Advertising,17.9,22.4,62.5,250 to 499,High (10-20%)
ALBERT BARTLETT & SONS (AIRDRIE) LIMITED,Other,17.9,6.4,20.0,1000 to 4999,High (10-20%)
PINSENT MASONS LLP,Other,17.9,26.22,53.62,1000 to 4999,High (10-20%)
GARTNER U.K. LIMITED,Information Services,17.9,19.4,29.0,1000 to 4999,High (10-20%)
GOOD ENERGY LIMITED,Utilities,17.9,20.3,40.0,250 to 499,High (10-20%)
ITV CONSUMER LIMITED,Management Consulting,17.9,17.6,29.9,250 to 499,High (10-20%)
MINERVA LEARNING TRUST,Education,17.9,34.6,62.7,500 to 999,High (10-20%)
REDHILL ACADEMY TRUST,Education,17.9,35.7,63.8,1000 to 4999,High (10-20%)
WARRINGTONFIRE TESTING AND CERTIFICATION LIMITED,Architecture/Engineering,17.9,33.2,17.6,250 to 499,High (10-20%)
DAUNTSEY'S SCHOOL,Education,17.9,30.8,50.0,250 to 499,High (10-20%)
DUDLEY ACADEMIES TRUST,Education,17.9,42.8,65.63,500 to 999,High (10-20%)
NOVANTA TECHNOLOGIES UK LIMITED,Machinery,17.9,12.3,17.0,250 to 499,High (10-20%)
IQSA SERVICES LIMITED,Real Estate,17.9,2.9,44.8,500 to 999,High (10-20%)
EMPOWER LEARNING ACADEMY TRUST,Education,17.9,33.1,70.0,500 to 999,High (10-20%)
Romero Catholic Academy Trust,Other,17.89,40.22,66.0,500 to 999,High (10-20%)
JAMES FREW LIMITED,Other,17.86,24.05,4.0,250 to 499,High (10-20%)
LENOVO TECHNOLOGY (UNITED KINGDOM) LIMITED,Electronics,17.85,19.46,24.2,500 to 999,High (10-20%)
SEQIRUS UK LIMITED,Management Consulting,17.84,36.07,50.0,250 to 499,High (10-20%)
SHAW GIBBS LIMITED,Legal,17.83,13.89,53.0,250 to 499,High (10-20%)
ERNEST DOE & SONS LIMITED,Motor Trade,17.82,22.05,4.0,500 to 999,High (10-20%)
METRO BANK PLC,Finance,17.82,13.96,32.0,1000 to 4999,High (10-20%)
Cardiff and Vale University Health Board,Other,17.81,-2.34,68.51,"5000 to 19,999",High (10-20%)
PARFUMS CHRISTIAN DIOR(U.K.)LIMITED,Wholesale,17.8,7.5,78.0,500 to 999,High (10-20%)
SEFE ENERGY LIMITED,Utilities,17.8,13.49,35.0,Less than 250,High (10-20%)
KRS FINANCE LTD,Finance,17.8,11.7,39.29,250 to 499,High (10-20%)
PHARMARON UK LIMITED,Research,17.8,15.39,29.5,500 to 999,High (10-20%)
TAPESTRY LEARNING PARTNERSHIP,Education,17.8,17.6,70.0,500 to 999,High (10-20%)
INSPIRE PARTNERSHIP ACADEMY TRUST,Education,17.8,10.9,80.0,250 to 499,High (10-20%)
INSIGHTS LEARNING & DEVELOPMENT LIMITED,Management Consulting,17.8,18.4,44.0,250 to 499,High (10-20%)
WILLOWBROOK HEALTHCARE LIMITED,Management Consulting,17.8,2.5,82.0,1000 to 4999,High (10-20%)
WILLIAMS GRAND PRIX ENGINEERING SERVICES LLP,Other,17.8,11.1,14.0,1000 to 4999,High (10-20%)
DL INSURANCE SERVICES LIMITED,Insurance,17.8,25.9,30.5,"5000 to 19,999",High (10-20%)
NEWREST INFLIGHT UK LIMITED,Food & Beverage,17.8,24.2,8.82,250 to 499,High (10-20%)
JELSON LIMITED,Construction,17.8,12.9,2.7,250 to 499,High (10-20%)
CLEO AI LTD.,Information Services,17.8,16.8,33.0,250 to 499,High (10-20%)
H.R.OWEN PLC,Motor Trade,17.8,18.4,12.8,250 to 499,High (10-20%)
KONECRANES DEMAG UK LIMITED,Machinery,17.8,17.4,16.2,250 to 499,High (10-20%)
EXPLEO UK LIMITED,Architecture/Engineering,17.79,13.0,13.01,1000 to 4999,High (10-20%)
AMPHENOL LIMITED,Electronics,17.78,18.6,21.54,250 to 499,High (10-20%)
TRANSPORT UK EAST ANGLIA LIMITED,Land Transport,17.78,12.06,11.0,1000 to 4999,High (10-20%)
BISHOP HOGARTH CATHOLIC EDUCATION TRUST,Education,17.77,35.33,73.43,1000 to 4999,High (10-20%)
THE ARTHUR TERRY LEARNING PARTNERSHIP,Education,17.77,30.92,69.0,1000 to 4999,High (10-20%)
MEIYUME (UK) LIMITED,Chemicals,17.76,5.73,54.74,250 to 499,High (10-20%)
L&Q LIVING LIMITED,Other,17.76,19.95,56.1,Less than 250,High (10-20%)
The Northern School of Art,Other,17.74,13.03,51.0,250 to 499,High (10-20%)
University of Bolton,Other,17.73,2.92,46.1,1000 to 4999,High (10-20%)
ROYAL VOLUNTARY SERVICE,Retail,17.73,3.41,61.0,500 to 999,High (10-20%)
CIRCANA (UK) LTD,Publishing,17.72,24.75,40.69,500 to 999,High (10-20%)
Emirates,Air Transport,17.72,14.15,34.34,250 to 499,High (10-20%)
MIDLANDS TRUCK & VAN LIMITED,Motor Trade,17.71,23.03,9.0,250 to 499,High (10-20%)
IMPACT MULTI ACADEMY TRUST,Education,17.71,33.87,63.0,500 to 999,High (10-20%)
TUV SUD LIMITED,Professional Services,17.7,21.8,19.4,500 to 999,High (10-20%)
ATOC LIMITED,Land Transport,17.7,19.3,29.0,250 to 499,High (10-20%)
FUGRO GB (NORTH) MARINE LIMITED,Architecture/Engineering,17.7,17.0,10.5,500 to 999,High (10-20%)
ARCADIS HUMAN RESOURCES LIMITED,Architecture/Engineering,17.7,22.5,20.7,1000 to 4999,High (10-20%)
ST BENEDICT'S SCHOOL EALING,Education,17.7,34.62,51.39,250 to 499,High (10-20%)
WELLSPRING ACADEMY TRUST,Education,17.7,21.8,71.0,1000 to 4999,High (10-20%)
VERNACARE INTERNATIONAL LIMITED,Other Manufacturing,17.7,12.6,29.0,500 to 999,High (10-20%)
GMB,Membership Orgs,17.7,25.3,42.2,500 to 999,High (10-20%)
M J QUINN INTEGRATED SERVICES LIMITED,Specialist Construction,17.69,24.58,16.3,500 to 999,High (10-20%)
COSTAIN GROUP PLC,Other,17.69,23.35,16.0,1000 to 4999,High (10-20%)
M J QUINN CONSTRUCTEL LIMITED,Telecoms,17.69,24.58,16.3,500 to 999,High (10-20%)
ULTIMA BUSINESS SOLUTIONS LTD.,IT Services,17.69,34.89,17.53,250 to 499,High (10-20%)
AMEY SERVICES LIMITED,Employment Agencies,17.68,22.01,21.0,"5000 to 19,999",High (10-20%)
S & A PRODUCE (UK) LIMITED,Other,17.68,0.08,27.0,500 to 999,High (10-20%)
Ashford and St. Peter's Hospitals NHS Foundation Trust,Other,17.68,0.0,64.2,"5000 to 19,999",High (10-20%)
COCKBURN MULTI ACADEMY TRUST,Education,17.67,14.15,69.86,500 to 999,High (10-20%)
DENHOLM INDUSTRIAL SERVICES LIMITED,Specialist Construction,17.66,10.33,1.7,500 to 999,High (10-20%)
CARL ZEISS LTD,Professional Services,17.66,22.67,19.74,250 to 499,High (10-20%)
BEACON EDUCATION MAT LTD,Education,17.66,10.56,79.35,250 to 499,High (10-20%)
Ipswich School,Other,17.66,27.94,63.0,250 to 499,High (10-20%)
Saint John Southworth Catholic Academy Trust,Other,17.6543,31.6964,50.61728395,250 to 499,High (10-20%)
AUTHENTIC EDUCATION GROUP LIMITED,Education,17.64,28.48,65.99,1000 to 4999,High (10-20%)
DAVIDSONS DEVELOPMENTS LIMITED,Construction,17.62,8.69,19.7,250 to 499,High (10-20%)
The Societas Trust,Other,17.61,16.54,84.0,250 to 499,High (10-20%)
COLT TECHNOLOGY SERVICES,Telecoms,17.6,23.9,21.0,500 to 999,High (10-20%)
LEASEPLAN UK LIMITED,Leasing,17.6,25.8,37.0,1000 to 4999,High (10-20%)
Hartlepool College of Further Education,Other,17.6,27.6,50.5,250 to 499,High (10-20%)
MERCEDES-BENZ FINANCIAL SERVICES UK LIMITED,Finance,17.6,16.0,34.0,250 to 499,High (10-20%)
E.C.G. BUILDING MAINTENANCE LTD.,Construction,17.6,19.2,1.3,250 to 499,High (10-20%)
CDER GROUP LIMITED,Business Support,17.6,3.68,33.87,250 to 499,High (10-20%)
LEEKES LIMITED,Retail,17.6,6.4,38.33,250 to 499,High (10-20%)
TONY BLAIR INSTITUTE,Education,17.6,23.8,49.0,250 to 499,High (10-20%)
BURO HAPPOLD ENGINEERS LIMITED,Architecture/Engineering,17.6,21.3,29.0,1000 to 4999,High (10-20%)
SPL POWERLINES UK LIMITED,Specialist Construction,17.59,13.3,10.13,250 to 499,High (10-20%)
SYNTHOMER (UK) LIMITED,Chemicals,17.58,9.23,31.0,250 to 499,High (10-20%)
BLOOMSBURY PUBLISHING PLC,Publishing,17.57,17.45,63.08,500 to 999,High (10-20%)
VALLEY INVICTA ACADEMIES TRUST,Education,17.56,24.88,65.9,500 to 999,High (10-20%)
M GROUP WATER (MEICA MAINTENANCE & PROJECTS) LIMITED,Professional Services,17.55,27.88,4.0,250 to 499,High (10-20%)
THE WENSUM TRUST,Education,17.55,47.04,70.59,500 to 999,High (10-20%)
HILLCREST MAINTENANCE LIMITED,Personal Services,17.54,16.05,2.0,Less than 250,High (10-20%)
SEALED AIR LIMITED,Rubber/Plastics,17.54,20.35,11.93,250 to 499,High (10-20%)
NUCLEUS GROUP SERVICES LIMITED,Management Consulting,17.54,9.2,42.29,1000 to 4999,High (10-20%)
BMT LIMITED,Architecture/Engineering,17.53,19.47,16.57,500 to 999,High (10-20%)
JUNIPER VENTURES LIMITED,Food & Beverage,17.52,3.75,71.0,250 to 499,High (10-20%)
WIPRO LIMITED,Other,17.52,21.19,13.17,1000 to 4999,High (10-20%)
SANCTUARY HOUSING ASSOCIATION,Other,17.5,12.5,52.0,1000 to 4999,High (10-20%)
STOWE SCHOOL LIMITED,Education,17.5,21.1,54.0,500 to 999,High (10-20%)
NATS (SERVICES) LIMITED,Air Transport,17.5,14.3,14.2,500 to 999,High (10-20%)
BLENHEIM SCHOOLS GROUP LIMITED,Finance,17.5,26.83,57.0,Less than 250,High (10-20%)
AVENTIS PHARMA LIMITED,Wholesale,17.5,11.2,48.0,500 to 999,High (10-20%)
VELUX COMPANY LTD.,Wholesale,17.5,30.2,30.0,250 to 499,High (10-20%)
GLEESON DEVELOPMENTS LIMITED,Construction,17.5,4.8,18.0,500 to 999,High (10-20%)
EPIC GAMES UK LTD,Publishing,17.5,15.2,14.3,250 to 499,High (10-20%)
Gloucestershire College,Other,17.5,21.1,44.0,500 to 999,High (10-20%)
SUPERDRUG STORES PLC,Retail,17.5,4.9,62.0,"5000 to 19,999",High (10-20%)
WAVENET LIMITED,Wholesale,17.5,18.1,19.0,500 to 999,High (10-20%)
Ealing Hammersmith & West London College,Other,17.5,12.52,49.0,250 to 499,High (10-20%)
MAN GROUP SERVICES LIMITED,Professional Services,17.5,22.0,21.1,1000 to 4999,High (10-20%)
AMENTUM CLEAN ENERGY LIMITED,Other,17.5,22.1,14.8,1000 to 4999,High (10-20%)
INTERMARINE UK LIMITED,Architecture/Engineering,17.46,4.25,1.6,500 to 999,High (10-20%)
BCN GROUP LTD.,IT Services,17.42,20.03,19.0,250 to 499,High (10-20%)
PLYMOUTH CAST,Education,17.42,59.62,86.9,1000 to 4999,High (10-20%)
Croydon Health Services NHS Trust,Other,17.4,7.0,65.6,1000 to 4999,High (10-20%)
EDEN LEARNING TRUST,Education,17.4,16.9,63.8,1000 to 4999,High (10-20%)
Edith Stein Catholic Academy Trust,Other,17.4,28.14,70.18,Less than 250,High (10-20%)
TT GAMES STUDIOS LIMITED,IT Services,17.4,15.8,6.3,250 to 499,High (10-20%)
BRIGGS MARINE CONTRACTORS LIMITED,Other Manufacturing,17.4,23.6,7.5,500 to 999,High (10-20%)
CCG (SCOTLAND) LIMITED,Construction,17.4,17.8,6.1,250 to 499,High (10-20%)
WARNER BROS. ENTERTAINMENT UK LIMITED,Film/TV,17.4,17.8,47.7,250 to 499,High (10-20%)
INTEL CORPORATION (UK) LIMITED,Management Consulting,17.4,18.5,29.0,250 to 499,High (10-20%)
Office of Qualifications and Examinations Regulation,Other,17.4,15.8,47.7,250 to 499,High (10-20%)
WITHERS LLP,Other,17.4,29.0,64.4,500 to 999,High (10-20%)
APEX GROUP COMPANY SERVICES (UK) LIMITED,Finance,17.4,21.8,26.0,500 to 999,High (10-20%)
CELLNEX UK LIMITED,Management Consulting,17.4,13.0,33.8,250 to 499,High (10-20%)
ROADCHEF LIMITED,Management Consulting,17.4,10.2,37.6,250 to 499,High (10-20%)
BETHELL CONSTRUCTION LIMITED,Other,17.4,19.5,6.06,250 to 499,High (10-20%)
BRITISH UNITED PROVIDENT ASSOCIATION LIMITED(THE),Healthcare,17.4,12.9,44.6,1000 to 4999,High (10-20%)
TAYTO GROUP LIMITED,Food Manufacturing,17.4,5.8,23.8,1000 to 4999,High (10-20%)
DOW JONES INTERNATIONAL LTD.,Business Support,17.4,20.3,42.0,250 to 499,High (10-20%)
SPRINGHILL FARMS (PERSHORE) LIMITED,Other,17.39,0.0,35.2,250 to 499,High (10-20%)
GARDLINE LIMITED,Professional Services,17.39,12.85,13.39,250 to 499,High (10-20%)
DENHOLM GOOD LOGISTICS LIMITED,Warehousing,17.39,2.99,27.9,250 to 499,High (10-20%)
TRUSTMARQUE SOLUTIONS LIMITED,IT Services,17.36,21.94,34.62,250 to 499,High (10-20%)
WOODCHURCH HIGH SCHOOL,Education,17.36,24.19,66.1,Less than 250,High (10-20%)
HARVEY & THOMPSON LIMITED,Finance,17.36,5.93,58.88,1000 to 4999,High (10-20%)
SPRINGER NATURE LIMITED,Publishing,17.34,9.17,47.8,1000 to 4999,High (10-20%)
PARTNERSHIP LEARNING,Education,17.32,35.93,64.9,1000 to 4999,High (10-20%)
ORCHID CELLMARK LTD,Architecture/Engineering,17.32,20.96,43.0,250 to 499,High (10-20%)
Ambition Education Trust,Other,17.31,34.48,66.2,500 to 999,High (10-20%)
INSPIRATION TRUST,Education,17.3,32.1,58.6,1000 to 4999,High (10-20%)
Elim Foursquare Gospel Alliance,Membership Orgs,17.3,15.2,25.0,1000 to 4999,High (10-20%)
H.I.WELDRICK LIMITED,Retail,17.3,2.6,77.3,500 to 999,High (10-20%)
INTEL RESEARCH AND DEVELOPMENT UK LIMITED,Personal Services,17.3,21.0,13.0,Less than 250,High (10-20%)
MORLEYS DEPARTMENT STORES LIMITED,Retail,17.3,0.2,65.7,500 to 999,High (10-20%)
AINSCOUGH CRANE HIRE LTD,Specialist Construction,17.3,17.8,9.0,500 to 999,High (10-20%)
MORLEYS STORES LIMITED,Management Consulting,17.3,0.2,65.7,500 to 999,High (10-20%)
MERCEDES-BENZ GRAND PRIX LTD,Sports/Recreation,17.3,14.9,15.2,1000 to 4999,High (10-20%)
HADRIAN LEARNING TRUST,Education,17.3,1.5,64.1,250 to 499,High (10-20%)
King's College Hospital,Other,17.3,11.0,63.0,"5000 to 19,999",High (10-20%)
IHG HOTELS LIMITED,Business Support,17.3,17.2,44.0,250 to 499,High (10-20%)
Bosco Catholic Education Trust,Other,17.3,29.2,71.15,500 to 999,High (10-20%)
MAN TRUCK AND BUS UK LIMITED,Motor Trade,17.3,27.3,13.1,500 to 999,High (10-20%)
GSM ASSOCIATION,Other,17.3,15.7,48.0,250 to 499,High (10-20%)
M GROUP TELECOM (FIXED NETWORK SOLUTIONS) LIMITED,Other,17.3,18.37,24.0,500 to 999,High (10-20%)
SUMO DIGITAL LTD.,IT Services,17.3,21.9,13.3,500 to 999,High (10-20%)
KI GROUP SERVICES LIMITED,Business Support,17.3,20.4,23.0,250 to 499,High (10-20%)
DERWENT VEHICLES LIMITED,Motor Trade,17.3,26.3,18.4,250 to 499,High (10-20%)
University of Leicester,Other,17.3,14.9,45.6,"5000 to 19,999",High (10-20%)
THRIVE CHILDCARE AND EDUCATION LIMITED,Social Work,17.29,0.0,93.4,1000 to 4999,High (10-20%)
D.M.KEITH LIMITED,Motor Trade,17.26,23.91,14.81,500 to 999,High (10-20%)
M GROUP ENERGY (INFRASTRUCTURE) LIMITED,Finance,17.26,22.01,11.71,250 to 499,High (10-20%)
THE LEYS AND ST FAITH'S SCHOOLS FOUNDATION,Education,17.25,16.19,51.0,250 to 499,High (10-20%)
GATEWAY MULTI ACADEMY TRUST,Other,17.24,40.8,62.79,500 to 999,High (10-20%)
Orchard Learning Alliance,Other,17.24,29.59,81.6,250 to 499,High (10-20%)
WE CONTRACTING LTD,Business Support,17.23,13.37,2.71,500 to 999,High (10-20%)
MY HOME MOVE LTD,Management Consulting,17.23,13.57,53.08,500 to 999,High (10-20%)
WARWICKSHIRE COLLEGE LTD,Employment Agencies,17.22,15.32,54.0,500 to 999,High (10-20%)
ASTRID & MIYU LTD.,Retail,17.22,5.88,85.56,250 to 499,High (10-20%)
LLOYD LIMITED,Wholesale,17.2,14.8,9.0,250 to 499,High (10-20%)
QUANTEXA LIMITED,IT Services,17.2,24.5,17.0,250 to 499,High (10-20%)
OASIS COMMUNITY LEARNING,Education,17.2,24.8,68.98,1000 to 4999,High (10-20%)
CLAAS UK LIMITED,Wholesale,17.2,21.88,7.34,250 to 499,High (10-20%)
PROSPECTS SERVICES,Education,17.2,8.0,63.3,Less than 250,High (10-20%)
The White Hills Park Federation Trust,Other,17.2,20.0,71.7,500 to 999,High (10-20%)
GIANT PRECISION CONTRACTS LIMITED,Business Support,17.2,25.0,29.0,1000 to 4999,High (10-20%)
JCB TRANSMISSIONS,Machinery,17.2,27.7,1.6,250 to 499,High (10-20%)
KEYSIGHT TECHNOLOGIES UK LIMITED,Business Support,17.2,27.0,14.0,250 to 499,High (10-20%)
STRATSTONE CARS LIMITED,Motor Trade,17.2,15.5,7.3,500 to 999,High (10-20%)
MCDERMOTT ENERGY SOLUTIONS (UK) LIMITED,Other,17.2,24.0,20.3,250 to 499,High (10-20%)
EUROCHANGE LIMITED,Business Support,17.2,2.1,47.2,500 to 999,High (10-20%)
KCOM HOLDINGS LIMITED,Telecoms,17.2,23.2,20.0,500 to 999,High (10-20%)
JONES LANG LASALLE RESOURCES LIMITED,Facilities,17.2,14.7,31.1,250 to 499,High (10-20%)
CORNWALL EDUCATION LEARNING TRUST,Education,17.2,30.3,64.0,1000 to 4999,High (10-20%)
AXA PPP HEALTHCARE GROUP LIMITED,Finance,17.2,10.6,50.5,1000 to 4999,High (10-20%)
VCCP GROUP LLP,Other,17.2,15.4,43.0,500 to 999,High (10-20%)
FSP CONSULTING SERVICES LIMITED,IT Services,17.2,14.7,17.0,250 to 499,High (10-20%)
LIBERTY GAS GROUP LIMITED,Specialist Construction,17.2,23.8,6.4,500 to 999,High (10-20%)
MOTUS GROUP (UK) LIMITED,Motor Trade,17.2,18.2,9.6,1000 to 4999,High (10-20%)
GREENHOUS LIMITED,Motor Trade,17.2,-0.9,10.1,250 to 499,High (10-20%)
WORLD OF SWEETS (HANCOCKS) LIMITED,Wholesale,17.18,3.69,48.67,250 to 499,High (10-20%)
HI BOB (UK) LIMITED,Business Support,17.18,13.42,37.0,250 to 499,High (10-20%)
LEAD FORENSICS LIMITED,IT Services,17.18,22.29,16.0,250 to 499,High (10-20%)
WORTH SCHOOL,Education,17.17,25.18,47.14,250 to 499,High (10-20%)
THE MATHWORKS LIMITED,IT Services,17.16,10.14,11.9,250 to 499,High (10-20%)
DAY LEWIS PLC,Retail,17.16,3.7,61.54,1000 to 4999,High (10-20%)
WELL-SAFE SOLUTIONS LIMITED,Business Support,17.14,13.02,9.76,250 to 499,High (10-20%)
Itchen College,Other,17.14,31.82,70.0,250 to 499,High (10-20%)
VOLUTION VENTILATION UK LIMITED,Electrical Equipment,17.13,-0.87,17.0,500 to 999,High (10-20%)
KELLOGG MANAGEMENT SERVICES (EUROPE) LIMITED,Food Manufacturing,17.11,20.31,45.0,250 to 499,High (10-20%)
THE OLYMPUS ACADEMY TRUST,Education,17.11,32.76,65.94,500 to 999,High (10-20%)
XEINADIN SOUTH EAST LIMITED,Legal,17.11,6.89,41.94,250 to 499,High (10-20%)
REHAU LIMITED,Rubber/Plastics,17.1,0.1,14.6,250 to 499,High (10-20%)
MACE CONSULT LIMITED,Management Consulting,17.1,16.2,25.0,1000 to 4999,High (10-20%)
Collaborative Learning Trust,Other,17.1,26.6,75.0,500 to 999,High (10-20%)
CME OPERATIONS LIMITED,Business Support,17.1,20.5,18.0,250 to 499,High (10-20%)
REPLY LIMITED,IT Services,17.1,25.9,15.6,250 to 499,High (10-20%)
BMW HAMS HALL MOTOREN GMBH,Other,17.1,8.2,2.0,500 to 999,High (10-20%)
TAMWORTH CO-OPERATIVE SOCIETY LIMITED,Other,17.1,6.38,61.9,250 to 499,High (10-20%)
KPMG LLP,Other,17.1,15.7,39.9,"5000 to 19,999",High (10-20%)
PRESTWICK AIRCRAFT MAINTENANCE LTD,Warehousing,17.08,14.61,3.0,500 to 999,High (10-20%)
FAROL LIMITED,Wholesale,17.08,15.3,11.0,250 to 499,High (10-20%)
NORTHERN LEADERS TRUST,Education,17.07,15.0,52.17,250 to 499,High (10-20%)
SHAW HEALTHCARE (GROUP) LIMITED,Residential Care,17.04,3.03,78.13,1000 to 4999,High (10-20%)
CUCINA RESTAURANTS LIMITED,Food & Beverage,17.03,20.92,53.17,1000 to 4999,High (10-20%)
EDUCATION IMPACT ACADEMY TRUST,Education,17.03,3.98,78.36,500 to 999,High (10-20%)
WILSON VALE CATERING MANAGEMENT LIMITED,Food & Beverage,17.02,16.0,17.61,500 to 999,High (10-20%)
ALTUS EDUCATION PARTNERSHIP,Education,17.02,30.2,60.2,250 to 499,High (10-20%)
Lincolnshire Partnership NHS Foundation Trust,Other,17.01,11.2,74.65,1000 to 4999,High (10-20%)
REGENDA LIMITED,Other,17.0,7.4,60.7,250 to 499,High (10-20%)
THOMAS TUNNOCK LIMITED,Other Manufacturing,17.0,13.0,39.0,500 to 999,High (10-20%)
BOURNE EDUCATION TRUST,Education,17.0,27.0,70.0,1000 to 4999,High (10-20%)
CONTROL RISKS GROUP LIMITED,Business Support,17.0,19.0,31.0,250 to 499,High (10-20%)
"B.A.I. (U.K.), LIMITED",Water Transport,17.0,0.0,34.0,250 to 499,High (10-20%)
Summit Learning Trust,Other,17.0,21.2,63.0,500 to 999,High (10-20%)
ORANGEBOX LIMITED,Other,17.0,9.0,21.0,250 to 499,High (10-20%)
SUCCESS ACADEMY TRUST,Education,17.0,37.0,67.9,250 to 499,High (10-20%)
STAYCITY UK LTD.,Hotels,17.0,3.35,45.0,500 to 999,High (10-20%)
PREQIN LTD,Publishing,17.0,21.0,22.0,500 to 999,High (10-20%)
EURO CAR PARKS LIMITED,Warehousing,17.0,6.0,16.0,250 to 499,High (10-20%)
ABL 1 TOUCH MANAGEMENT SERVICES LIMITED,Management Consulting,17.0,29.0,8.0,250 to 499,High (10-20%)
GLENAIR UK LIMITED,Electronics,17.0,9.2,28.4,1000 to 4999,High (10-20%)
CLYDE UNION LIMITED,Machinery,17.0,16.9,8.0,250 to 499,High (10-20%)
RWE SUPPLY & TRADING GMBH,Other,17.0,21.0,24.0,500 to 999,High (10-20%)
ORMISTON ACADEMIES TRUST,Education,17.0,27.6,63.4,1000 to 4999,High (10-20%)
AVANADE UK LIMITED,IT Services,17.0,20.7,24.0,1000 to 4999,High (10-20%)
SHEPHERD AND WEDDERBURN LLP,Other,17.0,18.6,61.0,500 to 999,High (10-20%)
FRIENDS OF BENENDEN HOSPITAL,Healthcare,17.0,25.0,78.0,250 to 499,High (10-20%)
CSC COMPUTER SCIENCES LIMITED,IT Services,17.0,16.0,28.0,1000 to 4999,High (10-20%)
MAGNIT GLOBAL UK LIMITED,Management Consulting,17.0,8.0,47.0,500 to 999,High (10-20%)
AO RECYCLING LIMITED,Waste Management,17.0,-2.0,5.0,Less than 250,High (10-20%)
CHAILEY HERITAGE FOUNDATION,Education,17.0,7.7,79.3,250 to 499,High (10-20%)
Cambridgeshire Fire & Rescue Service,Other,17.0,9.0,10.0,500 to 999,High (10-20%)
NASUWT,Membership Orgs,17.0,28.0,46.0,250 to 499,High (10-20%)
PAYSTREAM MY MAX 3 LIMITED,Employment Agencies,17.0,19.0,21.0,"5000 to 19,999",High (10-20%)
National Church Institutions,Membership Orgs,17.0,18.0,50.0,500 to 999,High (10-20%)
BENENDEN HOSPITAL LIMITED,Healthcare,17.0,25.0,78.0,250 to 499,High (10-20%)
LRQA LIMITED,Business Support,17.0,17.0,30.0,500 to 999,High (10-20%)
FUSION PEOPLE LIMITED,Employment Agencies,17.0,20.0,23.1,250 to 499,High (10-20%)
MAPEI (UK) LIMITED,Chemicals,17.0,17.0,13.0,250 to 499,High (10-20%)
NTT DATA BUSINESS SOLUTIONS LIMITED,IT Services,17.0,18.0,15.0,500 to 999,High (10-20%)
HIGHLAND DISTILLERS LIMITED,Other,17.0,-0.4,44.44,250 to 499,High (10-20%)
P.D. HOOK (BREEDERS) LIMITED,Clothing,17.0,0.0,8.0,250 to 499,High (10-20%)
CALCOT HEALTH & LEISURE COMPANY LIMITED,Hotels,17.0,3.0,48.7,250 to 499,High (10-20%)
WELLINGTON MANAGEMENT INTERNATIONAL LIMITED,Financial Support,17.0,19.6,32.2,250 to 499,High (10-20%)
CLUTTONS LLP,Other,17.0,19.0,34.0,250 to 499,High (10-20%)
The Good Shepherd Catholic Trust,Other,17.0,30.6,77.65,250 to 499,High (10-20%)
QA LIMITED,Education,17.0,16.0,34.0,1000 to 4999,High (10-20%)
ODYSSEY ADVANTAGE SERVICES LIMITED,Employment Agencies,17.0,10.0,51.0,500 to 999,High (10-20%)
INSPIRING FUTURES THROUGH LEARNING,Education,17.0,25.6,84.73,1000 to 4999,High (10-20%)
BAYLIS (GLOUCESTER) LIMITED,Motor Trade,17.0,14.0,9.0,250 to 499,High (10-20%)
2 AGRICULTURE GROWING LIMITED,Clothing,17.0,8.0,3.0,1000 to 4999,High (10-20%)
MERLIN ENTERTAINMENTS (SEA LIFE) LIMITED,Libraries,17.0,9.8,46.9,250 to 499,High (10-20%)
INGENUITY DIGITAL LIMITED,IT Services,17.0,8.0,44.0,250 to 499,High (10-20%)
ROBERT BIRD & PARTNERS LIMITED,Architecture/Engineering,17.0,12.0,17.0,250 to 499,High (10-20%)
VETPARTNERS LIMITED,Management Consulting,16.99,26.2,48.31,500 to 999,High (10-20%)
VEOLIA ES HAMPSHIRE LTD,Waste Management,16.97,13.21,8.89,250 to 499,High (10-20%)
SYSTEMS ENGINEERING & ASSESSMENT LTD,Other Transport,16.95,18.84,9.0,250 to 499,High (10-20%)
Berkshire Healthcare Nhs Foundation Trust,Other,16.93,12.44,74.35,"5000 to 19,999",High (10-20%)
BANDVULC TYRES LTD,Rubber/Plastics,16.92,13.16,20.0,250 to 499,High (10-20%)
ANTOLIN INTERIORS UK LIMITED,Motor Vehicles,16.91,13.22,9.47,500 to 999,High (10-20%)
ACCENTURE (UK) LIMITED,Management Consulting,16.9,19.5,31.0,"5000 to 19,999",High (10-20%)
KINGSLEY NAPLEY LLP,Other,16.9,29.0,59.2,250 to 499,High (10-20%)
GLOBAL LIFE SCIENCES SOLUTIONS OPERATIONS UK LTD,Wholesale,16.9,16.0,31.6,1000 to 4999,High (10-20%)
EDUCATION DEVELOPMENT TRUST,Education,16.9,8.1,71.0,500 to 999,High (10-20%)
TRAVELERS MANAGEMENT LIMITED,Insurance,16.9,13.0,37.0,500 to 999,High (10-20%)
MAGNA INTERNATIONAL HOLDING (UK) LIMITED,Motor Vehicles,16.9,13.1,8.75,250 to 499,High (10-20%)
OPENWORK SERVICES LIMITED,Personal Services,16.9,19.3,44.3,500 to 999,High (10-20%)
"The Royal School, Wolverhampton",Other,16.9,17.8,62.3,250 to 499,High (10-20%)
PRIORY CENTRAL SERVICES LIMITED,Business Support,16.9,15.2,55.7,250 to 499,High (10-20%)
STEER AUTOMOTIVE GROUP LIMITED,Motor Trade,16.9,26.0,6.0,1000 to 4999,High (10-20%)
OWL OPTICAL LIMITED,Retail,16.9,22.8,63.0,250 to 499,High (10-20%)
RULLION LIMITED,Management Consulting,16.9,28.5,44.0,Less than 250,High (10-20%)
ORBIT GROUP LIMITED,Other,16.9,16.3,42.8,1000 to 4999,High (10-20%)
MULBERRY COMPANY (SALES) LIMITED,Retail,16.9,14.4,73.0,Less than 250,High (10-20%)
GREYSTAR EUROPE HOLDINGS LTD,Real Estate,16.9,19.7,35.4,500 to 999,High (10-20%)
HH GLOBAL LIMITED,Finance,16.9,13.83,43.64,500 to 999,High (10-20%)
University of Oxford,Other,16.9,9.4,44.3,"20,000 or more",High (10-20%)
SYSTRA LIMITED,Other,16.89,16.96,15.93,500 to 999,High (10-20%)
JUST EAT HOLDING LIMITED,Information Services,16.87,22.69,27.51,1000 to 4999,High (10-20%)
CORE EDUCATION TRUST,Education,16.85,18.19,58.97,250 to 499,High (10-20%)
LEIGH TRUST,Education,16.85,24.2,81.95,250 to 499,High (10-20%)
CHEVIOT LEARNING TRUST,Education,16.84,17.7,70.6,500 to 999,High (10-20%)
VERISK SPECIALTY BUSINESS SOLUTIONS LIMITED,IT Services,16.84,9.47,19.0,250 to 499,High (10-20%)
ASENDIA UK LIMITED,Postal,16.84,15.55,38.55,250 to 499,High (10-20%)
THE DIOCESE OF SHEFFIELD ACADEMIES TRUST,Education,16.8269,13.6674,86.3354,500 to 999,High (10-20%)
EAST OF ENGLAND CO-OPERATIVE SOCIETY LIMITED,Other,16.82,3.53,47.5,1000 to 4999,High (10-20%)
HITACHI SOLUTIONS EUROPE LTD,IT Services,16.82,12.82,19.61,250 to 499,High (10-20%)
inspire trust,Other,16.81,27.41,62.83,250 to 499,High (10-20%)
HEATHROW TRUCK CENTRE LIMITED,Motor Trade,16.81,16.83,3.2,250 to 499,High (10-20%)
LIVERPOOL SCHOOL OF TROPICAL MEDICINE,Research,16.8,5.6,52.8,500 to 999,High (10-20%)
PRIMAFRUIT LIMITED,Wholesale,16.8,8.08,36.0,250 to 499,High (10-20%)
PLATFORMX COMMUNICATIONS LTD,Telecoms,16.8,9.2,25.4,500 to 999,High (10-20%)
ACCORD HEALTHCARE LIMITED,Pharmaceuticals,16.8,-0.7,33.7,250 to 499,High (10-20%)
FIRST MTR SOUTH WESTERN TRAINS LIMITED,Land Transport,16.8,7.2,8.7,"5000 to 19,999",High (10-20%)
HORNCASTLE EDUCATION TRUST,Education,16.8,39.5,63.0,250 to 499,High (10-20%)
SCOTTISH POWER UK PLC,Management Consulting,16.8,12.69,42.0,500 to 999,High (10-20%)
FUTURE ACADEMIES,Education,16.8,15.35,59.72,500 to 999,High (10-20%)
Havant Borough Council,Other,16.8,17.0,50.0,250 to 499,High (10-20%)
Godalming College,Other,16.8,48.8,62.0,250 to 499,High (10-20%)
BAXTERSTOREY LIMITED,Food & Beverage,16.8,6.29,39.98,"5000 to 19,999",High (10-20%)
ENVIRONMENTAL RESOURCES MANAGEMENT LIMITED,Management Consulting,16.8,11.3,33.0,500 to 999,High (10-20%)
LIKEWIZE SERVICES UK LIMITED,Telecoms,16.8,8.9,24.1,250 to 499,High (10-20%)
GAMMA TELECOM HOLDINGS LIMITED,IT Services,16.76,20.04,23.74,1000 to 4999,High (10-20%)
ECOTRICITY GROUP LTD,Management Consulting,16.76,14.69,38.0,500 to 999,High (10-20%)
UK MISSION ENTERPRISE LIMITED,Employment Agencies,16.75,2.95,25.0,500 to 999,High (10-20%)
BEACON MULTI-ACADEMY TRUST LIMITED,Other,16.75,19.07,51.58,250 to 499,High (10-20%)
GLOBAL EXPERIENCE SPECIALISTS (GES) LIMITED,Business Support,16.74,12.37,39.02,250 to 499,High (10-20%)
VENN GROUP LIMITED,Employment Agencies,16.74,2.78,35.9,250 to 499,High (10-20%)
TBG FLEX LIMITED,Business Support,16.72,14.88,43.8,500 to 999,High (10-20%)
MCHALE KOMATSU LIMITED,Wholesale,16.71,18.8,12.9,250 to 499,High (10-20%)
RECKITT BENCKISER CORPORATE SERVICES LIMITED,Management Consulting,16.7,13.3,41.6,1000 to 4999,High (10-20%)
RAPIER EMPLOYMENT LIMITED,Employment Agencies,16.7,17.0,8.0,500 to 999,High (10-20%)
CHRIST'S HOSPITAL,Education,16.7,22.4,49.0,250 to 499,High (10-20%)
HARPER ADAMS UNIVERSITY,Education,16.7,23.7,49.4,500 to 999,High (10-20%)
Roundhay School,Other,16.7,30.3,70.1,250 to 499,High (10-20%)
ROSS-SHIRE ENGINEERING LIMITED,Fabricated Metals,16.7,22.4,8.0,1000 to 4999,High (10-20%)
HEART OF ENGLAND CO-OPERATIVE SOCIETY LIMITED,Other,16.7,3.2,53.0,500 to 999,High (10-20%)
CITY HEALTH CARE PARTNERSHIP CIC,Healthcare,16.7,5.2,85.5,1000 to 4999,High (10-20%)
THE BOARD OF THE PENSION PROTECTION FUND,Other,16.7,14.8,44.3,250 to 499,High (10-20%)
YTL INFRASTRUCTURE (UK) LIMITED,Other,16.7,23.8,10.0,500 to 999,High (10-20%)
MERCER LIMITED,Business Support,16.7,22.3,36.0,1000 to 4999,High (10-20%)
ASPIRE DEFENCE SERVICES LIMITED,Real Estate,16.7,18.98,19.85,1000 to 4999,High (10-20%)
ISHIDA EUROPE LTD.,Machinery,16.7,7.4,18.0,250 to 499,High (10-20%)
PRIORY HEALTHCARE LIMITED,Healthcare,16.7,3.2,70.9,1000 to 4999,High (10-20%)
HSBC GLOBAL SERVICES (UK) LIMITED,Business Support,16.7,25.5,24.0,"5000 to 19,999",High (10-20%)
BOYLESPORTS (UK) LIMITED,Gambling,16.7,3.4,40.2,250 to 499,High (10-20%)
JENKINSONS CATERERS (STAFFORD) LIMITED,Food & Beverage,16.7,1.08,34.0,250 to 499,High (10-20%)
HISCOX UNDERWRITING GROUP SERVICES LIMITED,Membership Orgs,16.7,16.1,37.0,1000 to 4999,High (10-20%)
JOSEPH ASH LIMITED,Fabricated Metals,16.7,20.0,7.7,250 to 499,High (10-20%)
FUTURE SCHOOLS TRUST,Education,16.7,28.0,65.0,250 to 499,High (10-20%)
DALKIA ENGINEERING LIMITED,Specialist Construction,16.7,27.5,23.7,500 to 999,High (10-20%)
SCOTLAND GAS NETWORKS PLC,Utilities,16.7,12.9,8.0,Less than 250,High (10-20%)
BEAVERBROOK ESTATES LIMITED,Business Support,16.7,3.5,42.0,250 to 499,High (10-20%)
AFFINITY WATER LIMITED,Water Supply,16.7,24.8,28.0,1000 to 4999,High (10-20%)
TRANSFORMING FUTURES MULTI ACADEMY TRUST LIMITED,Education,16.7,28.0,63.2,250 to 499,High (10-20%)
LUCID GAMES LIMITED,IT Services,16.7,14.0,11.0,250 to 499,High (10-20%)
THOMAS DEACON EDUCATION TRUST,Education,16.7,18.4,68.98,500 to 999,High (10-20%)
Somerset NHS Foundation Trust,Other,16.7,2.29,70.64,"5000 to 19,999",High (10-20%)
UNUM EUROPEAN HOLDING COMPANY LIMITED,Finance,16.7,9.8,49.6,500 to 999,High (10-20%)
THE TRADE CENTRE GROUP PLC,Motor Trade,16.69,12.27,13.1,500 to 999,High (10-20%)
ACIS GROUP LIMITED,Real Estate,16.68,13.73,34.25,250 to 499,High (10-20%)
ST. MARY'S SCHOOL (CALNE),Education,16.68,20.7,65.0,250 to 499,High (10-20%)
TERBERG DTS (UK) LIMITED,Wholesale,16.68,13.4,10.9,250 to 499,High (10-20%)
FURROWS LIMITED,Motor Trade,16.68,16.07,17.0,250 to 499,High (10-20%)
CUNDALL LIMITED,Employment Agencies,16.68,17.49,18.63,500 to 999,High (10-20%)
RECORD U.K. LIMITED,Specialist Construction,16.68,15.14,11.9,250 to 499,High (10-20%)
Lincolnshire Community Health Services Nhs Trust,Other,16.67,8.3,79.62,1000 to 4999,High (10-20%)
MASSEY BROS (FEEDS) LTD.,Food Manufacturing,16.66,8.35,22.0,250 to 499,High (10-20%)
LANCING COLLEGE LIMITED,Education,16.65,10.3,56.0,250 to 499,High (10-20%)
TATA COMMUNICATIONS (UK) LIMITED,Telecoms,16.63,16.89,8.2,250 to 499,High (10-20%)
MTR CORPORATION (CROSSRAIL) LIMITED,Land Transport,16.63,37.35,12.2,1000 to 4999,High (10-20%)
JAMES HALL AND COMPANY LIMITED,Wholesale,16.63,5.32,37.22,1000 to 4999,High (10-20%)
BLUECREST HEALTH SCREENING LIMITED,Healthcare,16.63,8.7,42.0,250 to 499,High (10-20%)
COSTAIN ENGINEERING & CONSTRUCTION LIMITED,Other,16.62,22.21,19.81,1000 to 4999,High (10-20%)
INDEPENDENT DIGITAL NEWS AND MEDIA LIMITED,Publishing,16.61,14.68,36.84,250 to 499,High (10-20%)
FINHAM PARK MULTI-ACADEMY TRUST,Education,16.61,32.1,62.0,500 to 999,High (10-20%)
INTERCITY TECHNOLOGY LIMITED,Telecoms,16.6,6.4,15.0,250 to 499,High (10-20%)
SHARP BUSINESS SYSTEMS UK PLC,Leasing,16.6,17.8,16.4,250 to 499,High (10-20%)
TULLO MARSHALL WARREN LIMITED,Film/TV,16.6,14.0,47.0,250 to 499,High (10-20%)
NETFLIX SERVICES UK LIMITED,Business Support,16.6,15.1,57.0,250 to 499,High (10-20%)
ALLIANZ MANAGEMENT SERVICES LIMITED,Business Support,16.6,25.2,41.0,"5000 to 19,999",High (10-20%)
TRINITYM LIMITED,Financial Support,16.6,14.9,20.2,250 to 499,High (10-20%)
CHAMPION TECHNOLOGIES LIMITED,Wholesale,16.6,11.1,25.4,250 to 499,High (10-20%)
STENA LINE LIMITED,Water Transport,16.6,20.01,23.15,500 to 999,High (10-20%)
LUMENTUM TECHNOLOGY UK LIMITED,Electronics,16.6,11.0,21.28,250 to 499,High (10-20%)
BJF CONNECTIONS LTD,Specialist Construction,16.6,26.1,13.25,250 to 499,High (10-20%)
SPARK EDUCATION TRUST,Other,16.6,40.22,72.67,1000 to 4999,High (10-20%)
HOTEL CHOCOLAT LIMITED,Food Manufacturing,16.6,12.4,48.0,1000 to 4999,High (10-20%)
FAMILY ACTION,Social Work,16.6,14.0,81.4,500 to 999,High (10-20%)
WENDY'S RESTAURANTS OF U.K. LIMITED,Food & Beverage,16.6,0.0,26.9,250 to 499,High (10-20%)
CMS CAMERON MCKENNA NABARRO OLSWANG LLP,Other,16.6,20.7,59.4,1000 to 4999,High (10-20%)
MCCANN MANCHESTER LIMITED,Advertising,16.6,10.2,49.5,250 to 499,High (10-20%)
TETRA TECH CONSULTING LIMITED,Architecture/Engineering,16.6,17.7,22.3,1000 to 4999,High (10-20%)
ABINGDON SCHOOL,Education,16.6,29.5,31.0,250 to 499,High (10-20%)
HASTINGS INSURANCE SERVICES LIMITED,Financial Support,16.6,10.1,37.8,1000 to 4999,High (10-20%)
DOCS INTERNATIONAL UK LIMITED,Employment Agencies,16.6,21.9,61.5,250 to 499,High (10-20%)
EXPLORE TRANSPORT LIMITED,Land Transport,16.6,11.1,8.0,250 to 499,High (10-20%)
CLESHAR CONTRACT SERVICES LIMITED,Business Support,16.6,11.4,2.0,250 to 499,High (10-20%)
STARLING BANK LIMITED,Finance,16.6,6.1,32.5,1000 to 4999,High (10-20%)
BAM NUTTALL LIMITED,Other,16.6,21.7,13.0,1000 to 4999,High (10-20%)
NHS Dorset,Other,16.6,7.35,69.23,250 to 499,High (10-20%)
VEOLIA ES MERSEYSIDE & HALTON LIMITED,Waste Management,16.59,20.42,4.29,250 to 499,High (10-20%)
ROBERT BOSCH LIMITED,Electrical Equipment,16.58,12.87,15.38,500 to 999,High (10-20%)
NUVIA LIMITED,Other,16.56,22.16,11.2,500 to 999,High (10-20%)
MTCE LIMITED,Motor Vehicles,16.56,23.24,6.2,250 to 499,High (10-20%)
University Of Bath,Other,16.56,16.23,41.61,1000 to 4999,High (10-20%)
VITA HEALTH GROUP LIMITED,Healthcare,16.54,11.53,71.0,1000 to 4999,High (10-20%)
CLEAN LINEN SERVICES LIMITED,Personal Services,16.52,12.44,19.9,1000 to 4999,High (10-20%)
The Hampshire and Isle of Wight Fire and Rescue Authority,Other,16.5,1.0,16.0,1000 to 4999,High (10-20%)
COOPLAND & SON (SCARBOROUGH) LIMITED,Food Manufacturing,16.5,6.2,56.2,1000 to 4999,High (10-20%)
TJX UK,Retail,16.5,7.7,55.0,"20,000 or more",High (10-20%)
LW THEATRES GROUP LIMITED,Management Consulting,16.5,16.2,39.59,500 to 999,High (10-20%)
CROSS KEYS HOMES LIMITED,Real Estate,16.5,26.5,50.0,250 to 499,High (10-20%)
THE HOWARD PARTNERSHIP TRUST,Education,16.5,21.5,68.5,1000 to 4999,High (10-20%)
AESOP UK LIMITED,Retail,16.5,11.2,60.3,250 to 499,High (10-20%)
Collective Vision Trust,Other,16.5,35.55,77.65,250 to 499,High (10-20%)
WELTON BIBBY AND BARON LIMITED,Paper,16.5,14.7,2.8,250 to 499,High (10-20%)
STEP TEACHERS LIMITED,Education,16.5,17.9,72.1,500 to 999,High (10-20%)
THE SPENCER ACADEMIES TRUST,Education,16.5,27.5,69.0,1000 to 4999,High (10-20%)
STOCKPORT GRAMMAR SCHOOL,Education,16.5,22.7,61.6,250 to 499,High (10-20%)
SYSTAL TECHNOLOGY SOLUTIONS LIMITED,IT Services,16.5,10.0,12.0,250 to 499,High (10-20%)
DOUGLAS PARK LIMITED,Motor Trade,16.5,15.7,12.6,250 to 499,High (10-20%)
PRUDENTIAL UK SERVICES LIMITED,Financial Support,16.5,15.0,36.0,500 to 999,High (10-20%)
TAG EUROPE LIMITED,Finance,16.5,13.6,34.1,250 to 499,High (10-20%)
Blackpool Teaching Hospitals Nhs Foundation Trust,Other,16.48,0.97,69.61,"5000 to 19,999",High (10-20%)
THE ANNA FREUD CENTRE,Healthcare,16.47,10.84,75.65,250 to 499,High (10-20%)
University Hospitals Bristol and Weston NHS Foundation Trust,Other,16.47,2.46,65.35,"5000 to 19,999",High (10-20%)
SUMMERHILL SERVICES LIMITED,Healthcare,16.45,2.9835,41.67,250 to 499,High (10-20%)
PANESAR FOODS LIMITED,Food Manufacturing,16.44,2.63,34.0,250 to 499,High (10-20%)
SERTEC AUTO STRUCTURES (UK) LIMITED,Fabricated Metals,16.43,13.45,8.77,250 to 499,High (10-20%)
University Hospitals Sussex NHS Foundation Trust,Other,16.4272,1.3956,61.7,"5000 to 19,999",High (10-20%)
M GROUP TELECOM LIMITED,Telecoms,16.42,12.57,10.58,500 to 999,High (10-20%)
V.G.CLEMENTS (CONTRACTORS) LIMITED,Employment Agencies,16.41,17.01,1.86,1000 to 4999,High (10-20%)
UNITED CINEMAS INTERNATIONAL (UK) LIMITED,Film/TV,16.4,-0.7,44.0,500 to 999,High (10-20%)
MARY HARE,Education,16.4,17.41,69.0,250 to 499,High (10-20%)
MOULTON TRADING LIMITED,Other,16.4,19.36,44.68,250 to 499,High (10-20%)
UNIVERSITY OF KEELE,Other,16.4,19.2,50.6,1000 to 4999,High (10-20%)
University of Southampton,Other,16.4,13.3,41.6,"5000 to 19,999",High (10-20%)
LEARNING ACADEMIES TRUST,Education,16.4,22.14,86.0,500 to 999,High (10-20%)
WOOD MACKENZIE LIMITED,Libraries,16.4,13.78,30.77,500 to 999,High (10-20%)
"AMERICAN AIRLINES, INC.",Other,16.4,0.2,26.5,500 to 999,High (10-20%)
ARM LIMITED,Business Support,16.4,17.41,11.59,1000 to 4999,High (10-20%)
JEMELLA LIMITED,Wholesale,16.4,23.2,65.3,250 to 499,High (10-20%)
SHEPHERD NEAME LIMITED,Other,16.4,2.2,38.3,1000 to 4999,High (10-20%)
EBOR ACADEMY TRUST,Education,16.4,32.48,85.6,1000 to 4999,High (10-20%)
WEIGHTMANS LLP,Other,16.4,19.8,61.5,1000 to 4999,High (10-20%)
THE PRINCETHORPE FOUNDATION,Education,16.4,21.5,70.3,250 to 499,High (10-20%)
DIXONS ACADEMIES TRUST,Education,16.4,25.6,58.6,1000 to 4999,High (10-20%)
STONEMANOR LIMITED,Retail,16.4,14.7,92.5,250 to 499,High (10-20%)
CNOOC PETROLEUM EUROPE LIMITED,Telecoms,16.4,12.1,11.0,250 to 499,High (10-20%)
"THE ABBEY SCHOOL, READING",Education,16.4,28.5,69.3,250 to 499,High (10-20%)
Cheltenham College,Education,16.4,22.6,48.8,500 to 999,High (10-20%)
NSS MAINTENANCE LIMITED,Facilities,16.4,15.2,3.7,250 to 499,High (10-20%)
PUBLICA GROUP ( SUPPORT) LIMITED,Public Admin,16.39,19.34,49.0,250 to 499,High (10-20%)
LOUGHBOROUGH UNIVERSITY,Other,16.39,18.52,39.7,"5000 to 19,999",High (10-20%)
WEATHERFORD U.K. LIMITED,Libraries,16.38,21.37,17.4,250 to 499,High (10-20%)
TAILSCO LIMITED,Retail,16.37,1.03,43.0,250 to 499,High (10-20%)
DORMAKABA UK LIMITED,Specialist Construction,16.37,27.11,23.81,250 to 499,High (10-20%)
Dartford Borough Council,Other,16.35,20.35,48.78,250 to 499,High (10-20%)
NORTH STAR COMMUNITY TRUST LTD,Education,16.34,24.93,66.25,250 to 499,High (10-20%)
Blackdown Education Partnership,Other,16.32,35.97,64.89,1000 to 4999,High (10-20%)
SHINE Academies,Other,16.31,23.25,83.0,250 to 499,High (10-20%)
SAATCHI & SAATCHI GROUP LTD,Advertising,16.3,20.8,53.6,250 to 499,High (10-20%)
THE MEDICAL PROTECTION SOCIETY LIMITED,Membership Orgs,16.3,14.4,49.0,500 to 999,High (10-20%)
INFINIS ENERGY SERVICES LIMITED,Personal Services,16.3,20.5,17.6,250 to 499,High (10-20%)
R K WHOLESALE LIMITED,Electrical Equipment,16.3,5.1,40.3,500 to 999,High (10-20%)
"THE KING'S SCHOOL, ELY",Education,16.3,27.3,54.4,500 to 999,High (10-20%)
RYDER ARCHITECTURE LIMITED,Architecture/Engineering,16.3,17.3,28.9,250 to 499,High (10-20%)
COLOPLAST LIMITED,Wholesale,16.3,1.8,65.6,500 to 999,High (10-20%)
BIRMINGHAM DIOCESAN MULTI-ACADEMY TRUST,Education,16.3,27.29,81.05,500 to 999,High (10-20%)
NG BAILEY FACILITIES SERVICES LIMITED,Specialist Construction,16.3,20.9,12.2,500 to 999,High (10-20%)
WHITECROFT LIGHTING LIMITED,Electrical Equipment,16.3,9.1,23.1,250 to 499,High (10-20%)
SIMPSON THACHER & BARTLETT LLP,Other,16.3,8.1,44.5,250 to 499,High (10-20%)
national employment savings trust,Other,16.3,14.2,44.0,250 to 499,High (10-20%)
FPCR ENVIRONMENT AND DESIGN LIMITED,Professional Services,16.3,10.5,38.1,250 to 499,High (10-20%)
ACCIDENT EXCHANGE LIMITED,Leasing,16.3,-5.0,36.0,250 to 499,High (10-20%)
MARCHES ACADEMY TRUST,Education,16.3,47.0,66.0,1000 to 4999,High (10-20%)
VISHAY NEWPORT LIMITED,Electronics,16.3,9.9,9.8,250 to 499,High (10-20%)
NHS Herefordshire & Worcestershire ICB,Other,16.3,9.6,71.72,250 to 499,High (10-20%)
ESTEEM MULTI-ACADEMY TRUST,Education,16.3,9.6,73.2,1000 to 4999,High (10-20%)
APTIA UK LIMITED,Business Support,16.3,9.8,44.0,1000 to 4999,High (10-20%)
PARKINSON'S DISEASE SOCIETY OF THE UNITED KINGDOM,Personal Services,16.3,8.9,62.8,500 to 999,High (10-20%)
CHOKDEE LTD,Food & Beverage,16.3,1.2,33.0,1000 to 4999,High (10-20%)
XINLUNG GROUP LIMITED,Management Consulting,16.3,21.0,64.0,250 to 499,High (10-20%)
BRIGHTON MARINE PALACE & PIER COMPANY (THE),Gambling,16.27,7.82,15.0,250 to 499,High (10-20%)
MAGNA LEARNING PARTNERSHIP,Education,16.26,26.71,65.99,500 to 999,High (10-20%)
Royal Free London Nhs Foundation,Other,16.25,13.13,57.54,"5000 to 19,999",High (10-20%)
GEMINI ACCIDENT REPAIR CENTRES LIMITED,Motor Trade,16.24,21.02,5.7,500 to 999,High (10-20%)
OUTWOOD GRANGE ACADEMIES TRUST,Education,16.24,27.53,66.95,1000 to 4999,High (10-20%)
The Christie Nhs Foundation Trust,Other,16.23,5.24,70.68,1000 to 4999,High (10-20%)
PX LIMITED,Utilities,16.23,23.58,12.57,500 to 999,High (10-20%)
BSH HOME APPLIANCES LIMITED,Wholesale,16.23,20.34,36.3,500 to 999,High (10-20%)
PETS CORNER (UK) LIMITED,Retail,16.22,2.77,65.2,1000 to 4999,High (10-20%)
Dorset Police,Other,16.22,22.76,31.56,1000 to 4999,High (10-20%)
ANS GROUP LIMITED,Telecoms,16.22,9.22,17.65,500 to 999,High (10-20%)
OCEANEERING INTERNATIONAL SERVICES LIMITED,Personal Services,16.22,19.59,11.0,1000 to 4999,High (10-20%)
MERIDIAN TRUST,Education,16.21,31.15,65.0,1000 to 4999,High (10-20%)
KING'S COLLEGE LONDON BUSINESS LIMITED,Education,16.21,19.47,23.19,250 to 499,High (10-20%)
Dover Harbour Board,Other,16.2,10.5,21.0,250 to 499,High (10-20%)
THE ROYAL PHARMACEUTICAL SOCIETY OF GREAT BRITAIN,Other,16.2,17.6,43.3,Less than 250,High (10-20%)
Fairhurst,Architecture/Engineering,16.2,15.6,12.2,250 to 499,High (10-20%)
FACULTY SCIENCE LIMITED,IT Services,16.2,17.2,21.0,250 to 499,High (10-20%)
TG JONES RETAIL HOLDINGS LIMITED,Management Consulting,16.2,0.0,52.5,"5000 to 19,999",High (10-20%)
THE HOLY SPIRIT CATHOLIC MULTI ACADEMY COMPANY,Education,16.2,36.8,73.0,250 to 499,High (10-20%)
Kings' School,Other,16.2,35.3,70.9,250 to 499,High (10-20%)
NTT UNITED KINGDOM LIMITED,IT Services,16.2,27.0,21.93,250 to 499,High (10-20%)
Kingston and Richmond NHS Foundation Trust,Other,16.2,12.0,65.8,"5000 to 19,999",High (10-20%)
CONCUR TECHNOLOGIES (UK) LIMITED,Publishing,16.2,17.8,34.0,250 to 499,High (10-20%)
QAHE LIMITED,Education,16.2,18.9,41.0,500 to 999,High (10-20%)
WORKDAY (UK) LIMITED,Information Services,16.2,15.2,32.7,500 to 999,High (10-20%)
CARDIFF UNIVERSITY,Other,16.2,8.2,40.79,"5000 to 19,999",High (10-20%)
Breckland District Council,Other,16.2,20.3,52.2,250 to 499,High (10-20%)
PERTEMPS RECRUITMENT PARTNERSHIP LIMITED,Employment Agencies,16.2,11.9,13.1,"5000 to 19,999",High (10-20%)
H.TEMPEST LIMITED,Professional Services,16.2,3.3,54.1,500 to 999,High (10-20%)
WORKMAN FACILITIES MANAGEMENT LIMITED,Real Estate,16.2,15.1,34.9,250 to 499,High (10-20%)
MARSHALLS PLC,Management Consulting,16.2,32.9,41.0,Less than 250,High (10-20%)
Felsted School,Education,16.2,28.1,57.0,500 to 999,High (10-20%)
ALFA FINANCIAL SOFTWARE LIMITED,IT Services,16.2,18.6,26.0,250 to 499,High (10-20%)
KELLER LIMITED,Specialist Construction,16.19,11.67,4.1,250 to 499,High (10-20%)
LIFESTYLE SERVICES GROUP LIMITED,Financial Support,16.19,18.34,39.0,500 to 999,High (10-20%)
TD SYNNEX UK LIMITED,Wholesale,16.16,8.71,30.5,1000 to 4999,High (10-20%)
Wyggeston and Queen Elizabeth I College,Other,16.16,51.12,53.09,250 to 499,High (10-20%)
THE ROSE LEARNING TRUST,Education,16.16,0.0,90.0,250 to 499,High (10-20%)
Leeds Teaching Hospitals Nhs Trust,Other,16.1553,15.6995,61.9,"20,000 or more",High (10-20%)
COSTAR UK LIMITED,Information Services,16.14,14.47,17.02,250 to 499,High (10-20%)
ENERGY SYSTEMS CATAPULT LIMITED,Professional Services,16.14,19.8,33.0,250 to 499,High (10-20%)
THE COTSWOLD COMPANY (UK) LIMITED,Retail,16.13,2.48,44.59,250 to 499,High (10-20%)
STEWARTS LAW LLP,Other,16.13,18.15,60.0,250 to 499,High (10-20%)
Unite the Union,Other,16.13,26.16,33.33,1000 to 4999,High (10-20%)
DHL GLOBAL FORWARDING (UK) LIMITED,Warehousing,16.12,7.22,28.0,1000 to 4999,High (10-20%)
EPTA UK LIMITED,Other Manufacturing,16.1,12.2,11.9,500 to 999,High (10-20%)
MORGAN STANLEY UK LIMITED,Business Support,16.1,18.0,29.3,1000 to 4999,High (10-20%)
Stamford Park Trust,Education,16.1,29.2,62.0,500 to 999,High (10-20%)
TransPennine Trains Limited,Other,16.1,34.9,10.1,1000 to 4999,High (10-20%)
KINGFISHER INTERNATIONAL PRODUCTS LIMITED,Wholesale,16.1,16.0,33.3,250 to 499,High (10-20%)
ROCKFISH GROUP LIMITED,Food & Beverage,16.1,0.3,38.0,250 to 499,High (10-20%)
EDWARDS AND BLAKE LIMITED,Food & Beverage,16.1,13.1,77.9,250 to 499,High (10-20%)
EUROTUNNEL SERVICES LIMITED,Warehousing,16.1,17.1,12.2,500 to 999,High (10-20%)
BRITISH BUSINESS BANK PLC,Finance,16.1,18.1,36.0,500 to 999,High (10-20%)
HCRG CARE SERVICES LTD,Healthcare,16.1,2.5,86.7,1000 to 4999,High (10-20%)
BIRD & BIRD LLP,Other,16.1,35.0,51.8,500 to 999,High (10-20%)
BERRYWORLD LIMITED,Wholesale,16.1,8.1,40.6,500 to 999,High (10-20%)
PARKWOOD LEISURE LIMITED,Business Support,16.1,0.0,43.67,500 to 999,High (10-20%)
MASTERCARD UK MANAGEMENT SERVICES LIMITED,Business Support,16.1,14.7,35.8,1000 to 4999,High (10-20%)
CATHEDRAL LEASING LIMITED,Business Support,16.1,25.2,63.0,Less than 250,High (10-20%)
DASSAULT SYSTEMES UK LIMITED,Publishing,16.1,27.4,17.0,500 to 999,High (10-20%)
AGCO LIMITED,Machinery,16.1,9.4,24.7,250 to 499,High (10-20%)
GORGEMEAD LIMITED,Retail,16.1,0.8,63.4,1000 to 4999,High (10-20%)
RENISHAW P L C,Electronics,16.1,19.7,15.0,1000 to 4999,High (10-20%)
BP OIL UK LIMITED,Petroleum,16.1,18.1,29.0,500 to 999,High (10-20%)
CGG SERVICES (UK) LIMITED,Professional Services,16.1,10.1,16.0,500 to 999,High (10-20%)
Reaseheath College,Other,16.08,8.92,52.0,500 to 999,High (10-20%)
Cheshire Academies Trust,Other,16.08,3.54,85.61,500 to 999,High (10-20%)
BIOMET UK LIMITED,Fabricated Metals,16.07,66.67,9.2,250 to 499,High (10-20%)
The Prospect Trust,Other,16.06,28.75,62.26,500 to 999,High (10-20%)
University of Huddersfield,Other,16.06,13.31,44.0,1000 to 4999,High (10-20%)
THE CO-OPERATIVE ACADEMIES TRUST,Education,16.05,17.67,66.8,1000 to 4999,High (10-20%)
LOXFORD SCHOOL TRUST LIMITED,Education,16.05,19.1,61.0,500 to 999,High (10-20%)
ST ANNE'S COLLEGE OXFORD,Other,16.05,14.07,47.0,250 to 499,High (10-20%)
Rushmoor Borough Council,Other,16.04,13.17,52.0,250 to 499,High (10-20%)
Yeovil College,Other,16.03,30.7,36.11,250 to 499,High (10-20%)
PROVIDE COMMUNITY INTEREST COMPANY,Healthcare,16.03,7.42,83.33,1000 to 4999,High (10-20%)
SCA INVESTMENTS LIMITED,Food & Beverage,16.01,-2.01,39.0,1000 to 4999,High (10-20%)
EUROFINS FORENSIC SERVICES LIMITED,Professional Services,16.01,8.28,56.29,500 to 999,High (10-20%)
PHINIA DELPHI UK LTD,Motor Vehicles,16.0,18.0,13.0,1000 to 4999,High (10-20%)
LUCION SERVICES LIMITED,Professional Services,16.0,22.0,9.38,250 to 499,High (10-20%)
Oxford Health Nhs Foundation Trust,Other,16.0,5.2,73.9,"5000 to 19,999",High (10-20%)
THE UK TRADE DESK LTD,Personal Services,16.0,25.0,27.0,250 to 499,High (10-20%)
SONOMATIC LIMITED,Architecture/Engineering,16.0,20.9,13.0,250 to 499,High (10-20%)
AM FRESH UK LIMITED,Wholesale,16.0,7.0,38.0,1000 to 4999,High (10-20%)
SOUTH WEST LARDER LIMITED,Food & Beverage,16.0,20.0,51.0,250 to 499,High (10-20%)
NATIONAL AUSTRALIA BANK,Other,16.0,13.6,29.7,250 to 499,High (10-20%)
PERSHING LIMITED,Finance,16.0,26.0,29.0,250 to 499,High (10-20%)
XYLEM WATER SOLUTIONS UK LTD,Machinery,16.0,14.0,34.0,500 to 999,High (10-20%)
5 DIMENSIONS TRUST,Education,16.0,27.0,63.0,500 to 999,High (10-20%)
LANDAU FORTE CHARITABLE TRUST,Education,16.0,28.0,58.0,500 to 999,High (10-20%)
FFILM CYMRU WALES C.B.C,Film/TV,16.0,-3.0,50.0,Less than 250,High (10-20%)
NESTLE GLOBAL SERVICES UK LIMITED,Professional Services,16.0,18.0,42.0,250 to 499,High (10-20%)
CALERO MDSL LIMITED,Professional Services,16.0,9.0,23.9,250 to 499,High (10-20%)
DECKERS EUROPE LIMITED,Wholesale,16.0,21.0,65.0,250 to 499,High (10-20%)
TRANSPORT FOR WALES RAIL LTD,Land Transport,16.0,16.9,10.1,1000 to 4999,High (10-20%)
NUCLEUS HOLDINGS LIMITED,Management Consulting,16.0,14.0,59.0,250 to 499,High (10-20%)
WASSERMAN EMEA LLP,Other,16.0,6.0,35.0,500 to 999,High (10-20%)
RIVERMEAD INCLUSIVE TRUST,Education,16.0,21.1,82.0,500 to 999,High (10-20%)
NOTTINGHAM INDUSTRIAL CLEANERS LIMITED,Business Support,16.0,0.0,60.0,500 to 999,High (10-20%)
THE MERCIAN TRUST,Education,16.0,22.0,61.0,1000 to 4999,High (10-20%)
THE BANK OF NEW YORK MELLON,Other,16.0,20.0,31.0,1000 to 4999,High (10-20%)
DYNATRACE LIMITED,IT Services,16.0,21.0,32.0,250 to 499,High (10-20%)
GOLDMAN SACHS (UK) SVC. LIMITED,Business Support,16.0,22.8,21.2,1000 to 4999,High (10-20%)
CNA SERVICES (UK) LIMITED,Business Support,16.0,12.0,39.0,250 to 499,High (10-20%)
HARRIS FEDERATION,Education,16.0,18.0,58.99,1000 to 4999,High (10-20%)
Royal Shakespeare Company,Arts,16.0,11.8,56.4,500 to 999,High (10-20%)
SYMPHONY LEARNING TRUST,Education,16.0,50.23,85.09,500 to 999,High (10-20%)
WATERSTONES BOOKSELLERS LIMITED,Retail,16.0,5.1,46.2,1000 to 4999,High (10-20%)
RESTORATION AND RENEWAL DELIVERY AUTHORITY LTD,Construction,16.0,18.0,34.0,Less than 250,High (10-20%)
BORDER HOLDINGS (U.K.) LTD.,Motor Trade,16.0,10.0,21.1,250 to 499,High (10-20%)
BOOKING.COM LIMITED,Business Support,16.0,21.0,34.0,250 to 499,High (10-20%)
IMMEDIATE MEDIA COMPANY LIMITED,Publishing,16.0,17.0,47.0,500 to 999,High (10-20%)
ANDREWS ESTATE AGENTS LIMITED,Real Estate,16.0,18.0,37.0,250 to 499,High (10-20%)
COMPUTERSHARE TECHNOLOGY SERVICES (UK) LIMITED,IT Services,16.0,6.0,13.0,500 to 999,High (10-20%)
HUTCHISON 3G UK LIMITED,Telecoms,16.0,11.0,32.0,1000 to 4999,High (10-20%)
GENERATION (UK) LIMITED,Leasing,16.0,12.0,17.0,250 to 499,High (10-20%)
Health Education and Improvement Wales,Other,16.0,14.0,72.0,500 to 999,High (10-20%)
IRIS SOFTWARE LIMITED,IT Services,16.0,7.5,42.0,250 to 499,High (10-20%)
GDST ACADEMY TRUST,Education,16.0,29.0,78.0,250 to 499,High (10-20%)
Learning Accord Multi Academy Trust,Other,16.0,11.0,86.0,250 to 499,High (10-20%)
FUJIFILM HEALTHCARE UK LIMITED,Retail,16.0,23.0,22.0,Less than 250,High (10-20%)
CLARIVATE ANALYTICS (UK) LIMITED,IT Services,16.0,16.0,44.0,500 to 999,High (10-20%)
OODLE FINANCIAL SERVICES LIMITED,Finance,16.0,15.0,36.78,250 to 499,High (10-20%)
MICRONCLEAN LIMITED,Personal Services,16.0,6.4,37.8,250 to 499,High (10-20%)
ENTERTAINMENT MAGPIE LIMITED,Retail,16.0,1.0,24.0,250 to 499,High (10-20%)
CLOSERSTILL ACQUISITIONS LIMITED,Business Support,16.0,14.0,45.0,250 to 499,High (10-20%)
RUGBY FOOTBALL UNION,Other,16.0,12.9,24.5,1000 to 4999,High (10-20%)
BESTWAY PANACEA HOLDINGS LIMITED,Management Consulting,16.0,-0.3,59.7,"5000 to 19,999",High (10-20%)
Sheffield South East Trust,Other,16.0,23.3,80.15,250 to 499,High (10-20%)
MORGAN TECHNICAL CERAMICS LIMITED,Non-Metallic Minerals,16.0,18.1,19.4,250 to 499,High (10-20%)
BRITISH AMERICAN TOBACCO (INVESTMENTS) LIMITED,Management Consulting,16.0,8.0,46.0,500 to 999,High (10-20%)
Ashmole Academy Trust,Other,16.0,21.0,71.0,250 to 499,High (10-20%)
ST GEORGE'S WEYBRIDGE,Education,16.0,26.0,57.0,250 to 499,High (10-20%)
Derbyshire Healthcare NHS Foundation Trust,Other,15.99,5.28,71.72,1000 to 4999,High (10-20%)
WORCESTER CARSALES LIMITED,Motor Trade,15.98,13.34,15.79,250 to 499,High (10-20%)
MIZUHO EMEA CORPORATE SERVICES LIMITED,Business Support,15.98,23.71,28.57,500 to 999,High (10-20%)
ALBERT FARNELL LIMITED,Motor Trade,15.98,17.63,12.18,500 to 999,High (10-20%)
MOORCROFT GROUP PUBLIC LIMITED COMPANY,Finance,15.95,2.98,39.8,250 to 499,High (10-20%)
SOPHOS LIMITED,IT Services,15.95,16.39,23.94,500 to 999,High (10-20%)
BRUNEL HEALTHCARE MANUFACTURING LIMITED,Food Manufacturing,15.94,4.45,32.78,500 to 999,High (10-20%)
NISHKAM SCHOOLS MULTI ACADEMY TRUST,Education,15.92,7.42,76.9,250 to 499,High (10-20%)
NEWCASTLE STRATEGIC SOLUTIONS LIMITED,Business Support,15.91,17.58,35.5,500 to 999,High (10-20%)
UNITED AIRLINES INC,Other,15.9,12.9,12.7,500 to 999,High (10-20%)
ABL HEALTH LIMITED,Healthcare,15.9,0.45,70.0,250 to 499,High (10-20%)
BAUER RADIO LIMITED,Management Consulting,15.9,10.9,44.4,500 to 999,High (10-20%)
AIRWAIR INTERNATIONAL LIMITED,Wholesale,15.9,11.2,58.0,1000 to 4999,High (10-20%)
ALLIANCE MEDICAL LIMITED,Healthcare,15.9,19.6,44.0,1000 to 4999,High (10-20%)
TAYLOR SHAW LIMITED,Food & Beverage,15.9,9.1,79.7,1000 to 4999,High (10-20%)
HACHETTE UK DISTRIBUTION LIMITED,Publishing,15.9,9.7,62.2,250 to 499,High (10-20%)
MOTONOVO FINANCE LIMITED,Finance,15.9,11.5,36.0,500 to 999,High (10-20%)
LEGENDS GLOBAL HOLDINGS LIMITED,Management Consulting,15.9,5.6,37.2,1000 to 4999,High (10-20%)
GATWICK AIRPORT LIMITED,Warehousing,15.9,10.5,22.5,1000 to 4999,High (10-20%)
SHARE MULTI ACADEMY TRUST,Education,15.9,29.3,69.0,500 to 999,High (10-20%)
GIFT UNIVERSE LIMITED,Business Support,15.9,-12.0,36.8,Less than 250,High (10-20%)
DIGITAL CATAPULT,Professional Services,15.9,21.0,25.0,250 to 499,High (10-20%)
Wandle Learning Trust,Other,15.9,16.8,61.8,500 to 999,High (10-20%)
HBVB,Finance,15.9,17.7,41.5,500 to 999,High (10-20%)
EGENCIA UK LTD,Travel,15.9,22.3,46.1,250 to 499,High (10-20%)
ROYAL INSTITUTION OF CHARTERED SURVEYORS,Other,15.9,9.3,47.0,250 to 499,High (10-20%)
PENGUIN BOOKS LIMITED,Publishing,15.89,5.03,70.37,250 to 499,High (10-20%)
ORANGE BUSINESS HOLDINGS UK LIMITED,Business Support,15.89,19.19,24.0,250 to 499,High (10-20%)
RMD KWIKFORM LIMITED,Leasing,15.88,8.36,11.11,250 to 499,High (10-20%)
CONSILIUM ACADEMIES,Education,15.88,21.69,56.0,500 to 999,High (10-20%)
LADBIBLE GROUP LIMITED,Publishing,15.86,9.78,43.48,250 to 499,High (10-20%)
INDUSTRIAL CHEMICALS GROUP LIMITED,Chemicals,15.86,18.06,7.0,250 to 499,High (10-20%)
COVERIS SPECIALITY BAGS LIMITED,Rubber/Plastics,15.86,5.76,13.64,Less than 250,High (10-20%)
IUP 2 LLP,Other,15.85,21.65,41.0,Less than 250,High (10-20%)
SKF (U.K.) LIMITED,Machinery,15.83,18.15,12.9,500 to 999,High (10-20%)
TESLA ENGINEERING LIMITED,Machinery,15.82,25.85,9.78,250 to 499,High (10-20%)
BANDAI NAMCO AMUSEMENT EUROPE LIMITED,Sports/Recreation,15.82,28.69,29.0,500 to 999,High (10-20%)
AMVALE MEDICAL TRANSPORT LIMITED,Business Support,15.81,8.48,34.85,500 to 999,High (10-20%)
WEALTH AT WORK LIMITED,Business Support,15.8,18.2,21.1,250 to 499,High (10-20%)
HARBOUR ENERGY SERVICES LIMITED,Telecoms,15.8,19.7,19.2,1000 to 4999,High (10-20%)
The College of West Anglia,Other,15.8,22.0,56.0,500 to 999,High (10-20%)
LOCALA COMMUNITY PARTNERSHIPS C.I.C.,Healthcare,15.8,10.0,93.1,1000 to 4999,High (10-20%)
Imperial College London,Other,15.8,7.4,35.9,"5000 to 19,999",High (10-20%)
SAGA PLC,Management Consulting,15.8,9.0,41.4,1000 to 4999,High (10-20%)
HARDENHUISH SCHOOL LIMITED,Education,15.8,41.0,68.3,Less than 250,High (10-20%)
University Of Cambridge,Other,15.8,9.3,43.0,"5000 to 19,999",High (10-20%)
THE ROSELAND MULTI ACADEMY TRUST,Education,15.8,29.3,60.8,250 to 499,High (10-20%)
DRAEGER SAFETY UK LTD,Machinery,15.8,19.0,19.0,250 to 499,High (10-20%)
BARHALE LIMITED,Other,15.8,19.6,8.0,1000 to 4999,High (10-20%)
DERMALOGICA (UK) LIMITED,Wholesale,15.8,20.3,76.0,Less than 250,High (10-20%)
PEPSICO INTERNATIONAL LIMITED,Personal Services,15.8,14.3,41.0,500 to 999,High (10-20%)
JOHN INNES CENTRE,Research,15.8,6.85,30.0,250 to 499,High (10-20%)
MATRIX ACADEMY TRUST,Education,15.8,12.0,81.7,500 to 999,High (10-20%)
HOWARD KENNEDY SERVICES LIMITED,Business Support,15.8,33.0,61.0,250 to 499,High (10-20%)
H.W. COATES LIMITED,Land Transport,15.8,6.7,22.0,250 to 499,High (10-20%)
PERCEPTA UK LIMITED,Business Support,15.8,11.8,50.0,250 to 499,High (10-20%)
HUNTAPAC PRODUCE LIMITED,Other,15.79,18.05,11.51,500 to 999,High (10-20%)
PENNON WATER SERVICES LIMITED,Business Support,15.79,3.15,28.6,Less than 250,High (10-20%)
KROHNE LIMITED,Electronics,15.78,13.28,3.0,250 to 499,High (10-20%)
RAISE EDUCATION TRUST,Education,15.77,37.94,63.33,250 to 499,High (10-20%)
NHS West Yorkshire Integrated Care Board,Other,15.76,12.61,69.03,1000 to 4999,High (10-20%)
Furness College,Other,15.76,33.82,64.0,250 to 499,High (10-20%)
HELIX OFFSHORE CREWING SERVICES LIMITED,Employment Agencies,15.73,14.45,0.0,500 to 999,High (10-20%)
THE BARCODE WAREHOUSE LIMITED,Printing,15.73,4.34,29.0,250 to 499,High (10-20%)
RICOH UK LIMITED,IT Services,15.72,15.67,21.61,1000 to 4999,High (10-20%)
FOUNDEVER GLOBAL SERVICES LIMITED,Business Support,15.72,0.0,39.4,250 to 499,High (10-20%)
QUADIENT UK LIMITED,Machinery,15.71,15.83,35.0,250 to 499,High (10-20%)
UNION BANCAIRE PRIVÉE (UK) LIMITED,Financial Support,15.71,26.07,33.0,250 to 499,High (10-20%)
SOPP AND SOPP LIMITED,Warehousing,15.7,2.0,32.6,250 to 499,High (10-20%)
INFORMA EVENTS LIMITED,Management Consulting,15.7,12.4,50.0,500 to 999,High (10-20%)
ARRIVA RAIL LONDON LIMITED,Management Consulting,15.7,42.3,13.8,1000 to 4999,High (10-20%)
MOTT MACDONALD LIMITED,Architecture/Engineering,15.7,18.5,22.0,"5000 to 19,999",High (10-20%)
STAFF ASSURED LIMITED,Employment Agencies,15.7,0.0,30.0,Less than 250,High (10-20%)
SNAP GROUP LIMITED,IT Services,15.7,21.5,36.5,250 to 499,High (10-20%)
SO ENERGY TRADING LIMITED,Utilities,15.7,10.0,29.4,250 to 499,High (10-20%)
ASHWORTH AND PARKER LIMITED,Retail,15.7,4.8,40.0,500 to 999,High (10-20%)
THE GORSE ACADEMIES TRUST,Education,15.7,11.1,65.0,1000 to 4999,High (10-20%)
WAREHOUSE EXPRESS LIMITED,Retail,15.7,2.0,22.0,250 to 499,High (10-20%)
VWV LEGAL SERVICES LIMITED,Professional Services,15.7,17.6,66.4,500 to 999,High (10-20%)
"Wadham College, Oxford",Education,15.7,5.2,44.0,250 to 499,High (10-20%)
FIL INVESTMENT MANAGEMENT LIMITED,Business Support,15.7,18.8,33.0,1000 to 4999,High (10-20%)
Chelsea and Westminster Hospital NHS Foundation Trust,Other,15.7,10.9,75.73,"5000 to 19,999",High (10-20%)
AFFINITY LEARNING PARTNERSHIP,Education,15.7,29.1,59.8,500 to 999,High (10-20%)
ROYAL HOLLOWAY AND BEDFORD NEW COLLEGE,Other,15.7,17.1,42.9,1000 to 4999,High (10-20%)
DENTSU INTERNATIONAL LIMITED,Management Consulting,15.7,11.7,51.5,250 to 499,High (10-20%)
OMNICOM MANAGEMENT LIMITED,Management Consulting,15.7,10.7,19.7,250 to 499,High (10-20%)
UNIVERSITY OF BRISTOL,Other,15.7,11.1,45.3,"5000 to 19,999",High (10-20%)
CORNERSTONE TELECOMMUNICATIONS INFRASTRUCTURE LIMITED,Telecoms,15.7,15.0,25.0,250 to 499,High (10-20%)
University of Nottingham,Other,15.7,13.3,42.1,"5000 to 19,999",High (10-20%)
MOBILE BROADBAND NETWORK LIMITED,Telecoms,15.7,12.2,21.0,250 to 499,High (10-20%)
VOLKSWAGEN FINANCIAL SERVICES (UK) LIMITED,Finance,15.7,26.6,39.0,1000 to 4999,High (10-20%)
The Health and Care Professions Council,Public Admin,15.7,14.3,47.0,250 to 499,High (10-20%)
FOSTER + PARTNERS GROUP LIMITED,Finance,15.7,10.0,30.0,1000 to 4999,High (10-20%)
DENSO MANUFACTURING UK LTD.,Other Transport,15.68,8.68,13.22,500 to 999,High (10-20%)
C.E.M. DAY LIMITED,Motor Trade,15.68,1.03,13.77,500 to 999,High (10-20%)
THE PORTSMOUTH GRAMMAR SCHOOL,Education,15.66,15.58,43.48,250 to 499,High (10-20%)
LINCOLN COLLEGE OXFORD,Other,15.65,10.2,41.98,250 to 499,High (10-20%)
ROYAL AGRICULTURAL UNIVERSITY,Education,15.64,-4.49,46.38,250 to 499,High (10-20%)
STANTEC UK LIMITED,IT Services,15.62,20.74,22.91,1000 to 4999,High (10-20%)
BANK OF IRELAND (UK) PLC,Finance,15.61,17.84,43.0,250 to 499,High (10-20%)
East Coast College,Other,15.61,31.66,50.0,500 to 999,High (10-20%)
ZEBRA TECHNOLOGIES EUROPE LIMITED,IT Services,15.6,13.8,24.1,500 to 999,High (10-20%)
THE GUIDE ASSOCIATION,Other,15.6,20.8,71.2,250 to 499,High (10-20%)
SMITH BROTHERS STORES LIMITED,Wholesale,15.6,-5.1,11.6,500 to 999,High (10-20%)
THE BOSTON CONSULTING GROUP UK LLP,Other,15.6,16.6,41.3,1000 to 4999,High (10-20%)
MIDDLESEX LEARNING TRUST,Education,15.6,20.1,67.9,250 to 499,High (10-20%)
AGGREKO UK LIMITED,Leasing,15.6,5.1,23.67,1000 to 4999,High (10-20%)
APADMI LIMITED,IT Services,15.6,13.4,22.1,250 to 499,High (10-20%)
BRITISH GAS TRADING LIMITED,Utilities,15.6,5.2,36.7,"5000 to 19,999",High (10-20%)
PHOENIX GROUP MANAGEMENT SERVICES LIMITED,Financial Support,15.6,16.4,37.2,"5000 to 19,999",High (10-20%)
PRIOR PARK EDUCATIONAL TRUST,Education,15.6,19.7,50.0,250 to 499,High (10-20%)
GILEAD SCIENCES EUROPE LTD.,Business Support,15.6,15.0,49.1,250 to 499,High (10-20%)
AECOM LIMITED,Architecture/Engineering,15.6,16.2,19.8,1000 to 4999,High (10-20%)
WHICH? LIMITED,Publishing,15.6,10.0,29.0,250 to 499,High (10-20%)
SPOTIFY LIMITED,Business Support,15.6,17.7,31.5,500 to 999,High (10-20%)
GEORGE A. SHERRIFF LIMITED,Wholesale,15.6,1.2,12.1,Less than 250,High (10-20%)
ANTHONY COLLINS SOLICITORS LLP,Other,15.6,31.1,67.5,250 to 499,High (10-20%)
PRAGMATIC SEMICONDUCTOR LIMITED,Electronics,15.6,13.5,20.0,250 to 499,High (10-20%)
NOVUS PROPERTY SOLUTIONS LIMITED,Specialist Construction,15.6,16.0,16.9,500 to 999,High (10-20%)
BLUNDELL'S SCHOOL,Education,15.6,23.5,47.1,250 to 499,High (10-20%)
PFIZER LIMITED,Wholesale,15.6,14.1,43.2,1000 to 4999,High (10-20%)
Luton Sixth Form College,Other,15.59,35.69,58.54,250 to 499,High (10-20%)
CPM UNITED KINGDOM LIMITED,Personal Services,15.58,23.65,46.58,250 to 499,High (10-20%)
SSE THERMAL ENERGY OPERATIONS LIMITED,Utilities,15.58,27.7,18.8,250 to 499,High (10-20%)
COLAS LIMITED,Other,15.58,16.92,10.39,1000 to 4999,High (10-20%)
STROKE ASSOCIATION,Healthcare,15.58,20.77,72.6,500 to 999,High (10-20%)
SGS UNITED KINGDOM LIMITED,Professional Services,15.58,9.93,29.3,1000 to 4999,High (10-20%)
CLOUD IMPERIUM GAMES LIMITED,Other Manufacturing,15.56,14.13,9.49,500 to 999,High (10-20%)
DOBBIES GARDEN CENTRES LIMITED,Business Support,15.56,0.53,58.0,1000 to 4999,High (10-20%)
INSTITUTION OF CIVIL ENGINEERS,Other,15.55,7.4,51.0,250 to 499,High (10-20%)
Derbyshire Community Health Services Nhs Foundation Trust,Other,15.53,6.67,84.42,"5000 to 19,999",High (10-20%)
WISE PAYMENTS LIMITED,Finance,15.53,18.64,29.0,1000 to 4999,High (10-20%)
BARNSLEY COLLEGE,Other,15.53,16.0,49.0,500 to 999,High (10-20%)
TYNE COAST ACADEMY TRUST,Education,15.53,32.97,65.6,250 to 499,High (10-20%)
TRINITY MULTI ACADEMY TRUST,Education,15.52,12.5,66.91,1000 to 4999,High (10-20%)
NORTHERN TRUST MANAGEMENT SERVICES LIMITED,Finance,15.5,15.3,29.0,1000 to 4999,High (10-20%)
CANON EUROPE LIMITED,Electrical Equipment,15.5,14.08,25.73,500 to 999,High (10-20%)
"SKADDEN, ARPS, SLATE, MEAGHER & FLOM (UK) LLP",Other,15.5,15.3,50.6,250 to 499,High (10-20%)
PACIFICA GROUP LIMITED,Business Support,15.5,15.4,13.3,250 to 499,High (10-20%)
UK POWER NETWORKS (OPERATIONS) LIMITED,Utilities,15.5,14.7,13.5,"5000 to 19,999",High (10-20%)
THE STEPHEN PERSE FOUNDATION,Education,15.5,7.48,60.19,250 to 499,High (10-20%)
EXPERIS LIMITED,Employment Agencies,15.5,2.8,35.4,500 to 999,High (10-20%)
BROMLEY GP ALLIANCE LIMITED,Professional Services,15.5,-26.3,76.0,250 to 499,High (10-20%)
IMG MEDIA LIMITED,Film/TV,15.5,1.4,31.1,500 to 999,High (10-20%)
VEEVA SYSTEMS U.K. LIMITED,IT Services,15.5,23.1,31.1,250 to 499,High (10-20%)
FINASTRA INTERNATIONAL LIMITED,Publishing,15.5,0.6,39.1,250 to 499,High (10-20%)
BEAVERBROOKS THE JEWELLERS LTD,Retail,15.5,2.1,71.73,1000 to 4999,High (10-20%)
SHOOSMITHS LLP,Other,15.5,27.9,62.1,1000 to 4999,High (10-20%)
WALES & WEST HOUSING ASSOCIATION LIMITED,Other,15.5,11.1,43.8,250 to 499,High (10-20%)
HEART ACADEMIES TRUST,Education,15.5,20.4,77.0,500 to 999,High (10-20%)
ASSOCIATED NEWSPAPERS LIMITED,Publishing,15.5,17.5,34.7,1000 to 4999,High (10-20%)
NORSE EASTERN LIMITED,Facilities,15.5,13.2,16.6,1000 to 4999,High (10-20%)
TELEGRAPH MEDIA GROUP HOLDINGS LIMITED,Publishing,15.5,11.9,42.0,1000 to 4999,High (10-20%)
TECONNEX LIMITED,Fabricated Metals,15.5,4.0,16.05,250 to 499,High (10-20%)
Salisbury Nhs Foundation Trust,Other,15.48,0.09,74.27,1000 to 4999,High (10-20%)
THE STOUR ACADEMY TRUST,Education,15.48,35.69,66.0,250 to 499,High (10-20%)
CHANGING LIVES LEARNING TRUST,Other,15.47,36.46,66.0,250 to 499,High (10-20%)
TOOB LIMITED,Telecoms,15.44,11.44,21.0,250 to 499,High (10-20%)
Thomas Tallis School,Other,15.43,29.37,61.8,250 to 499,High (10-20%)
RICOH EUROPE PLC,Management Consulting,15.43,8.11,24.5,500 to 999,High (10-20%)
PURCELL ARCHITECTURE LIMITED,Architecture/Engineering,15.42,10.12,35.21,250 to 499,High (10-20%)
ZF AUTOMOTIVE UK LIMITED,Motor Vehicles,15.41,20.8,12.9,1000 to 4999,High (10-20%)
ARGUS MEDIA LIMITED,Publishing,15.4,20.8,27.0,500 to 999,High (10-20%)
KIDS PLANET DAY NURSERIES LIMITED,Education,15.4,2.7,93.0,"5000 to 19,999",High (10-20%)
UNIVERSITY OF LEEDS,Other,15.4,12.6,44.7,"5000 to 19,999",High (10-20%)
CORA HEALTH MSK LTD,Healthcare,15.4,7.2,46.0,500 to 999,High (10-20%)
FEI FOODS LIMITED,Food Manufacturing,15.4,7.1,14.0,500 to 999,High (10-20%)
JDR CABLE SYSTEMS LIMITED,Management Consulting,15.4,16.0,10.7,250 to 499,High (10-20%)
INTERNATIONAL SEAFOODS LIMITED,Food Manufacturing,15.4,9.6,20.5,250 to 499,High (10-20%)
SPIRE HEALTHCARE LIMITED,Healthcare,15.4,13.4,71.9,"5000 to 19,999",High (10-20%)
WELLAND MEDICAL LIMITED,Other Manufacturing,15.4,18.0,24.3,250 to 499,High (10-20%)
PERTEMPS (SCOTLAND) LIMITED,Employment Agencies,15.4,4.6,22.6,500 to 999,High (10-20%)
NETWORK HEALTHCARE PROFESSIONALS LIMITED,Employment Agencies,15.4,19.7,72.4,500 to 999,High (10-20%)
DS SMITH LIMITED,Management Consulting,15.4,4.5,36.4,250 to 499,High (10-20%)
DHU HEALTH CARE C.I.C.,Healthcare,15.39,10.69,69.66,1000 to 4999,High (10-20%)
PHOENIX SOFTWARE LIMITED,Wholesale,15.39,17.93,40.87,250 to 499,High (10-20%)
MAINTEL EUROPE LIMITED,Telecoms,15.36,26.61,20.37,250 to 499,High (10-20%)
ASTON COMMUNITY EDUCATION TRUST,Education,15.36,45.45,70.2,500 to 999,High (10-20%)
St Francis CMAT,Other,15.35,61.44,84.55,250 to 499,High (10-20%)
"CANFORD SCHOOL,LIMITED",Education,15.34,19.41,45.0,250 to 499,High (10-20%)
SE TRAINS LIMITED,Land Transport,15.32,12.21,12.71,1000 to 4999,High (10-20%)
INCLUSIVE SCHOOLS TRUST,Education,15.31,26.6,86.96,250 to 499,High (10-20%)
HITACHI RAIL GTS UK LIMITED,Warehousing,15.3,16.2,14.0,500 to 999,High (10-20%)
SITA INFORMATION NETWORKING COMPUTING UK LIMITED,Information Services,15.3,15.0,19.0,250 to 499,High (10-20%)
FOURTH LIMITED,IT Services,15.3,26.5,34.0,250 to 499,High (10-20%)
BANK OF AMERICA NATIONAL ASSOCIATION,Other,15.3,21.0,28.0,1000 to 4999,High (10-20%)
Intellectual Property Office,Other,15.3,25.4,30.4,1000 to 4999,High (10-20%)
XAVIER CATHOLIC EDUCATION TRUST,Education,15.3,17.5,80.0,1000 to 4999,High (10-20%)
LICENSED TRADE CHARITY,Other,15.3,18.1,63.75,250 to 499,High (10-20%)
Unified Seevic Palmers College,Other,15.3,24.6,56.4,500 to 999,High (10-20%)
NORSE SOUTH WEST LIMITED,Personal Services,15.3,5.8,48.5,500 to 999,High (10-20%)
AVIS BUDGET SERVICES LIMITED,Business Support,15.3,18.0,29.3,Less than 250,High (10-20%)
THE ASPIRE EDUCATIONAL TRUST,Education,15.3,21.9,85.6,500 to 999,High (10-20%)
VWR INTERNATIONAL LTD,Wholesale,15.3,18.8,38.0,250 to 499,High (10-20%)
ADMIRAL GROUP PLC,Insurance,15.3,9.5,36.2,"5000 to 19,999",High (10-20%)
WILLMOTT DIXON HOLDINGS LIMITED,Construction,15.3,24.1,45.4,250 to 499,High (10-20%)
EVERSHEDS SUTHERLAND (INTERNATIONAL) LLP,Other,15.3,27.5,59.8,1000 to 4999,High (10-20%)
DIGITASLBI LIMITED,Advertising,15.3,23.5,44.2,250 to 499,High (10-20%)
"JPMORGAN CHASE BANK, NATIONAL ASSOCIATION",Other,15.3,16.2,29.7,"5000 to 19,999",High (10-20%)
ATKINSRÉALIS PPS LIMITED,Management Consulting,15.3,15.2,22.7,1000 to 4999,High (10-20%)
ROOFOODS LTD,Information Services,15.3,23.0,31.0,1000 to 4999,High (10-20%)
COMPUTACENTER (UK) LIMITED,IT Services,15.3,10.5,21.8,1000 to 4999,High (10-20%)
EPSON TELFORD LIMITED,Electronics,15.29,4.38,16.46,250 to 499,High (10-20%)
XSOLUTIONS365 LTD,IT Services,15.29,18.31,21.0,250 to 499,High (10-20%)
HYDRAFORCE HYDRAULICS LIMITED,Machinery,15.27,6.39,35.09,250 to 499,High (10-20%)
FIS BANKING SOLUTIONS UK LIMITED,Information Services,15.27,17.51,12.1,250 to 499,High (10-20%)
ARVAL UK GROUP LIMITED,Finance,15.25,12.68,39.0,500 to 999,High (10-20%)
HANOVER (SCOTLAND) HOUSING ASSOCIATION LIMITED,Other,15.23,0.0,85.0,500 to 999,High (10-20%)
MOLE VALLEY FEED SOLUTIONS LTD,Food Manufacturing,15.23,4.78,19.48,250 to 499,High (10-20%)
DEBRA,Healthcare,15.23,2.97,72.0,250 to 499,High (10-20%)
RINGWAY INFRASTRUCTURE SERVICES LIMITED,Other,15.2,24.3,6.7,1000 to 4999,High (10-20%)
MACFARLANES SERVICES LIMITED,Business Support,15.2,44.2,53.4,500 to 999,High (10-20%)
Broadleaf Partnership Trust,Other,15.2,27.5,61.86,250 to 499,High (10-20%)
ITS TESTING SERVICES (UK) LIMITED,Architecture/Engineering,15.2,10.4,31.0,1000 to 4999,High (10-20%)
BATTERSEA DOGS' AND CATS' HOME,Veterinary,15.2,13.7,67.7,500 to 999,High (10-20%)
ASTELLAS PHARMA EUROPE LTD.,Wholesale,15.2,11.5,45.5,500 to 999,High (10-20%)
BARCLAYS BANK UK PLC,Finance,15.2,9.2,45.0,"20,000 or more",High (10-20%)
IDEAL BOILERS LIMITED,Fabricated Metals,15.2,23.8,11.16,500 to 999,High (10-20%)
CATS PROTECTION TRUSTEE LIMITED,Membership Orgs,15.2,21.67,76.9,1000 to 4999,High (10-20%)
BARFOOTS OF BOTLEY LIMITED,Wholesale,15.2,0.0,39.0,500 to 999,High (10-20%)
CHARLES RIVER DISCOVERY RESEARCH SERVICES UK LIMITED,Research,15.2,5.95,37.0,500 to 999,High (10-20%)
LINKEDIN TECHNOLOGY UK LIMITED,Business Support,15.2,9.7,41.5,250 to 499,High (10-20%)
ROBERT MCBRIDE LTD,Paper,15.2,9.4,28.7,500 to 999,High (10-20%)
NCH at Northeastern Limited,Other,15.2,11.1,54.8,250 to 499,High (10-20%)
MI HUB LIMITED,Clothing,15.2,4.8,52.2,250 to 499,High (10-20%)
BRODIES LLP,Other,15.2,12.1,62.1,500 to 999,High (10-20%)
STEER DAVIES & GLEAVE LIMITED,Professional Services,15.2,11.0,30.6,Less than 250,High (10-20%)
THE UNIVERSITY OF BUCKINGHAM,Other,15.2,18.0,47.8,500 to 999,High (10-20%)
TRAVERS SMITH LLP,Other,15.2,32.6,55.7,500 to 999,High (10-20%)
THE NATIONAL DEAF CHILDREN'S SOCIETY,Social Work,15.2,18.4,51.0,250 to 499,High (10-20%)
Tame River Educational Trust,Other,15.17,30.53,68.29,250 to 499,High (10-20%)
GOVIA THAMESLINK RAILWAY LIMITED,Land Transport,15.16,20.69,11.0,"5000 to 19,999",High (10-20%)
THE JOHNSON TRUST LIMITED,Education,15.13,15.57,46.88,250 to 499,High (10-20%)
ST ANDREWS COLLEGE BRADFIELD,Other,15.12,21.35,50.0,500 to 999,High (10-20%)
William Jones's Schools Foundation,Education,15.12,24.8,57.8,250 to 499,High (10-20%)
BARRETTS OF CANTERBURY LIMITED,Motor Trade,15.11,15.68,14.43,250 to 499,High (10-20%)
RACKSPACE LIMITED,Information Services,15.11,13.59,15.13,250 to 499,High (10-20%)
Learning for Life Trust,Other,15.11,12.6,68.12,250 to 499,High (10-20%)
METHODS BUSINESS AND DIGITAL TECHNOLOGY LIMITED,IT Services,15.101,8.589,23.9,250 to 499,High (10-20%)
JANSSEN-CILAG LIMITED,Pharmaceuticals,15.1,10.0,51.3,1000 to 4999,High (10-20%)
KOLAK SNACK FOODS LIMITED,Food Manufacturing,15.1,5.88,19.0,500 to 999,High (10-20%)
DRAYTON MANOR RESORT LIMITED,Sports/Recreation,15.1,15.1,42.3,500 to 999,High (10-20%)
"CITY ST GEORGE’S, UNIVERSITY OF LONDON",Other,15.1,11.1,47.8,1000 to 4999,High (10-20%)
REFUGE,Personal Services,15.1,30.7,95.4,250 to 499,High (10-20%)
MILLS & REEVE SERVICES LIMITED,Business Support,15.1,23.9,66.2,1000 to 4999,High (10-20%)
University of Exeter,Other,15.1,20.6,45.2,"5000 to 19,999",High (10-20%)
Aquinas College,Other,15.1,40.8,63.0,Less than 250,High (10-20%)
BSI ASSURANCE UK LIMITED,Personal Services,15.1,18.7,37.0,1000 to 4999,High (10-20%)
WALKER'S SHORTBREAD LTD,Food Manufacturing,15.1,1.0,39.8,1000 to 4999,High (10-20%)
J. AND A. YOUNG (LEICESTER) LIMITED,Wholesale,15.1,1.0,2.0,250 to 499,High (10-20%)
CLINIGEN LIMITED,Management Consulting,15.1,13.3,53.0,250 to 499,High (10-20%)
NORSE COMMERCIAL SERVICES LIMITED,Facilities,15.1,9.7,38.0,1000 to 4999,High (10-20%)
BURNESS PAULL LLP,Other,15.1,25.4,65.0,500 to 999,High (10-20%)
AMETHYST ACADEMIES TRUST,Education,15.1,22.3,65.4,500 to 999,High (10-20%)
LEARN ACADEMIES TRUST,Education,15.09,29.78,85.0,500 to 999,High (10-20%)
OUR LADY OF THE MAGNIFICAT MULTI-ACADEMY COMPANY,Education,15.07,22.23,74.71,500 to 999,High (10-20%)
HEALTH SCIENCES UNIVERSITY,Education,15.06,7.82,49.0,250 to 499,High (10-20%)
CREATIVE EDUCATION TRUST,Education,15.02,33.45,64.68,1000 to 4999,High (10-20%)
SULIS HOSPITAL BATH LIMITED,Healthcare,15.01,29.5,71.17,250 to 499,High (10-20%)
L&G - ASSET MANAGEMENT LIMITED,Finance,15.0,13.3,28.2,1000 to 4999,High (10-20%)
BUTTERWORTHS LIMITED,IT Services,15.0,11.5,40.1,1000 to 4999,High (10-20%)
EXCEL LEARNING TRUST,Education,15.0,16.2,65.0,250 to 499,High (10-20%)
JOHNSONS CARS LIMITED,Motor Trade,15.0,22.0,16.0,1000 to 4999,High (10-20%)
CERTAS ENERGY UK LIMITED,Wholesale,15.0,20.0,26.0,1000 to 4999,High (10-20%)
MOUNTJOY LTD,Facilities,15.0,18.5,15.0,250 to 499,High (10-20%)
Skinners' Academies Trust,Other,15.0,31.1,61.0,500 to 999,High (10-20%)
PLACE2BE,Education,15.0,21.2,77.0,500 to 999,High (10-20%)
P.D.HOOK(HATCHERIES)LIMITED,Clothing,15.0,0.0,3.0,250 to 499,High (10-20%)
ISS FACILITY SERVICES LIMITED,Food & Beverage,15.0,7.0,31.0,"5000 to 19,999",High (10-20%)
GRAPHIC PACKAGING INTERNATIONAL GATESHEAD LIMITED,Paper,15.0,14.0,7.04,250 to 499,High (10-20%)
Eastbury Community School,Other,15.0,19.0,75.0,250 to 499,High (10-20%)
East Lancashire Hospitals Nhs Trust,Other,15.0,-2.68,73.54,"5000 to 19,999",High (10-20%)
BROWNE JACOBSON LLP,Other,15.0,19.0,66.0,1000 to 4999,High (10-20%)
BABINGTON BUSINESS COLLEGE LIMITED,Education,15.0,7.0,59.0,250 to 499,High (10-20%)
HALFORDS AUTOCENTRES LIMITED,Motor Trade,15.0,15.5,3.0,1000 to 4999,High (10-20%)
LIBERTY GLOBAL EUROPE LIMITED,Telecoms,15.0,19.8,38.0,250 to 499,High (10-20%)
REUTERS NEWS & MEDIA LIMITED,Information Services,15.0,13.7,36.0,500 to 999,High (10-20%)
CHURCHILL LIVING LTD,Construction,15.0,18.0,36.0,250 to 499,High (10-20%)
REED SPECIALIST RECRUITMENT LIMITED,Employment Agencies,15.0,7.9,45.6,1000 to 4999,High (10-20%)
CHRIST CHURCH COLLEGE OXFORD,Other,15.0,31.0,40.0,250 to 499,High (10-20%)
CARAVAN CLUB LIMITED(THE),Membership Orgs,15.0,-1.0,54.0,1000 to 4999,High (10-20%)
BOSTIK LIMITED,Chemicals,15.0,9.0,15.0,250 to 499,High (10-20%)
EV CARGO GLOBAL FORWARDING LIMITED,Warehousing,15.0,5.0,34.0,250 to 499,High (10-20%)
BARING INVESTMENT SERVICES LIMITED,Finance,15.0,13.0,28.0,500 to 999,High (10-20%)
The Royal Hosptal Chelsea,Other,15.0,0.0,56.34,250 to 499,High (10-20%)
Alternative Learning Trust,Other,15.0,27.0,62.3,250 to 499,High (10-20%)
ALTRAD EMPLOYMENT SERVICES LIMITED,Employment Agencies,15.0,21.0,5.0,"5000 to 19,999",High (10-20%)
STRIDE TREGLOWN LIMITED,Architecture/Engineering,15.0,16.0,22.1,250 to 499,High (10-20%)
THE RALPH VETERINARY REFERRAL CENTRE PLC,Veterinary,15.0,36.0,72.0,250 to 499,High (10-20%)
HOMESERVE MEMBERSHIP LIMITED,Specialist Construction,15.0,29.6,25.8,1000 to 4999,High (10-20%)
ACORNS NURSERIES LIMITED,Social Work,15.0,3.0,85.0,250 to 499,High (10-20%)
JLA LIMITED,Wholesale,15.0,18.1,33.0,1000 to 4999,High (10-20%)
INTERNATIONAL NUCLEAR SERVICES LIMITED,Professional Services,15.0,14.0,26.0,Less than 250,High (10-20%)
ONE YMCA,Hotels,15.0,7.1,75.7,500 to 999,High (10-20%)
VERDANT LEISURE GROUP LIMITED,Hotels,15.0,-2.0,43.9,250 to 499,High (10-20%)
NICOVENTURES TRADING LIMITED,Retail,15.0,5.0,33.0,500 to 999,High (10-20%)
DP WORLD LOGISTICS UK LTD,Land Transport,15.0,7.0,26.0,1000 to 4999,High (10-20%)
DOWNING COLLEGE CAMBRIDGE,Other,15.0,7.0,51.0,250 to 499,High (10-20%)
ROKE MANOR RESEARCH LIMITED,IT Services,15.0,19.3,11.6,500 to 999,High (10-20%)
GLYNDEBOURNE PRODUCTIONS LIMITED,Arts,15.0,20.4,43.53,250 to 499,High (10-20%)
WOODGREEN PETS CHARITY,Membership Orgs,15.0,3.0,72.73,250 to 499,High (10-20%)
ALZHEIMER'S SOCIETY,Healthcare,15.0,28.2,71.7,1000 to 4999,High (10-20%)
CALEX UK LTD,Management Consulting,15.0,18.0,19.49,250 to 499,High (10-20%)
OH GOODLORD LTD,IT Services,15.0,13.0,36.0,250 to 499,High (10-20%)
DUNCAN AND TODD LIMITED,Retail,15.0,31.0,78.0,250 to 499,High (10-20%)
MBNA LIMITED,Finance,15.0,17.5,43.9,500 to 999,High (10-20%)
GLOBAL PAYMENTS U.K. LTD,Business Support,15.0,10.0,29.0,250 to 499,High (10-20%)
MCALPINE & COMPANY. LIMITED,Rubber/Plastics,15.0,12.0,34.0,500 to 999,High (10-20%)
MICHAEL PAGE INTERNATIONAL RECRUITMENT LIMITED,Employment Agencies,15.0,18.0,48.0,1000 to 4999,High (10-20%)
JACOBS U.K. LIMITED,Architecture/Engineering,15.0,19.1,22.2,"5000 to 19,999",High (10-20%)
TK ELEVATOR UK LIMITED,Other Transport,15.0,11.5,13.8,250 to 499,High (10-20%)
JAZZ PHARMACEUTICALS RESEARCH UK LIMITED,Research,15.0,7.6,42.4,250 to 499,High (10-20%)
TMG PAYROLL LIMITED,Business Support,15.0,14.0,2.0,500 to 999,High (10-20%)
LUMEN TECHNOLOGIES UK LIMITED,Telecoms,15.0,12.6,15.0,500 to 999,High (10-20%)
TRENT COLLEGE LIMITED,Education,15.0,20.0,63.0,250 to 499,High (10-20%)
TRANSPORT UK LONDON BUS LIMITED,Land Transport,15.0,14.0,20.0,1000 to 4999,High (10-20%)
PETER ALAN LIMITED,Real Estate,15.0,5.0,53.0,250 to 499,High (10-20%)
SPORTSWIFT LIMITED,Retail,15.0,3.0,71.0,"5000 to 19,999",High (10-20%)
WATCHES OF SWITZERLAND OPERATIONS LIMITED,Retail,15.0,5.0,44.0,1000 to 4999,High (10-20%)
BARRETT STEEL LIMITED,Wholesale,15.0,5.0,16.0,1000 to 4999,High (10-20%)
RAIL SAFETY AND STANDARDS BOARD LIMITED,Land Transport,15.0,17.0,33.0,250 to 499,High (10-20%)
KENVUE UK LIMITED,Wholesale,15.0,13.2,56.0,250 to 499,High (10-20%)
A2DOMINION HOUSING GROUP LIMITED,Other,15.0,16.2,47.0,1000 to 4999,High (10-20%)
ZUTO LIMITED,Finance,15.0,4.0,33.3,500 to 999,High (10-20%)
RETURN ON INVESTMENT LTD.,IT Services,14.99,16.97,34.0,250 to 499,High (10-20%)
T BROWN GROUP LIMITED,Specialist Construction,14.99,25.61,12.0,250 to 499,High (10-20%)
TRELLEBORG SEALING SOLUTIONS UK LIMITED,Rubber/Plastics,14.99,5.08,33.48,500 to 999,High (10-20%)
Epsom and St Helier University Hospitals NHS Trust,Other,14.98,2.64,66.41,"5000 to 19,999",High (10-20%)
S&P GLOBAL UK LIMITED,Information Services,14.98,28.21,35.37,250 to 499,High (10-20%)
JELLYCAT LIMITED,Wholesale,14.98,1.71,61.0,250 to 499,High (10-20%)
NIJHUIS SAUR INDUSTRIES UK & IRELAND LIMITED,Finance,14.93,16.87,7.69,250 to 499,High (10-20%)
CLARKE ENERGY LIMITED,Utilities,14.92,18.23,15.6,250 to 499,High (10-20%)
BETTER FUTURES MULTI-ACADEMY TRUST,Education,14.91,31.04,61.48,500 to 999,High (10-20%)
MAPP (PROPERTY MANAGEMENT) LIMITED,Real Estate,14.91,16.71,38.82,500 to 999,High (10-20%)
HOLMAN FENWICK WILLAN LLP,Other,14.9,31.3,47.2,1000 to 4999,High (10-20%)
MM FLOWERS LIMITED,Wholesale,14.9,5.7,41.0,500 to 999,High (10-20%)
SHAPERS’ TECHNICAL SOLUTIONS UK LTD,Motor Vehicles,14.9,12.0,10.1,250 to 499,High (10-20%)
LIBRARIES UNLIMITED SOUTH WEST,Libraries,14.9,0.0,72.0,250 to 499,High (10-20%)
LIBERTY BLUME BUSINESS SOLUTIONS LIMITED,Management Consulting,14.9,16.1,40.0,500 to 999,High (10-20%)
R. COLLARD LIMITED,Waste Management,14.9,16.74,8.3,250 to 499,High (10-20%)
ANDERSON STRATHERN LLP,Other,14.9,15.9,59.0,250 to 499,High (10-20%)
BADOO LIMITED,IT Services,14.9,17.6,28.0,250 to 499,High (10-20%)
NATIONAL MILK RECORDS LIMITED,Wood Products,14.9,-0.9,35.4,250 to 499,High (10-20%)
NORTHERN EDUCATION TRUST,Education,14.9,19.4,67.0,1000 to 4999,High (10-20%)
Bracknell Forest Council,Other,14.9,18.8,77.0,1000 to 4999,High (10-20%)
DELFONT MACKINTOSH THEATRES LIMITED,Arts,14.9,14.3,40.5,500 to 999,High (10-20%)
SOUTH LINCOLNSHIRE ACADEMIES TRUST,Education,14.9,25.6,67.0,500 to 999,High (10-20%)
THE UNITED WESTMINSTER AND GREY COAT FOUNDATION,Education,14.9,15.0,54.7,500 to 999,High (10-20%)
RYMAN LIMITED,Retail,14.9,2.5,47.0,1000 to 4999,High (10-20%)
TIMES MEDIA LIMITED,Publishing,14.9,17.3,33.0,500 to 999,High (10-20%)
APPLE (UK) LIMITED,IT Services,14.9,16.1,15.3,1000 to 4999,High (10-20%)
ELEMENT MATERIALS TECHNOLOGY ENVIRONMENTAL UK LIMITED,Architecture/Engineering,14.9,18.3,22.0,250 to 499,High (10-20%)
KINGSWOOD SCHOOL TRUSTEE LIMITED,Education,14.9,24.3,52.7,250 to 499,High (10-20%)
BOOTS HEARINGCARE LIMITED,Healthcare,14.9,20.2,50.9,500 to 999,High (10-20%)
PALL MANUFACTURING UK LIMITED,Machinery,14.9,3.7,19.7,1000 to 4999,High (10-20%)
Bishop Bewick Catholic Education Trust,Other,14.9,30.9,73.3,1000 to 4999,High (10-20%)
KEYLOOP (UK) LIMITED,IT Services,14.9,15.2,20.7,500 to 999,High (10-20%)
SPECIALIST COMPUTER CENTRES PLC,IT Services,14.9,10.0,15.1,1000 to 4999,High (10-20%)
SPECIAL PARTNERSHIP TRUST,Education,14.9,10.3,75.5,500 to 999,High (10-20%)
University College Oxford,Education,14.9,10.7,33.0,250 to 499,High (10-20%)
AIRWAVE SOLUTIONS LIMITED,Telecoms,14.89,14.9,42.16,250 to 499,High (10-20%)
WILLIAM REED LTD,Publishing,14.88,17.49,45.74,250 to 499,High (10-20%)
Bridewell Royal Hospital,Education,14.88,23.18,48.1,250 to 499,High (10-20%)
PARADIGM TRUST,Education,14.84,25.0,76.87,250 to 499,High (10-20%)
Erskine Stewart’s Melville Schools,Education,14.84,13.3,55.6,500 to 999,High (10-20%)
Attain Academy Partnership,Other,14.83,13.05,89.89,250 to 499,High (10-20%)
Greenhead College,Other,14.83,52.03,57.63,250 to 499,High (10-20%)
TATA CONSULTANCY SERVICES LIMITED,Other,14.82,11.46,11.0,"5000 to 19,999",High (10-20%)
CORE HIGHWAYS HOLDINGS LIMITED,Specialist Construction,14.81,15.58,2.86,250 to 499,High (10-20%)
LIBERTY RETAIL LIMITED,Management Consulting,14.8,4.8,68.03,500 to 999,High (10-20%)
SEVENOAKS SCHOOL,Education,14.8,25.2,51.1,500 to 999,High (10-20%)
Cranfield University,Other,14.8,13.3,29.5,1000 to 4999,High (10-20%)
SIMMONS (BAKERS) LIMITED,Food Manufacturing,14.8,11.9,59.3,250 to 499,High (10-20%)
SMART SYSTEMS LIMITED,Fabricated Metals,14.8,8.2,11.7,250 to 499,High (10-20%)
RINGWAY JACOBS LIMITED,Other,14.8,18.2,22.0,500 to 999,High (10-20%)
COLAS RAIL LIMITED,Other,14.8,24.5,11.2,1000 to 4999,High (10-20%)
MITSUBISHI CHEMICAL UK LIMITED,Chemicals,14.8,9.6,18.0,250 to 499,High (10-20%)
FUGRO GB LIMITED,Professional Services,14.8,14.5,15.8,1000 to 4999,High (10-20%)
OPENVIEW SECURITY SOLUTIONS LIMITED,Specialist Construction,14.8,18.7,13.0,250 to 499,High (10-20%)
Swanmore College,Other,14.8,14.0,92.9,250 to 499,High (10-20%)
OSBORNE CLARKE LLP,Other,14.8,24.0,55.0,1000 to 4999,High (10-20%)
PICKERINGS HIRE LIMITED,Specialist Construction,14.8,12.3,23.0,250 to 499,High (10-20%)
SIEMENS MOBILITY LIMITED,Other Transport,14.8,20.4,11.6,1000 to 4999,High (10-20%)
BATT CABLES LIMITED,Wholesale,14.8,-2.2,16.0,Less than 250,High (10-20%)
XBRIDGE LIMITED,Financial Support,14.8,18.8,34.0,500 to 999,High (10-20%)
CHECKOUT TECHNOLOGY LTD,IT Services,14.8,11.8,26.0,1000 to 4999,High (10-20%)
REGATTA LTD,Wholesale,14.8,5.8,50.6,1000 to 4999,High (10-20%)
GAP TECHNICAL LIMITED,Employment Agencies,14.8,23.2,42.9,Less than 250,High (10-20%)
RED BEE MEDIA LIMITED,Broadcasting,14.8,13.0,18.0,500 to 999,High (10-20%)
THE COMMUNITY HOUSING GROUP LIMITED,Other,14.8,21.7,37.9,250 to 499,High (10-20%)
NATIONAL MAGAZINE COMPANY LIMITED(THE),Publishing,14.8,16.8,72.0,500 to 999,High (10-20%)
ATLANTIC INERTIAL SYSTEMS LIMITED,Electronics,14.8,24.2,22.0,250 to 499,High (10-20%)
CHILDREN'S HOSPICES ACROSS SCOTLAND,Healthcare,14.79,2.04,87.0,250 to 499,High (10-20%)
THE SWAN TRUST,Education,14.77,24.97,90.65,500 to 999,High (10-20%)
HISP MULTI ACADEMY TRUST LTD,Education,14.77,30.6,65.49,500 to 999,High (10-20%)
FAT FACE LIMITED,Retail,14.73,7.17,73.82,1000 to 4999,High (10-20%)
CERA CARE CARERS LTD,Healthcare,14.73,-2.26,85.41,"5000 to 19,999",High (10-20%)
HEALIOS LTD,Healthcare,14.72,4.5,71.05,Less than 250,High (10-20%)
RS COMPONENTS LIMITED,Wholesale,14.71,20.26,38.22,1000 to 4999,High (10-20%)
ASTON UNIVERSITY CONSULTING LIMITED,Other,14.71,10.84,43.26,1000 to 4999,High (10-20%)
FIELD STUDIES COUNCIL,Education,14.71,3.91,48.0,Less than 250,High (10-20%)
Surrey & Sussex Healthcare N H S Trust,Other,14.7,-0.7,65.8,"5000 to 19,999",High (10-20%)
ANTAC SUPPORT SERVICES LTD,Facilities,14.7,23.3,14.0,250 to 499,High (10-20%)
MOORE BARLOW LLP,Other,14.7,24.8,70.0,250 to 499,High (10-20%)
CANCER RESEARCH UK,Healthcare,14.7,12.2,66.0,1000 to 4999,High (10-20%)
MMR RESEARCH WORLDWIDE LIMITED,IT Services,14.7,6.53,60.3,250 to 499,High (10-20%)
University of Portsmouth,Other,14.7,11.4,43.8,1000 to 4999,High (10-20%)
BEDALES SCHOOL,Education,14.7,33.9,51.9,250 to 499,High (10-20%)
WELLINGTON SCHOOL 1837,Education,14.7,29.87,43.8,250 to 499,High (10-20%)
Soke Education Trust,Other,14.7,21.1,88.41,250 to 499,High (10-20%)
RCI FINANCIAL SERVICES LIMITED,Finance,14.7,21.2,43.0,250 to 499,High (10-20%)
LUMIRADX UK LTD,Other Manufacturing,14.7,0.9,14.3,250 to 499,High (10-20%)
RAMSAY HEALTH CARE UK OPERATIONS LIMITED,Healthcare,14.7,9.8,72.0,"5000 to 19,999",High (10-20%)
UNIVERSITY COLLEGE OF ESTATE MANAGEMENT,Other,14.7,7.7,50.0,250 to 499,High (10-20%)
THE FUTURES TRUST,Education,14.7,20.3,65.2,1000 to 4999,High (10-20%)
DAVID LLOYD LEISURE LIMITED,Sports/Recreation,14.7,11.3,46.6,"5000 to 19,999",High (10-20%)
TIKTOK INFORMATION TECHNOLOGIES UK LIMITED,IT Services,14.7,15.9,44.8,1000 to 4999,High (10-20%)
RUSSELL-COOKE LLP,Other,14.7,24.2,60.0,250 to 499,High (10-20%)
BP EXPLORATION OPERATING COMPANY LIMITED,Telecoms,14.7,11.7,18.0,1000 to 4999,High (10-20%)
ZENITH INTERNATIONAL (MEDIA) LIMITED,Advertising,14.7,16.0,48.6,250 to 499,High (10-20%)
GENERATOR POWER LIMITED,Leasing,14.7,15.5,8.9,250 to 499,High (10-20%)
ARCUS FM LIMITED,Real Estate,14.7,7.6,13.5,1000 to 4999,High (10-20%)
RESOURCE EXPERIENCE LIMITED,Professional Services,14.7,0.0,48.7,1000 to 4999,High (10-20%)
Barts Health Nhs Trust,Other,14.7,3.3,57.6,"20,000 or more",High (10-20%)
WESTMINSTER BRIDGE HOTEL OPERATOR LIMITED,Hotels,14.7,-0.7,48.0,250 to 499,High (10-20%)
Horizons Education Trust,Other,14.7,10.8,73.91,Less than 250,High (10-20%)
ERIC WRIGHT FM LIMITED,Real Estate,14.69,6.04,31.17,250 to 499,High (10-20%)
DERBYSHIRE SUPPORT AND FACILITIES SERVICES LIMITED,Business Support,14.66,3.9,47.27,500 to 999,High (10-20%)
CAPSTICKS SOLICITORS LLP,Other,14.66,14.24,65.62,500 to 999,High (10-20%)
TORUS62 LIMITED,Construction,14.65,13.64,46.71,500 to 999,High (10-20%)
RICARDO-AEA LIMITED,IT Services,14.63,16.07,28.0,500 to 999,High (10-20%)
THE GROSVENOR - PULFORD HOTEL LIMITED,Hotels,14.63,3.93,34.0,Less than 250,High (10-20%)
KRAKEN TECHNOLOGIES LIMITED,IT Services,14.62,16.19,17.43,500 to 999,High (10-20%)
LIGHTHOUSE LEARNING TRUST,Education,14.61,27.09,53.62,250 to 499,High (10-20%)
South Staffordshire college,Other,14.61,27.07,55.97,500 to 999,High (10-20%)
ZELLIS UK LIMITED,Publishing,14.6,11.78,37.1,500 to 999,High (10-20%)
GENTING CASINOS UK LIMITED,Gambling,14.6,5.88,36.22,1000 to 4999,High (10-20%)
Bank of England,Other,14.6,16.1,37.0,"5000 to 19,999",High (10-20%)
ALLIES AND MORRISON LLP,Other,14.6,11.2,34.0,250 to 499,High (10-20%)
THE ALDENHAM FOUNDATION,Education,14.6,27.3,52.0,250 to 499,High (10-20%)
GOCARDLESS LTD,IT Services,14.6,15.0,32.0,500 to 999,High (10-20%)
T. H. WHITE LIMITED,Other,14.6,19.0,8.7,500 to 999,High (10-20%)
ROTHAMSTED RESEARCH LIMITED,Research,14.6,10.3,28.6,250 to 499,High (10-20%)
TECHNOLOGY SERVICES GROUP LIMITED,IT Services,14.6,20.0,22.6,250 to 499,High (10-20%)
EMILY ESTATE (UK) LIMITED,Retail,14.6,8.1,45.9,500 to 999,High (10-20%)
TASIS THE AMERICAN SCHOOL IN ENGLAND LIMITED,Education,14.6,15.5,72.9,Less than 250,High (10-20%)
ALLOCATE SOFTWARE LIMITED,IT Services,14.6,8.6,23.8,250 to 499,High (10-20%)
UOP ACADEMIC SERVICES LIMITED,Education,14.6,29.1,40.0,250 to 499,High (10-20%)
AMERICAN EXPRESS EUROPE LLC,Other,14.6,4.2,55.0,250 to 499,High (10-20%)
Chelmsford College,Other,14.6,22.91,57.0,250 to 499,High (10-20%)
LOWELL UK SHARED SERVICES LIMITED,Finance,14.57,13.3,40.8,250 to 499,High (10-20%)
TRAILFINDERS LIMITED,IT Services,14.57,9.65,42.73,1000 to 4999,High (10-20%)
FIT OUT (U.K.) LTD.,Specialist Construction,14.56,14.47,12.82,250 to 499,High (10-20%)
WAKEFIELD GRAMMAR SCHOOL FOUNDATION,Education,14.55,11.16,51.0,250 to 499,High (10-20%)
BESPAK EUROPE LIMITED,Pharmaceuticals,14.55,4.98,18.0,500 to 999,High (10-20%)
AVALERE HEALTH GLOBAL LIMITED,Professional Services,14.54,15.17,57.0,250 to 499,High (10-20%)
SMITH BRADBEER & COMPANY LIMITED,Retail,14.54,9.47,53.0,250 to 499,High (10-20%)
Loreto College,Other,14.53,23.44,54.43,250 to 499,High (10-20%)
STEVEN EAGELL LIMITED,Motor Trade,14.52,11.48,9.7,1000 to 4999,High (10-20%)
THE FOUR STONES MULTI ACADEMY TRUST,Education,14.52,30.5,59.0,250 to 499,High (10-20%)
EMOVIS OPERATIONS MERSEY LTD,IT Services,14.5,0.0,52.0,250 to 499,High (10-20%)
TRIDENT HOUSING ASSOCIATION LIMITED,Other,14.5,9.8,40.0,500 to 999,High (10-20%)
The Bishop Fraser Trust,Other,14.5,35.9,68.5,500 to 999,High (10-20%)
CROWN CHICKEN LIMITED,Clothing,14.5,15.0,8.3,1000 to 4999,High (10-20%)
OPEN HEALTH COMMUNICATIONS LLP,Other,14.5,15.4,59.9,250 to 499,High (10-20%)
KINETIC RECRUITMENT SERVICES LIMITED,Employment Agencies,14.5,10.7,11.2,500 to 999,High (10-20%)
KNIGHT FRANK SERVICES COMPANY LIMITED,Management Consulting,14.5,17.5,48.5,1000 to 4999,High (10-20%)
CHELSEA FC HOLDINGS LIMITED,Management Consulting,14.5,8.0,31.8,250 to 499,High (10-20%)
HONEYWELL NORMALAIR-GARRETT (HOLDINGS) LIMITED,Business Support,14.5,4.9,9.2,500 to 999,High (10-20%)
STAFFLINE RECRUITMENT LIMITED,Employment Agencies,14.5,13.4,14.1,"20,000 or more",High (10-20%)
MILLENNIUM SUPPORT LIMITED,Residential Care,14.5,12.0,39.7,500 to 999,High (10-20%)
ABRDN HOLDINGS LIMITED,Finance,14.5,6.2,34.7,1000 to 4999,High (10-20%)
TIDE PLATFORM LTD,Publishing,14.5,24.3,21.8,250 to 499,High (10-20%)
TRANT ENGINEERING LIMITED,Other,14.5,23.5,10.5,500 to 999,High (10-20%)
THE CAPITAL MARKETS COMPANY (UK) LIMITED,Management Consulting,14.5,10.9,26.9,1000 to 4999,High (10-20%)
University of Bedfordshire Higher Education Corporation,Other,14.5,16.3,51.8,1000 to 4999,High (10-20%)
TRAFFORDCITY SNOWCENTRE LIMITED,Business Support,14.5,2.7,30.0,250 to 499,High (10-20%)
S&P GLOBAL LIMITED,Information Services,14.49,19.18,25.69,1000 to 4999,High (10-20%)
North East London Nhs Foundation Trust,Other,14.4869,7.0878,72.99,"5000 to 19,999",High (10-20%)
WISE ACADEMIES,Education,14.48,16.24,89.19,500 to 999,High (10-20%)
LINCOLN COLLEGE CORPORATE SUPPORT SOLUTIONS LIMITED,Business Support,14.48,7.14,59.0,250 to 499,High (10-20%)
NOBLE FOODS CO,Other,14.47,11.1,9.7,500 to 999,High (10-20%)
Royal United Hospitals Bath NHS Foundation Trust,Other,14.46,-3.19,66.7,"5000 to 19,999",High (10-20%)
VOESTALPINE METSEC PLC,Basic Metals,14.45,6.45,6.52,250 to 499,High (10-20%)
TREATT PLC,Wholesale,14.45,1.25,46.0,Less than 250,High (10-20%)
HEDIN AUTOMOTIVE LONDON LTD,Motor Trade,14.44,17.34,15.29,250 to 499,High (10-20%)
YOUFIBRE LIMITED,Telecoms,14.44,20.09,9.3,250 to 499,High (10-20%)
BALCAS LIMITED,Wood Products,14.43,22.2,8.0,250 to 499,High (10-20%)
A.G. PARFETT & SONS LIMITED,Wholesale,14.41,1.56,15.0,500 to 999,High (10-20%)
SLAUGHTER AND MAY SERVICES COMPANY,Business Support,14.4,41.5,52.0,1000 to 4999,High (10-20%)
JUNIPER EDUCATION LIMITED,Finance,14.4,11.5,52.0,250 to 499,High (10-20%)
SUN VALLEY FOODS LIMITED,Food Manufacturing,14.4,2.9,16.2,250 to 499,High (10-20%)
EUROCLEAR SA/NV,Other,14.4,15.3,34.2,250 to 499,High (10-20%)
PLACES FOR PEOPLE DEVELOPMENTS LIMITED,Construction,14.4,18.5,23.1,250 to 499,High (10-20%)
JOHN WILEY & SONS LIMITED,Publishing,14.4,15.5,50.9,500 to 999,High (10-20%)
Newcastle University,Other,14.4,13.3,43.0,"5000 to 19,999",High (10-20%)
Saffron Housing Trust Limited,Real Estate,14.4,16.2,33.0,250 to 499,High (10-20%)
BELL CONCORD EDUCATIONAL TRUST LIMITED(THE),Education,14.4,19.6,51.0,250 to 499,High (10-20%)
PRECISION PRINTING CO. LIMITED,Printing,14.4,12.2,27.0,250 to 499,High (10-20%)
The Priestley Academy Trust,Other,14.4,13.7,90.2,250 to 499,High (10-20%)
DULWICH COLLEGE,Education,14.4,18.35,41.56,500 to 999,High (10-20%)
PRIMARK STORES LIMITED,Retail,14.4,1.8,59.7,"20,000 or more",High (10-20%)
WHITEMEADOW FURNITURE LIMITED,Other,14.4,5.7,23.3,250 to 499,High (10-20%)
MILLER HOMES LIMITED,Construction,14.4,1.0,20.7,1000 to 4999,High (10-20%)
BROAD HORIZONS EDUCATION TRUST,Education,14.4,14.4,66.5,1000 to 4999,High (10-20%)
POD POINT LIMITED,Electrical Equipment,14.4,22.0,30.0,250 to 499,High (10-20%)
CROUDACE HOMES LIMITED,Construction,14.4,15.7,35.3,250 to 499,High (10-20%)
THE CHILDREN'S TRUST,Education,14.4,3.1,78.7,500 to 999,High (10-20%)
QUOTIENT SCIENCES LIMITED,Research,14.4,12.2,53.6,500 to 999,High (10-20%)
THE ALBERT MEMORIAL COLLEGE,Other,14.4,25.2,39.34,Less than 250,High (10-20%)
ASSYSTEM ENERGY & INFRASTRUCTURE LIMITED,IT Services,14.4,16.38,20.8,500 to 999,High (10-20%)
JOHNSON CLEANERS UK LIMITED,Personal Services,14.4,2.4,61.0,500 to 999,High (10-20%)
METROPOLITAN HOUSING TRUST LIMITED,Other,14.4,9.3,40.0,1000 to 4999,High (10-20%)
WDFG UK LIMITED,Retail,14.4,3.0,52.3,1000 to 4999,High (10-20%)
PHOENIX ME LIMITED,Specialist Construction,14.4,33.5,0.7,500 to 999,High (10-20%)
THE WASTE AND RESOURCES ACTION PROGRAMME,Professional Services,14.39,12.11,59.0,250 to 499,High (10-20%)
AT MEDICS LIMITED,Healthcare,14.39,-8.35,59.0,500 to 999,High (10-20%)
J MCCANN & CO LIMITED,Other,14.39,16.04,11.76,250 to 499,High (10-20%)
OVERDALES LEGAL LIMITED,Finance,14.38,2.78,50.6,250 to 499,High (10-20%)
BePART Educational Trust,Other,14.38,32.37,83.08,250 to 499,High (10-20%)
BROMPTON BICYCLE LIMITED,Other Transport,14.38,7.52,25.79,500 to 999,High (10-20%)
CORPUS CHRISTI CATHOLIC ACADEMY TRUST,Education,14.36,31.34,78.6,500 to 999,High (10-20%)
ANGLIAN LEARNING,Education,14.35,22.93,75.08,1000 to 4999,High (10-20%)
Peter Symonds College,Other,14.34,22.66,46.24,500 to 999,High (10-20%)
OAK TREES MULTI ACADEMY TRUST,Education,14.33,13.1,85.0,500 to 999,High (10-20%)
HOWARD TENENS LIMITED,Warehousing,14.32,4.54,30.57,500 to 999,High (10-20%)
KIMBERLY-CLARK EUROPE LIMITED,Paper,14.32,5.33,51.18,250 to 499,High (10-20%)
EAST ANGLIAN SCHOOLS TRUST LTD,Education,14.32,43.71,63.88,500 to 999,High (10-20%)
VAULTEX UK LIMITED,Financial Support,14.31,8.59,32.8,1000 to 4999,High (10-20%)
UNIVERSITY OF EAST ANGLIA,Other,14.31,15.99,49.29,1000 to 4999,High (10-20%)
FREUDENBERG SEALING TECHNOLOGIES LIMITED,Machinery,14.3,21.3,18.1,250 to 499,High (10-20%)
QVC UK,Retail,14.3,12.7,50.0,1000 to 4999,High (10-20%)
University College Hospital NHS Trust,Other,14.3,7.2,58.1,"5000 to 19,999",High (10-20%)
ICS OPERATIONS LIMITED,Employment Agencies,14.3,4.4,58.0,500 to 999,High (10-20%)
CASTINGS PUBLIC LIMITED COMPANY,Basic Metals,14.3,6.8,3.7,250 to 499,High (10-20%)
WEST MIDLANDS TRAINS LIMITED,Land Transport,14.3,18.7,31.9,1000 to 4999,High (10-20%)
FOOTASYLUM LIMITED,Retail,14.3,5.0,46.0,1000 to 4999,High (10-20%)
PAYDENS LIMITED,Retail,14.3,-1.7,72.3,1000 to 4999,High (10-20%)
ABC TEACHERS LIMITED,Employment Agencies,14.3,11.8,64.0,500 to 999,High (10-20%)
BISCUIT INTERNATIONAL UK LIMITED,Food Manufacturing,14.3,0.7,27.0,Less than 250,High (10-20%)
MIKE PULMAN LIMITED,Motor Trade,14.3,-13.7,19.4,250 to 499,High (10-20%)
MINDSHARE MEDIA UK LIMITED,Advertising,14.3,11.1,49.2,500 to 999,High (10-20%)
T.H.CLEMENTS & SON LIMITED,Other,14.3,6.2,19.8,250 to 499,High (10-20%)
THE STEPSTONE GROUP UK LTD,Publishing,14.3,14.2,64.3,500 to 999,High (10-20%)
The Circle Trust,Other,14.3,27.1,76.3,500 to 999,High (10-20%)
THE CARDINAL HUME ACADEMIES TRUST,Education,14.3,7.7,49.0,250 to 499,High (10-20%)
AUTOMATIC DATA PROCESSING LIMITED,IT Services,14.3,16.2,36.0,500 to 999,High (10-20%)
CROWDSTRIKE UK LIMITED,IT Services,14.3,8.3,15.5,500 to 999,High (10-20%)
TYCO ELECTRONICS UK LTD,Electronics,14.3,19.4,20.1,1000 to 4999,High (10-20%)
HIGHLANDS AND ISLANDS AIRPORTS LIMITED,Warehousing,14.3,12.9,24.0,500 to 999,High (10-20%)
ACORN INSURANCE AND FINANCIAL SERVICES LIMITED,Insurance,14.3,4.5,36.8,1000 to 4999,High (10-20%)
MACE LIMITED,Construction,14.3,12.8,44.0,500 to 999,High (10-20%)
DELAWARE DIGITAL LLP,Other,14.3,19.1,16.4,250 to 499,High (10-20%)
CENTER PARCS LIMITED,Finance,14.3,5.4,41.4,"5000 to 19,999",High (10-20%)
THIS IS GAIN GLOBAL LIMITED,Finance,14.3,11.6,37.5,250 to 499,High (10-20%)
Lady Margaret Hall,Other,14.3,22.9,54.0,Less than 250,High (10-20%)
Wirral Metropolitan College,Other,14.3,11.1,38.8,500 to 999,High (10-20%)
QTS GROUP LTD.,Other,14.28,30.63,5.06,500 to 999,High (10-20%)
UNIVERSITY OF READING,Other,14.26,13.65,52.01,1000 to 4999,High (10-20%)
Arun District Council,Other,14.25,6.21,45.0,250 to 499,High (10-20%)
KARNDEAN INTERNATIONAL LIMITED,Wholesale,14.24,17.26,27.7,Less than 250,High (10-20%)
DEVONSHIRES SOLICITORS LLP,Other,14.22,25.87,59.15,250 to 499,High (10-20%)
Chichester College Group,Other,14.22,25.2,52.8,1000 to 4999,High (10-20%)
SEPURA LIMITED,Research,14.22,20.59,7.6,250 to 499,High (10-20%)
GE ENERGY POWER CONVERSION UK LIMITED,Other,14.2,15.1,11.0,500 to 999,High (10-20%)
PERMALI GLOUCESTER LIMITED,Rubber/Plastics,14.2,10.9,10.1,250 to 499,High (10-20%)
THE GRIFFIN SCHOOLS TRUST,Education,14.2,25.5,77.2,500 to 999,High (10-20%)
DANDARA UK SERVICES LIMITED,Employment Agencies,14.2,9.7,16.4,500 to 999,High (10-20%)
"D.STEWART & SON, LIMITED",Other,14.2,1.6,44.0,250 to 499,High (10-20%)
"ROYS(WROXHAM),LIMITED",Retail,14.2,0.0,51.3,500 to 999,High (10-20%)
TIP TRAILER SERVICES UK LIMITED,Leasing,14.2,21.8,18.0,500 to 999,High (10-20%)
PROGRAM PLANNING PROFESSIONALS LIMITED,Management Consulting,14.2,5.0,19.5,250 to 499,High (10-20%)
PROAV LIMITED,Professional Services,14.2,17.0,11.7,500 to 999,High (10-20%)
FLOPLAST LIMITED,Rubber/Plastics,14.2,6.0,14.1,250 to 499,High (10-20%)
OCTAVIUS INFRASTRUCTURE LTD.,Construction,14.2,23.1,18.0,500 to 999,High (10-20%)
LIONHEART EDUCATIONAL TRUST,Education,14.2,27.02,66.0,1000 to 4999,High (10-20%)
ROYAL OPERA HOUSE COVENT GARDEN FOUNDATION,Arts,14.2,12.6,47.0,1000 to 4999,High (10-20%)
UK SHARED BUSINESS SERVICES LIMITED,Research,14.2,18.9,47.2,500 to 999,High (10-20%)
MTL ADVANCED LTD,Fabricated Metals,14.2,16.2,3.3,250 to 499,High (10-20%)
JOTUN PAINTS (EUROPE) LIMITED,Chemicals,14.2,7.3,19.64,Less than 250,High (10-20%)
IMMUNOCORE LIMITED,Research,14.2,19.1,47.56,250 to 499,High (10-20%)
MITCHELL CHARLESWORTH (SERVICES) LIMITED,Business Support,14.2,4.2,47.1,250 to 499,High (10-20%)
MCCONECHY'S TYRE SERVICE LIMITED,Motor Trade,14.2,20.8,6.4,250 to 499,High (10-20%)
LIFEARC,Research,14.2,15.4,54.5,250 to 499,High (10-20%)
PATHEON UK LIMITED,Pharmaceuticals,14.2,9.9,33.3,250 to 499,High (10-20%)
ST.LEONARDS MOTORS LIMITED,Motor Trade,14.2,12.6,7.9,250 to 499,High (10-20%)
CEGA GROUP SERVICES LIMITED,Healthcare,14.2,2.3,52.0,250 to 499,High (10-20%)
KAPLAN INTERNATIONAL COLLEGES U.K. LIMITED,Education,14.2,11.7,51.4,250 to 499,High (10-20%)
THANET EARTH LIMITED,Wholesale,14.18,3.5,34.0,250 to 499,High (10-20%)
PEUGEOT CITROEN AUTOMOBILES UK LIMITED,Management Consulting,14.16,11.85,29.41,250 to 499,High (10-20%)
ARCH FINANCE LTD,Business Support,14.16,13.75,65.45,250 to 499,High (10-20%)
Grwp Cynefin,Other,14.11,7.08,39.0,250 to 499,High (10-20%)
ITV BROADCASTING LIMITED,Film/TV,14.1,6.8,47.1,1000 to 4999,High (10-20%)
DLA PIPER UK LLP,Other,14.1,13.0,52.3,1000 to 4999,High (10-20%)
NUCLEAR WASTE SERVICES LIMITED,Personal Services,14.1,11.4,35.0,500 to 999,High (10-20%)
NATIONAL HOUSE-BUILDING COUNCIL,Insurance,14.1,15.7,29.0,1000 to 4999,High (10-20%)
SAFESTORE LIMITED,Real Estate,14.1,5.2,17.16,500 to 999,High (10-20%)
TONY GEE AND PARTNERS LLP,Other,14.1,18.8,16.1,500 to 999,High (10-20%)
UNIVERSITY OF SUSSEX(THE),Other,14.1,11.0,46.0,1000 to 4999,High (10-20%)
LINKLATERS BUSINESS SERVICES,Business Support,14.1,33.5,53.0,1000 to 4999,High (10-20%)
UNITY SOFTWARE LIMITED,Business Support,14.1,17.1,23.0,250 to 499,High (10-20%)
Channel Four Television Corporation,Other,14.1,27.3,50.0,1000 to 4999,High (10-20%)
BARONS AUTOSTAR LIMITED,Motor Trade,14.1,15.1,19.8,250 to 499,High (10-20%)
A B GRAPHIC INTERNATIONAL LIMITED,Machinery,14.1,12.0,8.0,250 to 499,High (10-20%)
CHELTENHAM & GLOUCESTER PLC,Business Support,14.1,27.7,43.9,250 to 499,High (10-20%)
CHASE SEARCH &  SELECTION LIMITED,Employment Agencies,14.1,23.6,56.9,250 to 499,High (10-20%)
FACTSET EUROPE LIMITED,Information Services,14.1,16.0,26.8,500 to 999,High (10-20%)
OXFORD ECONOMICS LIMITED,Professional Services,14.1,6.8,21.4,250 to 499,High (10-20%)
EPSON (U.K.) LIMITED,Wholesale,14.1,20.2,30.8,Less than 250,High (10-20%)
BYLOR SERVICES LIMITED,Other,14.1,17.8,0.7,"5000 to 19,999",High (10-20%)
TRINITY COLLEGE LONDON,Education,14.1,11.0,58.3,250 to 499,High (10-20%)
INHEALTH INTELLIGENCE LIMITED,Healthcare,14.1,5.5,68.0,500 to 999,High (10-20%)
THE A & S LEISURE GROUP LIMITED,Gambling,14.1,7.0,22.3,250 to 499,High (10-20%)
GOV FACILITY SERVICES LIMITED,Facilities,14.09,22.56,15.26,1000 to 4999,High (10-20%)
HID CORPORATION LIMITED,Electrical Equipment,14.08,17.65,42.7,250 to 499,High (10-20%)
THE CHILDCARE CORPORATION LIMITED,Education,14.07,0.73,95.5,1000 to 4999,High (10-20%)
FUJIFILM SPECIALITY INK SYSTEMS LIMITED,Other Manufacturing,14.05,8.0,18.0,Less than 250,High (10-20%)
ROCKLIFFE HALL LIMITED,Hotels,14.05,4.02,36.8,250 to 499,High (10-20%)
ST BARNABAS HOSPICE TRUST (LINCOLNSHIRE),Healthcare,14.0,9.27,84.0,250 to 499,High (10-20%)
GREENHOUS GROUP (HOLDINGS) LIMITED,Motor Trade,14.0,5.6,9.7,1000 to 4999,High (10-20%)
MIDLAND MENCAP,Hotels,14.0,0.0,83.0,250 to 499,High (10-20%)
ASHFIELD HEALTH LIMITED,Professional Services,14.0,8.0,73.0,500 to 999,High (10-20%)
KEIGHLEY & DISTRICT TRAVEL LIMITED,Land Transport,14.0,18.0,5.2,Less than 250,High (10-20%)
KEYCHANGE CHARITY,Residential Care,14.0,2.0,77.0,250 to 499,High (10-20%)
YESSS (A) ELECTRICAL LTD,Professional Services,14.0,4.0,4.96,250 to 499,High (10-20%)
CHILTERN STREET HOTEL LIMITED,Hotels,14.0,-4.0,26.0,250 to 499,High (10-20%)
TESCO UNDERWRITING LIMITED,Insurance,14.0,1.4,50.0,250 to 499,High (10-20%)
THE BABRAHAM INSTITUTE,Research,14.0,9.73,47.5,250 to 499,High (10-20%)
AG SERVICE COMPANY LIMITED,Business Support,14.0,14.9,57.7,1000 to 4999,High (10-20%)
OCADO RETAIL LIMITED,Retail,14.0,13.0,54.0,500 to 999,High (10-20%)
LCH LIMITED,Business Support,14.0,18.0,16.0,500 to 999,High (10-20%)
POWERTEAM ELECTRICAL SERVICES (UK) LIMITED,Specialist Construction,14.0,15.0,12.0,250 to 499,High (10-20%)
ROYAL ACADEMY OF MUSIC,Other,14.0,14.0,31.0,500 to 999,High (10-20%)
VAN ELLE LIMITED,Other,14.0,15.0,7.3,500 to 999,High (10-20%)
University of West London,Other,14.0,14.8,39.7,1000 to 4999,High (10-20%)
JSP LIMITED,Rubber/Plastics,14.0,1.3,28.0,250 to 499,High (10-20%)
OWEN MUMFORD LIMITED,Other Manufacturing,14.0,20.0,86.0,250 to 499,High (10-20%)
HSS PROSERVICE MARKETPLACE LIMITED,Other,14.0,5.97,27.1,250 to 499,High (10-20%)
ETHOS GROUP SERVICES LIMITED,Facilities,14.0,4.9,42.0,250 to 499,High (10-20%)
M.P.K. GARAGES LIMITED,Retail,14.0,1.0,45.0,250 to 499,High (10-20%)
FARRER & CO LLP,Other,14.0,27.0,71.0,250 to 499,High (10-20%)
F M CONWAY LIMITED,Other,14.0,15.9,11.9,1000 to 4999,High (10-20%)
MERCK LIFE SCIENCE UK LIMITED,Wholesale,14.0,14.0,53.0,250 to 499,High (10-20%)
RAYTHEON SYSTEMS LIMITED,Public Admin,14.0,18.3,21.0,1000 to 4999,High (10-20%)
WATSON FARLEY & WILLIAMS LLP,Other,14.0,9.0,56.0,250 to 499,High (10-20%)
MEDTRONIC LIMITED,Other Manufacturing,14.0,11.0,44.0,1000 to 4999,High (10-20%)
SSS PUBLIC SAFETY LIMITED,IT Services,14.0,15.0,12.0,250 to 499,High (10-20%)
PAYSTREAM MY MAX LIMITED,Employment Agencies,14.0,15.0,20.0,"5000 to 19,999",High (10-20%)
FISKARS UK (VITA) LIMITED,Wholesale,14.0,15.0,51.0,250 to 499,High (10-20%)
LSEG EMPLOYMENT SERVICES LIMITED,Employment Agencies,14.0,15.0,31.0,1000 to 4999,High (10-20%)
FLETCHERS SOLICITORS LIMITED,IT Services,14.0,18.0,58.0,1000 to 4999,High (10-20%)
Southport College,Other,14.0,23.0,53.0,250 to 499,High (10-20%)
BLUE DIAMOND UK LIMITED,Retail,14.0,3.0,54.0,1000 to 4999,High (10-20%)
ANGLIA MALTINGS (HOLDINGS) LIMITED,Other,14.0,13.6,18.8,250 to 499,High (10-20%)
WHITMAN LABORATORIES LIMITED,Other,14.0,9.0,39.0,500 to 999,High (10-20%)
BABCOCK RAIL LIMITED,Personal Services,14.0,15.7,7.5,500 to 999,High (10-20%)
PERSIMMON HOMES LIMITED,Construction,14.0,10.0,21.0,1000 to 4999,High (10-20%)
Lake College,Other,14.0,26.9,54.0,250 to 499,High (10-20%)
MSS INFRASTRUCTURE LIMITED,Employment Agencies,14.0,15.0,2.0,1000 to 4999,High (10-20%)
TAKING CARE PERSONAL ALARMS LIMITED,Personal Services,14.0,3.0,47.0,250 to 499,High (10-20%)
CARPENTERS LIMITED,Legal,14.0,14.5,41.5,1000 to 4999,High (10-20%)
University of Hull,Other,14.0,9.0,49.0,1000 to 4999,High (10-20%)
CHESHIRE DATASYSTEMS LIMITED,IT Services,14.0,3.7,25.0,500 to 999,High (10-20%)
SPECIALIST SCHOOLS TRUST LTD,Education,14.0,20.28,77.0,250 to 499,High (10-20%)
THE CORPORATION OF OUNDLE SCHOOL,Other,13.99,26.85,43.88,500 to 999,High (10-20%)
CORMAC SOLUTIONS LIMITED,Other,13.97,16.95,15.0,1000 to 4999,High (10-20%)
HIPPODROME CASINO LIMITED,Gambling,13.97,-1.59,27.34,500 to 999,High (10-20%)
St John's School Leatherhead,Education,13.96,14.33,43.86,250 to 499,High (10-20%)
THE HOUSING PLUS GROUP LIMITED,Other,13.94,18.06,44.0,500 to 999,High (10-20%)
Pocklington School Foundation,Education,13.94,28.64,50.0,250 to 499,High (10-20%)
ASSA ABLOY GLOBAL SOLUTIONS UK LIMITED,Security,13.93,7.94,23.81,250 to 499,High (10-20%)
NHS SHARED BUSINESS SERVICES LIMITED,IT Services,13.92,13.42,43.04,1000 to 4999,High (10-20%)
ASPRIS CHILDREN'S SERVICES LIMITED,Education,13.92,12.52,64.71,1000 to 4999,High (10-20%)
OMNICOM MEDIA GROUP UK LIMITED,Advertising,13.9,10.7,36.2,250 to 499,High (10-20%)
KWIK-FIT (GB) LIMITED,Motor Trade,13.9,14.9,3.0,1000 to 4999,High (10-20%)
NORTHERN POWERGRID (YORKSHIRE) PLC,Utilities,13.9,13.2,11.0,1000 to 4999,High (10-20%)
G.B.A. SERVICES LIMITED,Land Transport,13.9,19.1,11.0,250 to 499,High (10-20%)
HAWKINS BROWN ARCHITECTURE LIMITED,Architecture/Engineering,13.9,9.4,30.8,Less than 250,High (10-20%)
VISTRY HOMES LIMITED,Real Estate,13.9,18.0,22.5,1000 to 4999,High (10-20%)
FIRST ACTUARIAL LLP,Other,13.9,10.9,42.5,250 to 499,High (10-20%)
REIGATE GRAMMAR SCHOOL,Education,13.9,27.2,63.6,500 to 999,High (10-20%)
PARASOL LIMITED,Management Consulting,13.9,18.2,39.6,"5000 to 19,999",High (10-20%)
Coast and Vale Learning Trust,Other,13.9,40.2,65.3,250 to 499,High (10-20%)
EUROSTAR INTERNATIONAL LIMITED,Land Transport,13.9,15.2,27.0,1000 to 4999,High (10-20%)
HILLSIDE (SHARED SERVICES 2018) LIMITED,Business Support,13.9,3.7,44.6,1000 to 4999,High (10-20%)
IAM-SOLD LTD,Real Estate,13.9,10.82,55.42,250 to 499,High (10-20%)
TAUNTON SCHOOL EDUCATIONAL CHARITY,Education,13.9,3.27,53.57,500 to 999,High (10-20%)
BRITISH COUNCIL(THE),Other,13.9,16.0,53.5,1000 to 4999,High (10-20%)
STHREE MANAGEMENT SERVICES LIMITED,Professional Services,13.9,29.8,49.4,250 to 499,High (10-20%)
SKYSCANNER LIMITED,Publishing,13.9,14.5,48.1,250 to 499,High (10-20%)
E.ON UK PLC,Utilities,13.9,24.1,36.8,"5000 to 19,999",High (10-20%)
NORTHERN STAR ACADEMIES TRUST,Education,13.9,24.8,75.0,1000 to 4999,High (10-20%)
THE CHURCH OF ENGLAND CHILDREN'S SOCIETY,Social Work,13.9,1.1,70.7,500 to 999,High (10-20%)
LOGICAL PERSONNEL SOLUTIONS LIMITED,Employment Agencies,13.9,22.2,3.33,250 to 499,High (10-20%)
NOVARTIS PHARMACEUTICALS UK LIMITED,Pharmaceuticals,13.9,15.9,48.9,1000 to 4999,High (10-20%)
Royal College of Physicians,Education,13.9,13.6,51.5,250 to 499,High (10-20%)
GENUS BREEDING LIMITED,Architecture/Engineering,13.9,11.6,29.0,500 to 999,High (10-20%)
ATKINSRÉALIS UK LIMITED,Management Consulting,13.9,13.1,22.4,"5000 to 19,999",High (10-20%)
MINSTER LAW LIMITED,Legal,13.89,18.75,50.0,250 to 499,High (10-20%)
THE DEAN TRUST,Education,13.89,17.86,64.5,1000 to 4999,High (10-20%)
JUST TEACHERS LIMITED,Employment Agencies,13.88,22.66,63.79,1000 to 4999,High (10-20%)
South West Yorkshire Partnership N H S Foundation Trust,Other,13.86,5.03,70.2,"5000 to 19,999",High (10-20%)
THE TED WRAGG MULTI ACADEMY TRUST,Education,13.86,17.55,60.0,1000 to 4999,High (10-20%)
GRAPHIC PACKAGING INTERNATIONAL EUROPE UK LIMITED,Paper,13.83,22.9,16.33,250 to 499,High (10-20%)
THE MILL HILL SCHOOL FOUNDATION,Education,13.82,15.83,60.59,500 to 999,High (10-20%)
SHOPPER MEDIA GROUP LTD,Advertising,13.82,1.32,63.0,250 to 499,High (10-20%)
FAIRFAX MULTI ACADEMY TRUST,Education,13.81,2.96,64.55,250 to 499,High (10-20%)
NHS Gloucestershire Integrated Care Board,Other,13.8,13.4,79.5,250 to 499,High (10-20%)
SANDOWN SURREY AND HAMPSHIRE LIMITED,Motor Trade,13.8,18.9,13.0,250 to 499,High (10-20%)
THE CARE BUREAU LIMITED,Healthcare,13.8,-0.3,86.0,250 to 499,High (10-20%)
Arts University Plymouth,Other,13.8,16.8,52.0,250 to 499,High (10-20%)
EQUINIX (SERVICES) LIMITED,Business Support,13.8,22.0,35.2,500 to 999,High (10-20%)
CRANMER EDUCATION TRUST,Education,13.8,19.5,65.0,500 to 999,High (10-20%)
University of York,Other,13.8,13.1,45.0,"5000 to 19,999",High (10-20%)
Great Schools Trust,Other,13.8,22.01,65.0,500 to 999,High (10-20%)
VOLKSWAGEN GROUP UNITED KINGDOM LIMITED,Motor Trade,13.8,9.3,35.7,500 to 999,High (10-20%)
MOTOR DEPOT LIMITED,Motor Trade,13.8,7.9,6.1,500 to 999,High (10-20%)
WAREMOSS LIMITED,Retail,13.8,-1.6,69.7,1000 to 4999,High (10-20%)
GLOBAL MEDIA GROUP SERVICES LIMITED,Business Support,13.8,10.4,41.7,1000 to 4999,High (10-20%)
ECONOMIST NEWSPAPER LIMITED(THE),Publishing,13.8,17.2,38.5,500 to 999,High (10-20%)
INTERACTIVE INVESTOR SERVICES LIMITED,Finance,13.79,11.92,30.1,500 to 999,High (10-20%)
DANFOSS LIMITED,Other Manufacturing,13.78,7.14,20.2,250 to 499,High (10-20%)
G4S FACILITIES MANAGEMENT (UK) LIMITED,Business Support,13.78,4.19,40.11,1000 to 4999,High (10-20%)
CARDZONE LIMITED,Retail,13.77,0.0,91.3,500 to 999,High (10-20%)
ACER TRUST,Education,13.77,7.86,71.13,500 to 999,High (10-20%)
ROCK COMPLIANCE LIMITED,Business Support,13.77,8.46,13.04,250 to 499,High (10-20%)
ASHMERE DERBYSHIRE LIMITED,Residential Care,13.76,12.21,87.8,250 to 499,High (10-20%)
Cirencester College,Other,13.76,23.0,51.0,250 to 499,High (10-20%)
WHYTE AND MACKAY LIMITED,Other,13.75,4.97,40.23,500 to 999,High (10-20%)
SELECTA U.K. LIMITED,Food & Beverage,13.75,-5.27,32.0,500 to 999,High (10-20%)
CITY HOSPITALS INDEPENDENT COMMERCIAL ENTERPRISES LIMITED,Healthcare,13.74,11.41,39.49,1000 to 4999,High (10-20%)
PEGASYSTEMS LIMITED,IT Services,13.73,15.05,26.0,250 to 499,High (10-20%)
BILLINGTON STRUCTURES LIMITED,Fabricated Metals,13.71,5.84,4.88,500 to 999,High (10-20%)
W B POWER SERVICES LIMITED,Machinery,13.7,28.7,11.6,250 to 499,High (10-20%)
CHRISTIE MANSON & WOODS LIMITED,Finance,13.7,21.6,52.0,500 to 999,High (10-20%)
LINECROSS GROUP LIMITED,Management Consulting,13.7,13.1,16.0,250 to 499,High (10-20%)
SOLIHULL COMMUNITY HOUSING LIMITED,Real Estate,13.7,12.5,32.2,250 to 499,High (10-20%)
King's College School,Other,13.7,23.1,44.0,250 to 499,High (10-20%)
E-ACT,Education,13.7,18.2,66.8,1000 to 4999,High (10-20%)
BUPA INSURANCE SERVICES LIMITED,Business Support,13.7,9.1,51.4,1000 to 4999,High (10-20%)
THE LAURUS TRUST,Education,13.7,18.2,62.3,1000 to 4999,High (10-20%)
Newcastle East Mixed Multi Academy Trust,Other,13.7,18.73,70.97,500 to 999,High (10-20%)
The Bay Learning Trust,Other,13.7,17.3,64.8,500 to 999,High (10-20%)
PARTNERING HEALTH LIMITED,Healthcare,13.7,19.8,48.3,500 to 999,High (10-20%)
LONDON SCHOOL OF HYGIENE AND TROPICAL MEDICINE,Other,13.7,6.5,48.5,1000 to 4999,High (10-20%)
HSBC INNOVATION BANK LIMITED,Finance,13.7,10.3,39.0,500 to 999,High (10-20%)
CARE VISIONS GROUP LIMITED,Residential Care,13.7,2.9,71.6,250 to 499,High (10-20%)
EUI LIMITED,Insurance,13.7,8.5,36.1,"5000 to 19,999",High (10-20%)
UNILEVER U.K. CENTRAL RESOURCES LIMITED,Research,13.7,7.0,56.0,1000 to 4999,High (10-20%)
FRESENIUS KABI LIMITED,Pharmaceuticals,13.7,-6.7,57.9,1000 to 4999,High (10-20%)
NEEROCK LIMITED,Food Manufacturing,13.7,18.5,13.6,1000 to 4999,High (10-20%)
DAIKIN AIRCONDITIONING UK LIMITED,Utilities,13.7,26.0,19.2,250 to 499,High (10-20%)
GET GOLFING CIO,Other,13.7,0.0,27.44,250 to 499,High (10-20%)
CONTRACTOR UMBRELLA LIMITED,Legal,13.69,33.86,27.1,500 to 999,High (10-20%)
VAULKHARD GROUP LIMITED,Real Estate,13.68,0.0,36.84,Less than 250,High (10-20%)
SMITHS NEWS TRADING LIMITED,Wholesale,13.68,5.35,31.0,1000 to 4999,High (10-20%)
GREATER MANCHESTER EDUCATION TRUST,Education,13.68,12.99,63.4,500 to 999,High (10-20%)
LIFE HEALTH FOODS LIMITED,Food Manufacturing,13.63,4.26,37.08,250 to 499,High (10-20%)
D.C. THOMSON & COMPANY LIMITED,Publishing,13.63,14.53,39.0,500 to 999,High (10-20%)
EAST COAST COMMUNITY HEALTHCARE C.I.C.,Healthcare,13.62,11.45,83.78,500 to 999,High (10-20%)
THE AMBASSADOR THEATRE GROUP (VENUES) LIMITED,Arts,13.6,0.0,47.0,1000 to 4999,High (10-20%)
ELTHAM COLLEGE,Education,13.6,5.6,48.6,250 to 499,High (10-20%)
MAWDSLEY-BROOKS & COMPANY LIMITED,Wholesale,13.6,9.8,32.6,500 to 999,High (10-20%)
PERKINELMER AES (UK) LIMITED,Professional Services,13.6,17.4,30.0,250 to 499,High (10-20%)
Health & Safety Executive,Other,13.6,11.6,37.6,1000 to 4999,High (10-20%)
Public Health Wales,Other,13.6,15.5,33.8,1000 to 4999,High (10-20%)
LAW SOCIETY,Other,13.6,7.7,50.0,250 to 499,High (10-20%)
NOWER HILL HIGH SCHOOL,Education,13.6,20.1,68.25,250 to 499,High (10-20%)
ALLIED PUBLICITY SERVICES (MANCHESTER) LIMITED,Business Support,13.6,8.7,28.0,500 to 999,High (10-20%)
IRON MOUNTAIN (UK) PLC,Warehousing,13.6,30.6,33.3,250 to 499,High (10-20%)
TRUCKEAST LIMITED,Motor Trade,13.6,14.6,13.0,250 to 499,High (10-20%)
SIMARCO INTERNATIONAL LIMITED,Warehousing,13.6,7.0,23.0,250 to 499,High (10-20%)
BBC STUDIOS DISTRIBUTION LIMITED,Film/TV,13.6,10.7,47.2,1000 to 4999,High (10-20%)
ORWELL HOUSING ASSOCIATION LIMITED,Other,13.6,4.1,62.0,500 to 999,High (10-20%)
BARCLAYS EXECUTION SERVICES LIMITED,Business Support,13.6,18.9,34.0,"20,000 or more",High (10-20%)
COTTON TRADERS LIMITED,Retail,13.6,3.9,60.0,500 to 999,High (10-20%)
MOTION APPLIED LIMITED,Motor Vehicles,13.6,12.1,12.5,250 to 499,High (10-20%)
SHELL INTERNATIONAL TRADING AND SHIPPING COMPANY LIMITED,Wholesale,13.6,15.4,25.0,1000 to 4999,High (10-20%)
EPSOM COLLEGE,Education,13.6,14.0,42.0,250 to 499,High (10-20%)
KCI MEDICAL LIMITED,Management Consulting,13.6,15.0,26.5,250 to 499,High (10-20%)
KENILWORTH MULTI ACADEMY TRUST,Education,13.6,19.0,57.0,250 to 499,High (10-20%)
HAILEYBURY COLLEGE,Other,13.6,20.3,45.0,250 to 499,High (10-20%)
Kent and Medway Mental Health NHS Trust,Other,13.6,5.4,69.03,1000 to 4999,High (10-20%)
FOUNDEVER GB LIMITED,Telecoms,13.6,0.0,45.3,1000 to 4999,High (10-20%)
RAYMOND JAMES INVESTMENT SERVICES LIMITED,Finance,13.6,15.4,27.0,250 to 499,High (10-20%)
House of Lords,Other,13.6,9.3,49.0,500 to 999,High (10-20%)
South Devon College,Other,13.58,18.48,42.53,500 to 999,High (10-20%)
LONDON SCHOOL OF SCIENCE & TECHNOLOGY LIMITED,Education,13.58,6.37,58.0,250 to 499,High (10-20%)
CLASS 1 PERSONNEL (AIRSIDE) LTD,Employment Agencies,13.58,6.14,3.12,500 to 999,High (10-20%)
HILL BISCUITS LIMITED,Food Manufacturing,13.57,5.3,42.7,250 to 499,High (10-20%)
KIWA LIMITED,Architecture/Engineering,13.57,15.9,36.07,250 to 499,High (10-20%)
"GENSLER EUROPE, LTD",Architecture/Engineering,13.57,13.49,40.5,250 to 499,High (10-20%)
SIEMENS ENERGY INDUSTRIAL TURBOMACHINERY LIMITED,Machinery,13.53,9.34,11.24,1000 to 4999,High (10-20%)
ONSITE CENTRAL LIMITED,Personal Services,13.53,17.11,9.92,500 to 999,High (10-20%)
KINDRED (LONDON) LIMITED,Business Support,13.53,11.09,25.0,250 to 499,High (10-20%)
NEWREST-ALL LIMITED,Personal Services,13.52,14.79,13.83,250 to 499,High (10-20%)
DSV CONTRACT LOGISTICS LIMITED,Warehousing,13.52,5.05,29.64,1000 to 4999,High (10-20%)
ANTHEM SCHOOLS TRUST,Education,13.51,16.9,75.63,1000 to 4999,High (10-20%)
CHEADLE ROYAL HEALTHCARE LIMITED,Healthcare,13.5,5.4,57.9,500 to 999,High (10-20%)
INFINITY MIDCO LIMITED,Finance,13.5,9.0,9.7,500 to 999,High (10-20%)
LIAISON FINANCIAL SERVICES LIMITED,Finance,13.5,31.85,34.83,250 to 499,High (10-20%)
Prospect,Other,13.5,23.1,42.5,Less than 250,High (10-20%)
J.W.LEES & CO.(BREWERS)LIMITED,Other,13.5,0.8,30.2,1000 to 4999,High (10-20%)
THE UNIVERSITY OF BIRMINGHAM,Other,13.5,15.8,42.8,"5000 to 19,999",High (10-20%)
FIELDFISHER LLP,Other,13.5,27.6,60.6,1000 to 4999,High (10-20%)
EPSON EUROPE B.V.,Other,13.5,11.7,34.4,250 to 499,High (10-20%)
VDC UK MANAGEMENT COMPANY LIMITED,Information Services,13.5,18.3,19.4,250 to 499,High (10-20%)
University of Wolverhampton,Other,13.5,27.6,48.0,1000 to 4999,High (10-20%)
IPG HEALTH MEDICAL COMMUNICATIONS LIMITED,Management Consulting,13.5,13.5,72.1,250 to 499,High (10-20%)
SCOTTISH WIDOWS SERVICES LIMITED,Financial Support,13.5,21.8,40.2,1000 to 4999,High (10-20%)
BOOTS MANAGEMENT SERVICES LIMITED,Business Support,13.5,0.7,68.4,"20,000 or more",High (10-20%)
Colchester Borough Homes,Other,13.5,16.64,46.0,Less than 250,High (10-20%)
POST OFFICE LIMITED,Retail,13.5,10.0,42.0,1000 to 4999,High (10-20%)
UNIVERSITY OF SHEFFIELD,Other,13.5,10.4,43.1,"5000 to 19,999",High (10-20%)
LOFTHOUSE OF FLEETWOOD LIMITED,Food Manufacturing,13.49,0.0,28.0,250 to 499,High (10-20%)
VERTAS GROUP LIMITED,Facilities,13.48,4.39,46.0,1000 to 4999,High (10-20%)
THE EDEN ACADEMY,Education,13.47,0.41,86.71,500 to 999,High (10-20%)
A. CONNOLLY LIMITED,Construction,13.47,17.14,21.0,250 to 499,High (10-20%)
Grantham College,Other,13.46,18.32,56.06,250 to 499,High (10-20%)
CAROUSEL BUSES LIMITED,Land Transport,13.45,14.01,5.6,Less than 250,High (10-20%)
PULHAM & SONS(COACHES)LIMITED,Land Transport,13.45,9.24,12.5,Less than 250,High (10-20%)
PAYCAPTAIN PAYROLL SOLUTIONS LIMITED,IT Services,13.44,22.75,57.0,Less than 250,High (10-20%)
INEOS FPS LIMITED,Telecoms,13.43,12.58,12.17,250 to 499,High (10-20%)
N-ABLE TECHNOLOGIES LTD,IT Services,13.43,12.08,21.2,250 to 499,High (10-20%)
Chiltern Way Academy Trust,Other,13.42,11.22,61.0,250 to 499,High (10-20%)
KING'S SCHOOL CANTERBURY,Other,13.42,15.72,51.8,500 to 999,High (10-20%)
VERTICAL AEROSPACE GROUP LTD,Research,13.41,17.32,14.6,250 to 499,High (10-20%)
LEADEC LIMITED,Other Manufacturing,13.41,17.82,15.36,1000 to 4999,High (10-20%)
BUOYANT UPHOLSTERY LIMITED,Other,13.4,10.3,17.0,250 to 499,High (10-20%)
BRYANSTON SCHOOL,Education,13.4,22.5,46.4,500 to 999,High (10-20%)
ABCAM LIMITED,Chemicals,13.4,11.7,46.4,500 to 999,High (10-20%)
GRIMSHAW SERVICES LIMITED,Architecture/Engineering,13.4,9.64,43.4,Less than 250,High (10-20%)
THE CANTERBURY ACADEMY TRUST,Education,13.4,18.1,55.7,250 to 499,High (10-20%)
RSK ENVIRONMENT LIMITED,Other,13.4,12.2,28.4,500 to 999,High (10-20%)
THE ORIGINAL BOWLING COMPANY LIMITED,Sports/Recreation,13.4,4.3,44.7,1000 to 4999,High (10-20%)
BETTYS & TAYLORS GROUP LTD,Food Manufacturing,13.4,13.8,50.3,1000 to 4999,High (10-20%)
B.H.C. LIMITED,Other Manufacturing,13.4,12.8,4.9,250 to 499,High (10-20%)
ROBOT DOG PICTURES (UK) LIMITED,Film/TV,13.4,13.6,34.0,250 to 499,High (10-20%)
KING'S SCHOOLS TAUNTON LIMITED,Education,13.4,24.0,48.7,250 to 499,High (10-20%)
BARINGA PARTNERS LLP,Other,13.4,12.0,39.0,1000 to 4999,High (10-20%)
SLATER MENSWEAR,Retail,13.4,10.77,24.2,500 to 999,High (10-20%)
RAIL GOURMET U.K. LIMITED,Food & Beverage,13.4,3.6,22.0,500 to 999,High (10-20%)
Walsall College Of Arts & Technology,Other,13.4,21.1,58.0,500 to 999,High (10-20%)
COMPANY SHOP LIMITED,Retail,13.4,3.1,45.0,1000 to 4999,High (10-20%)
HYDRAQUIP HOSE & HYDRAULICS LIMITED,Wholesale,13.38,17.12,4.76,250 to 499,High (10-20%)
MINSTHORPE ACADEMY TRUST,Education,13.37,26.41,71.0,250 to 499,High (10-20%)
CORSERV SOLUTIONS LIMITED,Other,13.36,14.46,22.0,1000 to 4999,High (10-20%)
MUFG CORPORATE MARKETS (UK) LIMITED,Business Support,13.35,16.04,38.95,250 to 499,High (10-20%)
GREENSLEEVES HOMES TRUST,Residential Care,13.34,3.84,75.0,1000 to 4999,High (10-20%)
NEOVIA LOGISTICS SERVICES (U.K.) LIMITED,Warehousing,13.33,4.84,31.0,250 to 499,High (10-20%)
PAX8 UK LIMITED,Management Consulting,13.33,17.66,26.23,250 to 499,High (10-20%)
Baillie Gifford & Co,Finance,13.32,8.91,37.74,1000 to 4999,High (10-20%)
BERKHAMSTED SCHOOLS GROUP,Education,13.3,16.5,47.5,500 to 999,High (10-20%)
QUEEN MARY UNIVERSITY OF LONDON,Other,13.3,8.9,41.9,"5000 to 19,999",High (10-20%)
UNITED LEARNING TRUST,Education,13.3,19.3,64.6,"5000 to 19,999",High (10-20%)
MILLENNIUM CAPITAL PARTNERS LLP,Other,13.3,8.3,7.4,500 to 999,High (10-20%)
BJSS LIMITED,IT Services,13.3,15.8,17.8,1000 to 4999,High (10-20%)
LIFEPLUS EUROPE LIMITED,Retail,13.3,2.2,52.0,250 to 499,High (10-20%)
STANNAH STAIRLIFTS LIMITED,Other Manufacturing,13.3,13.1,11.2,500 to 999,High (10-20%)
RIVERBANK HOTEL OPERATOR LIMITED,Hotels,13.3,-0.3,24.0,250 to 499,High (10-20%)
CLEARBANK LIMITED,Finance,13.3,22.0,30.0,500 to 999,High (10-20%)
HLS MCCONNELL LIMITED,Specialist Construction,13.3,16.8,15.6,250 to 499,High (10-20%)
FRONTIER DEVELOPMENTS PLC,Publishing,13.3,9.1,15.0,500 to 999,High (10-20%)
"HARRIER, LLC",Other,13.3,5.3,23.4,250 to 499,High (10-20%)
CROUD INC LTD,Management Consulting,13.3,12.7,44.3,250 to 499,High (10-20%)
ALINA HOMECARE LTD,Social Work,13.3,5.0,88.0,250 to 499,High (10-20%)
EDRINGTON UK DISTRIBUTION LIMITED,Wholesale,13.3,-6.1,51.85,Less than 250,High (10-20%)
NATIONWIDE WINDOWS LIMITED,Other Manufacturing,13.3,7.6,7.7,250 to 499,High (10-20%)
Abingdon & Witney College,Other,13.3,19.9,54.0,500 to 999,High (10-20%)
FINNING (UK) LTD.,Wholesale,13.3,11.6,17.2,1000 to 4999,High (10-20%)
FOCUS 4 U LTD.,Telecoms,13.29,13.47,19.0,1000 to 4999,High (10-20%)
GRUNDON WASTE MANAGEMENT LIMITED,Waste Management,13.29,8.24,10.8,500 to 999,High (10-20%)
CLARANET LIMITED,IT Services,13.29,15.32,17.09,250 to 499,High (10-20%)
KINGS SECURITY SYSTEMS LIMITED,Security,13.29,19.54,19.6,250 to 499,High (10-20%)
LEEDS CONSERVATOIRE,Education,13.29,36.71,24.56,250 to 499,High (10-20%)
P A CROCKER LIMITED,Food & Beverage,13.28,0.0,49.0,1000 to 4999,High (10-20%)
AFE GROUP LIMITED,Other Manufacturing,13.28,13.76,10.27,500 to 999,High (10-20%)
RATCLIFFE COLLEGE,Education,13.25,13.82,53.0,250 to 499,High (10-20%)
IVXS UK LIMITED,IT Services,13.25,17.45,49.0,Less than 250,High (10-20%)
AXIS EUROPE LIMITED,Specialist Construction,13.24,17.44,28.4,1000 to 4999,High (10-20%)
W.J.KING(GARAGES)LIMITED,Motor Trade,13.23,8.36,15.07,250 to 499,High (10-20%)
CORNWALL AIRPORT LIMITED,Air Transport,13.21,9.92,24.0,Less than 250,High (10-20%)
CIRCLE HEALTH GROUP LIMITED,Healthcare,13.2,4.3,73.3,"5000 to 19,999",High (10-20%)
LGC LIMITED,Professional Services,13.2,8.1,52.9,1000 to 4999,High (10-20%)
SWIZZELS MATLOW LIMITED,Food Manufacturing,13.2,8.66,30.61,500 to 999,High (10-20%)
WHITE & CASE LLP,Other,13.2,24.2,51.0,500 to 999,High (10-20%)
JISC,Membership Orgs,13.2,15.5,33.1,1000 to 4999,High (10-20%)
PETER'S FOOD SERVICE LIMITED,Food Manufacturing,13.2,8.76,13.22,250 to 499,High (10-20%)
CHARLES RUSSELL SPEECHLYS SERVICES LIMITED,Personal Services,13.2,25.8,61.8,500 to 999,High (10-20%)
BRITBET RACING LLP,Other,13.2,1.1,52.5,500 to 999,High (10-20%)
FIDESSA TRADING UK LIMITED,IT Services,13.2,12.1,12.4,250 to 499,High (10-20%)
MOODY'S ANALYTICS UK LIMITED,Information Services,13.2,12.0,29.3,1000 to 4999,High (10-20%)
MARSTON (HOLDINGS) LIMITED,Business Support,13.2,11.4,40.3,500 to 999,High (10-20%)
SHINE MULTI ACADEMY TRUST,Education,13.2,32.2,84.95,250 to 499,High (10-20%)
COMMUNITY SCHOOLS TRUST,Education,13.2,19.5,51.6,500 to 999,High (10-20%)
SONARDYNE INTERNATIONAL LIMITED,Electronics,13.2,37.3,9.6,250 to 499,High (10-20%)
SCJ EURAFNE LTD,Business Support,13.2,2.2,59.0,250 to 499,High (10-20%)
KING'S COLLEGE CAMBRIDGE,Other,13.2,8.7,37.0,250 to 499,High (10-20%)
AVIAGEN UK LIMITED,Clothing,13.19,11.17,25.8,250 to 499,High (10-20%)
REVOLUT LTD,IT Services,13.18,13.04,19.47,1000 to 4999,High (10-20%)
London South East Academies Trust,Other,13.17,13.5,71.43,500 to 999,High (10-20%)
EAST MIDLANDS CROSSROADS-CARING FOR CARERS,Social Work,13.17,6.34,76.0,250 to 499,High (10-20%)
SP MANWEB PLC,Utilities,13.17,11.47,10.0,500 to 999,High (10-20%)
FREIGHT TRANSPORT ASSOCIATION LIMITED,Membership Orgs,13.16,16.76,36.0,250 to 499,High (10-20%)
NICE SYSTEMS TECHNOLOGIES UK LIMITED,IT Services,13.14,9.1,24.0,250 to 499,High (10-20%)
TOOK US A LONG TIME LIMITED,Food & Beverage,13.13,3.4,27.0,500 to 999,High (10-20%)
SCOTTISHPOWER ENERGY RETAIL LIMITED,Utilities,13.13,12.9,37.0,500 to 999,High (10-20%)
KINGSTON UNIVERSITY SERVICE COMPANY LIMITED,Real Estate,13.13,11.22,30.49,250 to 499,High (10-20%)
IRWIN MITCHELL LLP,Other,13.11,21.72,69.5,1000 to 4999,High (10-20%)
AMERICAN EXPRESS SERVICES EUROPE LIMITED,Business Support,13.1,17.8,41.0,1000 to 4999,High (10-20%)
ROXEL (UK ROCKET MOTORS) LIMITED,Other Manufacturing,13.1,8.53,10.6,250 to 499,High (10-20%)
Guy's & St Thomas' NHS Foundation Trust,Other,13.1,6.6,61.3,"20,000 or more",High (10-20%)
RBS INTERNATIONAL,Other,13.1,11.7,36.6,500 to 999,High (10-20%)
National Wealth Fund Limited,Other,13.1,18.5,39.0,250 to 499,High (10-20%)
BP P.L.C.,Management Consulting,13.1,13.9,33.0,1000 to 4999,High (10-20%)
EJ PARKER TECHNICAL SERVICES (CENTRAL) LTD,Specialist Construction,13.1,19.1,14.9,Less than 250,High (10-20%)
BREAK,Residential Care,13.1,4.6,71.2,250 to 499,High (10-20%)
C. HOARE & CO.,Finance,13.1,19.6,32.0,500 to 999,High (10-20%)
MONY GROUP FINANCIAL LIMITED,Information Services,13.1,16.8,31.0,500 to 999,High (10-20%)
SHELL INTERNATIONAL LIMITED,Business Support,13.1,11.9,39.8,1000 to 4999,High (10-20%)
Midlands Partnership NHS Foundation Trust,Other,13.1,2.3,77.5,"5000 to 19,999",High (10-20%)
M.& W.MACK LIMITED,Wholesale,13.09,3.82,28.0,250 to 499,High (10-20%)
CBRE GWS LIMITED,Facilities,13.08,9.87,33.0,1000 to 4999,High (10-20%)
TOPGOLF LIMITED,Sports/Recreation,13.08,1.69,28.57,500 to 999,High (10-20%)
MRI SOFTWARE LIMITED,IT Services,13.08,13.68,23.0,500 to 999,High (10-20%)
ROSSALL SCHOOL,Other,13.07,11.6,52.78,250 to 499,High (10-20%)
THE LEARNING TRUST,Education,13.07,23.27,77.91,250 to 499,High (10-20%)
Rotherham Doncaster And South Humber Nhs Foundation Trust,Other,13.07,4.64,78.61,1000 to 4999,High (10-20%)
STRAT7 LIMITED,Advertising,13.06,18.8,51.0,250 to 499,High (10-20%)
Brooklands College,Other,13.03,15.67,41.82,Less than 250,High (10-20%)
EEF LIMITED,Membership Orgs,13.01,6.98,47.31,250 to 499,High (10-20%)
ATRADIUS CRÉDITO Y CAUCIÓN S.A. DE SEGUROS Y REASEGUROS,Other,13.0,4.0,32.0,250 to 499,High (10-20%)
BLACKROCK INVESTMENT MANAGEMENT (UK) LIMITED,Finance,13.0,18.0,32.0,1000 to 4999,High (10-20%)
PICTET ASSET MANAGEMENT LIMITED,Finance,13.0,20.0,26.0,250 to 499,High (10-20%)
BRIGHTON COLLEGE,Education,13.0,13.6,45.2,500 to 999,High (10-20%)
SCOUT ASSOCIATION(THE),Other,13.0,14.95,51.26,250 to 499,High (10-20%)
VISION FOR EDUCATION LIMITED,Employment Agencies,13.0,24.3,66.0,1000 to 4999,High (10-20%)
ORIEL COLLEGE OXFORD,Other,13.0,22.1,35.1,250 to 499,High (10-20%)
OVO ENERGY LTD,Retail,13.0,12.5,37.0,1000 to 4999,High (10-20%)
BOLTON SCHOOL,Education,13.0,25.4,62.0,500 to 999,High (10-20%)
TRACSIS PLC,Publishing,13.0,14.0,26.0,250 to 499,High (10-20%)
C N C SPEEDWELL LIMITED,Fabricated Metals,13.0,1.0,18.0,250 to 499,High (10-20%)
FUTURE ELECTRONICS LIMITED,Wholesale,13.0,25.0,32.0,250 to 499,High (10-20%)
FINOVA SOFTWARE LTD,IT Services,13.0,15.0,16.0,250 to 499,High (10-20%)
TRADEWIND RECRUITMENT LTD,Employment Agencies,13.0,20.0,65.0,1000 to 4999,High (10-20%)
EQUIFAX LIMITED,Business Support,13.0,9.3,33.9,250 to 499,High (10-20%)
WHS PLASTICS LIMITED,Rubber/Plastics,13.0,7.0,10.0,250 to 499,High (10-20%)
AUTO WINDSCREENS SERVICES LIMITED,Motor Trade,13.0,14.0,12.5,500 to 999,High (10-20%)
ST BENEDICT CATHOLIC ACADEMY TRUST,Other,13.0,15.0,59.0,250 to 499,High (10-20%)
ICE DATA SERVICES EUROPE LIMITED,Information Services,13.0,10.0,22.0,250 to 499,High (10-20%)
STREAMLAND MEDIA UK LIMITED,Film/TV,13.0,16.0,26.0,250 to 499,High (10-20%)
SIEMENS PLC,Electronics,13.0,21.0,24.2,1000 to 4999,High (10-20%)
Northamptonshire Healthcare Nhs Foundation Trust,Other,13.0,5.0,77.0,"5000 to 19,999",High (10-20%)
DWF LAW LLP,Other,13.0,21.87,55.8,1000 to 4999,High (10-20%)
HYMANS ROBERTSON LLP,Other,13.0,15.4,44.1,1000 to 4999,High (10-20%)
HIPPO VEHICLE SOLUTIONS LIMITED,Motor Trade,13.0,4.0,14.0,250 to 499,High (10-20%)
EY GLOBAL SERVICES LIMITED,Legal,13.0,14.9,39.4,250 to 499,High (10-20%)
RHEINMETALL BAE SYSTEMS LAND LIMITED,Motor Vehicles,13.0,8.0,20.0,500 to 999,High (10-20%)
DEXTRA SERVICES LIMITED,Electrical Equipment,13.0,11.0,25.0,250 to 499,High (10-20%)
CEVA AIR & OCEAN UK LIMITED,Warehousing,13.0,-2.0,43.5,250 to 499,High (10-20%)
STARCOM WORLDWIDE LIMITED,Advertising,13.0,9.7,49.6,500 to 999,High (10-20%)
YOUGOV PLC,Advertising,13.0,8.0,47.0,250 to 499,High (10-20%)
IVANTI UK LIMITED,Business Support,13.0,5.0,30.0,250 to 499,High (10-20%)
TECHTRONIC INDUSTRIES (UK) LTD,Wholesale,13.0,13.2,16.5,250 to 499,High (10-20%)
JAMES JOHNSTON & CO. OF ELGIN LIMITED,Textiles,13.0,10.3,41.2,1000 to 4999,High (10-20%)
ASPIRATIONAL FUTURES MULTI-ACADEMY TRUST,Education,13.0,29.0,70.0,250 to 499,High (10-20%)
City of Wolverhampton College,Other,13.0,24.0,55.0,500 to 999,High (10-20%)
CATHEDRAL MOTOR COMPANY LIMITED,Motor Trade,13.0,6.6,18.5,250 to 499,High (10-20%)
RUBIX 1234 LIMITED,Finance,13.0,15.9,22.2,1000 to 4999,High (10-20%)
RUBIX U.K. LIMITED,Wholesale,13.0,15.9,22.2,1000 to 4999,High (10-20%)
NTW SOLUTIONS LIMITED,Facilities,13.0,4.0,47.0,500 to 999,High (10-20%)
ALLERGY THERAPEUTICS PLC,Pharmaceuticals,13.0,12.0,37.0,250 to 499,High (10-20%)
JTL,Education,12.9905,20.7316,19.3548,250 to 499,High (10-20%)
KLAVIYO LTD,Wholesale,12.97,12.42,37.0,250 to 499,High (10-20%)
GP STRATEGIES LIMITED,Education,12.96,11.87,43.1,250 to 499,High (10-20%)
RUSSELL EDUCATION TRUST,Education,12.96,20.26,63.2,500 to 999,High (10-20%)
ADIDAS (U.K.) LIMITED,Wholesale,12.95,-0.84,47.59,1000 to 4999,High (10-20%)
OLIVER BONAS LIMITED,Retail,12.95,6.16,81.03,1000 to 4999,High (10-20%)
Havant & South Downs College,Other,12.94,25.7,58.0,500 to 999,High (10-20%)
PETERSON (UNITED KINGDOM) LIMITED,Warehousing,12.94,11.16,35.3,250 to 499,High (10-20%)
BARNETT WADDINGHAM ACTUARIES AND CONSULTANTS LIMITED,Insurance,12.93,9.71,37.6,1000 to 4999,High (10-20%)
THE PERFUME SHOP LIMITED,Retail,12.93,1.07,76.44,1000 to 4999,High (10-20%)
BÜHLER UK LIMITED,Machinery,12.93,15.9,12.7,250 to 499,High (10-20%)
WARWICK INDEPENDENT SCHOOLS FOUNDATION,Hotels,12.92,25.02,66.13,1000 to 4999,High (10-20%)
Education Learning Trust,Other,12.92,26.14,80.0,500 to 999,High (10-20%)
UBICO LIMITED,Waste Management,12.91,3.36,13.45,500 to 999,High (10-20%)
VOW EUROPE LIMITED,Wholesale,12.91,6.92,33.46,250 to 499,High (10-20%)
SCOTBEEF LIMITED,Food Manufacturing,12.91,5.21,14.8,250 to 499,High (10-20%)
FRANCIS CLARK LLP,Other,12.9,14.1,41.0,500 to 999,High (10-20%)
VITAL HUMAN RESOURCES LIMITED,Employment Agencies,12.9,9.5,9.4,500 to 999,High (10-20%)
MONEY ADVICE TRUST,Finance,12.9,3.0,35.6,250 to 499,High (10-20%)
Wealden District Council,Other,12.9,10.6,46.8,250 to 499,High (10-20%)
VICTIM SUPPORT,Social Work,12.9,3.5,78.0,1000 to 4999,High (10-20%)
THE UNIVERSITIES AND COLLEGES ADMISSIONS SERVICE,Education,12.9,20.9,42.0,500 to 999,High (10-20%)
PARAGON CUSTOMER COMMUNICATIONS (LONDON) LIMITED,Personal Services,12.9,18.0,30.0,1000 to 4999,High (10-20%)
Bangor University,Other,12.9,4.8,51.0,1000 to 4999,High (10-20%)
THE&PARTNERS LONDON LIMITED,Advertising,12.9,10.0,37.5,250 to 499,High (10-20%)
HY-TEN GROUP LIMITED,Fabricated Metals,12.9,9.0,7.9,250 to 499,High (10-20%)
THE JAMES HUTTON INSTITUTE,Research,12.9,8.7,38.0,500 to 999,High (10-20%)
NUMATIC INTERNATIONAL LIMITED,Electrical Equipment,12.9,6.6,21.5,1000 to 4999,High (10-20%)
YMCA DULVERTON GROUP,Hotels,12.9,0.7,67.0,Less than 250,High (10-20%)
COGNITA SCHOOLS LIMITED,Education,12.9,11.4,70.0,1000 to 4999,High (10-20%)
GENERAL ALL PURPOSE PLASTICS LIMITED,Rubber/Plastics,12.9,2.8,5.1,500 to 999,High (10-20%)
DUNELM (SOFT FURNISHINGS) LTD,Other Manufacturing,12.9,2.1,54.4,"5000 to 19,999",High (10-20%)
S H PRATT GROUP LIMITED,Food Manufacturing,12.9,12.3,24.9,250 to 499,High (10-20%)
I4 PAY PARTNERS LIMITED,Management Consulting,12.9,5.5,64.6,1000 to 4999,High (10-20%)
Northern Trains Limited,Other,12.9,24.7,11.0,"5000 to 19,999",High (10-20%)
GXO LOGISTICS DRINKS LIMITED,Warehousing,12.9,21.2,5.1,1000 to 4999,High (10-20%)
SPECSAVERS FULFILMENT SERVICES UK LIMITED,Retail,12.9,8.5,37.0,1000 to 4999,High (10-20%)
DNV SERVICES UK LIMITED,Professional Services,12.9,14.1,22.0,500 to 999,High (10-20%)
REASSURED LIMITED,Insurance,12.9,15.0,26.8,500 to 999,High (10-20%)
UNIVERSITY OF BRADFORD(THE),Other,12.9,20.0,52.5,1000 to 4999,High (10-20%)
HERON FOODS LIMITED,Retail,12.9,4.7,46.9,"5000 to 19,999",High (10-20%)
North Kent College,Other,12.89,20.4,54.88,500 to 999,High (10-20%)
RIVERSIDE TRUCK RENTAL LIMITED,Leasing,12.89,28.79,18.33,Less than 250,High (10-20%)
North Warwickshire & South Leicestershire College,Other,12.88,15.33,58.0,500 to 999,High (10-20%)
ERIKS INDUSTRIAL SERVICES LIMITED,Other Manufacturing,12.86,18.22,15.85,1000 to 4999,High (10-20%)
"ST MARY'S UNIVERSITY, TWICKENHAM",Education,12.85,13.32,52.0,1000 to 4999,High (10-20%)
Koinonia Federation,Other,12.83,41.6,63.5,250 to 499,High (10-20%)
CITY RESPONSE LIMITED,Specialist Construction,12.83,27.63,11.0,500 to 999,High (10-20%)
FLUIDPOWER GROUP UK LIMITED,Wholesale,12.81,14.14,12.22,250 to 499,High (10-20%)
Barton Peveril College,Other,12.81,26.63,50.0,250 to 499,High (10-20%)
PROCODE TECHNOLOGY LIMITED,IT Services,12.81,15.13,11.0,250 to 499,High (10-20%)
ERNST & YOUNG LLP,Other,12.8,8.7,41.0,"5000 to 19,999",High (10-20%)
BRAVISSIMO LIMITED,Retail,12.8,-0.4,89.0,500 to 999,High (10-20%)
SEDA UK LIMITED,Paper,12.8,11.4,13.0,250 to 499,High (10-20%)
"E.H.BOOTH & CO.,LIMITED",Retail,12.8,1.8,43.6,1000 to 4999,High (10-20%)
DEE SET LOGISTICS LIMITED,Business Support,12.8,4.6,62.0,1000 to 4999,High (10-20%)
COSTA LIMITED,Food Manufacturing,12.8,4.0,60.7,"5000 to 19,999",High (10-20%)
UCL,Other,12.8,6.8,43.0,"5000 to 19,999",High (10-20%)
PROCTER & GAMBLE TECHNICAL CENTRES LIMITED,Professional Services,12.8,8.4,46.4,1000 to 4999,High (10-20%)
STV TELEVISION LIMITED,Finance,12.8,7.1,48.0,500 to 999,High (10-20%)
SALVATION ARMY TRADING COMPANY LIMITED,Wholesale,12.8,5.9,45.9,1000 to 4999,High (10-20%)
THE PAROGON PUB COMPANY LIMITED,Food & Beverage,12.8,1.9,26.1,500 to 999,High (10-20%)
MERTON COLLEGE OXFORD,Other,12.8,10.4,48.1,250 to 499,High (10-20%)
General Dental Council,Public Admin,12.8,15.0,50.5,250 to 499,High (10-20%)
Newbury College,Other,12.8,23.6,50.6,250 to 499,High (10-20%)
ALMAC PHARMA SERVICES LIMITED,Pharmaceuticals,12.8,9.7,29.2,250 to 499,High (10-20%)
CELLTECH R&D LIMITED,Research,12.8,16.2,51.0,500 to 999,High (10-20%)
OFJ TOPCO LTD,Management Consulting,12.77,1.46,55.98,500 to 999,High (10-20%)
SAFRAN LANDING SYSTEMS UK LTD,Other Transport,12.77,12.78,8.44,500 to 999,High (10-20%)
HCL TECHNOLOGIES UK LIMITED,Management Consulting,12.76,10.94,12.0,1000 to 4999,High (10-20%)
NHS Greater Manchester Integrated Care Board,Other,12.75,8.11,60.88,1000 to 4999,High (10-20%)
Trinity House,Other,12.75,12.78,18.67,250 to 499,High (10-20%)
SEARCY TANSLEY AND COMPANY LIMITED,Food & Beverage,12.73,8.52,42.07,1000 to 4999,High (10-20%)
GENERAL MILLS UK LIMITED,Wholesale,12.73,6.0,44.93,250 to 499,High (10-20%)
Loughborough College,Other,12.72,18.18,46.0,1000 to 4999,High (10-20%)
PREMIER FARNELL UK LIMITED,Wholesale,12.71,4.1,27.51,500 to 999,High (10-20%)
Cheshire & Wirral Partnership N H S Foundation Trust,Other,12.71,2.71,76.13,1000 to 4999,High (10-20%)
CAMBRIDGE OCR,Education,12.7,12.9,49.5,250 to 499,High (10-20%)
CEREFORM LIMITED,Food Manufacturing,12.7,2.7,22.9,250 to 499,High (10-20%)
STAMFORD ENDOWED SCHOOLS TRUSTEE LIMITED,Education,12.7,15.6,53.5,500 to 999,High (10-20%)
Stratford-On-Avon District Council,Other,12.7,15.2,48.7,250 to 499,High (10-20%)
WM MORRISON PRODUCE LIMITED,Food Manufacturing,12.7,6.9,25.9,1000 to 4999,High (10-20%)
DENNIS EAGLE LIMITED,Motor Vehicles,12.7,10.8,11.2,1000 to 4999,High (10-20%)
CISCO INTERNATIONAL LIMITED,IT Services,12.7,15.1,22.0,1000 to 4999,High (10-20%)
BURGES SALMON LLP,Other,12.7,32.5,57.89,1000 to 4999,High (10-20%)
UKTV MEDIA LIMITED,Broadcasting,12.7,17.6,49.4,250 to 499,High (10-20%)
ENACT CONVEYANCING LIMITED,Professional Services,12.7,4.7,54.0,250 to 499,High (10-20%)
KRESTON REEVES LLP,Other,12.7,16.2,48.8,500 to 999,High (10-20%)
THE COACHING INN GROUP LTD,Sports/Recreation,12.7,6.1,33.6,1000 to 4999,High (10-20%)
Teesside University,Other,12.7,15.7,48.0,1000 to 4999,High (10-20%)
LLOYDS BANK CORPORATE MARKETS PLC,Finance,12.7,2.1,60.4,250 to 499,High (10-20%)
THE HEALTH FOUNDATION,Healthcare,12.7,10.9,58.0,250 to 499,High (10-20%)
STEELITE INTERNATIONAL LIMITED,Non-Metallic Minerals,12.7,16.4,30.9,500 to 999,High (10-20%)
TIMEPLAN EDUCATION GROUP LIMITED,Employment Agencies,12.7,10.5,69.0,250 to 499,High (10-20%)
HALL HUNTER PARTNERSHIP (FARMING),Other,12.69,4.3,21.1,500 to 999,High (10-20%)
NEWLAW LEGAL LIMITED,Legal,12.68,13.75,60.29,250 to 499,High (10-20%)
Liverpool John Moores University,Other,12.68,17.78,42.0,1000 to 4999,High (10-20%)
GREAT HEIGHTS ACADEMY TRUST,Education,12.68,31.45,77.4,500 to 999,High (10-20%)
SMARTWORK.COM LTD,Business Support,12.67,15.8,16.33,500 to 999,High (10-20%)
TOTALLY LOCAL COMPANY LIMITED,Waste Management,12.66,7.68,40.0,500 to 999,High (10-20%)
FORD RETAIL LIMITED,Motor Trade,12.64,10.22,15.83,1000 to 4999,High (10-20%)
AEROMET INTERNATIONAL LIMITED,Basic Metals,12.64,8.58,6.85,250 to 499,High (10-20%)
A  PEARSON HOLDINGS LIMITED,Management Consulting,12.64,5.0,35.0,250 to 499,High (10-20%)
ACCENT HOUSING LIMITED,Other,12.64,8.1,56.2,250 to 499,High (10-20%)
M GROUP WATER (NETWORK INFRASTRUCTURE) LIMITED,Other,12.63,12.24,18.67,1000 to 4999,High (10-20%)
AWAY RESORTS LIMITED,Hotels,12.63,3.37,44.0,1000 to 4999,High (10-20%)
THE CLANCY GROUP LTD,Finance,12.62,17.3,12.52,1000 to 4999,High (10-20%)
SCOTTISH HYDRO ELECTRIC TRANSMISSION PLC,Utilities,12.61,13.4,22.5,1000 to 4999,High (10-20%)
MBDA UK LIMITED,Other Manufacturing,12.6,11.0,17.0,"5000 to 19,999",High (10-20%)
SERVICEMASTER LIMITED,Management Consulting,12.6,0.0,63.8,500 to 999,High (10-20%)
TRIODOS BANK UK LIMITED,Finance,12.6,9.3,39.0,250 to 499,High (10-20%)
MACDONALD HOTELS LIMITED,Hotels,12.6,3.8,41.0,1000 to 4999,High (10-20%)
ANGLIAN WATER BUSINESS (NATIONAL) LIMITED,Water Supply,12.6,15.3,49.37,250 to 499,High (10-20%)
INTERPUB LIMITED,Hotels,12.6,1.92,40.0,250 to 499,High (10-20%)
HODGSON AUTOMOTIVE LIMITED,Motor Trade,12.6,10.8,19.1,500 to 999,High (10-20%)
A.C. GOATHAM AND SON LIMITED,Other,12.6,8.2,21.6,1000 to 4999,High (10-20%)
A J MOBILITY LIMITED,Business Support,12.6,8.0,30.7,250 to 499,High (10-20%)
WILLIAM HILL ORGANIZATION LIMITED,Gambling,12.6,2.6,38.5,"5000 to 19,999",High (10-20%)
UNITED KINGDOM ACCREDITATION SERVICE,Professional Services,12.6,9.7,50.0,250 to 499,High (10-20%)
INTEGRATED PACKING SERVICES LIMITED,Business Support,12.6,3.7,29.5,500 to 999,High (10-20%)
CAPQUEST DEBT RECOVERY LIMITED,Personal Services,12.6,1.5,38.0,500 to 999,High (10-20%)
Norwich University of the Arts,Other,12.6,6.4,40.0,250 to 499,High (10-20%)
AKER SOLUTIONS LIMITED,Machinery,12.6,18.2,23.1,250 to 499,High (10-20%)
WILLIAM LEE LIMITED,Basic Metals,12.6,0.9,4.2,250 to 499,High (10-20%)
CLS SERVICES LTD.,Business Support,12.6,15.2,21.7,250 to 499,High (10-20%)
Our Lady of Grace Catholic Academy Trust,Other,12.6,24.1,81.01,250 to 499,High (10-20%)
CMP PRODUCTS LIMITED,Electrical Equipment,12.6,14.2,8.7,250 to 499,High (10-20%)
VEOLIA WATER OUTSOURCING LIMITED,Water Supply,12.59,17.51,8.77,250 to 499,High (10-20%)
CENTRE FOR PROCESS INNOVATION LIMITED,Research,12.58,8.97,34.36,500 to 999,High (10-20%)
WELLBURN CARE HOMES LIMITED,Residential Care,12.57,0.87,78.48,500 to 999,High (10-20%)
FUCHS LUBRICANTS (UK) PLC,Petroleum,12.56,8.64,12.22,250 to 499,High (10-20%)
N & C BUILDING PRODUCTS LIMITED,Chemicals,12.55,2.42,7.55,250 to 499,High (10-20%)
W & J LINNEY LIMITED,Printing,12.54,10.31,32.0,1000 to 4999,High (10-20%)
MOOREPAY LIMITED,Information Services,12.54,4.2,30.4,250 to 499,High (10-20%)
BOURNEMOUTH INTERNATIONAL AIRPORT LIMITED,Warehousing,12.53,2.0,20.19,250 to 499,High (10-20%)
TSYS INTERNATIONAL MANAGEMENT LIMITED,Finance,12.53,16.44,22.86,250 to 499,High (10-20%)
MIELE COMPANY LIMITED,Wholesale,12.52,23.99,29.9,250 to 499,High (10-20%)
GAC SERVICES (UK) LTD,Warehousing,12.52,2.16,20.59,250 to 499,High (10-20%)
CITY FACILITIES MANAGEMENT LIMITED,Facilities,12.51,25.7,7.4,500 to 999,High (10-20%)
THE ASCENT ACADEMIES' TRUST,Education,12.51,14.17,78.0,500 to 999,High (10-20%)
BOSCH THERMOTECHNOLOGY LTD,Fabricated Metals,12.5,21.4,12.57,1000 to 4999,High (10-20%)
Woodbridge Trust,Other,12.5,1.6,91.5,250 to 499,High (10-20%)
LOOMIS UK LIMITED,Security,12.5,16.1,10.93,1000 to 4999,High (10-20%)
GEAR4MUSIC LIMITED,Retail,12.5,1.12,20.5,250 to 499,High (10-20%)
BEVAN BRITTAN LLP,Other,12.5,16.1,64.5,500 to 999,High (10-20%)
"THE KING'S SCHOOL, WORCESTER",Education,12.5,27.31,56.0,250 to 499,High (10-20%)
MILETA SPORTS LIMITED,Retail,12.5,1.3,54.2,Less than 250,High (10-20%)
COGNIZANT WORLDWIDE LIMITED,IT Services,12.5,9.2,14.0,"5000 to 19,999",High (10-20%)
HOSPISCARE,Healthcare,12.5,-19.4,88.0,250 to 499,High (10-20%)
UTOPIA LEISURE LIMITED,Hotels,12.5,7.6,33.33,250 to 499,High (10-20%)
University of Plymouth,Other,12.5,13.8,49.0,1000 to 4999,High (10-20%)
BAE SYSTEMS APPLIED INTELLIGENCE LIMITED,IT Services,12.5,17.0,13.9,1000 to 4999,High (10-20%)
FORAY MOTOR GROUP LIMITED,Motor Trade,12.5,11.3,19.0,250 to 499,High (10-20%)
KNOWLEDGE TRANSFER NETWORK LIMITED,Professional Services,12.5,11.1,39.0,250 to 499,High (10-20%)
UNIVERSITY OF KENT,Other,12.5,13.2,47.3,1000 to 4999,High (10-20%)
"QUALCOMM TECHNOLOGIES INTERNATIONAL, LTD.",Telecoms,12.5,14.7,15.3,500 to 999,High (10-20%)
INICIO EDUCATIONAL TRUST,Other,12.5,21.0,79.0,500 to 999,High (10-20%)
Tunbridge Wells Borough Council,Other,12.5,10.51,48.0,250 to 499,High (10-20%)
SRUC,Research,12.5,14.7,51.8,1000 to 4999,High (10-20%)
ELIS UK LIMITED,Leasing,12.5,6.7,20.2,1000 to 4999,High (10-20%)
VAX LIMITED,Wholesale,12.49,9.33,32.0,250 to 499,High (10-20%)
ANTALIS LIMITED,Management Consulting,12.49,4.14,25.0,500 to 999,High (10-20%)
MELITTA UK LTD.,Other Manufacturing,12.49,8.94,34.38,250 to 499,High (10-20%)
ROSLIN CELL THERAPIES LIMITED,Research,12.47,6.2,47.0,250 to 499,High (10-20%)
VERIAN GROUP UK LIMITED,Advertising,12.46,12.94,50.0,250 to 499,High (10-20%)
THE 3-18 EDUCATION TRUST,Education,12.45,29.74,71.4,500 to 999,High (10-20%)
Cheshire College - South and West,Other,12.45,25.53,43.0,500 to 999,High (10-20%)
CODI GROUP LIMITED,Other,12.44,8.28,58.26,1000 to 4999,High (10-20%)
FLOWSERVE GB LIMITED,Machinery,12.44,11.76,13.33,250 to 499,High (10-20%)
PREMIER MODULAR LIMITED,Other Manufacturing,12.44,5.48,17.05,250 to 499,High (10-20%)
NOBLE FOODS LIMITED,Food Manufacturing,12.43,4.01,31.5,500 to 999,High (10-20%)
BANCROFT'S SCHOOL,Education,12.43,14.72,48.44,250 to 499,High (10-20%)
BRUNEL UNIVERSITY LONDON,Other,12.41,14.67,43.4,1000 to 4999,High (10-20%)
HORDER HEALTHCARE,Healthcare,12.41,12.64,70.4,500 to 999,High (10-20%)
CHILDBASE PARTNERSHIP LIMITED,Education,12.41,0.0,94.29,1000 to 4999,High (10-20%)
BOEHRINGER INGELHEIM LIMITED,Pharmaceuticals,12.4,3.9,60.0,250 to 499,High (10-20%)
MDU SERVICES LIMITED,Financial Support,12.4,19.2,53.5,250 to 499,High (10-20%)
S.M. BAYNE & COMPANY LIMITED,Other,12.4,6.7,51.97,500 to 999,High (10-20%)
DELOITTE MCS LIMITED,Legal,12.4,12.2,32.8,"5000 to 19,999",High (10-20%)
PPG INDUSTRIES (UK) LIMITED,Chemicals,12.4,18.68,20.11,1000 to 4999,High (10-20%)
FARA ENTERPRISES LIMITED,Retail,12.4,3.1,78.7,Less than 250,High (10-20%)
RESILIENCE MULTI ACADEMY TRUST,Education,12.4,13.9,54.1,500 to 999,High (10-20%)
FLUIDONE LIMITED,Telecoms,12.4,2.56,18.0,250 to 499,High (10-20%)
Swansea University,Other,12.4,8.2,44.2,1000 to 4999,High (10-20%)
THE UNIVERSITY OF MANCHESTER,Other,12.4,10.8,44.7,"5000 to 19,999",High (10-20%)
HORIZON CARE AND EDUCATION GROUP LIMITED,Residential Care,12.4,0.8,64.5,1000 to 4999,High (10-20%)
MIDDLETON ST GEORGE HEALTHCARE LIMITED,Healthcare,12.4,-2.4,75.6,250 to 499,High (10-20%)
THEATRE ROYAL (NORWICH) TRUST LIMITED,Arts,12.38,11.43,47.0,250 to 499,High (10-20%)
AERO FABRICATIONS LIMITED,Fabricated Metals,12.38,13.25,4.0,250 to 499,High (10-20%)
THE BLUE SCHOOL,Education,12.38,23.9,63.79,Less than 250,High (10-20%)
PORTMEIRION GROUP UK LIMITED,Non-Metallic Minerals,12.37,-2.5,52.04,250 to 499,High (10-20%)
CORONA ENERGY RETAIL 1 LIMITED,Utilities,12.37,6.48,38.1,250 to 499,High (10-20%)
LYDIATE LEARNING TRUST,Education,12.36,35.24,72.66,500 to 999,High (10-20%)
DIAMOND BUS LIMITED,Land Transport,12.35,0.0,6.08,500 to 999,High (10-20%)
OPEN G I LIMITED,IT Services,12.35,14.49,26.88,250 to 499,High (10-20%)
FATHER HUDSON'S CARITAS,Residential Care,12.34,3.22,79.52,250 to 499,High (10-20%)
SPECSAVERS OPTICAL SUPERSTORES LIMITED,Construction,12.3,18.6,38.0,1000 to 4999,High (10-20%)
DINE CONTRACT CATERING LIMITED,Food & Beverage,12.3,10.0,43.2,500 to 999,High (10-20%)
OMD EMEA LIMITED,Advertising,12.3,12.4,45.6,500 to 999,High (10-20%)
NATIONAL EXPRESS LIMITED,Land Transport,12.3,17.92,54.0,500 to 999,High (10-20%)
EVANS CYCLES LIMITED,Retail,12.3,8.6,8.0,250 to 499,High (10-20%)
LOLA'S CUPCAKES LIMITED,Food Manufacturing,12.3,4.0,40.2,250 to 499,High (10-20%)
CWC (UK HOLDINGS) LIMITED,Motor Trade,12.3,2.5,17.22,500 to 999,High (10-20%)
ST EDMUND HALL OXFORD,Other,12.3,14.1,36.8,250 to 499,High (10-20%)
HANSON QUARRY PRODUCTS EUROPE LIMITED,Facilities,12.3,-2.9,26.8,1000 to 4999,High (10-20%)
CULTECH LTD,Other Manufacturing,12.3,6.6,23.0,250 to 499,High (10-20%)
DIODES ZETEX SEMICONDUCTORS LIMITED,Electronics,12.3,10.7,13.3,250 to 499,High (10-20%)
AVIC CABIN SYSTEMS (UK) LIMITED,Other Transport,12.3,10.4,12.5,250 to 499,High (10-20%)
SP TRANSMISSION PLC,Utilities,12.3,10.68,14.0,500 to 999,High (10-20%)
AIRBUS DEFENCE AND SPACE LIMITED,Other Transport,12.3,13.8,15.6,1000 to 4999,High (10-20%)
NET ACADEMIES TRUST,Education,12.2946,45.6056,85.3,250 to 499,High (10-20%)
ROYAL INSTITUTE OF BRITISH ARCHITECTS,Other,12.29,11.22,49.33,250 to 499,High (10-20%)
GREATER MANCHESTER ACADEMIES TRUST,Education,12.29,17.23,64.29,250 to 499,High (10-20%)
SWANTON CARE & COMMUNITY LIMITED,Healthcare,12.28,8.62,59.0,1000 to 4999,High (10-20%)
FRIDGE SPARES WHOLESALE LTD,Wholesale,12.27,4.04,16.7,250 to 499,High (10-20%)
Essex Partnership University NHS Foundation Trust,Other,12.26,2.29,71.84,"5000 to 19,999",High (10-20%)
TELEDYNE UK LIMITED,Electronics,12.26,13.23,18.21,1000 to 4999,High (10-20%)
TWYNHAM LEARNING,Education,12.24,18.19,66.5,500 to 999,High (10-20%)
IDEXX LABORATORIES LIMITED,Veterinary,12.24,13.28,57.6,250 to 499,High (10-20%)
COOMBE ABBEY PARK LIMITED,Hotels,12.23,-2.6,42.31,250 to 499,High (10-20%)
St George's University Hospitals NHS Foundation Trust,Other,12.2218,9.0866,59.88,"5000 to 19,999",High (10-20%)
NSAH (ALLIANCE HOMES) LIMITED,Other,12.22,11.91,45.1,250 to 499,High (10-20%)
DX NETWORK SERVICES LIMITED,Postal,12.21,8.74,22.57,"5000 to 19,999",High (10-20%)
ZIP WORLD LIMITED,Sports/Recreation,12.2,13.5,50.0,500 to 999,High (10-20%)
The College of the Holy and Undivided Trinity in the University of Oxford,Education,12.2,22.4,42.0,250 to 499,High (10-20%)
SPIRE AUTOMOTIVE LIMITED,Motor Trade,12.2,9.2,20.7,500 to 999,High (10-20%)
Harlow District Council,Other,12.2,9.98,48.98,250 to 499,High (10-20%)
"OLDRID & CO.,LIMITED",Retail,12.2,3.0,48.8,250 to 499,High (10-20%)
THE CARBON TRUST,Professional Services,12.2,7.4,42.0,250 to 499,High (10-20%)
THE BATH PRIORY LIMITED,Hotels,12.2,5.0,30.0,250 to 499,High (10-20%)
ALPLA UK LIMITED,Rubber/Plastics,12.2,17.3,10.6,500 to 999,High (10-20%)
Leathersellers' Federation of Schools,Other,12.2,23.7,67.0,250 to 499,High (10-20%)
NOMINET UK,Information Services,12.2,17.9,25.0,Less than 250,High (10-20%)
RNN Group,Other,12.2,15.8,55.7,500 to 999,High (10-20%)
FERNLEY (HEATHROW) LIMITED,Facilities,12.2,4.7,34.5,250 to 499,High (10-20%)
North Hertfordshire District Council,Other,12.2,8.0,53.1,250 to 499,High (10-20%)
ANCASTER GROUP LIMITED,Motor Trade,12.2,3.6,9.38,250 to 499,High (10-20%)
STONYHURST,Education,12.2,6.8,53.4,250 to 499,High (10-20%)
THE HARRODIAN SCHOOL LIMITED,Education,12.2,13.1,47.6,250 to 499,High (10-20%)
WADWORTH AND COMPANY LIMITED,Other,12.2,0.0,39.1,500 to 999,High (10-20%)
FRESH PROPERTY GROUP LTD,Hotels,12.2,11.6,62.0,250 to 499,High (10-20%)
CYGNET HEALTH CARE LIMITED,Healthcare,12.2,-4.6,57.1,1000 to 4999,High (10-20%)
FUNERAL PARTNERS LIMITED,Personal Services,12.2,2.4,39.5,1000 to 4999,High (10-20%)
MONDAY.COM UK 2020 LTD.,IT Services,12.2,8.0,32.4,250 to 499,High (10-20%)
FLEET FACTORS LIMITED,Motor Trade,12.2,8.7,20.4,250 to 499,High (10-20%)
SMC PREMIER GROUP LIMITED,Facilities,12.2,0.8,64.8,250 to 499,High (10-20%)
UNIPART RAIL LIMITED,Land Transport,12.19,10.79,20.0,500 to 999,High (10-20%)
NETAPP UK LTD,Wholesale,12.19,21.36,21.54,250 to 499,High (10-20%)
DRAX POWER LIMITED,Utilities,12.19,14.86,26.69,1000 to 4999,High (10-20%)
National Institute For Health And Care Excellence,Other,12.18,10.42,56.37,500 to 999,High (10-20%)
The Whitgift Foundation,Education,12.18,23.51,45.0,500 to 999,High (10-20%)
G & A BARNIE GROUP LIMITED,Specialist Construction,12.18,26.39,3.0,250 to 499,High (10-20%)
ROUTES HEALTHCARE (NORTH) LIMITED,Employment Agencies,12.17,-0.31,79.05,1000 to 4999,High (10-20%)
MIDLAND HEART LIMITED,Other,12.16,3.57,45.0,1000 to 4999,High (10-20%)
MEDECINS SANS FRONTIERES (UK),Healthcare,12.16,19.9,58.0,250 to 499,High (10-20%)
VERTU FOURTH INVESTMENTS LIMITED,Motor Trade,12.16,11.11,15.15,1000 to 4999,High (10-20%)
Kent Police,Other,12.15,25.02,31.36,"5000 to 19,999",High (10-20%)
Bournemouth University,Other,12.15,10.84,48.0,1000 to 4999,High (10-20%)
FORBES SOLICITORS LLP,Other,12.15,12.04,64.6,250 to 499,High (10-20%)
Bridgewater Community Healthcare NHS Foundation Trust,Other,12.15,2.28,85.2,1000 to 4999,High (10-20%)
CORRECT CONTRACT SERVICES LIMITED,Specialist Construction,12.14,20.0,23.61,250 to 499,High (10-20%)
KING LIFTING LIMITED,Leasing,12.13,2.56,14.93,250 to 499,High (10-20%)
GREENSQUAREACCORD LIMITED,Other,12.12,16.15,42.0,1000 to 4999,High (10-20%)
UNITY MAT,Education,12.12,6.8,86.2,250 to 499,High (10-20%)
VIVIENNE WESTWOOD LIMITED,Retail,12.12,5.41,57.0,250 to 499,High (10-20%)
DANIEL J. EDELMAN LIMITED,Professional Services,12.11,18.3,58.16,500 to 999,High (10-20%)
Prospere Learning Trust,Other,12.1,20.2,70.0,1000 to 4999,High (10-20%)
LIFE MULTI-ACADEMY TRUST,Education,12.1,14.9,70.0,1000 to 4999,High (10-20%)
ROWSE HONEY LIMITED,Food Manufacturing,12.1,1.4,32.9,250 to 499,High (10-20%)
"CREDIT SUISSE SERVICES AG, LONDON BRANCH",Other,12.1,13.0,21.5,500 to 999,High (10-20%)
ELECTRICITY NORTH WEST LIMITED,Utilities,12.1,10.2,16.0,1000 to 4999,High (10-20%)
YOUR HEALTHCARE COMMUNITY INTEREST COMPANY,Healthcare,12.1,6.3,79.8,250 to 499,High (10-20%)
WORKMAN LLP,Other,12.1,13.3,44.5,500 to 999,High (10-20%)
CENTREBUS LIMITED,Land Transport,12.1,6.5,1.2,250 to 499,High (10-20%)
EYGS LLP,Other,12.1,7.0,50.4,250 to 499,High (10-20%)
MEDPACE UK LIMITED,Personal Services,12.1,0.0,65.0,250 to 499,High (10-20%)
IDEMIA UK LIMITED,Other Manufacturing,12.1,15.2,33.3,250 to 499,High (10-20%)
KBS MARITIME LIMITED,Facilities,12.1,15.9,9.0,250 to 499,High (10-20%)
PANTHEON VENTURES (UK) LLP,Other,12.1,14.8,33.0,250 to 499,High (10-20%)
NHS Business Services Authority,Other,12.1,8.9,49.0,1000 to 4999,High (10-20%)
YASA AUTOMOTIVE LIMITED,Other,12.1,17.7,11.4,250 to 499,High (10-20%)
DANIEL THWAITES PUBLIC LIMITED COMPANY,Other,12.1,3.9,42.4,1000 to 4999,High (10-20%)
WATERAID,Social Work,12.1,11.7,58.0,250 to 499,High (10-20%)
RUNTIME COLLECTIVE LIMITED,IT Services,12.1,6.9,29.3,Less than 250,High (10-20%)
Nottingham Trent University,Other,12.1,11.2,48.0,1000 to 4999,High (10-20%)
TRAGO MILLS LIMITED,Retail,12.1,0.3,31.6,250 to 499,High (10-20%)
Cornwall College,Other,12.07,13.68,47.0,1000 to 4999,High (10-20%)
CARE SOUTH,Residential Care,12.07,-0.84,73.2,1000 to 4999,High (10-20%)
PRECI-SPARK LIMITED,Other Transport,12.05,9.98,4.88,250 to 499,High (10-20%)
LEVI STRAUSS (U.K.) LIMITED,Business Support,12.05,6.79,60.47,1000 to 4999,High (10-20%)
TUI TRAVEL GROUP SOLUTIONS LIMITED,IT Services,12.05,13.89,17.02,250 to 499,High (10-20%)
ENTAIN MARKETING (UK) LIMITED,Business Support,12.04,15.85,35.0,Less than 250,High (10-20%)
ATOS IT SERVICES UK LIMITED,Electronics,12.04,17.88,24.48,1000 to 4999,High (10-20%)
UNIVERSITY OF ESSEX,Other,12.01,8.89,43.19,1000 to 4999,High (10-20%)
University for the Creative Arts,Other,12.01,18.02,44.0,1000 to 4999,High (10-20%)
LIME PICTURES LIMITED,Film/TV,12.0,3.0,45.0,250 to 499,High (10-20%)
L.D.C. TRUST MANAGEMENT LIMITED,Business Support,12.0,14.0,50.0,250 to 499,High (10-20%)
CGC EVENTS LIMITED,Food & Beverage,12.0,-0.4,36.0,1000 to 4999,High (10-20%)
INEOS CHEMICALS GRANGEMOUTH LIMITED,Chemicals,12.0,11.0,15.0,500 to 999,High (10-20%)
LANE CLARK & PEACOCK LLP,Other,12.0,17.0,43.0,1000 to 4999,High (10-20%)
LANDS' END EUROPE LIMITED,Retail,12.0,5.3,53.0,Less than 250,High (10-20%)
SELLICK PARTNERSHIP LIMITED,Business Support,12.0,0.0,64.0,250 to 499,High (10-20%)
M THREE CORPORATE CONSULTING LIMITED,Business Support,12.0,3.5,31.7,250 to 499,High (10-20%)
ENTSERV UK LIMITED,IT Services,12.0,6.0,25.0,1000 to 4999,High (10-20%)
M.G.F. (TRENCH CONSTRUCTION SYSTEMS) LIMITED,Leasing,12.0,3.0,11.0,250 to 499,High (10-20%)
HAYS SPECIALIST RECRUITMENT LIMITED,Employment Agencies,12.0,1.2,45.1,"5000 to 19,999",High (10-20%)
LUFTHANSA TECHNIK LANDING GEAR SERVICES UK LIMITED,Other,12.0,16.0,12.0,250 to 499,High (10-20%)
ADURA ENERGY LIMITED,Telecoms,12.0,11.0,21.0,250 to 499,High (10-20%)
MRSG UK SERVICES LIMITED,Financial Support,12.0,15.0,33.3,500 to 999,High (10-20%)
EGGER (UK) LIMITED,Wood Products,12.0,4.4,12.5,500 to 999,High (10-20%)
INFORMA UK LIMITED,Publishing,12.0,17.6,54.4,1000 to 4999,High (10-20%)
RSK ADAS LIMITED,Professional Services,12.0,13.2,33.7,250 to 499,High (10-20%)
OMEGA PLC,Other,12.0,2.0,23.0,250 to 499,High (10-20%)
The Alliance Multi Academy Trust,Other,12.0,3.0,94.0,250 to 499,High (10-20%)
ZURICH UK GENERAL SERVICES LIMITED,Business Support,12.0,10.4,37.5,1000 to 4999,High (10-20%)
L3HARRIS TRL TECHNOLOGY LIMITED,Electrical Equipment,12.0,21.7,12.0,250 to 499,High (10-20%)
DOLE LIMITED,Wholesale,12.0,4.0,18.0,500 to 999,High (10-20%)
TURNER & TOWNSEND COST MANAGEMENT LIMITED,Business Support,12.0,11.5,17.4,500 to 999,High (10-20%)
THE ROYAL HORTICULTURAL SOCIETY,Other,12.0,3.2,54.6,1000 to 4999,High (10-20%)
DOMINO UK LIMITED,Electrical Equipment,12.0,15.1,22.0,500 to 999,High (10-20%)
SOUTHFIELDS MULTI ACADEMY TRUST,Education,12.0,31.0,69.0,250 to 499,High (10-20%)
REDBRIDGE PRODUCE & FLOWERS LIMITED,Wholesale,12.0,4.0,22.0,250 to 499,High (10-20%)
LEE HECHT HARRISON PENNA LIMITED,Management Consulting,12.0,12.1,48.9,250 to 499,High (10-20%)
S.W.I.F.T. UK AND IRELAND LIMITED,IT Services,12.0,6.0,33.85,250 to 499,High (10-20%)
PEOPLE UMBRELLA LIMITED,Legal,12.0,10.3,65.4,1000 to 4999,High (10-20%)
Runshaw College,Other,12.0,27.0,63.0,500 to 999,High (10-20%)
HANA GROUP UK LIMITED,Food & Beverage,12.0,2.0,71.0,500 to 999,High (10-20%)
TRAINLINE.COM LIMITED,IT Services,12.0,14.0,36.0,500 to 999,High (10-20%)
CARWOOD MOTOR UNITS LIMITED,Motor Vehicles,12.0,0.0,10.0,250 to 499,High (10-20%)
PREMIER MARINAS LIMITED,Specialist Construction,12.0,4.0,17.0,250 to 499,High (10-20%)
HEATHCOAT FABRICS LIMITED,Textiles,12.0,6.0,17.3,250 to 499,High (10-20%)
GAMES WORKSHOP LIMITED,Other Manufacturing,12.0,3.3,18.0,1000 to 4999,High (10-20%)
AXA GLOBAL HEALTHCARE (UK) LIMITED,Insurance,12.0,7.0,56.0,250 to 499,High (10-20%)
AVH PARKS LIMITED,Water Supply,12.0,6.4,40.5,250 to 499,High (10-20%)
INTERMARKETING AGENCY LIMITED,Advertising,12.0,14.6,46.2,250 to 499,High (10-20%)
IG INDEX LIMITED,Finance,12.0,15.4,26.0,250 to 499,High (10-20%)
THE DIOCESE OF WESTMINSTER ACADEMY TRUST,Education,12.0,24.0,73.0,1000 to 4999,High (10-20%)
ESG GLOBAL (ENERGY) LTD,IT Services,12.0,12.6,23.4,250 to 499,High (10-20%)
CLYDE & CO CLAIMS LLP,Other,12.0,22.1,60.0,500 to 999,High (10-20%)
BRISTOL GRAMMAR SCHOOL,Education,12.0,30.0,49.0,250 to 499,High (10-20%)
BIG MAMMA HOLDINGS LTD,Food & Beverage,12.0,10.0,28.0,500 to 999,High (10-20%)
NOTTINGHAM COMMUNITY HOUSING ASSOCIATION 2014 LIMITED,Other,12.0,12.7,52.5,1000 to 4999,High (10-20%)
LOW CARBON CONTRACTS COMPANY LTD,Professional Services,12.0,9.6,34.0,250 to 499,High (10-20%)
WATERGATE BAY HOTEL LIMITED,Hotels,12.0,4.0,62.0,250 to 499,High (10-20%)
COMPASS CE LTD,Business Support,12.0,10.0,42.0,1000 to 4999,High (10-20%)
CAMERONS BREWERY LIMITED,Other,12.0,2.4,19.2,500 to 999,High (10-20%)
BIONIC SERVICES LIMITED,Business Support,12.0,12.0,23.0,500 to 999,High (10-20%)
HALLIBURTON MANAGEMENT LIMITED,Business Support,12.0,11.0,11.0,1000 to 4999,High (10-20%)
HALLIBURTON ENERGY SERVICES LIMITED,Management Consulting,12.0,11.0,11.0,1000 to 4999,High (10-20%)
BLUETREE MEDICAL LIMITED,Printing,12.0,12.3,17.2,250 to 499,High (10-20%)
SOLUS (LONDON) LIMITED,Motor Trade,12.0,29.67,9.52,1000 to 4999,High (10-20%)
Northampton College,Other,12.0,11.0,45.0,500 to 999,High (10-20%)
MISSION FOODS UK LIMITED,Food Manufacturing,12.0,4.0,28.0,500 to 999,High (10-20%)
COLCHESTER ZOO ENTERPRISES LIMITED,Libraries,12.0,9.0,42.0,250 to 499,High (10-20%)
BRITISH HORSERACING AUTHORITY LIMITED,Sports/Recreation,12.0,9.0,39.0,250 to 499,High (10-20%)
King's College London,Other,12.0,8.9,47.0,"5000 to 19,999",High (10-20%)
KEOLIS AMEY DOCKLANDS 2025 LIMITED,Land Transport,12.0,4.3,13.4,500 to 999,High (10-20%)
MICHAEL DAVIES AND ASSOCIATES LIMITED,Warehousing,12.0,5.0,38.0,250 to 499,High (10-20%)
LIFETIME TRAINING GROUP LIMITED,Education,12.0,4.0,57.26,500 to 999,High (10-20%)
DHP FAMILY LTD,Food & Beverage,12.0,5.3,28.9,250 to 499,High (10-20%)
ITW LIMITED,Chemicals,12.0,20.4,21.0,1000 to 4999,High (10-20%)
BROADACRES HOUSING ASSOCIATION LIMITED,Other,11.99,21.29,32.0,250 to 499,High (10-20%)
DN Colleges Group,Other,11.97,8.43,43.32,1000 to 4999,High (10-20%)
ALAN HOWARD (STOCKPORT) LIMITED,Wholesale,11.97,5.7,60.6,250 to 499,High (10-20%)
BRC LIMITED,Basic Metals,11.97,13.61,7.0,250 to 499,High (10-20%)
"FENWICK,LIMITED",Retail,11.97,2.44,56.4,1000 to 4999,High (10-20%)
DOUBLE ELEVEN LIMITED,IT Services,11.95,10.57,11.25,250 to 499,High (10-20%)
MARIE CURIE,Information Services,11.94,6.5,79.3,1000 to 4999,High (10-20%)
WHAT'S COOKING DEESIDE UK LTD,Food Manufacturing,11.94,42.0,33.04,250 to 499,High (10-20%)
Telford College,Other,11.93,23.3,57.0,250 to 499,High (10-20%)
SODEXO LIVE UK LIMITED,Professional Services,11.92,7.18,39.0,1000 to 4999,High (10-20%)
LIVEWELL SOUTHWEST CIC,Healthcare,11.92,2.26,79.03,1000 to 4999,High (10-20%)
CONSTRUCTION TESTING SOLUTIONS LIMITED,Professional Services,11.92,10.0,19.7,250 to 499,High (10-20%)
Gloucestershire Health & Care NHS Foundation Trust,Other,11.91,4.68,80.0,"5000 to 19,999",High (10-20%)
The Royal Marsden NHS Foundation Trust,Other,11.91,5.74,67.12,"5000 to 19,999",High (10-20%)
AMPLIUS LIVING,Other,11.9,12.53,52.0,1000 to 4999,High (10-20%)
RENTOKIL INITIAL 1927 PLC,Business Support,11.9,15.6,25.0,500 to 999,High (10-20%)
EQUANS REGENERATION LIMITED,Specialist Construction,11.9,10.0,18.3,1000 to 4999,High (10-20%)
LEEDS TRINITY UNIVERSITY,Education,11.9,13.3,52.2,500 to 999,High (10-20%)
THE LONDON METAL EXCHANGE,Financial Support,11.9,20.5,28.1,250 to 499,High (10-20%)
OFFICLEAN LIMITED,Facilities,11.9,3.6,81.7,250 to 499,High (10-20%)
THE ROSEDALE HEWENS ACADEMY TRUST,Education,11.9,50.4,70.7,250 to 499,High (10-20%)
NPOWER LIMITED,Finance,11.9,12.4,40.3,500 to 999,High (10-20%)
RWE GENERATION UK PLC,Utilities,11.9,9.2,15.7,500 to 999,High (10-20%)
OUR MEDIA LIMITED,Publishing,11.9,7.5,61.0,250 to 499,High (10-20%)
CONVERA UK LIMITED,Financial Support,11.9,3.5,29.3,250 to 499,High (10-20%)
CENTRAL ENGLAND CO-OPERATIVE LIMITED,Other,11.9,11.3,53.1,"5000 to 19,999",High (10-20%)
R.TWINING AND COMPANY LIMITED,Wholesale,11.9,12.2,46.0,250 to 499,High (10-20%)
BERKELEY SCOTT LIMITED,Employment Agencies,11.9,5.0,16.9,1000 to 4999,High (10-20%)
SYGNATURE DISCOVERY LIMITED,Research,11.9,8.1,36.0,500 to 999,High (10-20%)
GCHQ,Other,11.9,10.7,27.3,"5000 to 19,999",High (10-20%)
NEWS UK & IRELAND LIMITED,Business Support,11.9,15.1,44.2,1000 to 4999,High (10-20%)
ANORD MARDIX (UK) LIMITED,Electrical Equipment,11.9,8.85,10.0,1000 to 4999,High (10-20%)
HYDRO ALUMINIUM UK LIMITED,Basic Metals,11.9,5.88,23.0,500 to 999,High (10-20%)
VITACRESS SALADS LIMITED,Other,11.9,1.7,36.0,250 to 499,High (10-20%)
STUDY GROUP UK LIMITED,Education,11.9,15.0,51.1,250 to 499,High (10-20%)
MAP GROUP (UK) LIMITED,Specialist Construction,11.9,48.0,4.1,250 to 499,High (10-20%)
HOWES PERCIVAL LLP,Other,11.9,32.9,69.0,250 to 499,High (10-20%)
Charnwood Borough Council,Other,11.9,11.13,41.0,500 to 999,High (10-20%)
ENABLE INTERNATIONAL LIMITED,IT Services,11.9,16.2,21.4,Less than 250,High (10-20%)
JOHNSON & JOHNSON MEDICAL LIMITED,Other Manufacturing,11.9,10.4,45.1,1000 to 4999,High (10-20%)
The Landmark Trust,Real Estate,11.9,0.0,70.0,250 to 499,High (10-20%)
A.W. Jenkinson Forest Products,Other,11.9,13.5,28.4,250 to 499,High (10-20%)
EUROCLEAR UK & INTERNATIONAL LIMITED,Finance,11.9,13.1,32.7,Less than 250,High (10-20%)
NODE 4 LIMITED,IT Services,11.86,9.35,21.12,1000 to 4999,High (10-20%)
MCMANUS MANAGED PUB CO. LIMITED,Food & Beverage,11.86,0.02,39.0,250 to 499,High (10-20%)
RENEWABLE ENERGY SYSTEMS LIMITED,Construction,11.85,4.8,27.27,500 to 999,High (10-20%)
SODEXO LIMITED,Management Consulting,11.85,9.79,43.0,"20,000 or more",High (10-20%)
JACKSON LEES GROUP LTD,Legal,11.85,12.5,67.0,Less than 250,High (10-20%)
LEICESTERSHIRE & RUTLAND ORGANISATION FOR THE RELIEF OF SUFFERING LIMITED,Healthcare,11.83,17.61,85.0,250 to 499,High (10-20%)
KEYMED (MEDICAL & INDUSTRIAL EQUIPMENT) LIMITED,Electronics,11.82,10.99,31.7,500 to 999,High (10-20%)
M GROUP (PLANT & FLEET SOLUTIONS) LIMITED,Leasing,11.81,20.4,23.08,250 to 499,High (10-20%)
Christ's College,Education,11.81,18.51,36.8,250 to 499,High (10-20%)
WURTH UK LIMITED,Motor Trade,11.8,12.4,13.8,250 to 499,High (10-20%)
SPAMEDICA LTD,Healthcare,11.8,-13.07,74.0,1000 to 4999,High (10-20%)
Orbis Education Trust,Other,11.8,29.5,63.9,250 to 499,High (10-20%)
NETCOMPANY UK LIMITED,IT Services,11.8,12.1,18.5,500 to 999,High (10-20%)
Surrey and Borders Partnership NHS Foundation Trust,Other,11.8,12.12,78.76,1000 to 4999,High (10-20%)
TLT LLP,Other,11.8,16.7,62.8,1000 to 4999,High (10-20%)
GLORY GLOBAL SOLUTIONS (INTERNATIONAL) LIMITED,Machinery,11.8,8.5,22.5,250 to 499,High (10-20%)
SEGA EUROPE LIMITED,Personal Services,11.8,7.3,37.3,Less than 250,High (10-20%)
J.C.B. SERVICE,Machinery,11.8,5.7,8.8,250 to 499,High (10-20%)
City of Portsmouth College,Other,11.8,26.0,56.6,500 to 999,High (10-20%)
Elmbridge Borough Council,Other,11.8,14.2,66.0,250 to 499,High (10-20%)
C.BREWER & SONS LIMITED,Retail,11.8,0.6,33.0,1000 to 4999,High (10-20%)
NOTTING HILL GENESIS,Other,11.8,9.5,45.8,1000 to 4999,High (10-20%)
UNITED CHURCH SCHOOLS TRUST,Education,11.8,9.3,68.1,1000 to 4999,High (10-20%)
IMPERIAL TOBACCO LIMITED,Wholesale,11.8,4.8,40.0,1000 to 4999,High (10-20%)
GENOMICS ENGLAND LIMITED,Research,11.8,14.0,36.0,500 to 999,High (10-20%)
Dogs Trust,Veterinary,11.8,7.7,74.0,1000 to 4999,High (10-20%)
LEARNING FOR LIFE EDUCATION TRUST,Education,11.8,8.5,90.8,250 to 499,High (10-20%)
BSI STANDARDS LIMITED,Personal Services,11.8,7.6,42.0,250 to 499,High (10-20%)
NOVALIS TRUST,Education,11.8,6.47,54.05,250 to 499,High (10-20%)
Humber Teaching NHS Foundation Trust,Other,11.8,-0.78,74.4,1000 to 4999,High (10-20%)
Cambridge Regional College,Other,11.8,19.5,51.2,500 to 999,High (10-20%)
DRP (UK) LIMITED,Film/TV,11.8,5.47,40.48,250 to 499,High (10-20%)
NORTHERN GAS NETWORKS OPERATIONS LIMITED,Business Support,11.8,19.4,17.2,1000 to 4999,High (10-20%)
XEROX LIMITED,Machinery,11.79,9.08,28.12,250 to 499,High (10-20%)
BIONICAL HEALTH LIMITED,IT Services,11.77,-1.62,83.0,500 to 999,High (10-20%)
CHEADLE HULME SCHOOL,Education,11.77,0.0,60.0,250 to 499,High (10-20%)
HITACHI VANTARA LIMITED,IT Services,11.77,11.66,11.11,250 to 499,High (10-20%)
KANTAR UK LIMITED,Personal Services,11.76,13.0,46.0,1000 to 4999,High (10-20%)
TRITECH PRECISION PRODUCTS LIMITED,Basic Metals,11.74,14.61,10.39,250 to 499,High (10-20%)
SEMBCORP UTILITIES (UK) LIMITED,Other Manufacturing,11.73,14.11,12.62,250 to 499,High (10-20%)
Oldham College,Other,11.73,15.17,53.8,500 to 999,High (10-20%)
SERVICE INNOVATION GROUP-UK LIMITED,Business Support,11.72,20.0,49.0,500 to 999,High (10-20%)
RWK GOODMAN EMPLOYEE SERVICES LIMITED,Business Support,11.71,19.39,66.9,500 to 999,High (10-20%)
SELLAFIELD LIMITED,Personal Services,11.71,14.1,20.0,"5000 to 19,999",High (10-20%)
LONDON CLUBS MANAGEMENT LIMITED,Management Consulting,11.7,5.37,32.55,1000 to 4999,High (10-20%)
MACMILLAN CANCER SUPPORT,Healthcare,11.7,12.1,60.8,1000 to 4999,High (10-20%)
AUTOMOBILE ASSOCIATION DEVELOPMENTS LIMITED,Business Support,11.7,25.8,21.0,"5000 to 19,999",High (10-20%)
IVY EDUCATION TRUST,Education,11.7,20.2,68.0,500 to 999,High (10-20%)
PONTRILAS SAWMILLS LIMITED,Wood Products,11.7,5.1,9.8,250 to 499,High (10-20%)
UTILITA ENERGY LIMITED,Utilities,11.7,3.59,36.0,500 to 999,High (10-20%)
IPL PLASTICS (UK) LIMITED,Rubber/Plastics,11.7,6.4,23.6,500 to 999,High (10-20%)
BLICK ROTHENBERG LIMITED,Legal,11.7,1.8,42.3,500 to 999,High (10-20%)
SKY CP LIMITED,Film/TV,11.7,12.3,18.0,1000 to 4999,High (10-20%)
MAKRO SELF SERVICE WHOLESALERS LIMITED,Wholesale,11.7,12.7,13.9,500 to 999,High (10-20%)
PAY.UK LIMITED,Finance,11.7,12.23,38.54,250 to 499,High (10-20%)
THE PIRBRIGHT INSTITUTE,Research,11.7,7.0,35.0,250 to 499,High (10-20%)
"SWISS RE MANAGEMENT LTD, UK BRANCH",Other,11.7,12.7,35.5,250 to 499,High (10-20%)
Leicestershire Police,Other,11.7,21.9,33.6,1000 to 4999,High (10-20%)
DESIGNER CONTRACTS LIMITED,Specialist Construction,11.7,7.7,35.2,250 to 499,High (10-20%)
PUBLIC SECTOR PARTNERSHIP SERVICES LTD,Public Admin,11.7,15.1,55.6,250 to 499,High (10-20%)
DIRECT HEALTHCARE GROUP LIMITED,Other Manufacturing,11.7,-18.0,35.0,250 to 499,High (10-20%)
THE NHS CONFEDERATION,Membership Orgs,11.7,8.1,67.0,250 to 499,High (10-20%)
VALPAK LIMITED,Professional Services,11.7,0.1,51.6,250 to 499,High (10-20%)
SALVATION ARMY TRUSTEE COMPANY(THE),Membership Orgs,11.7,6.5,56.2,1000 to 4999,High (10-20%)
SETTLE GROUP,Other,11.69,5.15,59.0,250 to 499,High (10-20%)
DENSO MARSTON LTD,Fabricated Metals,11.69,12.3,6.1,500 to 999,High (10-20%)
SMURFIT WESTROCK CONSUMER PACKAGING UK LIMITED,Paper,11.68,17.74,13.14,1000 to 4999,High (10-20%)
Welwyn Hatfield Council,Other,11.67,16.8,53.0,250 to 499,High (10-20%)
SPOTLIGHT SPORTS GROUP LIMITED,Printing,11.65,15.13,13.0,250 to 499,High (10-20%)
Midkent College,Other,11.64,19.57,56.0,500 to 999,High (10-20%)
Oxford Diocesan Bucks Schools Trust,Other,11.64,13.42,83.45,500 to 999,High (10-20%)
ICONIC MEDIA GROUP LIMITED,Finance,11.64,9.25,31.0,1000 to 4999,High (10-20%)
COURTYARD CARE LIMITED,Residential Care,11.63,-2.31,75.0,250 to 499,High (10-20%)
BOSTON SCIENTIFIC LIMITED,Wholesale,11.6,11.0,46.7,250 to 499,High (10-20%)
CFH DOCMAIL LTD,Printing,11.6,9.7,34.4,250 to 499,High (10-20%)
MOTORSPORT VISION LIMITED,Sports/Recreation,11.6,0.0,29.3,500 to 999,High (10-20%)
St Helen's College,Other,11.6,14.4,48.0,500 to 999,High (10-20%)
AGRIAL FRESH PRODUCE LTD,Food Manufacturing,11.6,7.6,23.6,500 to 999,High (10-20%)
Cornwall Partnership Nhs Foundation Trust,Other,11.6,3.7,78.0,"5000 to 19,999",High (10-20%)
CHESS DYNAMICS LIMITED,Other Manufacturing,11.6,10.04,18.0,250 to 499,High (10-20%)
TOOLBANK LIMITED,Wholesale,11.6,4.4,11.0,500 to 999,High (10-20%)
PFIZER R&D UK LIMITED,Research,11.6,5.3,56.0,500 to 999,High (10-20%)
ASPIRATIONS ACADEMIES TRUST,Education,11.6,22.1,64.2,1000 to 4999,High (10-20%)
PEOPLEPLUS GROUP LIMITED,Education,11.6,9.7,50.5,1000 to 4999,High (10-20%)
SUSTAINABLE ENERGY FIRST LIMITED,Management Consulting,11.6,4.6,33.6,250 to 499,High (10-20%)
AWE PLC,Other Manufacturing,11.6,15.2,18.8,"5000 to 19,999",High (10-20%)
ASTER GROUP LIMITED,Other,11.6,17.7,44.6,1000 to 4999,High (10-20%)
UNIPER UK LIMITED,Utilities,11.6,9.9,15.5,500 to 999,High (10-20%)
IFS WORLD OPERATIONS AB,Other,11.6,8.6,36.1,250 to 499,High (10-20%)
ORACLE GLOBAL SERVICES LIMITED,IT Services,11.6,11.3,15.0,1000 to 4999,High (10-20%)
FISH 'N' CHICK'N LIMITED,Food & Beverage,11.6,0.0,21.1,500 to 999,High (10-20%)
HEARTSTONE INNS LIMITED,Food & Beverage,11.59,3.77,41.27,250 to 499,High (10-20%)
Hertfordshire Constabulary,Other,11.58,18.22,35.44,1000 to 4999,High (10-20%)
ADAM SMITH INTERNATIONAL LTD,Management Consulting,11.58,12.98,31.5,Less than 250,High (10-20%)
GUILD CARE,Residential Care,11.57,0.0,73.0,500 to 999,High (10-20%)
New College Lanarkshire,Education,11.57,11.59,54.9,500 to 999,High (10-20%)
"Tees, Esk and Wear Valleys NHS Foundation Trust",Other,11.56,2.03,73.0,"5000 to 19,999",High (10-20%)
"NHS South, Central and West Commissioning Support Unit",Other,11.56,14.61,54.5,1000 to 4999,High (10-20%)
AVAILABLE CAR LIMITED,Motor Trade,11.55,6.11,12.0,250 to 499,High (10-20%)
"ST PETER'S SCHOOL, YORK",Education,11.53,23.42,61.82,250 to 499,High (10-20%)
SG UMBRELLA LIMITED,Professional Services,11.51,11.72,19.0,500 to 999,High (10-20%)
ARVATO LIMITED,Business Support,11.5,0.0,40.9,500 to 999,High (10-20%)
CEVA LOGISTICS LIMITED,Warehousing,11.5,21.8,12.1,"5000 to 19,999",High (10-20%)
GATES (U.K.) LIMITED,Rubber/Plastics,11.5,14.5,7.6,250 to 499,High (10-20%)
POSTCODE LOTTERY LIMITED,Gambling,11.5,15.3,36.0,250 to 499,High (10-20%)
ANGLO BEEF PROCESSORS HOLDINGS,Management Consulting,11.5,8.8,16.0,"5000 to 19,999",High (10-20%)
PARAGON PRINT AND PACKAGING LIMITED,Printing,11.5,12.89,19.09,1000 to 4999,High (10-20%)
THE BERKELEY HOTEL LIMITED,Hotels,11.5,5.1,32.3,250 to 499,High (10-20%)
ELI LILLY AND COMPANY LIMITED,Pharmaceuticals,11.5,8.2,50.0,500 to 999,High (10-20%)
KAPLAN FINANCIAL LIMITED,Education,11.5,0.0,53.0,1000 to 4999,High (10-20%)
REACH SHARED SERVICES LIMITED,Management Consulting,11.5,7.7,34.2,1000 to 4999,High (10-20%)
CONVATEC LIMITED,Other Manufacturing,11.5,-1.12,49.19,1000 to 4999,High (10-20%)
THE ZOOLOGICAL SOCIETY OF LONDON,Other,11.5,5.1,52.0,500 to 999,High (10-20%)
ITV SERVICES LIMITED,Business Support,11.5,16.2,39.8,1000 to 4999,High (10-20%)
AVEVA SOLUTIONS LIMITED,Publishing,11.5,13.5,31.0,1000 to 4999,High (10-20%)
"RICHMOND, THE AMERICAN INTERNATIONAL UNIVERSITY IN LONDON (UK)",Education,11.5,13.9,51.0,Less than 250,High (10-20%)
ARCO LIMITED,Wholesale,11.5,3.96,40.21,1000 to 4999,High (10-20%)
Riverside College Halton,Other,11.5,26.0,50.0,500 to 999,High (10-20%)
BIOGEN IDEC LIMITED,Wholesale,11.5,7.3,49.0,Less than 250,High (10-20%)
Buckinghamshire & Milton Keynes Fire Authority,Other,11.5,8.7,15.0,500 to 999,High (10-20%)
BLUE YONDER TECHNOLOGY SOLUTIONS (UK) LIMITED,IT Services,11.5,18.93,26.88,250 to 499,High (10-20%)
KEOGHS TOPCO LIMITED,Finance,11.5,15.9,57.2,1000 to 4999,High (10-20%)
BEDFORD COLLEGE PROFESSIONAL SERVICES LIMITED,Education,11.5,7.5,59.3,500 to 999,High (10-20%)
PPL PRS LIMITED,Business Support,11.5,13.4,37.5,250 to 499,High (10-20%)
MACPHIE LIMITED,Food Manufacturing,11.5,5.7,25.4,250 to 499,High (10-20%)
AFI-UPLIFT LIMITED,Leasing,11.5,8.8,15.6,250 to 499,High (10-20%)
South Oxfordshire and Vale of White Horse District Councils,Other,11.5,7.1,66.0,500 to 999,High (10-20%)
A.F.BLAKEMORE AND SON LIMITED,Wholesale,11.49,7.63,32.0,"5000 to 19,999",High (10-20%)
Wokingham Council,Other,11.49,11.6,69.1,1000 to 4999,High (10-20%)
WORLD VISION UK,Social Work,11.46,13.74,51.0,Less than 250,High (10-20%)
UK HAIDILAO PTE. LTD,Food & Beverage,11.46,16.03,31.34,250 to 499,High (10-20%)
North Staffordshire Combined Healthcare N H S Trust,Other,11.45,-1.23,74.08,1000 to 4999,High (10-20%)
ENGIE POWER LIMITED,Wholesale,11.45,12.42,35.63,250 to 499,High (10-20%)
ASSOCIATION OF CHARTERED CERTIFIED ACCOUNTANTS,Other,11.44,10.84,50.0,500 to 999,High (10-20%)
GRANT THORNTON SERVICES LLP,Other,11.43,9.12,38.27,"5000 to 19,999",High (10-20%)
ST. ALBANS EDUCATION GROUP,Education,11.43,11.4,67.57,250 to 499,High (10-20%)
CARE DORSET LIMITED,Residential Care,11.42,0.85,83.51,500 to 999,High (10-20%)
DALCOUR MACLAREN LIMITED,Architecture/Engineering,11.41,3.7,40.0,500 to 999,High (10-20%)
Transport for Wales Group,Other,11.4,9.1,31.5,500 to 999,High (10-20%)
BAE SYSTEMS MARINE LIMITED,Other Transport,11.4,12.2,15.1,"5000 to 19,999",High (10-20%)
HERTFORD COLLEGE OXFORD,Other,11.4,25.9,43.4,250 to 499,High (10-20%)
ARDEN UNIVERSITY LIMITED,Education,11.4,1.5,59.0,1000 to 4999,High (10-20%)
MON MOTORS LIMITED,Motor Trade,11.4,9.7,10.5,500 to 999,High (10-20%)
BOOTS OPTICIANS PROFESSIONAL SERVICES LIMITED,Retail,11.4,6.4,69.4,1000 to 4999,High (10-20%)
LONDON HIRE COMMUNITY SERVICES LIMITED,Land Transport,11.4,9.3,31.0,500 to 999,High (10-20%)
JEREMY BENN ASSOCIATES LIMITED,Architecture/Engineering,11.4,12.1,29.2,500 to 999,High (10-20%)
PILGRIM'S PRIDE LTD.,Food Manufacturing,11.4,8.3,24.3,1000 to 4999,High (10-20%)
A.CLARKE & CO.(SMETHWICK)LIMITED,Land Transport,11.4,23.5,8.0,500 to 999,High (10-20%)
DIOCESE OF CHICHESTER ACADEMY TRUST,Education,11.4,23.8,77.5,1000 to 4999,High (10-20%)
Hertford Regional College,Other,11.4,20.3,55.4,250 to 499,High (10-20%)
"PROTO LABS, LIMITED",Rubber/Plastics,11.4,13.2,23.0,250 to 499,High (10-20%)
RL RETAIL SERVICES LIMITED,Business Support,11.4,0.0,58.3,1000 to 4999,High (10-20%)
HANDLE PAYROLL SOLUTIONS LIMITED,Business Support,11.4,11.2,70.1,250 to 499,High (10-20%)
WESCO ANIXTER UK LIMITED,Wholesale,11.4,2.7,28.4,500 to 999,High (10-20%)
HARPERCOLLINS PUBLISHERS LIMITED,Publishing,11.4,8.2,65.0,1000 to 4999,High (10-20%)
VERIZON UK LIMITED,Telecoms,11.4,12.9,20.3,500 to 999,High (10-20%)
MICE AND DICE LIMITED,Advertising,11.4,4.9,39.2,250 to 499,High (10-20%)
Bridgwater & Taunton College,Other,11.4,8.8,46.7,1000 to 4999,High (10-20%)
WILLIAM HARE LIMITED,Fabricated Metals,11.4,23.1,5.2,1000 to 4999,High (10-20%)
HP INC UK LIMITED,Electronics,11.4,12.3,26.0,500 to 999,High (10-20%)
URENCO CHEMPLANTS LIMITED,Chemicals,11.4,20.8,14.3,250 to 499,High (10-20%)
JOHOCO 2029 LIMITED,Food & Beverage,11.4,2.1,28.0,1000 to 4999,High (10-20%)
IPSOS MORI UK LIMITED,Advertising,11.4,6.4,51.0,1000 to 4999,High (10-20%)
MSD ANIMAL HEALTH UK LIMITED,Research,11.4,4.7,45.8,250 to 499,High (10-20%)
E.E. SMITH CONTRACTS LIMITED,Other,11.38,13.02,7.41,Less than 250,High (10-20%)
EDUCATION PARTNERSHIP TRUST,Education,11.37,32.66,72.9,500 to 999,High (10-20%)
G4S CASH CENTRES (UK) LIMITED,Security,11.36,5.4,27.34,500 to 999,High (10-20%)
BRITISH AIRWAYS ENGINEERING WALES LIMITED,Other,11.36,8.93,3.54,250 to 499,High (10-20%)
INSPIRED THINKING GROUP (ITG) LIMITED,IT Services,11.34,5.39,41.0,1000 to 4999,High (10-20%)
CORNISH LABOUR SERVICES LIMITED,Employment Agencies,11.34,8.49,15.0,250 to 499,High (10-20%)
THE GOODWOOD CLUB LIMITED,Sports/Recreation,11.32,5.64,28.0,Less than 250,High (10-20%)
CATCH 22 CHARITY LIMITED,Social Work,11.32,3.97,68.54,500 to 999,High (10-20%)
Essex Police,Other,11.31,22.18,31.35,"5000 to 19,999",High (10-20%)
SERVICES MACHINERY & TRUCKS LTD,Motor Trade,11.31,6.72,15.45,250 to 499,High (10-20%)
MOTOR PARTS DIRECT LIMITED,Motor Trade,11.31,2.03,14.35,1000 to 4999,High (10-20%)
EDEN FARMS (FROZEN FOODS) LIMITED,Food & Beverage,11.3,9.5,9.3,250 to 499,High (10-20%)
DALKIA OPERATIONS LIMITED,Business Support,11.3,12.8,10.3,250 to 499,High (10-20%)
ASSET EDUCATION,Education,11.3,27.4,86.9,500 to 999,High (10-20%)
EDEN FARM LIMITED,Food & Beverage,11.3,9.5,9.3,250 to 499,High (10-20%)
O'NEILL PATIENT SOLICITORS LLP,Other,11.3,10.6,57.3,500 to 999,High (10-20%)
HALFORDS MEDIA (UK) LIMITED,Business Support,11.3,10.2,28.3,500 to 999,High (10-20%)
SAPPHIRE UTILITY SOLUTIONS LIMITED,Other,11.3,8.2,12.5,1000 to 4999,High (10-20%)
BARRHEAD TRAVEL SERVICE LIMITED,Travel,11.3,10.4,66.4,500 to 999,High (10-20%)
BIGHAMS LIMITED,Food Manufacturing,11.3,6.6,28.0,500 to 999,High (10-20%)
MERCK SHARP & DOHME (UK) LIMITED,Management Consulting,11.3,11.3,45.9,1000 to 4999,High (10-20%)
WATERMAN ASPEN LIMITED,Employment Agencies,11.3,14.9,17.5,500 to 999,High (10-20%)
UBER EATS UK LIMITED,IT Services,11.3,5.4,45.6,250 to 499,High (10-20%)
TURNER & TOWNSEND INFRASTRUCTURE LIMITED,Business Support,11.3,9.3,23.4,1000 to 4999,High (10-20%)
CLINISYS GROUP LIMITED,IT Services,11.3,9.86,22.06,250 to 499,High (10-20%)
CLINISYS SOLUTIONS LIMITED,IT Services,11.3,9.86,22.06,250 to 499,High (10-20%)
INNOVIA FILMS LIMITED,Other Manufacturing,11.3,19.8,9.6,250 to 499,High (10-20%)
MYERS GROUP 1959 LTD,Management Consulting,11.3,-0.8,6.9,250 to 499,High (10-20%)
MORGAN HUNT UK LIMITED,Employment Agencies,11.3,14.1,44.9,250 to 499,High (10-20%)
ARK SCHOOLS,Education,11.3,11.7,62.0,1000 to 4999,High (10-20%)
SPS UK&I LIMITED,Business Support,11.3,4.8,29.7,1000 to 4999,High (10-20%)
CIRRUS PRIMARY ACADEMY TRUST,Education,11.3,9.2,90.0,250 to 499,High (10-20%)
PRP GROUP LLP,Other,11.29,9.42,29.41,250 to 499,High (10-20%)
DENBY POTTERIES LIMITED,Other Manufacturing,11.28,10.95,17.0,250 to 499,High (10-20%)
Cannock Chase District Council,Other,11.27,18.63,43.0,250 to 499,High (10-20%)
COVERIS WINSFORD LIMITED,Rubber/Plastics,11.26,13.02,11.11,250 to 499,High (10-20%)
Dorset Healthcare Nhs Foundation Trust,Other,11.26,1.9,77.77,"5000 to 19,999",High (10-20%)
THE SYMPHONY GROUP PLC,Other,11.25,-2.56,20.3,1000 to 4999,High (10-20%)
PLASMOR LIMITED,Non-Metallic Minerals,11.25,13.08,5.0,250 to 499,High (10-20%)
NISBETS LIMITED,Wholesale,11.24,6.53,36.7,1000 to 4999,High (10-20%)
PRYSMIAN CABLES & SYSTEMS LIMITED,Electrical Equipment,11.24,13.19,14.0,500 to 999,High (10-20%)
ANGLIAN COUNTRY INNS LIMITED,Food & Beverage,11.24,0.0,30.51,250 to 499,High (10-20%)
BACKLINE LOGISTIC SUPPORT SERVICES LIMITED,Warehousing,11.23,12.93,8.06,250 to 499,High (10-20%)
BECKETT'S FOODS LIMITED,Retail,11.23,1.97,38.76,500 to 999,High (10-20%)
BLUE PRISM LIMITED,IT Services,11.2,15.4,24.3,250 to 499,High (10-20%)
London Borough of Bromley Council,Other,11.2,6.8,70.0,1000 to 4999,High (10-20%)
EKO TRUST,Education,11.2,5.9,84.9,500 to 999,High (10-20%)
THE HAVEBURY HOUSING PARTNERSHIP,Real Estate,11.2,13.9,43.1,250 to 499,High (10-20%)
THE FINANCIAL CONDUCT AUTHORITY,Security,11.2,9.0,41.0,"5000 to 19,999",High (10-20%)
GREAT ORMOND STREET HOSPITAL CHILDREN'S CHARITY,Healthcare,11.2,12.0,63.0,250 to 499,High (10-20%)
AUTOLUS LIMITED,Pharmaceuticals,11.2,6.0,41.0,500 to 999,High (10-20%)
NOTCUTTS LIMITED,Retail,11.2,1.11,52.9,1000 to 4999,High (10-20%)
The Gallery Trust,Other,11.2,22.7,78.7,250 to 499,High (10-20%)
PEABODY TRUST,Other,11.2,3.4,43.7,1000 to 4999,High (10-20%)
Hampshire County Council,Other,11.2,13.0,67.7,"5000 to 19,999",High (10-20%)
AFLEX HOSE LIMITED,Rubber/Plastics,11.2,11.4,25.0,250 to 499,High (10-20%)
UK SPORTS INSTITUTE LIMITED,Sports/Recreation,11.2,6.3,46.5,250 to 499,High (10-20%)
WELBILT UK LIMITED,Machinery,11.2,8.4,13.0,250 to 499,High (10-20%)
R.J. MCLEOD (CONTRACTORS) LIMITED,Other,11.19,0.73,4.85,250 to 499,High (10-20%)
TOYOTA MATERIAL HANDLING UK LIMITED,Wholesale,11.18,12.98,14.0,1000 to 4999,High (10-20%)
Cambridgeshire Police,Other,11.17,12.59,30.47,1000 to 4999,High (10-20%)
SHOE ZONE RETAIL LIMITED,Retail,11.16,0.0,74.85,1000 to 4999,High (10-20%)
SERTEC ALUMINIUM STRUCTURES LIMITED,Fabricated Metals,11.15,8.75,9.09,250 to 499,High (10-20%)
THE MANCHESTER GRAMMAR SCHOOL FOUNDATION TRUSTEE LIMITED,Education,11.14,9.38,37.0,250 to 499,High (10-20%)
Great Ormond Street Hospital NHS Foundation Trust,Other,11.14,4.45,68.2,"5000 to 19,999",High (10-20%)
MERSEYRAIL ELECTRICS 2002 LIMITED,Land Transport,11.13,9.66,14.1,1000 to 4999,High (10-20%)
THG NUTRITION LIMITED,Finance,11.12,1.48,37.3,500 to 999,High (10-20%)
LEIGH ACADEMIES TRUST,Education,11.12,19.35,61.85,1000 to 4999,High (10-20%)
NAVIGO HEALTH AND SOCIAL CARE CIC,Healthcare,11.12,2.74,75.1,500 to 999,High (10-20%)
FURNITURE VILLAGE LIMITED,Retail,11.11,12.02,19.4,1000 to 4999,High (10-20%)
FURNITURE VILLAGE HOLDINGS LIMITED,Management Consulting,11.11,12.02,19.4,1000 to 4999,High (10-20%)
Trinity College,Other,11.11,12.79,48.91,250 to 499,High (10-20%)
M GROUP TELECOM (TECHNOLOGY SERVICES) LIMITED,Telecoms,11.11,13.73,17.97,500 to 999,High (10-20%)
STATE STREET GLOBAL ADVISORS LIMITED,Finance,11.1,15.6,32.0,250 to 499,High (10-20%)
DAYLESFORD ORGANIC LIMITED,Retail,11.1,2.3,38.9,250 to 499,High (10-20%)
Swale Borough Council,Other,11.1,11.7,69.3,250 to 499,High (10-20%)
Edge Hill University,Other,11.1,17.32,56.11,1000 to 4999,High (10-20%)
YORK ST JOHN UNIVERSITY,Education,11.1,17.8,50.85,1000 to 4999,High (10-20%)
BARONS AUTOMOTIVE LIMITED,Motor Trade,11.1,1.0,24.1,1000 to 4999,High (10-20%)
VOYAGE EDUCATION PARTNERSHIP,Education,11.1,27.8,76.0,500 to 999,High (10-20%)
MAMMOET (UK) LIMITED,Specialist Construction,11.1,23.72,7.37,250 to 499,High (10-20%)
Southport Learning Trust,Other,11.1,14.5,71.8,500 to 999,High (10-20%)
ONE CALL INSURANCE SERVICES LIMITED,Financial Support,11.1,1.2,43.8,250 to 499,High (10-20%)
EMPEROR DESIGN CONSULTANTS LIMITED,Business Support,11.1,11.5,44.4,250 to 499,High (10-20%)
FEATURESPACE LIMITED,IT Services,11.1,14.4,18.0,250 to 499,High (10-20%)
DBOI GLOBAL SERVICES (UK) LIMITED,Financial Support,11.1,11.7,29.5,500 to 999,High (10-20%)
BRITISH GAS SERVICES LIMITED,Personal Services,11.1,9.4,2.9,"5000 to 19,999",High (10-20%)
COSTELLO MEDICAL CONSULTING LIMITED,Professional Services,11.1,19.3,63.5,250 to 499,High (10-20%)
HAWK-EYE INNOVATIONS LIMITED,IT Services,11.1,3.9,15.9,500 to 999,High (10-20%)
ANGLING DIRECT PLC,Retail,11.1,6.2,8.57,250 to 499,High (10-20%)
J. CHOO LIMITED,Wholesale,11.1,18.2,72.6,250 to 499,High (10-20%)
ARDAGH METAL PACKAGING UK LIMITED,Fabricated Metals,11.09,12.65,7.0,500 to 999,High (10-20%)
VISUALSOFT LIMITED,IT Services,11.09,2.78,30.91,Less than 250,High (10-20%)
ADVANCE LEARNING PARTNERSHIP,Education,11.08,23.7,70.4,1000 to 4999,High (10-20%)
Phoenix School,Other,11.06,8.27,82.29,250 to 499,High (10-20%)
ROMAN ORIGINALS PLC,Clothing,11.06,0.0,78.0,500 to 999,High (10-20%)
BEE HEALTH LIMITED,Food Manufacturing,11.05,5.88,27.03,250 to 499,High (10-20%)
Moor House School & College,Other,11.04,16.83,81.67,Less than 250,High (10-20%)
FOREST HOLIDAYS LIMITED,Travel,11.04,0.0,59.66,500 to 999,High (10-20%)
JAMES BRIGGS LIMITED,Chemicals,11.04,1.85,31.0,250 to 499,High (10-20%)
GLOUCESTER RUGBY LIMITED,Sports/Recreation,11.04,0.0,11.6,250 to 499,High (10-20%)
MULBERRY SCHOOLS TRUST,Education,11.04,19.23,60.62,500 to 999,High (10-20%)
ALTRO LIMITED,Chemicals,11.03,7.25,29.0,500 to 999,High (10-20%)
THE PARTNERSHIP TRUST,Education,11.03,15.64,81.92,500 to 999,High (10-20%)
TUDORS BUILDING SUPPLIES (HEREFORD) LIMITED,Wholesale,11.02,3.5,14.29,Less than 250,High (10-20%)
LIKEWISE FLOORS LIMITED,Wholesale,11.02,15.24,12.05,250 to 499,High (10-20%)
MASTEK (UK) LTD.,IT Services,11.02,14.55,17.9,500 to 999,High (10-20%)
REALISE LEARNING AND EMPLOYMENT LIMITED,Education,11.01,4.95,71.0,500 to 999,High (10-20%)
THE REAL WRAP CO. LTD,Food & Beverage,11.0,12.0,36.0,250 to 499,High (10-20%)
FLAMINGO FLOWERS LTD.,Wholesale,11.0,6.0,38.0,500 to 999,High (10-20%)
Chester Diocesan Academies Trust,Other,11.0,-9.0,89.4,500 to 999,High (10-20%)
CHURCHILL ESTATES MANAGEMENT LIMITED,Real Estate,11.0,1.0,70.0,250 to 499,High (10-20%)
SIX DEGREES HOLDINGS LIMITED,Telecoms,11.0,6.0,24.59,250 to 499,High (10-20%)
DON & LOW LIMITED,Textiles,11.0,7.0,15.0,250 to 499,High (10-20%)
DELOITTE LLP,Other,11.0,10.4,42.8,"5000 to 19,999",High (10-20%)
GESTAMP TALLENT LIMITED,Fabricated Metals,11.0,8.1,6.9,1000 to 4999,High (10-20%)
PILGRIM'S SHARED SERVICES LTD,Business Support,11.0,17.3,39.5,250 to 499,High (10-20%)
RUSSELL SCHOOL TRUST,Education,11.0,7.0,63.16,250 to 499,High (10-20%)
MANOR HOUSE HOTEL (OKEHAMPTON) LIMITED,Hotels,11.0,5.0,26.7,250 to 499,High (10-20%)
NESTEC YORK LTD.,Research,11.0,16.0,31.0,Less than 250,High (10-20%)
YORKSHIRE CAUSEWAY SCHOOLS TRUST,Education,11.0,18.0,71.0,500 to 999,High (10-20%)
ZOTEFOAMS PLC,Rubber/Plastics,11.0,-3.9,16.0,250 to 499,High (10-20%)
SPORTSDIRECT.COM RETAIL LIMITED,Retail,11.0,3.1,35.0,"5000 to 19,999",High (10-20%)
"VANGUARD ASSET SERVICES, LTD.",Financial Support,11.0,12.7,33.9,500 to 999,High (10-20%)
THE UNIVERSITY OF NOTTINGHAM STUDENTS' UNION,Membership Orgs,11.0,1.4,66.0,250 to 499,High (10-20%)
"J.T.DOVE,LIMITED",Wholesale,11.0,-0.3,13.6,250 to 499,High (10-20%)
THOMSON REUTERS (PROFESSIONAL) UK LIMITED,Management Consulting,11.0,13.4,47.0,1000 to 4999,High (10-20%)
UK GRID SOLUTIONS LIMITED,Electrical Equipment,11.0,22.4,14.0,1000 to 4999,High (10-20%)
BARKER & STONEHOUSE LIMITED,Retail,11.0,3.0,40.0,250 to 499,High (10-20%)
"KING EDWARD'S SCHOOL, BATH",Education,11.0,10.7,59.2,250 to 499,High (10-20%)
EDUCATION SOFTWARE SOLUTIONS LTD,IT Services,11.0,18.0,33.0,250 to 499,High (10-20%)
KNIGHTS CHEMIST LIMITED,Retail,11.0,-0.3,72.0,500 to 999,High (10-20%)
THE ANDERSON GROUP LTD,Management Consulting,11.0,11.9,11.7,250 to 499,High (10-20%)
HAMWIC EDUCATION TRUST,Education,11.0,20.4,83.9,1000 to 4999,High (10-20%)
ST. COLUMBA'S HOSPICE CARE,Healthcare,11.0,0.3,78.0,250 to 499,High (10-20%)
MWH FARRER LIMITED,Architecture/Engineering,11.0,15.8,12.8,250 to 499,High (10-20%)
RAPP LIMITED,Advertising,11.0,7.7,42.7,250 to 499,High (10-20%)
REFINITIV LIMITED,Business Support,11.0,9.0,29.0,1000 to 4999,High (10-20%)
WILLMORE ILES ARCHITECTS LIMITED,Architecture/Engineering,11.0,19.0,25.0,Less than 250,High (10-20%)
TEN10 SOLUTIONS LIMITED,IT Services,11.0,3.0,37.0,250 to 499,High (10-20%)
OFFSHORE RENEWABLE ENERGY CATAPULT,Professional Services,11.0,10.0,20.0,250 to 499,High (10-20%)
REISS LIMITED,Retail,11.0,0.0,72.0,1000 to 4999,High (10-20%)
M.I. DICKSON LIMITED,Food Manufacturing,11.0,10.33,58.2,250 to 499,High (10-20%)
TAYLOR HOBSON LIMITED,Electronics,11.0,4.0,8.0,250 to 499,High (10-20%)
UNIVERSITY OF PLYMOUTH SERVICES LIMITED,Business Support,11.0,0.7,62.0,1000 to 4999,High (10-20%)
HEYGATES LIMITED,Food Manufacturing,11.0,13.0,28.0,500 to 999,High (10-20%)
VOLVO CAR UK LIMITED,Motor Trade,10.99,22.34,36.89,250 to 499,High (10-20%)
RENDALL & RITTNER LIMITED,Real Estate,10.98,2.68,50.0,500 to 999,High (10-20%)
Chetham's School of Music,Education,10.98,32.36,51.0,250 to 499,High (10-20%)
BUTCHER'S PET CARE LIMITED,Food Manufacturing,10.98,4.42,28.75,250 to 499,High (10-20%)
ST CUTHBERT'S ROMAN CATHOLIC ACADEMY TRUST,Education,10.96,18.19,73.4,500 to 999,High (10-20%)
LAWRENCE DAVID LIMITED,Motor Vehicles,10.96,11.09,4.35,250 to 499,High (10-20%)
POWERLEAGUE FIVES LIMITED,Sports/Recreation,10.96,2.92,33.0,500 to 999,High (10-20%)
CAFE ROYAL MANAGEMENT LIMITED,Hotels,10.95,3.76,40.0,250 to 499,High (10-20%)
SOLENIS UK INDUSTRIES LIMITED,Chemicals,10.94,13.09,13.0,250 to 499,High (10-20%)
Hopwood Hall College,Other,10.94,23.21,50.34,500 to 999,High (10-20%)
FINANCIAL TIMES LIMITED(THE),Publishing,10.92,11.66,48.49,1000 to 4999,High (10-20%)
ASMPT SMT UK LIMITED,Machinery,10.92,12.19,12.22,250 to 499,High (10-20%)
VEOLIA ES SOUTHWARK LIMITED,Waste Management,10.91,20.35,7.14,250 to 499,High (10-20%)
UOL SERVICES LIMITED,Education,10.91,2.58,50.5,500 to 999,High (10-20%)
BROOKSON SOLUTIONS LIMITED,Professional Services,10.91,9.75,18.5,1000 to 4999,High (10-20%)
Black Country Healthcare NHS Foundation Trust,Other,10.91,3.4,71.4,1000 to 4999,High (10-20%)
THE FORWARD TRUST,Employment Agencies,10.9,6.2,70.6,500 to 999,High (10-20%)
KNAUF (UK) GMBH,Other,10.9,4.1,16.4,250 to 499,High (10-20%)
AARDMAN HOLDINGS LIMITED,Finance,10.9,21.3,43.2,250 to 499,High (10-20%)
Staffordshire Police Headquarters,Other,10.9,19.0,29.2,"5000 to 19,999",High (10-20%)
ADI-GARDINER LIMITED,Wholesale,10.9,-2.6,26.1,250 to 499,High (10-20%)
MPS HOUSING LIMITED,Facilities,10.9,18.6,12.0,250 to 499,High (10-20%)
Local Government Association,Other,10.9,18.5,54.0,500 to 999,High (10-20%)
G.NETWORK COMMUNICATIONS LIMITED,Telecoms,10.9,-0.4,21.9,250 to 499,High (10-20%)
SAMARITANS,Membership Orgs,10.9,3.6,58.0,250 to 499,High (10-20%)
J.P. MORGAN SE - LONDON BRANCH,Other,10.9,9.7,36.1,1000 to 4999,High (10-20%)
MISSION SYSTEMS WIMBORNE LIMITED,Machinery,10.9,8.2,10.5,500 to 999,High (10-20%)
ROCHE PRODUCTS LIMITED,Wholesale,10.9,6.9,48.3,1000 to 4999,High (10-20%)
ROYAL SOCIETY OF CHEMISTRY (THE),Other,10.9,13.9,49.1,500 to 999,High (10-20%)
CAVU GROUP LIMITED,Personal Services,10.9,6.4,37.2,250 to 499,High (10-20%)
MOTOR NEURONE DISEASE ASSOCIATION,Healthcare,10.9,9.0,67.6,250 to 499,High (10-20%)
LEXINGTON CATERING LIMITED,Business Support,10.9,4.9,38.4,1000 to 4999,High (10-20%)
POWERDAY PLC,Waste Management,10.9,8.9,10.7,250 to 499,High (10-20%)
BEW ELECTRICAL DISTRIBUTORS LIMITED,Wholesale,10.9,-7.7,12.9,250 to 499,High (10-20%)
THE UNIVERSITY OF CHICHESTER,Education,10.9,8.2,50.2,500 to 999,High (10-20%)
VOLVO GROUP UK LIMITED,Motor Trade,10.88,15.81,16.4,1000 to 4999,High (10-20%)
Erewash Borough Council,Other,10.87,0.0,44.1,250 to 499,High (10-20%)
SEETEC BUSINESS TECHNOLOGY CENTRE LIMITED,Education,10.87,3.75,60.0,1000 to 4999,High (10-20%)
SUN CHEMICAL LIMITED,Chemicals,10.87,5.08,0.0,500 to 999,High (10-20%)
MONICA VINADER LIMITED,Other Manufacturing,10.87,0.07,82.5,250 to 499,High (10-20%)
Royal Northern College of Music,Other,10.86,18.84,42.4,500 to 999,High (10-20%)
THE SANDWELL COMMUNITY CARING TRUST,Healthcare,10.83,15.56,81.15,250 to 499,High (10-20%)
NEW DIRECTIONS EDUCATION LIMITED,Employment Agencies,10.83,0.0,85.57,1000 to 4999,High (10-20%)
OXFORD INTERNATIONAL EDUCATION & TRAVEL LIMITED,Travel,10.82,5.57,49.0,500 to 999,High (10-20%)
"Cumbria, Northumberland, Tyne and Wear NHS Foundation Trust",Other,10.81,-0.99,72.5,"5000 to 19,999",High (10-20%)
WEALMOOR LIMITED,Wood Products,10.81,3.02,24.0,500 to 999,High (10-20%)
FUEL CARD SERVICES LIMITED,Wholesale,10.81,7.05,34.0,Less than 250,High (10-20%)
Aqa,Education,10.8,11.5,44.0,1000 to 4999,High (10-20%)
HOPEDALE CHILDREN AND FAMILY SERVICES LIMITED,Education,10.8,8.4,73.8,250 to 499,High (10-20%)
WESSEX EAGLE LIMITED,Leasing,10.8,10.9,6.0,250 to 499,High (10-20%)
QIAGEN MANCHESTER LIMITED,Research,10.8,12.0,52.0,Less than 250,High (10-20%)
General Medical Council,Other,10.8,5.3,55.6,1000 to 4999,High (10-20%)
GRS ROADSTONE GROUP LIMITED,Other,10.8,2.3,24.4,500 to 999,High (10-20%)
PENCARRIE LIMITED,Wholesale,10.8,3.4,40.0,250 to 499,High (10-20%)
LIQUIDLINE LIMITED,Wholesale,10.8,9.0,26.03,250 to 499,High (10-20%)
WATERFIELDS (LEIGH) LIMITED,Food Manufacturing,10.8,4.8,65.9,250 to 499,High (10-20%)
TESCO PERSONAL FINANCE LIMITED,Finance,10.8,17.0,41.1,500 to 999,High (10-20%)
Cardinal Newman Catholic School,Education,10.8,27.4,58.1,250 to 499,High (10-20%)
OVE ARUP & PARTNERS INTERNATIONAL LIMITED,Architecture/Engineering,10.8,13.2,31.3,"5000 to 19,999",High (10-20%)
"COMPASS GROUP, UK AND IRELAND LIMITED",Management Consulting,10.8,6.0,45.1,"20,000 or more",High (10-20%)
BOEING DEFENCE UK LIMITED,Public Admin,10.8,11.3,16.7,1000 to 4999,High (10-20%)
SERVICENOW UK LIMITED,IT Services,10.8,14.5,25.4,1000 to 4999,High (10-20%)
TURBINE SURFACE TECHNOLOGIES LIMITED,Fabricated Metals,10.8,4.8,14.3,500 to 999,High (10-20%)
GRANGE SCHOOL HARTFORD LIMITED(THE),Education,10.8,19.1,63.1,250 to 499,High (10-20%)
VERALLIA UK LIMITED,Non-Metallic Minerals,10.8,13.4,13.1,500 to 999,High (10-20%)
AXA UK PLC,Management Consulting,10.8,11.0,39.3,1000 to 4999,High (10-20%)
MARKS AND SPENCER P.L.C.,Retail,10.8,5.5,56.0,"20,000 or more",High (10-20%)
Gonville & Caius College,Education,10.8,13.2,36.4,250 to 499,High (10-20%)
HIGH LIFE HIGHLAND,Education,10.8,17.8,53.0,500 to 999,High (10-20%)
WORLD OF BOOKS GROUP LTD,Retail,10.8,5.9,37.7,250 to 499,High (10-20%)
Warwickshire College,Other,10.79,11.04,61.0,500 to 999,High (10-20%)
ST JOHN'S COLLEGE OXFORD,Other,10.78,13.62,41.0,500 to 999,High (10-20%)
SAINT-GOBAIN CONSTRUCTION PRODUCTS UK LIMITED,Facilities,10.76,19.87,14.95,1000 to 4999,High (10-20%)
THE GRAMMAR SCHOOL AT LEEDS,Education,10.76,24.51,78.13,250 to 499,High (10-20%)
EASTBOURNE COLLEGE (INCORPORATED),Education,10.75,22.84,40.91,250 to 499,High (10-20%)
VICTORIAN HOUSE (SALES) LTD,Rubber/Plastics,10.74,1.0,12.7,250 to 499,High (10-20%)
RADISH FOOD SERVICES GROUP LIMITED,Food & Beverage,10.73,1.12,62.0,Less than 250,High (10-20%)
STEVE HOSKIN CONSTRUCTION LIMITED,Construction,10.73,10.94,4.0,250 to 499,High (10-20%)
EVIDEN TECHNOLOGY SERVICES LIMITED,Other,10.72,13.4,19.41,1000 to 4999,High (10-20%)
SWFT CLINICAL SERVICES LTD,Healthcare,10.7047,3.6539,55.56,250 to 499,High (10-20%)
SELCO TRADE CENTRES LIMITED,Wholesale,10.7,2.06,20.66,1000 to 4999,High (10-20%)
Gloucester City Council,Other,10.7,5.2,50.7,250 to 499,High (10-20%)
THE RIVERSIDE GROUP LIMITED,Other,10.7,11.8,50.3,1000 to 4999,High (10-20%)
FITCH SOLUTIONS GROUP LIMITED,Finance,10.7,4.8,39.0,250 to 499,High (10-20%)
THURLOW NUNN LIMITED,Motor Trade,10.7,3.7,12.7,500 to 999,High (10-20%)
SHELL U.K. LIMITED,Telecoms,10.7,9.4,17.0,1000 to 4999,High (10-20%)
TOWER HAMLETS GP CARE GROUP CIC,Healthcare,10.7,-12.29,75.0,500 to 999,High (10-20%)
BGIS GLOBAL INTEGRATED SOLUTIONS LIMITED,Facilities,10.7,6.4,15.24,250 to 499,High (10-20%)
NATURES WAY FOODS EUROPE LIMITED,Finance,10.7,3.7,25.2,1000 to 4999,High (10-20%)
BOEING COMMERCIAL AVIATION SERVICES EUROPE LIMITED,Warehousing,10.7,7.6,8.9,250 to 499,High (10-20%)
SPECIALITY STEEL UK LIMITED,Basic Metals,10.7,12.9,3.8,1000 to 4999,High (10-20%)
SYNEOS HEALTH UK LIMITED,Business Support,10.7,12.6,58.2,500 to 999,High (10-20%)
JAGEX LIMITED,IT Services,10.7,14.9,17.8,250 to 499,High (10-20%)
FERDINAND BILSTEIN UK LIMITED,Motor Trade,10.7,7.6,21.8,250 to 499,High (10-20%)
MOOG WOLVERHAMPTON LIMITED,Other Transport,10.7,11.5,10.71,500 to 999,High (10-20%)
ICON CLINICAL RESEARCH (U.K.) LIMITED,Research,10.7,6.4,61.9,1000 to 4999,High (10-20%)
Warwick District Council,Other,10.7,7.6,58.4,500 to 999,High (10-20%)
WAVIN LIMITED,Rubber/Plastics,10.7,14.3,13.53,500 to 999,High (10-20%)
BREVAN HOWARD ASSET MANAGEMENT SERVICES LIMITED,Finance,10.7,29.5,23.5,250 to 499,High (10-20%)
ARCHWAY LEARNING TRUST,Education,10.7,16.6,63.8,1000 to 4999,High (10-20%)
ENSCO SERVICES LIMITED,Libraries,10.7,18.3,1.7,500 to 999,High (10-20%)
ALFA HOTELS LIMITED,Hotels,10.7,6.3,37.7,500 to 999,High (10-20%)
Heathland and Whitefriars Federation,Other,10.69,26.7,69.83,250 to 499,High (10-20%)
CEPAC LIMITED,Paper,10.69,7.95,14.13,250 to 499,High (10-20%)
WILLIAMS LEA LIMITED,Business Support,10.68,11.21,41.26,500 to 999,High (10-20%)
KINGSTON GRAMMAR SCHOOL,Education,10.67,18.76,52.0,250 to 499,High (10-20%)
LAKELAND LIMITED,Retail,10.67,7.38,62.04,500 to 999,High (10-20%)
BRUNELCARE,Hotels,10.65,4.86,71.6,500 to 999,High (10-20%)
ARTHUR DAVID (FOOD WITH SERVICE) LIMITED,Wholesale,10.64,0.15,19.48,250 to 499,High (10-20%)
ARENA EVENT SERVICES GROUP LIMITED,Sports/Recreation,10.64,2.66,14.29,250 to 499,High (10-20%)
MOTOROLA SOLUTIONS UK LIMITED,Wholesale,10.63,15.99,27.05,500 to 999,High (10-20%)
Colchester Institute,Other,10.63,18.48,48.0,500 to 999,High (10-20%)
BRISTOL-MYERS SQUIBB PHARMACEUTICALS LIMITED,Pharmaceuticals,10.62,8.69,55.2,250 to 499,High (10-20%)
NIAB.,Other,10.61,3.81,40.0,250 to 499,High (10-20%)
AECOM INFRASTRUCTURE & ENVIRONMENT UK LIMITED,Professional Services,10.6,14.5,22.4,1000 to 4999,High (10-20%)
Devon Partnership Nhs Trust,Other,10.6,5.25,67.97,1000 to 4999,High (10-20%)
LONDON AND NORTH WESTERN RAILWAY COMPANY LIMITED,Land Transport,10.6,30.2,9.2,250 to 499,High (10-20%)
STEWARTS OF TAYSIDE LIMITED,Other,10.6,0.0,17.0,250 to 499,High (10-20%)
NORTHROP GRUMMAN UK LIMITED,Business Support,10.6,9.3,15.51,500 to 999,High (10-20%)
STUDY GROUP LIMITED,Education,10.6,1.3,47.1,500 to 999,High (10-20%)
DOMESTIC & GENERAL SERVICES LIMITED,Insurance,10.6,3.1,38.3,1000 to 4999,High (10-20%)
UBS BUSINESS SOLUTIONS AG,Other,10.6,12.0,26.8,1000 to 4999,High (10-20%)
NWF GROUP PLC,Management Consulting,10.6,12.0,18.6,1000 to 4999,High (10-20%)
SELWOOD HOUSING SOCIETY LIMITED,Real Estate,10.6,11.5,38.0,250 to 499,High (10-20%)
"T.J.SMITH AND NEPHEW,LIMITED",Chemicals,10.6,8.5,36.0,500 to 999,High (10-20%)
STATE STREET BANK AND TRUST COMPANY,Other,10.6,11.1,32.0,1000 to 4999,High (10-20%)
NIRVANA SPA & LEISURE LIMITED,Sports/Recreation,10.6,5.5,45.0,250 to 499,High (10-20%)
ARTHUR CHATWIN LIMITED,Food Manufacturing,10.6,3.2,50.0,250 to 499,High (10-20%)
CHEAM ACADEMIES NETWORK,Education,10.6,14.0,77.0,250 to 499,High (10-20%)
ABBOTT LABORATORIES LIMITED,Wholesale,10.6,12.7,39.6,500 to 999,High (10-20%)
HOWDEN JOINERY LIMITED,Retail,10.6,4.3,21.1,"5000 to 19,999",High (10-20%)
NHS South East London Integrated Care Board,Other,10.6,9.7,63.1,500 to 999,High (10-20%)
CBRE MANAGED SERVICES LIMITED,Business Support,10.59,16.67,22.0,"5000 to 19,999",High (10-20%)
Durham Constabulary,Other,10.59,19.59,35.0,1000 to 4999,High (10-20%)
YO! SUSHI UK LTD,Food & Beverage,10.59,0.0,41.0,500 to 999,High (10-20%)
GANT UK LIMITED,Wholesale,10.58,0.38,53.42,250 to 499,High (10-20%)
New College Durham,Other,10.58,19.78,63.4,500 to 999,High (10-20%)
Frank Field Education Trust Limited,Other,10.58,11.61,67.2,Less than 250,High (10-20%)
NHS Commissioning Board Special Authority,Other,10.58,11.2,54.09,"5000 to 19,999",High (10-20%)
NHS Surrey Heartlands ICB,Other,10.58,9.79,75.0,500 to 999,High (10-20%)
BUILD A ROCKET BOY LTD.,Business Support,10.58,14.67,15.38,250 to 499,High (10-20%)
COVERIS FLEXIBLES (GAINSBOROUGH) UK LIMITED,Rubber/Plastics,10.57,12.99,16.25,250 to 499,High (10-20%)
RITTAL-C S M LIMITED,Fabricated Metals,10.57,6.61,7.41,500 to 999,High (10-20%)
APACHE NORTH SEA PRODUCTION LIMITED,Business Support,10.57,11.97,6.35,250 to 499,High (10-20%)
STADLER RAIL SERVICE UK LIMITED,Other,10.54,25.62,8.82,250 to 499,High (10-20%)
MAKING SPACE,Healthcare,10.54,-0.24,78.0,500 to 999,High (10-20%)
SHARPS BEDROOMS LIMITED,Other,10.54,2.88,27.0,500 to 999,High (10-20%)
INTERNATIONAL LOGISTICS GROUP LIMITED,Land Transport,10.53,0.85,39.73,500 to 999,High (10-20%)
Arden Forest C of E Multi Academy Trust,Other,10.53,10.66,92.44,250 to 499,High (10-20%)
FIRST CENTRAL INSURANCE MANAGEMENT LIMITED,Financial Support,10.52,8.03,39.0,500 to 999,High (10-20%)
SCANIA (GREAT BRITAIN) LIMITED,Motor Trade,10.51,22.01,18.37,1000 to 4999,High (10-20%)
ENVISION PHARMA HOLDCO LIMITED,Professional Services,10.5,8.0,48.4,250 to 499,High (10-20%)
REGENERON UK LIMITED,Research,10.5,9.4,56.5,250 to 499,High (10-20%)
SHOP DIRECT HOME SHOPPING LIMITED,Retail,10.5,-1.3,43.4,1000 to 4999,High (10-20%)
DEPOP LIMITED,Business Support,10.5,15.0,42.0,250 to 499,High (10-20%)
PARKDEAN RESORTS UK LIMITED,Management Consulting,10.5,1.05,42.7,"5000 to 19,999",High (10-20%)
H&M HENNES & MAURITZ UK LIMITED,Retail,10.5,0.0,69.4,"5000 to 19,999",High (10-20%)
Natural History Museum,Libraries,10.5,8.2,51.3,1000 to 4999,High (10-20%)
POINT NORTH COMMUNITY FOUNDATION,Business Support,10.5,36.3,50.0,Less than 250,High (10-20%)
DAME ALLAN'S SCHOOLS,Education,10.5,10.6,62.9,250 to 499,High (10-20%)
EGTON MEDICAL INFORMATION SYSTEMS LIMITED,IT Services,10.5,5.0,27.5,1000 to 4999,High (10-20%)
MOULTON BULB COMPANY LIMITED,Food Manufacturing,10.5,0.0,31.0,250 to 499,High (10-20%)
SPARSHOLT COLLEGE SERVICES LIMITED,Employment Agencies,10.5,4.41,60.0,250 to 499,High (10-20%)
Birmingham Community Healthcare NHS Foundation Trust,Other,10.5,-2.2,78.3,"5000 to 19,999",High (10-20%)
LHR AIRPORTS LIMITED,Air Transport,10.5,10.6,28.0,"5000 to 19,999",High (10-20%)
URBN UK LIMITED,Retail,10.5,2.1,71.3,1000 to 4999,High (10-20%)
CALISEN METERING SERVICES LIMITED,Professional Services,10.5,10.2,9.4,1000 to 4999,High (10-20%)
DYSON TECHNOLOGY LIMITED,Electrical Equipment,10.5,8.8,26.0,1000 to 4999,High (10-20%)
APPLE EUROPE LIMITED,Business Support,10.5,11.0,37.3,1000 to 4999,High (10-20%)
ACCESS UK LTD,IT Services,10.5,14.5,30.4,1000 to 4999,High (10-20%)
ST. JOHN PAUL II MULTI ACADEMY COMPANY,Education,10.48,33.68,73.6,500 to 999,High (10-20%)
MOORES FURNITURE GROUP LIMITED,Other,10.48,4.28,14.29,250 to 499,High (10-20%)
Farnborough College of Technology,Other,10.47,16.9,65.7,250 to 499,High (10-20%)
COOPER PARRY ADVISORY LIMITED,Legal,10.47,11.45,53.89,500 to 999,High (10-20%)
FALCK FIRE SERVICES UK LIMITED,Healthcare,10.45,4.0,3.7,250 to 499,High (10-20%)
JMG GROUP INVESTMENTS LIMITED,Finance,10.44,7.5,20.2,500 to 999,High (10-20%)
St Monica Trust,Healthcare,10.43,0.14,72.58,1000 to 4999,High (10-20%)
CITY OF LONDON ACADEMIES TRUST,Education,10.42,15.27,59.0,1000 to 4999,High (10-20%)
ND CARE & SUPPORT LIMITED,Employment Agencies,10.42,2.58,84.91,Less than 250,High (10-20%)
THE ROYAL MASONIC BENEVOLENT INSTITUTION CARE COMPANY,Residential Care,10.42,2.98,71.33,1000 to 4999,High (10-20%)
"WALTER TIPPER,LIMITED",Wholesale,10.41,7.31,1.72,250 to 499,High (10-20%)
SIGNATURE FLATBREADS (UK) LTD,Food Manufacturing,10.4,1.0,19.0,1000 to 4999,High (10-20%)
W.H.BOWKER LIMITED,Land Transport,10.4,7.0,10.9,500 to 999,High (10-20%)
AUTO-SLEEPERS GROUP LIMITED,Motor Vehicles,10.4,1.8,17.0,250 to 499,High (10-20%)
DIGNITY FUNERALS LIMITED,Personal Services,10.4,3.3,33.8,1000 to 4999,High (10-20%)
TURNER & TOWNSEND LIMITED,Business Support,10.4,22.4,47.6,250 to 499,High (10-20%)
NATIONAL SOCIETY FOR THE PREVENTION OF CRUELTY TO CHILDREN,Other,10.4,6.8,72.0,1000 to 4999,High (10-20%)
The Royal British Legion,Social Work,10.4,8.2,67.0,1000 to 4999,High (10-20%)
ANCHOR HANOVER GROUP,Other,10.4,1.8,69.14,"5000 to 19,999",High (10-20%)
University of Northumbria at Newcastle,Other,10.4,13.5,41.9,1000 to 4999,High (10-20%)
ARAMARK DEFENCE SERVICES LIMITED,Facilities,10.4,0.0,43.7,"5000 to 19,999",High (10-20%)
THE FINANCIAL REPORTING COUNCIL LIMITED,Professional Services,10.4,5.3,48.7,250 to 499,High (10-20%)
NORTH HIGHLAND UK LIMITED,Management Consulting,10.4,9.2,36.6,250 to 499,High (10-20%)
ROLLS-ROYCE SOLUTIONS UK LIMITED,Other,10.4,7.9,13.0,250 to 499,High (10-20%)
CHARLES TYRWHITT SHIRTS LIMITED,Retail,10.4,-0.9,52.8,500 to 999,High (10-20%)
WEST KENT HOUSING ASSOCIATION,Other,10.4,18.2,60.7,250 to 499,High (10-20%)
TIGER RETAIL LIMITED,Retail,10.4,11.4,60.0,500 to 999,High (10-20%)
LEICESTER GRAMMAR SCHOOL TRUST,Education,10.4,4.2,60.0,250 to 499,High (10-20%)
LIBRA TEXTILES LIMITED,Retail,10.4,0.0,60.3,500 to 999,High (10-20%)
AUTO-SLEEPERS INVESTMENTS LIMITED,Management Consulting,10.4,1.8,17.0,250 to 499,High (10-20%)
CONNECT EDUCATION TRUST,Education,10.4,28.64,84.91,250 to 499,High (10-20%)
IBM UNITED KINGDOM LIMITED,Electronics,10.4,11.1,24.0,"5000 to 19,999",High (10-20%)
WATES PROPERTY SERVICES LIMITED,Personal Services,10.4,12.0,23.5,1000 to 4999,High (10-20%)
CIS SECURITY LTD,Security,10.39,15.26,7.0,1000 to 4999,High (10-20%)
MEDIQ HEALTHCARE UK LIMITED,Wholesale,10.38,-5.78,44.04,250 to 499,High (10-20%)
THE AUTOMATION PARTNERSHIP (CAMBRIDGE) LIMITED,Other Manufacturing,10.37,13.38,16.67,250 to 499,High (10-20%)
West Yorkshire Police,Other,10.35,16.83,31.96,"5000 to 19,999",High (10-20%)
CMA CGM (UK) SHIPPING LIMITED,Water Transport,10.32,13.34,36.0,250 to 499,High (10-20%)
Craven College,Other,10.31,19.12,54.0,250 to 499,High (10-20%)
LADBROKES BETTING & GAMING LIMITED,Gambling,10.31,3.57,39.06,"5000 to 19,999",High (10-20%)
BESTWAY WHOLESALE LIMITED,Wholesale,10.3,4.2,23.1,1000 to 4999,High (10-20%)
CFC UNDERWRITING LIMITED,Insurance,10.3,18.9,32.5,500 to 999,High (10-20%)
LEISURE EMPLOYMENT SERVICES LIMITED,Professional Services,10.3,0.0,43.6,"5000 to 19,999",High (10-20%)
THISTLE SEAFOODS LIMITED,Food Manufacturing,10.3,6.0,14.0,500 to 999,High (10-20%)
KIMBOLTON SCHOOL,Education,10.3,8.9,47.8,250 to 499,High (10-20%)
ALPHASIGHTS LTD,Information Services,10.3,5.0,48.7,250 to 499,High (10-20%)
P.F.D.(CARLISLE)LIMITED,Wholesale,10.3,13.0,17.9,250 to 499,High (10-20%)
ESSENTRA COMPONENTS LIMITED,Rubber/Plastics,10.3,-3.7,37.0,250 to 499,High (10-20%)
GAMESYS LIMITED,IT Services,10.3,8.3,24.7,250 to 499,High (10-20%)
MCLAREN AUTOMOTIVE LIMITED,Motor Vehicles,10.3,4.8,13.0,1000 to 4999,High (10-20%)
BMW (UK) LIMITED,Motor Trade,10.3,9.9,29.0,250 to 499,High (10-20%)
TRIBAL EDUCATION LIMITED,Education,10.3,11.3,29.8,250 to 499,High (10-20%)
TPXIMPACT LIMITED,IT Services,10.3,10.8,39.6,250 to 499,High (10-20%)
Suffolk New College,Other,10.3,16.2,42.9,500 to 999,High (10-20%)
GIRLS' LEARNING TRUST,Education,10.3,14.1,77.87,250 to 499,High (10-20%)
EVOLVE FACILITY SERVICES LIMITED,Specialist Construction,10.3,19.3,35.0,500 to 999,High (10-20%)
Hampshire and Isle of Wight Healthcare NHS Foundation Trust,Other,10.3,1.7,86.3,"5000 to 19,999",High (10-20%)
SUNRISE RECORDS AND ENTERTAINMENT LIMITED,Retail,10.3,0.0,33.6,1000 to 4999,High (10-20%)
ELIOR UK PLC,Food & Beverage,10.3,7.4,44.0,1000 to 4999,High (10-20%)
ALLEN OVERY SHEARMAN STERLING (SSF) LIMITED,Business Support,10.3,9.2,52.0,500 to 999,High (10-20%)
CENNOX LIMITED,Personal Services,10.3,12.4,18.8,250 to 499,High (10-20%)
CAWINGREDIENTS LIMITED,Other,10.3,15.7,14.5,500 to 999,High (10-20%)
NATIONAL ASSOCIATION OF CITIZENS ADVICE BUREAUX(THE),Education,10.3,10.3,59.0,1000 to 4999,High (10-20%)
FRESHFIELDS SERVICE COMPANY,Business Support,10.3,21.6,53.8,1000 to 4999,High (10-20%)
W.C. ROWE (FALMOUTH) LIMITED,Food Manufacturing,10.3,6.2,29.5,250 to 499,High (10-20%)
ETEX BUILDING PERFORMANCE LIMITED,Non-Metallic Minerals,10.3,12.35,18.0,500 to 999,High (10-20%)
FIS CAPITAL MARKETS UK LIMITED,IT Services,10.29,11.88,24.9,1000 to 4999,High (10-20%)
ANABAS (UK 2) LIMITED,Business Support,10.29,0.04,33.14,500 to 999,High (10-20%)
ARUK GLOBAL LIMITED,Business Support,10.27,14.7,21.43,250 to 499,High (10-20%)
THE CELTIC MANOR RESORT LIMITED,Hotels,10.26,0.81,39.1,1000 to 4999,High (10-20%)
HAMTON ENVIRONMENTAL SERVICES LIMITED,Facilities,10.26,10.31,23.1,250 to 499,High (10-20%)
RADIUS SYSTEMS LIMITED,Rubber/Plastics,10.26,10.43,19.44,250 to 499,High (10-20%)
UK HAIRDRESSERS 2019 LIMITED,Personal Services,10.22,4.87,90.26,500 to 999,High (10-20%)
NTT LTD GROUP SERVICES UNITED KINGDOM LIMITED,Management Consulting,10.22,15.0,25.76,250 to 499,High (10-20%)
LAGARDÈRE TRAVEL RETAIL (UK) LTD,Retail,10.22,0.99,55.17,250 to 499,High (10-20%)
4MOST (EUROPE) LIMITED,Business Support,10.2,17.2,30.0,Less than 250,High (10-20%)
FIRST CLASS SUPPLY & TUTORING LIMITED,Employment Agencies,10.2,13.0,68.0,250 to 499,High (10-20%)
NATIONAL GRID ELECTRICITY DISTRIBUTION (SOUTH WEST) PLC,Utilities,10.2,9.4,11.5,1000 to 4999,High (10-20%)
LIMITLESS DIGITAL GROUP LTD,Retail,10.2,-0.3,34.6,250 to 499,High (10-20%)
SCOT J C B LIMITED,Wholesale,10.2,22.8,11.2,250 to 499,High (10-20%)
SCOT JCB (HOLDINGS) LIMITED,Wholesale,10.2,22.8,11.2,250 to 499,High (10-20%)
AGH SOLUTIONS LIMITED,Business Support,10.2,5.86,44.8,250 to 499,High (10-20%)
RALPH TRUSTEES LIMITED,Business Support,10.2,-1.8,49.2,500 to 999,High (10-20%)
ADELPHI GROUP LIMITED,Business Support,10.2,0.0,59.1,250 to 499,High (10-20%)
BABCOCK AEROSPACE LIMITED,Public Admin,10.2,14.1,10.6,1000 to 4999,High (10-20%)
GXO LOGISTICS UK II LIMITED,Professional Services,10.2,13.6,33.2,"5000 to 19,999",High (10-20%)
REDCAT PUB COMPANY LIMITED,Food & Beverage,10.2,0.0,37.3,1000 to 4999,High (10-20%)
PEMBROKE COLLEGE OXFORD,Other,10.2,26.2,39.0,250 to 499,High (10-20%)
East Suffolk Council,Other,10.2,11.3,48.9,1000 to 4999,High (10-20%)
North Norfolk District Council,Other,10.2,7.3,54.2,250 to 499,High (10-20%)
OVIVA UK LIMITED,Healthcare,10.2,-3.0,69.7,1000 to 4999,High (10-20%)
EXCEED ACADEMIES TRUST,Education,10.2,22.4,81.9,500 to 999,High (10-20%)
SKY IN-HOME SERVICE LIMITED,Film/TV,10.2,13.9,5.0,1000 to 4999,High (10-20%)
LOCKHEED MARTIN UK LIMITED,Professional Services,10.2,13.1,19.1,500 to 999,High (10-20%)
LAWCRIS PANEL PRODUCTS LIMITED,Wholesale,10.2,0.0,7.8,250 to 499,High (10-20%)
EAST MIDLANDS INTERNATIONAL AIRPORT LIMITED,Air Transport,10.2,6.4,29.4,500 to 999,High (10-20%)
PA HOUSING LIMITED,Real Estate,10.18,7.25,41.7,500 to 999,High (10-20%)
NPL MANAGEMENT LIMITED,Personal Services,10.18,16.96,28.3,1000 to 4999,High (10-20%)
WYBOSTON LAKES LIMITED,Construction,10.18,11.48,48.0,250 to 499,High (10-20%)
RICARDO UK LIMITED,Machinery,10.17,6.34,12.0,250 to 499,High (10-20%)
BRIDGEWAY CONSULTING LIMITED,Other,10.17,8.71,13.89,250 to 499,High (10-20%)
FORHOUSING LIMITED,Other,10.17,5.99,39.37,500 to 999,High (10-20%)
ATLAS COPCO LIMITED,Business Support,10.15,7.34,13.0,250 to 499,High (10-20%)
CRUDEN HOMES LIMITED,Construction,10.15,-0.15,12.07,Less than 250,High (10-20%)
WAVE ACTIVE LIMITED,Sports/Recreation,10.15,-9.45,62.5,250 to 499,High (10-20%)
GENOME RESEARCH LIMITED,Research,10.14,8.18,48.4,1000 to 4999,High (10-20%)
MII ENGINEERING LIMITED,Architecture/Engineering,10.13,24.63,1.3,250 to 499,High (10-20%)
WALTERS RESOURCES LIMITED,Air Transport,10.13,3.36,1.08,500 to 999,High (10-20%)
CONNECT CATERING LIMITED,Food & Beverage,10.13,23.67,42.11,250 to 499,High (10-20%)
WOODLAND TRUST(THE),Pharmaceuticals,10.12,8.42,42.86,500 to 999,High (10-20%)
MAGDALEN COLLEGE SCHOOL OXFORD LIMITED,Education,10.12,23.64,38.03,250 to 499,High (10-20%)
CITY BUILDING (CONTRACTS) LLP,Other,10.1,2.1,5.88,Less than 250,High (10-20%)
GFT FINANCIAL LIMITED,IT Services,10.1,4.09,23.91,Less than 250,High (10-20%)
INTERNATIONAL BACCALAUREATE ORGANIZATION (UK) LIMITED,Business Support,10.1,7.5,54.0,250 to 499,High (10-20%)
GOODRICH ACTUATION SYSTEMS LIMITED,Other Transport,10.1,11.2,14.0,1000 to 4999,High (10-20%)
INTERNATIONAL PAINT LIMITED,Chemicals,10.1,3.2,25.0,500 to 999,High (10-20%)
THE MEAD EDUCATIONAL TRUST,Education,10.1,13.5,77.1,1000 to 4999,High (10-20%)
ONEBRIGHT LIMITED,Healthcare,10.1,-13.15,72.22,250 to 499,High (10-20%)
PARAGON EDUCATION & SKILLS LIMITED,Education,10.1,14.3,65.4,250 to 499,High (10-20%)
DELT SHARED SERVICES LIMITED,Business Support,10.1,12.0,29.5,250 to 499,High (10-20%)
KINGSCLERE NURSERIES LIMITED,Education,10.1,2.7,82.5,Less than 250,High (10-20%)
Warrington Borough Council,Other,10.1,10.9,65.0,1000 to 4999,High (10-20%)
Oxford City Council,Other,10.1,3.1,45.41,500 to 999,High (10-20%)
EVOTEC (UK) LIMITED,Research,10.1,12.4,37.4,250 to 499,High (10-20%)
Bedfordshire Fire & Rescue Service,Other,10.1,4.6,29.07,500 to 999,High (10-20%)
NATURES WAY FOODS LIMITED,Food Manufacturing,10.1,3.7,25.3,1000 to 4999,High (10-20%)
U K Atomic Energy Authority,Public Admin,10.1,23.78,21.0,1000 to 4999,High (10-20%)
EXXONMOBIL CHEMICAL LIMITED,Petroleum,10.1,12.3,11.3,500 to 999,High (10-20%)
COTY UK&I LTD,Retail,10.1,10.1,82.1,250 to 499,High (10-20%)
University College School,Education,10.1,20.8,36.1,250 to 499,High (10-20%)
MOODY'S INVESTORS SERVICE LIMITED,Information Services,10.1,11.2,32.3,250 to 499,High (10-20%)
WPP PRODUCTION LIMITED,Management Consulting,10.1,14.4,42.3,1000 to 4999,High (10-20%)
NIMAX THEATRES LIMITED,Arts,10.1,21.9,38.0,250 to 499,High (10-20%)
DORCHESTER HOTEL LIMITED,Hotels,10.09,6.98,40.0,500 to 999,High (10-20%)
SCOTTISHPOWER RENEWABLES (UK) LIMITED,Utilities,10.08,10.35,26.0,500 to 999,High (10-20%)
MAKITA MANUFACTURING EUROPE LIMITED,Machinery,10.08,0.67,33.78,250 to 499,High (10-20%)
Shropshire Council,Other,10.07,12.42,67.79,1000 to 4999,High (10-20%)
BENUGO LIMITED,Food & Beverage,10.06,5.33,43.68,1000 to 4999,High (10-20%)
DONALDSON FILTRATION (GB) LIMITED,Fabricated Metals,10.05,-3.78,9.86,250 to 499,High (10-20%)
JESUS COLLEGE CAMBRIDGE,Other,10.05,10.26,46.0,250 to 499,High (10-20%)
SYNERGY HEALTH MANAGED SERVICES LIMITED,Healthcare,10.05,4.19,20.2,500 to 999,High (10-20%)
TILIA HOMES LIMITED,Construction,10.04,19.77,38.0,250 to 499,High (10-20%)
MULTIVERSE GROUP LIMITED,IT Services,10.01,13.32,38.85,500 to 999,High (10-20%)
BIRMINGHAM HOSPICE,Healthcare,10.01,19.52,84.71,250 to 499,High (10-20%)
HOZELOCK LIMITED,Rubber/Plastics,10.01,10.48,29.0,250 to 499,High (10-20%)
Leeds College Of Building,Other,10.01,22.55,28.28,250 to 499,High (10-20%)
