customer_id,touchpoint_order,total_touchpoints,channel,converted,revenue
1,1,6,Google Search,0,0.0
1,2,6,Direct,0,0.0
1,3,6,Facebook,0,0.0
1,4,6,Google Search,0,0.0
1,5,6,Google Search,0,0.0
1,6,6,Direct,0,0.0
2,1,5,Email,1,0.0
2,2,5,Google Search,1,0.0
2,3,5,Facebook,1,0.0
2,4,5,Instagram,1,0.0
2,5,5,Google Search,1,127.45
3,1,6,YouTube,1,0.0
3,2,6,Email,1,0.0
3,3,6,Instagram,1,0.0
3,4,6,Facebook,1,0.0
3,5,6,Organic SEO,1,0.0
3,6,6,Direct,1,81.71
4,1,4,Email,1,0.0
4,2,4,Facebook,1,0.0
4,3,4,Organic SEO,1,0.0
4,4,4,Email,1,141.65
5,1,1,Email,1,261.42
6,1,3,Direct,0,0.0
6,2,3,Direct,0,0.0
6,3,3,Instagram,0,0.0
7,1,4,Google Search,0,0.0
7,2,4,Email,0,0.0
7,3,4,YouTube,0,0.0
7,4,4,Organic SEO,0,0.0
8,1,2,YouTube,1,0.0
8,2,2,Google Search,1,76.41
9,1,3,Organic SEO,0,0.0
9,2,3,Direct,0,0.0
9,3,3,Organic SEO,0,0.0
10,1,4,YouTube,1,0.0
10,2,4,Email,1,0.0
10,3,4,Email,1,0.0
10,4,4,Facebook,1,76.41
11,1,6,YouTube,0,0.0
11,2,6,YouTube,0,0.0
11,3,6,Facebook,0,0.0
11,4,6,Direct,0,0.0
11,5,6,Facebook,0,0.0
11,6,6,Email,0,0.0
12,1,6,YouTube,0,0.0
12,2,6,Facebook,0,0.0
12,3,6,Email,0,0.0
12,4,6,Direct,0,0.0
12,5,6,Google Search,0,0.0
12,6,6,Direct,0,0.0
13,1,4,Facebook,1,0.0
13,2,4,Facebook,1,0.0
13,3,4,Organic SEO,1,0.0
13,4,4,Organic SEO,1,271.9
14,1,6,Instagram,0,0.0
14,2,6,Organic SEO,0,0.0
14,3,6,YouTube,0,0.0
14,4,6,Facebook,0,0.0
14,5,6,Google Search,0,0.0
14,6,6,Direct,0,0.0
15,1,6,YouTube,1,0.0
15,2,6,Organic SEO,1,0.0
15,3,6,Email,1,0.0
15,4,6,Facebook,1,0.0
15,5,6,Organic SEO,1,0.0
15,6,6,Instagram,1,154.04
16,1,1,Organic SEO,1,64.8
17,1,2,Direct,1,0.0
17,2,2,Email,1,131.6
18,1,4,YouTube,0,0.0
18,2,4,Instagram,0,0.0
18,3,4,Facebook,0,0.0
18,4,4,Instagram,0,0.0
19,1,6,Direct,0,0.0
19,2,6,YouTube,0,0.0
19,3,6,Instagram,0,0.0
19,4,6,Facebook,0,0.0
19,5,6,YouTube,0,0.0
19,6,6,Google Search,0,0.0
20,1,4,Google Search,0,0.0
20,2,4,Direct,0,0.0
20,3,4,Direct,0,0.0
20,4,4,Organic SEO,0,0.0
21,1,5,Organic SEO,1,0.0
21,2,5,Organic SEO,1,0.0
21,3,5,Email,1,0.0
21,4,5,YouTube,1,0.0
21,5,5,YouTube,1,65.08
22,1,2,Instagram,0,0.0
22,2,2,Direct,0,0.0
23,1,1,YouTube,0,0.0
24,1,1,Organic SEO,0,0.0
25,1,3,Facebook,1,0.0
25,2,3,Facebook,1,0.0
25,3,3,Instagram,1,64.97
26,1,6,Instagram,0,0.0
26,2,6,Google Search,0,0.0
26,3,6,Direct,0,0.0
26,4,6,Direct,0,0.0
26,5,6,Google Search,0,0.0
26,6,6,Instagram,0,0.0
27,1,3,Instagram,0,0.0
27,2,3,YouTube,0,0.0
27,3,3,Organic SEO,0,0.0
28,1,6,YouTube,0,0.0
28,2,6,YouTube,0,0.0
28,3,6,Email,0,0.0
28,4,6,YouTube,0,0.0
28,5,6,Email,0,0.0
28,6,6,Organic SEO,0,0.0
29,1,2,Facebook,0,0.0
29,2,2,Email,0,0.0
30,1,2,YouTube,0,0.0
30,2,2,Google Search,0,0.0
31,1,1,Facebook,0,0.0
32,1,3,Google Search,1,0.0
32,2,3,Facebook,1,0.0
32,3,3,YouTube,1,106.63
33,1,2,Direct,0,0.0
33,2,2,Organic SEO,0,0.0
34,1,2,Direct,1,0.0
34,2,2,Direct,1,23.59
35,1,1,YouTube,0,0.0
36,1,4,Instagram,1,0.0
36,2,4,Direct,1,0.0
36,3,4,YouTube,1,0.0
36,4,4,Organic SEO,1,26.91
37,1,4,Direct,0,0.0
37,2,4,Direct,0,0.0
37,3,4,Google Search,0,0.0
37,4,4,Facebook,0,0.0
38,1,2,Email,1,0.0
38,2,2,Facebook,1,60.73
39,1,1,Instagram,0,0.0
40,1,5,Google Search,0,0.0
40,2,5,YouTube,0,0.0
40,3,5,Instagram,0,0.0
40,4,5,Google Search,0,0.0
40,5,5,Google Search,0,0.0
41,1,2,Facebook,1,0.0
41,2,2,Instagram,1,44.3
42,1,4,Organic SEO,0,0.0
42,2,4,Facebook,0,0.0
42,3,4,Google Search,0,0.0
42,4,4,Email,0,0.0
43,1,4,Facebook,0,0.0
43,2,4,YouTube,0,0.0
43,3,4,Direct,0,0.0
43,4,4,Direct,0,0.0
44,1,4,Facebook,0,0.0
44,2,4,Email,0,0.0
44,3,4,Organic SEO,0,0.0
44,4,4,YouTube,0,0.0
45,1,6,Email,0,0.0
45,2,6,Google Search,0,0.0
45,3,6,Instagram,0,0.0
45,4,6,Organic SEO,0,0.0
45,5,6,Instagram,0,0.0
45,6,6,Google Search,0,0.0
46,1,2,Google Search,0,0.0
46,2,2,Google Search,0,0.0
47,1,4,Google Search,0,0.0
47,2,4,Organic SEO,0,0.0
47,3,4,Facebook,0,0.0
47,4,4,YouTube,0,0.0
48,1,4,YouTube,0,0.0
48,2,4,Instagram,0,0.0
48,3,4,Email,0,0.0
48,4,4,Facebook,0,0.0
49,1,3,Facebook,1,0.0
49,2,3,Email,1,0.0
49,3,3,YouTube,1,112.17
50,1,3,Organic SEO,0,0.0
50,2,3,Organic SEO,0,0.0
50,3,3,Google Search,0,0.0
51,1,5,Organic SEO,0,0.0
51,2,5,Google Search,0,0.0
51,3,5,Facebook,0,0.0
51,4,5,Facebook,0,0.0
51,5,5,Organic SEO,0,0.0
52,1,2,Email,0,0.0
52,2,2,Facebook,0,0.0
53,1,6,Email,0,0.0
53,2,6,Organic SEO,0,0.0
53,3,6,Direct,0,0.0
53,4,6,Instagram,0,0.0
53,5,6,YouTube,0,0.0
53,6,6,Instagram,0,0.0
54,1,1,Organic SEO,1,47.67
55,1,1,Organic SEO,0,0.0
56,1,2,Facebook,0,0.0
56,2,2,YouTube,0,0.0
57,1,2,YouTube,0,0.0
57,2,2,Direct,0,0.0
58,1,3,Organic SEO,0,0.0
58,2,3,Direct,0,0.0
58,3,3,Google Search,0,0.0
59,1,3,Google Search,0,0.0
59,2,3,Email,0,0.0
59,3,3,Google Search,0,0.0
60,1,2,Direct,0,0.0
60,2,2,Instagram,0,0.0
61,1,1,Google Search,0,0.0
62,1,6,Organic SEO,1,0.0
62,2,6,Instagram,1,0.0
62,3,6,Direct,1,0.0
62,4,6,YouTube,1,0.0
62,5,6,Facebook,1,0.0
62,6,6,Google Search,1,33.49
63,1,1,Organic SEO,1,251.13
64,1,2,YouTube,0,0.0
64,2,2,Email,0,0.0
65,1,4,Organic SEO,1,0.0
65,2,4,Direct,1,0.0
65,3,4,Organic SEO,1,0.0
65,4,4,Facebook,1,76.86
66,1,2,Organic SEO,0,0.0
66,2,2,Google Search,0,0.0
67,1,3,Direct,0,0.0
67,2,3,Email,0,0.0
67,3,3,YouTube,0,0.0
68,1,2,Facebook,1,0.0
68,2,2,Direct,1,94.37
69,1,1,Organic SEO,1,33.2
70,1,4,Email,0,0.0
70,2,4,Direct,0,0.0
70,3,4,Organic SEO,0,0.0
70,4,4,Facebook,0,0.0
71,1,4,Email,0,0.0
71,2,4,Organic SEO,0,0.0
71,3,4,Organic SEO,0,0.0
71,4,4,Facebook,0,0.0
72,1,4,YouTube,0,0.0
72,2,4,Direct,0,0.0
72,3,4,Email,0,0.0
72,4,4,Google Search,0,0.0
73,1,3,Facebook,1,0.0
73,2,3,Organic SEO,1,0.0
73,3,3,Facebook,1,61.49
74,1,4,Email,1,0.0
74,2,4,Direct,1,0.0
74,3,4,Instagram,1,0.0
74,4,4,Organic SEO,1,97.29
75,1,5,Facebook,0,0.0
75,2,5,Google Search,0,0.0
75,3,5,Instagram,0,0.0
75,4,5,Instagram,0,0.0
75,5,5,Direct,0,0.0
76,1,6,Direct,0,0.0
76,2,6,Facebook,0,0.0
76,3,6,Instagram,0,0.0
76,4,6,Organic SEO,0,0.0
76,5,6,Organic SEO,0,0.0
76,6,6,YouTube,0,0.0
77,1,1,Direct,1,40.22
78,1,3,YouTube,0,0.0
78,2,3,Email,0,0.0
78,3,3,YouTube,0,0.0
79,1,2,Email,0,0.0
79,2,2,Organic SEO,0,0.0
80,1,2,YouTube,0,0.0
80,2,2,Email,0,0.0
81,1,1,Email,1,117.1
82,1,5,YouTube,0,0.0
82,2,5,Email,0,0.0
82,3,5,Instagram,0,0.0
82,4,5,YouTube,0,0.0
82,5,5,Instagram,0,0.0
83,1,6,Facebook,0,0.0
83,2,6,Google Search,0,0.0
83,3,6,Instagram,0,0.0
83,4,6,YouTube,0,0.0
83,5,6,Email,0,0.0
83,6,6,Direct,0,0.0
84,1,6,Email,0,0.0
84,2,6,Direct,0,0.0
84,3,6,Facebook,0,0.0
84,4,6,Google Search,0,0.0
84,5,6,Organic SEO,0,0.0
84,6,6,YouTube,0,0.0
85,1,4,Email,0,0.0
85,2,4,YouTube,0,0.0
85,3,4,Facebook,0,0.0
85,4,4,YouTube,0,0.0
86,1,2,Facebook,0,0.0
86,2,2,YouTube,0,0.0
87,1,1,Direct,1,59.12
88,1,6,Instagram,0,0.0
88,2,6,Google Search,0,0.0
88,3,6,Facebook,0,0.0
88,4,6,Direct,0,0.0
88,5,6,Instagram,0,0.0
88,6,6,Direct,0,0.0
89,1,5,YouTube,0,0.0
89,2,5,Organic SEO,0,0.0
89,3,5,Organic SEO,0,0.0
89,4,5,YouTube,0,0.0
89,5,5,Direct,0,0.0
90,1,5,Instagram,0,0.0
90,2,5,Facebook,0,0.0
90,3,5,Organic SEO,0,0.0
90,4,5,Instagram,0,0.0
90,5,5,Direct,0,0.0
91,1,3,Direct,1,0.0
91,2,3,Instagram,1,0.0
91,3,3,YouTube,1,73.39
92,1,1,YouTube,1,59.07
93,1,3,Email,1,0.0
93,2,3,Instagram,1,0.0
93,3,3,Google Search,1,329.18
94,1,6,Facebook,0,0.0
94,2,6,Facebook,0,0.0
94,3,6,Email,0,0.0
94,4,6,Email,0,0.0
94,5,6,Instagram,0,0.0
94,6,6,Google Search,0,0.0
95,1,4,Organic SEO,0,0.0
95,2,4,YouTube,0,0.0
95,3,4,YouTube,0,0.0
95,4,4,Direct,0,0.0
96,1,4,Instagram,0,0.0
96,2,4,Organic SEO,0,0.0
96,3,4,Email,0,0.0
96,4,4,Email,0,0.0
97,1,4,Instagram,0,0.0
97,2,4,Direct,0,0.0
97,3,4,Direct,0,0.0
97,4,4,Organic SEO,0,0.0
98,1,3,Instagram,0,0.0
98,2,3,Google Search,0,0.0
98,3,3,Email,0,0.0
99,1,4,Direct,0,0.0
99,2,4,Direct,0,0.0
99,3,4,Organic SEO,0,0.0
99,4,4,Organic SEO,0,0.0
100,1,4,YouTube,0,0.0
100,2,4,YouTube,0,0.0
100,3,4,Google Search,0,0.0
100,4,4,Instagram,0,0.0
101,1,2,Google Search,1,0.0
101,2,2,Email,1,89.17
102,1,3,Email,0,0.0
102,2,3,Organic SEO,0,0.0
102,3,3,Facebook,0,0.0
103,1,4,Facebook,0,0.0
103,2,4,Google Search,0,0.0
103,3,4,Google Search,0,0.0
103,4,4,Instagram,0,0.0
104,1,3,Facebook,1,0.0
104,2,3,Google Search,1,0.0
104,3,3,Organic SEO,1,42.93
105,1,1,Organic SEO,1,160.1
106,1,1,YouTube,1,38.3
107,1,4,YouTube,0,0.0
107,2,4,Instagram,0,0.0
107,3,4,Facebook,0,0.0
107,4,4,YouTube,0,0.0
108,1,2,YouTube,0,0.0
108,2,2,Organic SEO,0,0.0
109,1,2,Organic SEO,1,0.0
109,2,2,Google Search,1,104.19
110,1,3,YouTube,0,0.0
110,2,3,Organic SEO,0,0.0
110,3,3,Email,0,0.0
111,1,2,Google Search,0,0.0
111,2,2,YouTube,0,0.0
112,1,1,YouTube,1,22.83
113,1,6,YouTube,0,0.0
113,2,6,Google Search,0,0.0
113,3,6,Organic SEO,0,0.0
113,4,6,Direct,0,0.0
113,5,6,Email,0,0.0
113,6,6,Email,0,0.0
114,1,5,YouTube,0,0.0
114,2,5,Google Search,0,0.0
114,3,5,Email,0,0.0
114,4,5,Instagram,0,0.0
114,5,5,Instagram,0,0.0
115,1,4,YouTube,1,0.0
115,2,4,Instagram,1,0.0
115,3,4,Direct,1,0.0
115,4,4,Organic SEO,1,35.53
116,1,5,Direct,1,0.0
116,2,5,Instagram,1,0.0
116,3,5,Direct,1,0.0
116,4,5,YouTube,1,0.0
116,5,5,Email,1,103.32
117,1,1,Facebook,0,0.0
118,1,4,Instagram,1,0.0
118,2,4,YouTube,1,0.0
118,3,4,Email,1,0.0
118,4,4,Instagram,1,150.95
119,1,4,Facebook,0,0.0
119,2,4,Direct,0,0.0
119,3,4,Email,0,0.0
119,4,4,Organic SEO,0,0.0
120,1,3,Instagram,1,0.0
120,2,3,Instagram,1,0.0
120,3,3,Facebook,1,101.49
121,1,4,Instagram,0,0.0
121,2,4,Direct,0,0.0
121,3,4,YouTube,0,0.0
121,4,4,YouTube,0,0.0
122,1,1,Google Search,1,83.02
123,1,6,Facebook,0,0.0
123,2,6,YouTube,0,0.0
123,3,6,Email,0,0.0
123,4,6,Instagram,0,0.0
123,5,6,Email,0,0.0
123,6,6,Organic SEO,0,0.0
124,1,3,YouTube,1,0.0
124,2,3,Facebook,1,0.0
124,3,3,Facebook,1,72.91
125,1,2,Email,0,0.0
125,2,2,Direct,0,0.0
126,1,6,Facebook,1,0.0
126,2,6,Facebook,1,0.0
126,3,6,Instagram,1,0.0
126,4,6,Direct,1,0.0
126,5,6,Organic SEO,1,0.0
126,6,6,Instagram,1,31.98
127,1,1,Direct,1,54.39
128,1,3,Facebook,1,0.0
128,2,3,Google Search,1,0.0
128,3,3,Instagram,1,65.21
129,1,1,Instagram,0,0.0
130,1,2,YouTube,1,0.0
130,2,2,Direct,1,188.67
131,1,1,YouTube,0,0.0
132,1,4,Email,1,0.0
132,2,4,Organic SEO,1,0.0
132,3,4,Facebook,1,0.0
132,4,4,Organic SEO,1,114.5
133,1,1,Email,1,26.2
134,1,6,YouTube,0,0.0
134,2,6,Facebook,0,0.0
134,3,6,Direct,0,0.0
134,4,6,Organic SEO,0,0.0
134,5,6,Google Search,0,0.0
134,6,6,Facebook,0,0.0
135,1,4,YouTube,0,0.0
135,2,4,Direct,0,0.0
135,3,4,Facebook,0,0.0
135,4,4,Instagram,0,0.0
136,1,4,Email,1,0.0
136,2,4,YouTube,1,0.0
136,3,4,Instagram,1,0.0
136,4,4,Instagram,1,112.94
137,1,6,Google Search,0,0.0
137,2,6,Direct,0,0.0
137,3,6,YouTube,0,0.0
137,4,6,Facebook,0,0.0
137,5,6,Google Search,0,0.0
137,6,6,Facebook,0,0.0
138,1,2,Google Search,0,0.0
138,2,2,Instagram,0,0.0
139,1,3,Google Search,0,0.0
139,2,3,Email,0,0.0
139,3,3,Facebook,0,0.0
140,1,1,YouTube,0,0.0
141,1,6,YouTube,1,0.0
141,2,6,Direct,1,0.0
141,3,6,Facebook,1,0.0
141,4,6,Google Search,1,0.0
141,5,6,Facebook,1,0.0
141,6,6,Facebook,1,68.75
142,1,2,Google Search,1,0.0
142,2,2,Facebook,1,56.04
143,1,6,Direct,1,0.0
143,2,6,Organic SEO,1,0.0
143,3,6,Instagram,1,0.0
143,4,6,Instagram,1,0.0
143,5,6,Email,1,0.0
143,6,6,Email,1,138.13
144,1,5,Instagram,1,0.0
144,2,5,Google Search,1,0.0
144,3,5,Google Search,1,0.0
144,4,5,Instagram,1,0.0
144,5,5,Email,1,185.25
145,1,1,Facebook,0,0.0
146,1,5,YouTube,0,0.0
146,2,5,Google Search,0,0.0
146,3,5,Direct,0,0.0
146,4,5,Direct,0,0.0
146,5,5,YouTube,0,0.0
147,1,2,Instagram,0,0.0
147,2,2,YouTube,0,0.0
148,1,2,Organic SEO,0,0.0
148,2,2,Instagram,0,0.0
149,1,1,Instagram,0,0.0
150,1,3,YouTube,0,0.0
150,2,3,Organic SEO,0,0.0
150,3,3,Email,0,0.0
151,1,3,YouTube,1,0.0
151,2,3,Email,1,0.0
151,3,3,Direct,1,172.76
152,1,1,Email,1,50.03
153,1,4,Organic SEO,0,0.0
153,2,4,Direct,0,0.0
153,3,4,Google Search,0,0.0
153,4,4,Organic SEO,0,0.0
154,1,1,Facebook,0,0.0
155,1,4,YouTube,0,0.0
155,2,4,Direct,0,0.0
155,3,4,Facebook,0,0.0
155,4,4,Instagram,0,0.0
156,1,4,Organic SEO,0,0.0
156,2,4,Instagram,0,0.0
156,3,4,Google Search,0,0.0
156,4,4,YouTube,0,0.0
157,1,6,Facebook,0,0.0
157,2,6,Instagram,0,0.0
157,3,6,Instagram,0,0.0
157,4,6,Google Search,0,0.0
157,5,6,Organic SEO,0,0.0
157,6,6,Organic SEO,0,0.0
158,1,1,YouTube,1,72.5
159,1,6,Email,1,0.0
159,2,6,YouTube,1,0.0
159,3,6,Email,1,0.0
159,4,6,Instagram,1,0.0
159,5,6,Instagram,1,0.0
159,6,6,Instagram,1,113.51
160,1,2,Organic SEO,0,0.0
160,2,2,Instagram,0,0.0
161,1,1,Facebook,0,0.0
162,1,4,Email,0,0.0
162,2,4,Direct,0,0.0
162,3,4,Facebook,0,0.0
162,4,4,Google Search,0,0.0
163,1,5,YouTube,1,0.0
163,2,5,YouTube,1,0.0
163,3,5,Organic SEO,1,0.0
163,4,5,Instagram,1,0.0
163,5,5,Instagram,1,178.2
164,1,5,Email,0,0.0
164,2,5,Organic SEO,0,0.0
164,3,5,Organic SEO,0,0.0
164,4,5,Organic SEO,0,0.0
164,5,5,Facebook,0,0.0
165,1,4,Google Search,0,0.0
165,2,4,Direct,0,0.0
165,3,4,YouTube,0,0.0
165,4,4,Direct,0,0.0
166,1,6,Direct,1,0.0
166,2,6,YouTube,1,0.0
166,3,6,Facebook,1,0.0
166,4,6,Organic SEO,1,0.0
166,5,6,Google Search,1,0.0
166,6,6,Organic SEO,1,64.37
167,1,1,Organic SEO,0,0.0
168,1,5,Organic SEO,1,0.0
168,2,5,Google Search,1,0.0
168,3,5,Facebook,1,0.0
168,4,5,Organic SEO,1,0.0
168,5,5,Organic SEO,1,79.05
169,1,3,Email,0,0.0
169,2,3,YouTube,0,0.0
169,3,3,YouTube,0,0.0
170,1,6,Organic SEO,1,0.0
170,2,6,Email,1,0.0
170,3,6,Email,1,0.0
170,4,6,Direct,1,0.0
170,5,6,Direct,1,0.0
170,6,6,Organic SEO,1,41.49
171,1,1,Facebook,0,0.0
172,1,3,Organic SEO,1,0.0
172,2,3,Direct,1,0.0
172,3,3,Instagram,1,38.96
173,1,6,YouTube,1,0.0
173,2,6,Google Search,1,0.0
173,3,6,Facebook,1,0.0
173,4,6,Email,1,0.0
173,5,6,Google Search,1,0.0
173,6,6,Email,1,158.98
174,1,3,Email,0,0.0
174,2,3,Facebook,0,0.0
174,3,3,Instagram,0,0.0
175,1,2,Facebook,0,0.0
175,2,2,Google Search,0,0.0
176,1,5,YouTube,0,0.0
176,2,5,Instagram,0,0.0
176,3,5,YouTube,0,0.0
176,4,5,Facebook,0,0.0
176,5,5,YouTube,0,0.0
177,1,6,Google Search,1,0.0
177,2,6,Direct,1,0.0
177,3,6,Organic SEO,1,0.0
177,4,6,YouTube,1,0.0
177,5,6,Facebook,1,0.0
177,6,6,Instagram,1,232.61
178,1,5,Email,0,0.0
178,2,5,Organic SEO,0,0.0
178,3,5,YouTube,0,0.0
178,4,5,Instagram,0,0.0
178,5,5,Email,0,0.0
179,1,4,Google Search,0,0.0
179,2,4,Email,0,0.0
179,3,4,Email,0,0.0
179,4,4,Email,0,0.0
180,1,1,Organic SEO,0,0.0
181,1,3,Google Search,0,0.0
181,2,3,Organic SEO,0,0.0
181,3,3,Direct,0,0.0
182,1,5,Direct,0,0.0
182,2,5,Direct,0,0.0
182,3,5,Organic SEO,0,0.0
182,4,5,Direct,0,0.0
182,5,5,Facebook,0,0.0
183,1,2,YouTube,0,0.0
183,2,2,YouTube,0,0.0
184,1,6,Direct,0,0.0
184,2,6,YouTube,0,0.0
184,3,6,Google Search,0,0.0
184,4,6,Google Search,0,0.0
184,5,6,YouTube,0,0.0
184,6,6,Google Search,0,0.0
185,1,1,YouTube,0,0.0
186,1,1,Organic SEO,1,85.59
187,1,4,Facebook,0,0.0
187,2,4,Google Search,0,0.0
187,3,4,Instagram,0,0.0
187,4,4,Organic SEO,0,0.0
188,1,3,Direct,0,0.0
188,2,3,Facebook,0,0.0
188,3,3,Direct,0,0.0
189,1,3,Direct,0,0.0
189,2,3,Email,0,0.0
189,3,3,Google Search,0,0.0
190,1,2,Direct,0,0.0
190,2,2,Facebook,0,0.0
191,1,6,Organic SEO,0,0.0
191,2,6,Organic SEO,0,0.0
191,3,6,Direct,0,0.0
191,4,6,Email,0,0.0
191,5,6,Direct,0,0.0
191,6,6,Google Search,0,0.0
192,1,4,Email,0,0.0
192,2,4,Direct,0,0.0
192,3,4,Facebook,0,0.0
192,4,4,Email,0,0.0
193,1,3,Google Search,0,0.0
193,2,3,Facebook,0,0.0
193,3,3,Google Search,0,0.0
194,1,5,Email,0,0.0
194,2,5,YouTube,0,0.0
194,3,5,YouTube,0,0.0
194,4,5,YouTube,0,0.0
194,5,5,Instagram,0,0.0
195,1,6,Email,0,0.0
195,2,6,Google Search,0,0.0
195,3,6,Organic SEO,0,0.0
195,4,6,Email,0,0.0
195,5,6,Instagram,0,0.0
195,6,6,Google Search,0,0.0
196,1,2,Email,0,0.0
196,2,2,Email,0,0.0
197,1,6,Organic SEO,0,0.0
197,2,6,Email,0,0.0
197,3,6,Direct,0,0.0
197,4,6,Facebook,0,0.0
197,5,6,Email,0,0.0
197,6,6,Google Search,0,0.0
198,1,4,Organic SEO,0,0.0
198,2,4,Facebook,0,0.0
198,3,4,YouTube,0,0.0
198,4,4,Facebook,0,0.0
199,1,2,Direct,0,0.0
199,2,2,Google Search,0,0.0
200,1,5,Organic SEO,0,0.0
200,2,5,YouTube,0,0.0
200,3,5,Google Search,0,0.0
200,4,5,Facebook,0,0.0
200,5,5,Organic SEO,0,0.0
201,1,4,Google Search,1,0.0
201,2,4,Facebook,1,0.0
201,3,4,YouTube,1,0.0
201,4,4,Organic SEO,1,181.72
202,1,3,Facebook,1,0.0
202,2,3,Google Search,1,0.0
202,3,3,Instagram,1,115.95
203,1,5,Facebook,0,0.0
203,2,5,Facebook,0,0.0
203,3,5,Organic SEO,0,0.0
203,4,5,Email,0,0.0
203,5,5,Facebook,0,0.0
204,1,1,Facebook,0,0.0
205,1,2,Instagram,1,0.0
205,2,2,Direct,1,57.31
206,1,1,Google Search,0,0.0
207,1,2,YouTube,1,0.0
207,2,2,Google Search,1,115.93
208,1,2,Direct,0,0.0
208,2,2,Instagram,0,0.0
209,1,4,Instagram,1,0.0
209,2,4,Email,1,0.0
209,3,4,YouTube,1,0.0
209,4,4,Instagram,1,264.18
210,1,5,Google Search,0,0.0
210,2,5,Direct,0,0.0
210,3,5,Organic SEO,0,0.0
210,4,5,Instagram,0,0.0
210,5,5,Instagram,0,0.0
211,1,1,Organic SEO,0,0.0
212,1,4,YouTube,1,0.0
212,2,4,Instagram,1,0.0
212,3,4,Organic SEO,1,0.0
212,4,4,Google Search,1,87.79
213,1,5,Facebook,0,0.0
213,2,5,Google Search,0,0.0
213,3,5,YouTube,0,0.0
213,4,5,YouTube,0,0.0
213,5,5,YouTube,0,0.0
214,1,5,Instagram,0,0.0
214,2,5,Instagram,0,0.0
214,3,5,YouTube,0,0.0
214,4,5,Google Search,0,0.0
214,5,5,YouTube,0,0.0
215,1,6,Organic SEO,0,0.0
215,2,6,Instagram,0,0.0
215,3,6,Organic SEO,0,0.0
215,4,6,Instagram,0,0.0
215,5,6,Organic SEO,0,0.0
215,6,6,Email,0,0.0
216,1,4,Email,0,0.0
216,2,4,Google Search,0,0.0
216,3,4,Email,0,0.0
216,4,4,YouTube,0,0.0
217,1,2,YouTube,1,0.0
217,2,2,Instagram,1,269.15
218,1,1,Google Search,1,14.38
219,1,6,Email,0,0.0
219,2,6,Google Search,0,0.0
219,3,6,Google Search,0,0.0
219,4,6,Organic SEO,0,0.0
219,5,6,Instagram,0,0.0
219,6,6,YouTube,0,0.0
220,1,6,Organic SEO,1,0.0
220,2,6,Email,1,0.0
220,3,6,Organic SEO,1,0.0
220,4,6,Google Search,1,0.0
220,5,6,Email,1,0.0
220,6,6,Email,1,160.03
221,1,5,Facebook,0,0.0
221,2,5,YouTube,0,0.0
221,3,5,Facebook,0,0.0
221,4,5,Google Search,0,0.0
221,5,5,Direct,0,0.0
222,1,3,YouTube,0,0.0
222,2,3,Direct,0,0.0
222,3,3,Direct,0,0.0
223,1,5,YouTube,1,0.0
223,2,5,YouTube,1,0.0
223,3,5,Google Search,1,0.0
223,4,5,Organic SEO,1,0.0
223,5,5,Direct,1,95.67
224,1,2,Facebook,0,0.0
224,2,2,Direct,0,0.0
225,1,3,Google Search,0,0.0
225,2,3,Organic SEO,0,0.0
225,3,3,Instagram,0,0.0
226,1,2,Direct,1,0.0
226,2,2,Organic SEO,1,73.02
227,1,5,Facebook,0,0.0
227,2,5,Email,0,0.0
227,3,5,Email,0,0.0
227,4,5,Email,0,0.0
227,5,5,Direct,0,0.0
228,1,5,YouTube,1,0.0
228,2,5,Organic SEO,1,0.0
228,3,5,Facebook,1,0.0
228,4,5,Direct,1,0.0
228,5,5,Google Search,1,95.99
229,1,4,YouTube,0,0.0
229,2,4,Instagram,0,0.0
229,3,4,Instagram,0,0.0
229,4,4,Facebook,0,0.0
230,1,1,Email,1,22.39
231,1,6,YouTube,1,0.0
231,2,6,Instagram,1,0.0
231,3,6,YouTube,1,0.0
231,4,6,Google Search,1,0.0
231,5,6,Email,1,0.0
231,6,6,YouTube,1,77.19
232,1,3,Organic SEO,1,0.0
232,2,3,Direct,1,0.0
232,3,3,Direct,1,115.58
233,1,1,Google Search,0,0.0
234,1,2,Google Search,1,0.0
234,2,2,Instagram,1,253.29
235,1,5,Direct,1,0.0
235,2,5,Direct,1,0.0
235,3,5,Google Search,1,0.0
235,4,5,Organic SEO,1,0.0
235,5,5,Google Search,1,62.63
236,1,1,Organic SEO,0,0.0
237,1,5,Email,1,0.0
237,2,5,YouTube,1,0.0
237,3,5,Email,1,0.0
237,4,5,Email,1,0.0
237,5,5,Organic SEO,1,51.11
238,1,5,Instagram,0,0.0
238,2,5,YouTube,0,0.0
238,3,5,Email,0,0.0
238,4,5,Instagram,0,0.0
238,5,5,Google Search,0,0.0
239,1,4,Instagram,1,0.0
239,2,4,Email,1,0.0
239,3,4,Email,1,0.0
239,4,4,Email,1,63.36
240,1,2,Google Search,0,0.0
240,2,2,YouTube,0,0.0
241,1,2,Organic SEO,0,0.0
241,2,2,Email,0,0.0
242,1,6,Direct,0,0.0
242,2,6,Facebook,0,0.0
242,3,6,Facebook,0,0.0
242,4,6,Facebook,0,0.0
242,5,6,YouTube,0,0.0
242,6,6,Direct,0,0.0
243,1,2,Organic SEO,0,0.0
243,2,2,YouTube,0,0.0
244,1,5,Direct,0,0.0
244,2,5,Instagram,0,0.0
244,3,5,Organic SEO,0,0.0
244,4,5,Instagram,0,0.0
244,5,5,YouTube,0,0.0
245,1,6,Email,0,0.0
245,2,6,Instagram,0,0.0
245,3,6,Instagram,0,0.0
245,4,6,YouTube,0,0.0
245,5,6,Direct,0,0.0
245,6,6,YouTube,0,0.0
246,1,1,Email,0,0.0
247,1,1,Email,1,170.85
248,1,6,Organic SEO,0,0.0
248,2,6,Direct,0,0.0
248,3,6,YouTube,0,0.0
248,4,6,Instagram,0,0.0
248,5,6,Instagram,0,0.0
248,6,6,Instagram,0,0.0
249,1,1,Instagram,0,0.0
250,1,6,Facebook,0,0.0
250,2,6,YouTube,0,0.0
250,3,6,Instagram,0,0.0
250,4,6,Organic SEO,0,0.0
250,5,6,Instagram,0,0.0
250,6,6,Direct,0,0.0
251,1,6,Google Search,0,0.0
251,2,6,YouTube,0,0.0
251,3,6,Google Search,0,0.0
251,4,6,YouTube,0,0.0
251,5,6,Organic SEO,0,0.0
251,6,6,Instagram,0,0.0
252,1,3,Email,1,0.0
252,2,3,Facebook,1,0.0
252,3,3,Email,1,113.31
253,1,5,Google Search,0,0.0
253,2,5,YouTube,0,0.0
253,3,5,Email,0,0.0
253,4,5,Email,0,0.0
253,5,5,Instagram,0,0.0
254,1,3,Direct,0,0.0
254,2,3,YouTube,0,0.0
254,3,3,Organic SEO,0,0.0
255,1,3,Google Search,1,0.0
255,2,3,YouTube,1,0.0
255,3,3,Organic SEO,1,62.13
256,1,6,YouTube,0,0.0
256,2,6,Email,0,0.0
256,3,6,YouTube,0,0.0
256,4,6,Organic SEO,0,0.0
256,5,6,Email,0,0.0
256,6,6,Email,0,0.0
257,1,2,YouTube,0,0.0
257,2,2,Direct,0,0.0
258,1,6,Organic SEO,0,0.0
258,2,6,Google Search,0,0.0
258,3,6,YouTube,0,0.0
258,4,6,Instagram,0,0.0
258,5,6,Google Search,0,0.0
258,6,6,Email,0,0.0
259,1,3,Organic SEO,1,0.0
259,2,3,Instagram,1,0.0
259,3,3,Facebook,1,128.93
260,1,1,Email,0,0.0
261,1,5,Direct,0,0.0
261,2,5,Direct,0,0.0
261,3,5,Organic SEO,0,0.0
261,4,5,Google Search,0,0.0
261,5,5,Email,0,0.0
262,1,2,YouTube,1,0.0
262,2,2,Facebook,1,96.35
263,1,6,Direct,1,0.0
263,2,6,Direct,1,0.0
263,3,6,Facebook,1,0.0
263,4,6,Instagram,1,0.0
263,5,6,Email,1,0.0
263,6,6,YouTube,1,177.34
264,1,4,YouTube,1,0.0
264,2,4,Direct,1,0.0
264,3,4,Direct,1,0.0
264,4,4,Facebook,1,55.07
265,1,4,Organic SEO,0,0.0
265,2,4,Facebook,0,0.0
265,3,4,YouTube,0,0.0
265,4,4,Instagram,0,0.0
266,1,3,Direct,1,0.0
266,2,3,Instagram,1,0.0
266,3,3,Email,1,71.57
267,1,2,Direct,1,0.0
267,2,2,Google Search,1,68.41
268,1,6,Instagram,1,0.0
268,2,6,Email,1,0.0
268,3,6,Organic SEO,1,0.0
268,4,6,YouTube,1,0.0
268,5,6,Instagram,1,0.0
268,6,6,Google Search,1,32.32
269,1,2,Facebook,1,0.0
269,2,2,Organic SEO,1,110.75
270,1,4,Google Search,0,0.0
270,2,4,Organic SEO,0,0.0
270,3,4,Direct,0,0.0
270,4,4,Organic SEO,0,0.0
271,1,4,Google Search,0,0.0
271,2,4,Instagram,0,0.0
271,3,4,Facebook,0,0.0
271,4,4,Organic SEO,0,0.0
272,1,1,Email,1,108.07
273,1,6,YouTube,1,0.0
273,2,6,Direct,1,0.0
273,3,6,Google Search,1,0.0
273,4,6,Email,1,0.0
273,5,6,Direct,1,0.0
273,6,6,YouTube,1,90.34
274,1,6,Instagram,0,0.0
274,2,6,YouTube,0,0.0
274,3,6,Organic SEO,0,0.0
274,4,6,Google Search,0,0.0
274,5,6,Facebook,0,0.0
274,6,6,Facebook,0,0.0
275,1,5,Instagram,0,0.0
275,2,5,Google Search,0,0.0
275,3,5,Email,0,0.0
275,4,5,Email,0,0.0
275,5,5,Google Search,0,0.0
276,1,5,Instagram,0,0.0
276,2,5,Google Search,0,0.0
276,3,5,Organic SEO,0,0.0
276,4,5,YouTube,0,0.0
276,5,5,Google Search,0,0.0
277,1,2,Direct,1,0.0
277,2,2,Email,1,76.39
278,1,3,Facebook,1,0.0
278,2,3,Email,1,0.0
278,3,3,YouTube,1,33.42
279,1,3,Google Search,0,0.0
279,2,3,Instagram,0,0.0
279,3,3,Instagram,0,0.0
280,1,5,Google Search,0,0.0
280,2,5,Organic SEO,0,0.0
280,3,5,Google Search,0,0.0
280,4,5,Email,0,0.0
280,5,5,Email,0,0.0
281,1,3,Direct,0,0.0
281,2,3,Email,0,0.0
281,3,3,Direct,0,0.0
282,1,5,Direct,1,0.0
282,2,5,Email,1,0.0
282,3,5,Google Search,1,0.0
282,4,5,Instagram,1,0.0
282,5,5,Direct,1,67.06
283,1,6,Instagram,0,0.0
283,2,6,YouTube,0,0.0
283,3,6,YouTube,0,0.0
283,4,6,Direct,0,0.0
283,5,6,Google Search,0,0.0
283,6,6,Direct,0,0.0
284,1,3,Facebook,1,0.0
284,2,3,Direct,1,0.0
284,3,3,Organic SEO,1,70.82
285,1,3,Instagram,1,0.0
285,2,3,Organic SEO,1,0.0
285,3,3,Instagram,1,51.34
286,1,6,Facebook,0,0.0
286,2,6,Email,0,0.0
286,3,6,Direct,0,0.0
286,4,6,Organic SEO,0,0.0
286,5,6,Email,0,0.0
286,6,6,Google Search,0,0.0
287,1,4,Direct,0,0.0
287,2,4,Organic SEO,0,0.0
287,3,4,Email,0,0.0
287,4,4,Organic SEO,0,0.0
288,1,4,Email,0,0.0
288,2,4,Direct,0,0.0
288,3,4,Facebook,0,0.0
288,4,4,Google Search,0,0.0
289,1,4,YouTube,1,0.0
289,2,4,Direct,1,0.0
289,3,4,Instagram,1,0.0
289,4,4,Email,1,80.41
290,1,6,Email,0,0.0
290,2,6,Instagram,0,0.0
290,3,6,Direct,0,0.0
290,4,6,Facebook,0,0.0
290,5,6,Instagram,0,0.0
290,6,6,Instagram,0,0.0
291,1,3,YouTube,0,0.0
291,2,3,Instagram,0,0.0
291,3,3,YouTube,0,0.0
292,1,1,Google Search,0,0.0
293,1,3,Instagram,1,0.0
293,2,3,Direct,1,0.0
293,3,3,Facebook,1,119.44
294,1,5,YouTube,0,0.0
294,2,5,Instagram,0,0.0
294,3,5,Google Search,0,0.0
294,4,5,Facebook,0,0.0
294,5,5,YouTube,0,0.0
295,1,5,Google Search,1,0.0
295,2,5,Facebook,1,0.0
295,3,5,Instagram,1,0.0
295,4,5,Email,1,0.0
295,5,5,Instagram,1,337.08
296,1,2,Instagram,0,0.0
296,2,2,Email,0,0.0
297,1,2,Organic SEO,1,0.0
297,2,2,Google Search,1,101.72
298,1,5,Email,0,0.0
298,2,5,Instagram,0,0.0
298,3,5,Facebook,0,0.0
298,4,5,Facebook,0,0.0
298,5,5,Instagram,0,0.0
299,1,3,YouTube,1,0.0
299,2,3,Organic SEO,1,0.0
299,3,3,Facebook,1,107.8
300,1,1,Instagram,0,0.0
301,1,4,Organic SEO,0,0.0
301,2,4,Direct,0,0.0
301,3,4,Organic SEO,0,0.0
301,4,4,Organic SEO,0,0.0
302,1,6,Google Search,0,0.0
302,2,6,Instagram,0,0.0
302,3,6,Organic SEO,0,0.0
302,4,6,Direct,0,0.0
302,5,6,YouTube,0,0.0
302,6,6,Organic SEO,0,0.0
303,1,3,Instagram,1,0.0
303,2,3,Google Search,1,0.0
303,3,3,Facebook,1,85.45
304,1,4,Google Search,0,0.0
304,2,4,Instagram,0,0.0
304,3,4,Email,0,0.0
304,4,4,Direct,0,0.0
305,1,5,Organic SEO,0,0.0
305,2,5,Google Search,0,0.0
305,3,5,Email,0,0.0
305,4,5,Direct,0,0.0
305,5,5,Instagram,0,0.0
306,1,4,Direct,0,0.0
306,2,4,Google Search,0,0.0
306,3,4,Organic SEO,0,0.0
306,4,4,YouTube,0,0.0
307,1,6,Instagram,1,0.0
307,2,6,Google Search,1,0.0
307,3,6,Direct,1,0.0
307,4,6,Instagram,1,0.0
307,5,6,YouTube,1,0.0
307,6,6,Direct,1,23.5
308,1,5,Organic SEO,1,0.0
308,2,5,Google Search,1,0.0
308,3,5,Google Search,1,0.0
308,4,5,Facebook,1,0.0
308,5,5,Facebook,1,88.36
309,1,6,Facebook,0,0.0
309,2,6,Organic SEO,0,0.0
309,3,6,Instagram,0,0.0
309,4,6,Facebook,0,0.0
309,5,6,Google Search,0,0.0
309,6,6,Facebook,0,0.0
310,1,3,Google Search,0,0.0
310,2,3,Email,0,0.0
310,3,3,Instagram,0,0.0
311,1,2,YouTube,1,0.0
311,2,2,YouTube,1,93.89
312,1,5,Direct,1,0.0
312,2,5,YouTube,1,0.0
312,3,5,Direct,1,0.0
312,4,5,Instagram,1,0.0
312,5,5,Direct,1,504.85
313,1,1,Organic SEO,0,0.0
314,1,3,YouTube,0,0.0
314,2,3,Direct,0,0.0
314,3,3,Email,0,0.0
315,1,4,Organic SEO,1,0.0
315,2,4,Instagram,1,0.0
315,3,4,YouTube,1,0.0
315,4,4,Email,1,78.68
316,1,6,Email,1,0.0
316,2,6,Instagram,1,0.0
316,3,6,YouTube,1,0.0
316,4,6,Facebook,1,0.0
316,5,6,Email,1,0.0
316,6,6,Instagram,1,111.17
317,1,2,Email,0,0.0
317,2,2,Direct,0,0.0
318,1,3,Organic SEO,0,0.0
318,2,3,Google Search,0,0.0
318,3,3,Email,0,0.0
319,1,3,Facebook,1,0.0
319,2,3,Google Search,1,0.0
319,3,3,Instagram,1,87.86
320,1,1,Email,0,0.0
321,1,5,Email,0,0.0
321,2,5,Organic SEO,0,0.0
321,3,5,Organic SEO,0,0.0
321,4,5,Direct,0,0.0
321,5,5,Organic SEO,0,0.0
322,1,2,Direct,0,0.0
322,2,2,Instagram,0,0.0
323,1,4,Organic SEO,0,0.0
323,2,4,Instagram,0,0.0
323,3,4,Google Search,0,0.0
323,4,4,Email,0,0.0
324,1,2,Facebook,1,0.0
324,2,2,Email,1,39.72
325,1,4,YouTube,1,0.0
325,2,4,Direct,1,0.0
325,3,4,YouTube,1,0.0
325,4,4,Email,1,200.33
326,1,1,Instagram,0,0.0
327,1,6,Email,1,0.0
327,2,6,Email,1,0.0
327,3,6,Google Search,1,0.0
327,4,6,Google Search,1,0.0
327,5,6,Instagram,1,0.0
327,6,6,Email,1,152.38
328,1,4,Instagram,0,0.0
328,2,4,Direct,0,0.0
328,3,4,Facebook,0,0.0
328,4,4,Organic SEO,0,0.0
329,1,1,Google Search,1,156.6
330,1,3,Direct,0,0.0
330,2,3,Email,0,0.0
330,3,3,Organic SEO,0,0.0
331,1,2,YouTube,1,0.0
331,2,2,Email,1,47.63
332,1,1,Google Search,1,240.32
333,1,4,Instagram,0,0.0
333,2,4,Facebook,0,0.0
333,3,4,Organic SEO,0,0.0
333,4,4,Google Search,0,0.0
334,1,3,Facebook,1,0.0
334,2,3,Organic SEO,1,0.0
334,3,3,Direct,1,33.74
335,1,3,Instagram,0,0.0
335,2,3,Instagram,0,0.0
335,3,3,Instagram,0,0.0
336,1,4,Direct,0,0.0
336,2,4,Email,0,0.0
336,3,4,YouTube,0,0.0
336,4,4,Organic SEO,0,0.0
337,1,6,Organic SEO,0,0.0
337,2,6,YouTube,0,0.0
337,3,6,YouTube,0,0.0
337,4,6,Facebook,0,0.0
337,5,6,YouTube,0,0.0
337,6,6,Organic SEO,0,0.0
338,1,2,Direct,1,0.0
338,2,2,YouTube,1,135.75
339,1,6,Direct,0,0.0
339,2,6,Direct,0,0.0
339,3,6,Email,0,0.0
339,4,6,Direct,0,0.0
339,5,6,Facebook,0,0.0
339,6,6,YouTube,0,0.0
340,1,2,Google Search,1,0.0
340,2,2,Email,1,417.1
341,1,6,Facebook,0,0.0
341,2,6,Instagram,0,0.0
341,3,6,YouTube,0,0.0
341,4,6,Instagram,0,0.0
341,5,6,Direct,0,0.0
341,6,6,Direct,0,0.0
342,1,5,Facebook,1,0.0
342,2,5,Email,1,0.0
342,3,5,YouTube,1,0.0
342,4,5,Instagram,1,0.0
342,5,5,Email,1,45.0
343,1,5,Email,0,0.0
343,2,5,Email,0,0.0
343,3,5,Direct,0,0.0
343,4,5,Direct,0,0.0
343,5,5,YouTube,0,0.0
344,1,5,Instagram,0,0.0
344,2,5,Organic SEO,0,0.0
344,3,5,Facebook,0,0.0
344,4,5,Email,0,0.0
344,5,5,Organic SEO,0,0.0
345,1,3,YouTube,0,0.0
345,2,3,YouTube,0,0.0
345,3,3,Instagram,0,0.0
346,1,5,Organic SEO,0,0.0
346,2,5,Direct,0,0.0
346,3,5,Facebook,0,0.0
346,4,5,Google Search,0,0.0
346,5,5,YouTube,0,0.0
347,1,4,Direct,1,0.0
347,2,4,Organic SEO,1,0.0
347,3,4,Direct,1,0.0
347,4,4,Email,1,60.56
348,1,6,Google Search,1,0.0
348,2,6,Organic SEO,1,0.0
348,3,6,YouTube,1,0.0
348,4,6,Direct,1,0.0
348,5,6,Facebook,1,0.0
348,6,6,Direct,1,96.52
349,1,5,YouTube,0,0.0
349,2,5,Google Search,0,0.0
349,3,5,YouTube,0,0.0
349,4,5,YouTube,0,0.0
349,5,5,Facebook,0,0.0
350,1,5,Facebook,0,0.0
350,2,5,Facebook,0,0.0
350,3,5,Google Search,0,0.0
350,4,5,Email,0,0.0
350,5,5,Instagram,0,0.0
351,1,2,Google Search,0,0.0
351,2,2,Instagram,0,0.0
352,1,4,YouTube,0,0.0
352,2,4,Organic SEO,0,0.0
352,3,4,Instagram,0,0.0
352,4,4,YouTube,0,0.0
353,1,3,Email,1,0.0
353,2,3,YouTube,1,0.0
353,3,3,Organic SEO,1,63.28
354,1,5,Facebook,0,0.0
354,2,5,Direct,0,0.0
354,3,5,Direct,0,0.0
354,4,5,Google Search,0,0.0
354,5,5,Organic SEO,0,0.0
355,1,2,Organic SEO,0,0.0
355,2,2,Google Search,0,0.0
356,1,4,Facebook,1,0.0
356,2,4,Direct,1,0.0
356,3,4,Organic SEO,1,0.0
356,4,4,Email,1,30.4
357,1,3,Instagram,1,0.0
357,2,3,Google Search,1,0.0
357,3,3,Organic SEO,1,94.44
358,1,6,Instagram,1,0.0
358,2,6,Instagram,1,0.0
358,3,6,Organic SEO,1,0.0
358,4,6,Direct,1,0.0
358,5,6,Instagram,1,0.0
358,6,6,Facebook,1,42.79
359,1,2,Direct,0,0.0
359,2,2,YouTube,0,0.0
360,1,1,Direct,0,0.0
361,1,5,YouTube,0,0.0
361,2,5,Facebook,0,0.0
361,3,5,YouTube,0,0.0
361,4,5,YouTube,0,0.0
361,5,5,Email,0,0.0
362,1,3,Google Search,1,0.0
362,2,3,YouTube,1,0.0
362,3,3,Facebook,1,125.4
363,1,3,Organic SEO,0,0.0
363,2,3,Google Search,0,0.0
363,3,3,Email,0,0.0
364,1,3,Organic SEO,1,0.0
364,2,3,Email,1,0.0
364,3,3,Direct,1,47.29
365,1,6,Email,0,0.0
365,2,6,Facebook,0,0.0
365,3,6,YouTube,0,0.0
365,4,6,Instagram,0,0.0
365,5,6,Facebook,0,0.0
365,6,6,YouTube,0,0.0
366,1,6,Direct,0,0.0
366,2,6,YouTube,0,0.0
366,3,6,YouTube,0,0.0
366,4,6,Organic SEO,0,0.0
366,5,6,Email,0,0.0
366,6,6,Facebook,0,0.0
367,1,4,Facebook,0,0.0
367,2,4,Direct,0,0.0
367,3,4,YouTube,0,0.0
367,4,4,Email,0,0.0
368,1,4,Direct,0,0.0
368,2,4,Direct,0,0.0
368,3,4,Direct,0,0.0
368,4,4,Direct,0,0.0
369,1,5,Organic SEO,0,0.0
369,2,5,Google Search,0,0.0
369,3,5,Instagram,0,0.0
369,4,5,YouTube,0,0.0
369,5,5,Google Search,0,0.0
370,1,1,Direct,0,0.0
371,1,2,YouTube,1,0.0
371,2,2,Facebook,1,266.39
372,1,5,Instagram,0,0.0
372,2,5,YouTube,0,0.0
372,3,5,Direct,0,0.0
372,4,5,Instagram,0,0.0
372,5,5,Organic SEO,0,0.0
373,1,1,Instagram,0,0.0
374,1,4,Instagram,1,0.0
374,2,4,Instagram,1,0.0
374,3,4,YouTube,1,0.0
374,4,4,Email,1,52.02
375,1,3,Direct,1,0.0
375,2,3,Direct,1,0.0
375,3,3,YouTube,1,71.85
376,1,3,YouTube,0,0.0
376,2,3,Instagram,0,0.0
376,3,3,Google Search,0,0.0
377,1,4,Google Search,0,0.0
377,2,4,Email,0,0.0
377,3,4,Direct,0,0.0
377,4,4,Direct,0,0.0
378,1,6,Organic SEO,1,0.0
378,2,6,Email,1,0.0
378,3,6,Organic SEO,1,0.0
378,4,6,Instagram,1,0.0
378,5,6,Organic SEO,1,0.0
378,6,6,Email,1,159.09
379,1,6,Organic SEO,1,0.0
379,2,6,Google Search,1,0.0
379,3,6,Organic SEO,1,0.0
379,4,6,Google Search,1,0.0
379,5,6,Organic SEO,1,0.0
379,6,6,Email,1,38.03
380,1,2,Direct,0,0.0
380,2,2,Direct,0,0.0
381,1,4,YouTube,1,0.0
381,2,4,Instagram,1,0.0
381,3,4,Instagram,1,0.0
381,4,4,Direct,1,105.55
382,1,3,Facebook,0,0.0
382,2,3,Facebook,0,0.0
382,3,3,Organic SEO,0,0.0
383,1,1,Direct,0,0.0
384,1,1,Facebook,1,224.75
385,1,5,Google Search,0,0.0
385,2,5,YouTube,0,0.0
385,3,5,YouTube,0,0.0
385,4,5,Google Search,0,0.0
385,5,5,Direct,0,0.0
386,1,2,Instagram,0,0.0
386,2,2,Direct,0,0.0
387,1,2,Instagram,0,0.0
387,2,2,Email,0,0.0
388,1,6,YouTube,0,0.0
388,2,6,YouTube,0,0.0
388,3,6,Direct,0,0.0
388,4,6,Direct,0,0.0
388,5,6,Facebook,0,0.0
388,6,6,Organic SEO,0,0.0
389,1,5,Facebook,0,0.0
389,2,5,Email,0,0.0
389,3,5,Google Search,0,0.0
389,4,5,Organic SEO,0,0.0
389,5,5,Organic SEO,0,0.0
390,1,6,YouTube,0,0.0
390,2,6,Instagram,0,0.0
390,3,6,Google Search,0,0.0
390,4,6,Email,0,0.0
390,5,6,YouTube,0,0.0
390,6,6,Email,0,0.0
391,1,6,Email,1,0.0
391,2,6,Facebook,1,0.0
391,3,6,Email,1,0.0
391,4,6,Direct,1,0.0
391,5,6,Instagram,1,0.0
391,6,6,Direct,1,29.22
392,1,6,Facebook,0,0.0
392,2,6,Instagram,0,0.0
392,3,6,Google Search,0,0.0
392,4,6,Email,0,0.0
392,5,6,Email,0,0.0
392,6,6,Instagram,0,0.0
393,1,3,Facebook,0,0.0
393,2,3,YouTube,0,0.0
393,3,3,Organic SEO,0,0.0
394,1,1,Instagram,0,0.0
395,1,1,Facebook,0,0.0
396,1,5,Google Search,1,0.0
396,2,5,Google Search,1,0.0
396,3,5,Direct,1,0.0
396,4,5,YouTube,1,0.0
396,5,5,YouTube,1,102.44
397,1,2,Organic SEO,0,0.0
397,2,2,Email,0,0.0
398,1,1,Facebook,1,107.98
399,1,6,Google Search,0,0.0
399,2,6,Organic SEO,0,0.0
399,3,6,Instagram,0,0.0
399,4,6,Facebook,0,0.0
399,5,6,YouTube,0,0.0
399,6,6,Facebook,0,0.0
400,1,5,Email,0,0.0
400,2,5,Facebook,0,0.0
400,3,5,Instagram,0,0.0
400,4,5,YouTube,0,0.0
400,5,5,Email,0,0.0
401,1,4,Instagram,1,0.0
401,2,4,Direct,1,0.0
401,3,4,Direct,1,0.0
401,4,4,Direct,1,155.6
402,1,2,Email,0,0.0
402,2,2,Email,0,0.0
403,1,2,Direct,0,0.0
403,2,2,Google Search,0,0.0
404,1,5,YouTube,0,0.0
404,2,5,Email,0,0.0
404,3,5,Facebook,0,0.0
404,4,5,Email,0,0.0
404,5,5,Email,0,0.0
405,1,4,Instagram,0,0.0
405,2,4,Organic SEO,0,0.0
405,3,4,Email,0,0.0
405,4,4,Direct,0,0.0
406,1,6,YouTube,0,0.0
406,2,6,Instagram,0,0.0
406,3,6,Facebook,0,0.0
406,4,6,Direct,0,0.0
406,5,6,Facebook,0,0.0
406,6,6,Direct,0,0.0
407,1,5,Organic SEO,0,0.0
407,2,5,Organic SEO,0,0.0
407,3,5,Instagram,0,0.0
407,4,5,Direct,0,0.0
407,5,5,Google Search,0,0.0
408,1,1,Direct,0,0.0
409,1,6,Facebook,0,0.0
409,2,6,YouTube,0,0.0
409,3,6,Google Search,0,0.0
409,4,6,Instagram,0,0.0
409,5,6,Email,0,0.0
409,6,6,YouTube,0,0.0
410,1,5,Organic SEO,1,0.0
410,2,5,YouTube,1,0.0
410,3,5,Google Search,1,0.0
410,4,5,Instagram,1,0.0
410,5,5,Email,1,37.87
411,1,6,Facebook,0,0.0
411,2,6,Organic SEO,0,0.0
411,3,6,Google Search,0,0.0
411,4,6,Direct,0,0.0
411,5,6,YouTube,0,0.0
411,6,6,Direct,0,0.0
412,1,1,Organic SEO,0,0.0
413,1,2,Facebook,0,0.0
413,2,2,Instagram,0,0.0
414,1,3,Direct,0,0.0
414,2,3,Google Search,0,0.0
414,3,3,Organic SEO,0,0.0
415,1,2,Organic SEO,0,0.0
415,2,2,Facebook,0,0.0
416,1,1,YouTube,0,0.0
417,1,1,Google Search,0,0.0
418,1,5,Instagram,0,0.0
418,2,5,YouTube,0,0.0
418,3,5,YouTube,0,0.0
418,4,5,Google Search,0,0.0
418,5,5,Direct,0,0.0
419,1,3,Instagram,0,0.0
419,2,3,Organic SEO,0,0.0
419,3,3,Google Search,0,0.0
420,1,1,Facebook,0,0.0
421,1,6,Organic SEO,0,0.0
421,2,6,Instagram,0,0.0
421,3,6,Google Search,0,0.0
421,4,6,Google Search,0,0.0
421,5,6,Organic SEO,0,0.0
421,6,6,Organic SEO,0,0.0
422,1,1,Facebook,0,0.0
423,1,1,Organic SEO,0,0.0
424,1,6,Direct,0,0.0
424,2,6,Organic SEO,0,0.0
424,3,6,Email,0,0.0
424,4,6,Instagram,0,0.0
424,5,6,Instagram,0,0.0
424,6,6,Direct,0,0.0
425,1,5,Email,0,0.0
425,2,5,Direct,0,0.0
425,3,5,Google Search,0,0.0
425,4,5,Organic SEO,0,0.0
425,5,5,Direct,0,0.0
426,1,3,Google Search,1,0.0
426,2,3,Instagram,1,0.0
426,3,3,Direct,1,35.72
427,1,5,Organic SEO,0,0.0
427,2,5,Email,0,0.0
427,3,5,Direct,0,0.0
427,4,5,Google Search,0,0.0
427,5,5,Facebook,0,0.0
428,1,4,Facebook,0,0.0
428,2,4,Instagram,0,0.0
428,3,4,Email,0,0.0
428,4,4,Facebook,0,0.0
429,1,4,Google Search,1,0.0
429,2,4,YouTube,1,0.0
429,3,4,Direct,1,0.0
429,4,4,YouTube,1,129.72
430,1,2,Email,1,0.0
430,2,2,Direct,1,110.82
431,1,4,Email,0,0.0
431,2,4,Google Search,0,0.0
431,3,4,Google Search,0,0.0
431,4,4,Email,0,0.0
432,1,3,Google Search,0,0.0
432,2,3,Google Search,0,0.0
432,3,3,Instagram,0,0.0
433,1,5,Email,1,0.0
433,2,5,Google Search,1,0.0
433,3,5,Email,1,0.0
433,4,5,Google Search,1,0.0
433,5,5,YouTube,1,107.27
434,1,4,Google Search,0,0.0
434,2,4,Email,0,0.0
434,3,4,Direct,0,0.0
434,4,4,Direct,0,0.0
435,1,2,YouTube,0,0.0
435,2,2,Facebook,0,0.0
436,1,2,Facebook,1,0.0
436,2,2,Facebook,1,114.72
437,1,2,Instagram,0,0.0
437,2,2,Email,0,0.0
438,1,1,Email,0,0.0
439,1,6,YouTube,1,0.0
439,2,6,YouTube,1,0.0
439,3,6,Facebook,1,0.0
439,4,6,Google Search,1,0.0
439,5,6,Email,1,0.0
439,6,6,Organic SEO,1,55.92
440,1,5,Email,0,0.0
440,2,5,Organic SEO,0,0.0
440,3,5,Instagram,0,0.0
440,4,5,Instagram,0,0.0
440,5,5,Direct,0,0.0
441,1,5,Google Search,0,0.0
441,2,5,Email,0,0.0
441,3,5,Organic SEO,0,0.0
441,4,5,Facebook,0,0.0
441,5,5,Email,0,0.0
442,1,3,Email,0,0.0
442,2,3,YouTube,0,0.0
442,3,3,Instagram,0,0.0
443,1,2,Email,0,0.0
443,2,2,Facebook,0,0.0
444,1,3,Google Search,0,0.0
444,2,3,Instagram,0,0.0
444,3,3,YouTube,0,0.0
445,1,6,Direct,0,0.0
445,2,6,Google Search,0,0.0
445,3,6,Direct,0,0.0
445,4,6,Organic SEO,0,0.0
445,5,6,Facebook,0,0.0
445,6,6,Direct,0,0.0
446,1,1,Direct,0,0.0
447,1,4,YouTube,1,0.0
447,2,4,Google Search,1,0.0
447,3,4,Email,1,0.0
447,4,4,Facebook,1,105.91
448,1,4,Direct,0,0.0
448,2,4,Google Search,0,0.0
448,3,4,Organic SEO,0,0.0
448,4,4,Instagram,0,0.0
449,1,5,Organic SEO,0,0.0
449,2,5,Organic SEO,0,0.0
449,3,5,Email,0,0.0
449,4,5,Google Search,0,0.0
449,5,5,Organic SEO,0,0.0
450,1,5,YouTube,1,0.0
450,2,5,Organic SEO,1,0.0
450,3,5,Google Search,1,0.0
450,4,5,Facebook,1,0.0
450,5,5,YouTube,1,110.51
451,1,5,Google Search,0,0.0
451,2,5,Organic SEO,0,0.0
451,3,5,YouTube,0,0.0
451,4,5,Email,0,0.0
451,5,5,Direct,0,0.0
452,1,4,Google Search,0,0.0
452,2,4,Google Search,0,0.0
452,3,4,Facebook,0,0.0
452,4,4,Direct,0,0.0
453,1,6,YouTube,1,0.0
453,2,6,Instagram,1,0.0
453,3,6,Email,1,0.0
453,4,6,Direct,1,0.0
453,5,6,YouTube,1,0.0
453,6,6,Instagram,1,54.6
454,1,1,Instagram,1,332.3
455,1,1,Google Search,0,0.0
456,1,2,Email,0,0.0
456,2,2,Email,0,0.0
457,1,5,Instagram,1,0.0
457,2,5,Instagram,1,0.0
457,3,5,Instagram,1,0.0
457,4,5,YouTube,1,0.0
457,5,5,Email,1,125.42
458,1,6,Google Search,1,0.0
458,2,6,Direct,1,0.0
458,3,6,YouTube,1,0.0
458,4,6,YouTube,1,0.0
458,5,6,Facebook,1,0.0
458,6,6,Organic SEO,1,39.1
459,1,2,Instagram,0,0.0
459,2,2,Email,0,0.0
460,1,4,Facebook,0,0.0
460,2,4,Email,0,0.0
460,3,4,Facebook,0,0.0
460,4,4,YouTube,0,0.0
461,1,1,Direct,0,0.0
462,1,4,YouTube,0,0.0
462,2,4,Email,0,0.0
462,3,4,YouTube,0,0.0
462,4,4,Facebook,0,0.0
463,1,1,YouTube,0,0.0
464,1,5,Facebook,0,0.0
464,2,5,Email,0,0.0
464,3,5,Instagram,0,0.0
464,4,5,Facebook,0,0.0
464,5,5,Organic SEO,0,0.0
465,1,6,Email,1,0.0
465,2,6,Email,1,0.0
465,3,6,Email,1,0.0
465,4,6,Google Search,1,0.0
465,5,6,Email,1,0.0
465,6,6,Instagram,1,142.53
466,1,6,YouTube,1,0.0
466,2,6,Email,1,0.0
466,3,6,YouTube,1,0.0
466,4,6,Google Search,1,0.0
466,5,6,Google Search,1,0.0
466,6,6,Google Search,1,45.5
467,1,2,Email,0,0.0
467,2,2,Google Search,0,0.0
468,1,5,Google Search,0,0.0
468,2,5,Email,0,0.0
468,3,5,Facebook,0,0.0
468,4,5,YouTube,0,0.0
468,5,5,YouTube,0,0.0
469,1,2,Instagram,1,0.0
469,2,2,Instagram,1,156.17
470,1,3,Direct,0,0.0
470,2,3,YouTube,0,0.0
470,3,3,Organic SEO,0,0.0
471,1,4,Google Search,0,0.0
471,2,4,Direct,0,0.0
471,3,4,Organic SEO,0,0.0
471,4,4,Instagram,0,0.0
472,1,6,Instagram,1,0.0
472,2,6,YouTube,1,0.0
472,3,6,Instagram,1,0.0
472,4,6,Facebook,1,0.0
472,5,6,Instagram,1,0.0
472,6,6,Direct,1,202.56
473,1,1,Facebook,0,0.0
474,1,2,Direct,0,0.0
474,2,2,Instagram,0,0.0
475,1,4,Instagram,0,0.0
475,2,4,Google Search,0,0.0
475,3,4,Google Search,0,0.0
475,4,4,Direct,0,0.0
476,1,3,Instagram,0,0.0
476,2,3,Direct,0,0.0
476,3,3,Direct,0,0.0
477,1,2,Organic SEO,0,0.0
477,2,2,Google Search,0,0.0
478,1,2,Email,0,0.0
478,2,2,Organic SEO,0,0.0
479,1,3,Organic SEO,1,0.0
479,2,3,Google Search,1,0.0
479,3,3,Organic SEO,1,50.68
480,1,2,Facebook,0,0.0
480,2,2,Direct,0,0.0
481,1,6,YouTube,0,0.0
481,2,6,Email,0,0.0
481,3,6,YouTube,0,0.0
481,4,6,Direct,0,0.0
481,5,6,Direct,0,0.0
481,6,6,Direct,0,0.0
482,1,5,Facebook,1,0.0
482,2,5,Instagram,1,0.0
482,3,5,Email,1,0.0
482,4,5,YouTube,1,0.0
482,5,5,Email,1,176.68
483,1,5,Organic SEO,0,0.0
483,2,5,YouTube,0,0.0
483,3,5,Google Search,0,0.0
483,4,5,Organic SEO,0,0.0
483,5,5,Direct,0,0.0
484,1,3,Organic SEO,1,0.0
484,2,3,Google Search,1,0.0
484,3,3,Organic SEO,1,120.17
485,1,6,Email,0,0.0
485,2,6,Facebook,0,0.0
485,3,6,Direct,0,0.0
485,4,6,Email,0,0.0
485,5,6,Google Search,0,0.0
485,6,6,YouTube,0,0.0
486,1,4,Instagram,0,0.0
486,2,4,YouTube,0,0.0
486,3,4,Organic SEO,0,0.0
486,4,4,Google Search,0,0.0
487,1,3,YouTube,0,0.0
487,2,3,Organic SEO,0,0.0
487,3,3,Instagram,0,0.0
488,1,5,Google Search,0,0.0
488,2,5,Direct,0,0.0
488,3,5,Direct,0,0.0
488,4,5,Direct,0,0.0
488,5,5,Instagram,0,0.0
489,1,3,Direct,0,0.0
489,2,3,Direct,0,0.0
489,3,3,Email,0,0.0
490,1,2,Instagram,1,0.0
490,2,2,Email,1,160.04
491,1,5,YouTube,1,0.0
491,2,5,Instagram,1,0.0
491,3,5,Instagram,1,0.0
491,4,5,Email,1,0.0
491,5,5,YouTube,1,339.6
492,1,1,YouTube,0,0.0
493,1,1,Google Search,0,0.0
494,1,4,Instagram,0,0.0
494,2,4,Organic SEO,0,0.0
494,3,4,Email,0,0.0
494,4,4,Organic SEO,0,0.0
495,1,6,Email,0,0.0
495,2,6,Organic SEO,0,0.0
495,3,6,Organic SEO,0,0.0
495,4,6,Google Search,0,0.0
495,5,6,Email,0,0.0
495,6,6,Google Search,0,0.0
496,1,6,Facebook,0,0.0
496,2,6,Email,0,0.0
496,3,6,Email,0,0.0
496,4,6,YouTube,0,0.0
496,5,6,Facebook,0,0.0
496,6,6,YouTube,0,0.0
497,1,1,Facebook,1,75.81
498,1,5,Facebook,0,0.0
498,2,5,YouTube,0,0.0
498,3,5,Google Search,0,0.0
498,4,5,YouTube,0,0.0
498,5,5,Direct,0,0.0
499,1,4,YouTube,0,0.0
499,2,4,Instagram,0,0.0
499,3,4,Facebook,0,0.0
499,4,4,Google Search,0,0.0
500,1,1,Email,0,0.0
501,1,2,Email,0,0.0
501,2,2,Direct,0,0.0
502,1,6,Organic SEO,0,0.0
502,2,6,Google Search,0,0.0
502,3,6,Instagram,0,0.0
502,4,6,Google Search,0,0.0
502,5,6,YouTube,0,0.0
502,6,6,Instagram,0,0.0
503,1,6,Direct,1,0.0
503,2,6,Organic SEO,1,0.0
503,3,6,YouTube,1,0.0
503,4,6,Instagram,1,0.0
503,5,6,Facebook,1,0.0
503,6,6,Organic SEO,1,53.11
504,1,1,YouTube,0,0.0
505,1,4,Email,0,0.0
505,2,4,Google Search,0,0.0
505,3,4,Facebook,0,0.0
505,4,4,Google Search,0,0.0
506,1,5,Direct,0,0.0
506,2,5,Facebook,0,0.0
506,3,5,Organic SEO,0,0.0
506,4,5,Google Search,0,0.0
506,5,5,Direct,0,0.0
507,1,2,Instagram,0,0.0
507,2,2,Instagram,0,0.0
508,1,3,YouTube,1,0.0
508,2,3,Direct,1,0.0
508,3,3,Direct,1,48.3
509,1,4,Google Search,0,0.0
509,2,4,Instagram,0,0.0
509,3,4,YouTube,0,0.0
509,4,4,Instagram,0,0.0
510,1,3,Organic SEO,0,0.0
510,2,3,Google Search,0,0.0
510,3,3,Organic SEO,0,0.0
511,1,3,Instagram,0,0.0
511,2,3,Facebook,0,0.0
511,3,3,Instagram,0,0.0
512,1,1,Google Search,1,50.85
513,1,3,Facebook,0,0.0
513,2,3,Organic SEO,0,0.0
513,3,3,Organic SEO,0,0.0
514,1,3,YouTube,0,0.0
514,2,3,Instagram,0,0.0
514,3,3,Email,0,0.0
515,1,1,YouTube,0,0.0
516,1,2,Facebook,0,0.0
516,2,2,Email,0,0.0
517,1,2,Organic SEO,1,0.0
517,2,2,Facebook,1,85.29
518,1,5,YouTube,0,0.0
518,2,5,Direct,0,0.0
518,3,5,YouTube,0,0.0
518,4,5,Google Search,0,0.0
518,5,5,YouTube,0,0.0
519,1,2,Google Search,0,0.0
519,2,2,Google Search,0,0.0
520,1,4,YouTube,1,0.0
520,2,4,Google Search,1,0.0
520,3,4,YouTube,1,0.0
520,4,4,YouTube,1,114.3
521,1,1,YouTube,0,0.0
522,1,2,Instagram,0,0.0
522,2,2,Email,0,0.0
523,1,6,Facebook,0,0.0
523,2,6,Email,0,0.0
523,3,6,Direct,0,0.0
523,4,6,Organic SEO,0,0.0
523,5,6,Direct,0,0.0
523,6,6,Google Search,0,0.0
524,1,3,Direct,0,0.0
524,2,3,Facebook,0,0.0
524,3,3,Google Search,0,0.0
525,1,5,YouTube,1,0.0
525,2,5,Instagram,1,0.0
525,3,5,Instagram,1,0.0
525,4,5,Google Search,1,0.0
525,5,5,Organic SEO,1,109.25
526,1,2,Facebook,0,0.0
526,2,2,Google Search,0,0.0
527,1,6,Google Search,0,0.0
527,2,6,Direct,0,0.0
527,3,6,Google Search,0,0.0
527,4,6,Organic SEO,0,0.0
527,5,6,Google Search,0,0.0
527,6,6,Google Search,0,0.0
528,1,2,Facebook,1,0.0
528,2,2,Organic SEO,1,160.62
529,1,6,Direct,1,0.0
529,2,6,Email,1,0.0
529,3,6,Email,1,0.0
529,4,6,Email,1,0.0
529,5,6,Direct,1,0.0
529,6,6,Facebook,1,90.84
530,1,3,Google Search,1,0.0
530,2,3,YouTube,1,0.0
530,3,3,Google Search,1,249.01
531,1,5,Organic SEO,0,0.0
531,2,5,Organic SEO,0,0.0
531,3,5,Google Search,0,0.0
531,4,5,Instagram,0,0.0
531,5,5,Facebook,0,0.0
532,1,3,Google Search,1,0.0
532,2,3,Instagram,1,0.0
532,3,3,Email,1,74.79
533,1,3,Direct,0,0.0
533,2,3,Facebook,0,0.0
533,3,3,Email,0,0.0
534,1,2,Direct,0,0.0
534,2,2,Instagram,0,0.0
535,1,2,Google Search,1,0.0
535,2,2,Email,1,604.33
536,1,3,YouTube,1,0.0
536,2,3,YouTube,1,0.0
536,3,3,Google Search,1,139.49
537,1,6,Email,0,0.0
537,2,6,Direct,0,0.0
537,3,6,Email,0,0.0
537,4,6,Facebook,0,0.0
537,5,6,Organic SEO,0,0.0
537,6,6,Email,0,0.0
538,1,2,YouTube,0,0.0
538,2,2,Google Search,0,0.0
539,1,5,Email,0,0.0
539,2,5,Organic SEO,0,0.0
539,3,5,Instagram,0,0.0
539,4,5,Direct,0,0.0
539,5,5,YouTube,0,0.0
540,1,6,Direct,1,0.0
540,2,6,Google Search,1,0.0
540,3,6,Instagram,1,0.0
540,4,6,Instagram,1,0.0
540,5,6,Organic SEO,1,0.0
540,6,6,Facebook,1,49.4
541,1,3,Organic SEO,1,0.0
541,2,3,Email,1,0.0
541,3,3,Direct,1,42.54
542,1,4,Facebook,0,0.0
542,2,4,Google Search,0,0.0
542,3,4,Facebook,0,0.0
542,4,4,Direct,0,0.0
543,1,2,Google Search,1,0.0
543,2,2,Instagram,1,126.18
544,1,1,Instagram,0,0.0
545,1,2,Instagram,0,0.0
545,2,2,Instagram,0,0.0
546,1,1,Facebook,0,0.0
547,1,6,YouTube,0,0.0
547,2,6,Google Search,0,0.0
547,3,6,Direct,0,0.0
547,4,6,Email,0,0.0
547,5,6,Google Search,0,0.0
547,6,6,Facebook,0,0.0
548,1,5,Google Search,0,0.0
548,2,5,Email,0,0.0
548,3,5,Direct,0,0.0
548,4,5,Facebook,0,0.0
548,5,5,Organic SEO,0,0.0
549,1,5,Direct,1,0.0
549,2,5,Facebook,1,0.0
549,3,5,Instagram,1,0.0
549,4,5,Direct,1,0.0
549,5,5,Google Search,1,76.98
550,1,2,Google Search,0,0.0
550,2,2,Direct,0,0.0
551,1,6,Organic SEO,1,0.0
551,2,6,Google Search,1,0.0
551,3,6,YouTube,1,0.0
551,4,6,Organic SEO,1,0.0
551,5,6,Google Search,1,0.0
551,6,6,Organic SEO,1,148.38
552,1,6,Instagram,0,0.0
552,2,6,Google Search,0,0.0
552,3,6,Organic SEO,0,0.0
552,4,6,Direct,0,0.0
552,5,6,Email,0,0.0
552,6,6,Google Search,0,0.0
553,1,2,Organic SEO,0,0.0
553,2,2,Instagram,0,0.0
554,1,4,Google Search,1,0.0
554,2,4,YouTube,1,0.0
554,3,4,Facebook,1,0.0
554,4,4,Facebook,1,125.37
555,1,3,Instagram,0,0.0
555,2,3,Facebook,0,0.0
555,3,3,YouTube,0,0.0
556,1,6,Email,1,0.0
556,2,6,Email,1,0.0
556,3,6,Instagram,1,0.0
556,4,6,Google Search,1,0.0
556,5,6,Facebook,1,0.0
556,6,6,Google Search,1,85.54
557,1,5,Facebook,0,0.0
557,2,5,Organic SEO,0,0.0
557,3,5,Instagram,0,0.0
557,4,5,Google Search,0,0.0
557,5,5,Email,0,0.0
558,1,4,Instagram,0,0.0
558,2,4,Instagram,0,0.0
558,3,4,Organic SEO,0,0.0
558,4,4,Instagram,0,0.0
559,1,2,Google Search,1,0.0
559,2,2,YouTube,1,49.76
560,1,3,Google Search,0,0.0
560,2,3,Organic SEO,0,0.0
560,3,3,Instagram,0,0.0
561,1,2,Organic SEO,0,0.0
561,2,2,Google Search,0,0.0
562,1,3,Instagram,0,0.0
562,2,3,Direct,0,0.0
562,3,3,Direct,0,0.0
563,1,2,YouTube,0,0.0
563,2,2,Organic SEO,0,0.0
564,1,2,Facebook,0,0.0
564,2,2,YouTube,0,0.0
565,1,6,Email,0,0.0
565,2,6,YouTube,0,0.0
565,3,6,YouTube,0,0.0
565,4,6,Email,0,0.0
565,5,6,Instagram,0,0.0
565,6,6,Google Search,0,0.0
566,1,4,Instagram,0,0.0
566,2,4,Facebook,0,0.0
566,3,4,Google Search,0,0.0
566,4,4,Google Search,0,0.0
567,1,1,Instagram,1,31.17
568,1,5,Facebook,1,0.0
568,2,5,Google Search,1,0.0
568,3,5,Direct,1,0.0
568,4,5,Organic SEO,1,0.0
568,5,5,Direct,1,65.85
569,1,1,Facebook,0,0.0
570,1,2,Direct,0,0.0
570,2,2,Direct,0,0.0
571,1,1,Email,0,0.0
572,1,4,YouTube,0,0.0
572,2,4,Email,0,0.0
572,3,4,Email,0,0.0
572,4,4,Organic SEO,0,0.0
573,1,4,Direct,0,0.0
573,2,4,Organic SEO,0,0.0
573,3,4,YouTube,0,0.0
573,4,4,Facebook,0,0.0
574,1,6,Organic SEO,0,0.0
574,2,6,YouTube,0,0.0
574,3,6,Email,0,0.0
574,4,6,YouTube,0,0.0
574,5,6,Direct,0,0.0
574,6,6,Email,0,0.0
575,1,3,Google Search,0,0.0
575,2,3,Direct,0,0.0
575,3,3,Organic SEO,0,0.0
576,1,4,Direct,1,0.0
576,2,4,Direct,1,0.0
576,3,4,Instagram,1,0.0
576,4,4,Facebook,1,163.94
577,1,5,Facebook,1,0.0
577,2,5,Instagram,1,0.0
577,3,5,Organic SEO,1,0.0
577,4,5,Google Search,1,0.0
577,5,5,Direct,1,104.57
578,1,3,Facebook,0,0.0
578,2,3,Organic SEO,0,0.0
578,3,3,Google Search,0,0.0
579,1,6,Direct,0,0.0
579,2,6,Email,0,0.0
579,3,6,Google Search,0,0.0
579,4,6,Facebook,0,0.0
579,5,6,YouTube,0,0.0
579,6,6,Email,0,0.0
580,1,6,Google Search,0,0.0
580,2,6,Email,0,0.0
580,3,6,Direct,0,0.0
580,4,6,Organic SEO,0,0.0
580,5,6,Organic SEO,0,0.0
580,6,6,Instagram,0,0.0
581,1,5,Email,1,0.0
581,2,5,Direct,1,0.0
581,3,5,Direct,1,0.0
581,4,5,YouTube,1,0.0
581,5,5,Direct,1,37.64
582,1,4,Google Search,0,0.0
582,2,4,Direct,0,0.0
582,3,4,Email,0,0.0
582,4,4,Email,0,0.0
583,1,1,Email,0,0.0
584,1,2,Direct,0,0.0
584,2,2,Instagram,0,0.0
585,1,1,Email,0,0.0
586,1,4,YouTube,0,0.0
586,2,4,Instagram,0,0.0
586,3,4,YouTube,0,0.0
586,4,4,YouTube,0,0.0
587,1,1,Google Search,1,101.62
588,1,2,Email,0,0.0
588,2,2,Instagram,0,0.0
589,1,5,Facebook,0,0.0
589,2,5,Facebook,0,0.0
589,3,5,Facebook,0,0.0
589,4,5,Google Search,0,0.0
589,5,5,YouTube,0,0.0
590,1,2,Google Search,1,0.0
590,2,2,Google Search,1,117.89
591,1,6,YouTube,0,0.0
591,2,6,Instagram,0,0.0
591,3,6,Google Search,0,0.0
591,4,6,Facebook,0,0.0
591,5,6,YouTube,0,0.0
591,6,6,Organic SEO,0,0.0
592,1,1,Email,0,0.0
593,1,4,Organic SEO,0,0.0
593,2,4,Facebook,0,0.0
593,3,4,YouTube,0,0.0
593,4,4,Email,0,0.0
594,1,4,Email,1,0.0
594,2,4,Instagram,1,0.0
594,3,4,Facebook,1,0.0
594,4,4,Instagram,1,48.49
595,1,3,Instagram,1,0.0
595,2,3,Facebook,1,0.0
595,3,3,YouTube,1,100.24
596,1,6,Email,0,0.0
596,2,6,Instagram,0,0.0
596,3,6,Organic SEO,0,0.0
596,4,6,YouTube,0,0.0
596,5,6,Instagram,0,0.0
596,6,6,Direct,0,0.0
597,1,4,Organic SEO,1,0.0
597,2,4,YouTube,1,0.0
597,3,4,Organic SEO,1,0.0
597,4,4,YouTube,1,93.76
598,1,3,Google Search,0,0.0
598,2,3,Organic SEO,0,0.0
598,3,3,Direct,0,0.0
599,1,5,Direct,1,0.0
599,2,5,YouTube,1,0.0
599,3,5,YouTube,1,0.0
599,4,5,Google Search,1,0.0
599,5,5,Direct,1,40.44
600,1,2,Organic SEO,1,0.0
600,2,2,Direct,1,115.64
601,1,4,Google Search,1,0.0
601,2,4,YouTube,1,0.0
601,3,4,Facebook,1,0.0
601,4,4,Direct,1,133.29
602,1,5,Facebook,0,0.0
602,2,5,Organic SEO,0,0.0
602,3,5,Organic SEO,0,0.0
602,4,5,Google Search,0,0.0
602,5,5,Email,0,0.0
603,1,3,Direct,1,0.0
603,2,3,Instagram,1,0.0
603,3,3,Organic SEO,1,192.12
604,1,6,YouTube,0,0.0
604,2,6,Instagram,0,0.0
604,3,6,Email,0,0.0
604,4,6,Email,0,0.0
604,5,6,Facebook,0,0.0
604,6,6,YouTube,0,0.0
605,1,1,Organic SEO,0,0.0
606,1,1,Direct,0,0.0
607,1,3,Organic SEO,0,0.0
607,2,3,Facebook,0,0.0
607,3,3,YouTube,0,0.0
608,1,4,Google Search,0,0.0
608,2,4,Facebook,0,0.0
608,3,4,Facebook,0,0.0
608,4,4,YouTube,0,0.0
609,1,1,Email,0,0.0
610,1,6,Facebook,1,0.0
610,2,6,Direct,1,0.0
610,3,6,Organic SEO,1,0.0
610,4,6,Organic SEO,1,0.0
610,5,6,Google Search,1,0.0
610,6,6,Direct,1,188.23
611,1,3,Direct,0,0.0
611,2,3,Organic SEO,0,0.0
611,3,3,YouTube,0,0.0
612,1,2,Google Search,0,0.0
612,2,2,Organic SEO,0,0.0
613,1,3,Facebook,1,0.0
613,2,3,Email,1,0.0
613,3,3,YouTube,1,34.32
614,1,2,Organic SEO,0,0.0
614,2,2,Email,0,0.0
615,1,5,Organic SEO,0,0.0
615,2,5,Direct,0,0.0
615,3,5,Instagram,0,0.0
615,4,5,Facebook,0,0.0
615,5,5,Email,0,0.0
616,1,2,Direct,0,0.0
616,2,2,Instagram,0,0.0
617,1,2,Facebook,0,0.0
617,2,2,Direct,0,0.0
618,1,2,Google Search,0,0.0
618,2,2,Google Search,0,0.0
619,1,2,Facebook,0,0.0
619,2,2,Direct,0,0.0
620,1,6,Organic SEO,0,0.0
620,2,6,YouTube,0,0.0
620,3,6,Facebook,0,0.0
620,4,6,Instagram,0,0.0
620,5,6,Instagram,0,0.0
620,6,6,Organic SEO,0,0.0
621,1,5,Email,1,0.0
621,2,5,Facebook,1,0.0
621,3,5,Organic SEO,1,0.0
621,4,5,Direct,1,0.0
621,5,5,YouTube,1,46.69
622,1,4,Google Search,1,0.0
622,2,4,Direct,1,0.0
622,3,4,Direct,1,0.0
622,4,4,Facebook,1,129.09
623,1,2,YouTube,0,0.0
623,2,2,Facebook,0,0.0
624,1,1,Organic SEO,0,0.0
625,1,6,Google Search,0,0.0
625,2,6,Organic SEO,0,0.0
625,3,6,YouTube,0,0.0
625,4,6,YouTube,0,0.0
625,5,6,Google Search,0,0.0
625,6,6,Facebook,0,0.0
626,1,3,YouTube,0,0.0
626,2,3,YouTube,0,0.0
626,3,3,Facebook,0,0.0
627,1,3,Instagram,0,0.0
627,2,3,Facebook,0,0.0
627,3,3,Email,0,0.0
628,1,5,Email,0,0.0
628,2,5,Google Search,0,0.0
628,3,5,Instagram,0,0.0
628,4,5,YouTube,0,0.0
628,5,5,Direct,0,0.0
629,1,6,YouTube,1,0.0
629,2,6,Facebook,1,0.0
629,3,6,YouTube,1,0.0
629,4,6,Instagram,1,0.0
629,5,6,Email,1,0.0
629,6,6,Facebook,1,128.98
630,1,3,Facebook,1,0.0
630,2,3,YouTube,1,0.0
630,3,3,Organic SEO,1,129.09
631,1,2,Instagram,1,0.0
631,2,2,Facebook,1,1335.3
632,1,5,Email,1,0.0
632,2,5,Email,1,0.0
632,3,5,Google Search,1,0.0
632,4,5,Google Search,1,0.0
632,5,5,Instagram,1,134.24
633,1,4,Email,0,0.0
633,2,4,Direct,0,0.0
633,3,4,YouTube,0,0.0
633,4,4,Organic SEO,0,0.0
634,1,3,Direct,0,0.0
634,2,3,Facebook,0,0.0
634,3,3,Instagram,0,0.0
635,1,6,Email,0,0.0
635,2,6,Email,0,0.0
635,3,6,Facebook,0,0.0
635,4,6,YouTube,0,0.0
635,5,6,Instagram,0,0.0
635,6,6,Email,0,0.0
636,1,6,Facebook,1,0.0
636,2,6,Direct,1,0.0
636,3,6,Direct,1,0.0
636,4,6,Facebook,1,0.0
636,5,6,YouTube,1,0.0
636,6,6,Email,1,199.32
637,1,3,Facebook,0,0.0
637,2,3,Organic SEO,0,0.0
637,3,3,Email,0,0.0
638,1,3,Facebook,0,0.0
638,2,3,Email,0,0.0
638,3,3,Direct,0,0.0
639,1,6,YouTube,0,0.0
639,2,6,Organic SEO,0,0.0
639,3,6,Google Search,0,0.0
639,4,6,Organic SEO,0,0.0
639,5,6,Instagram,0,0.0
639,6,6,Organic SEO,0,0.0
640,1,3,Email,0,0.0
640,2,3,Organic SEO,0,0.0
640,3,3,Facebook,0,0.0
641,1,3,Email,0,0.0
641,2,3,Instagram,0,0.0
641,3,3,Organic SEO,0,0.0
642,1,3,Organic SEO,1,0.0
642,2,3,Facebook,1,0.0
642,3,3,Google Search,1,175.53
643,1,2,Email,0,0.0
643,2,2,Google Search,0,0.0
644,1,2,Direct,0,0.0
644,2,2,Facebook,0,0.0
645,1,4,Direct,0,0.0
645,2,4,Direct,0,0.0
645,3,4,Google Search,0,0.0
645,4,4,Instagram,0,0.0
646,1,4,Organic SEO,0,0.0
646,2,4,Email,0,0.0
646,3,4,Google Search,0,0.0
646,4,4,Facebook,0,0.0
647,1,1,Organic SEO,0,0.0
648,1,5,Facebook,1,0.0
648,2,5,YouTube,1,0.0
648,3,5,YouTube,1,0.0
648,4,5,Facebook,1,0.0
648,5,5,YouTube,1,142.02
649,1,2,Google Search,1,0.0
649,2,2,Instagram,1,72.19
650,1,1,Direct,1,153.13
651,1,3,Instagram,0,0.0
651,2,3,Instagram,0,0.0
651,3,3,Instagram,0,0.0
652,1,6,Organic SEO,0,0.0
652,2,6,Email,0,0.0
652,3,6,Organic SEO,0,0.0
652,4,6,Email,0,0.0
652,5,6,Facebook,0,0.0
652,6,6,Organic SEO,0,0.0
653,1,4,Google Search,1,0.0
653,2,4,Facebook,1,0.0
653,3,4,Organic SEO,1,0.0
653,4,4,Facebook,1,52.41
654,1,5,Facebook,1,0.0
654,2,5,Email,1,0.0
654,3,5,YouTube,1,0.0
654,4,5,Google Search,1,0.0
654,5,5,Organic SEO,1,76.27
655,1,5,YouTube,1,0.0
655,2,5,YouTube,1,0.0
655,3,5,Google Search,1,0.0
655,4,5,Google Search,1,0.0
655,5,5,Direct,1,64.09
656,1,1,Email,0,0.0
657,1,5,Facebook,0,0.0
657,2,5,YouTube,0,0.0
657,3,5,Facebook,0,0.0
657,4,5,YouTube,0,0.0
657,5,5,Google Search,0,0.0
658,1,1,YouTube,1,95.33
659,1,5,YouTube,1,0.0
659,2,5,Email,1,0.0
659,3,5,Organic SEO,1,0.0
659,4,5,Instagram,1,0.0
659,5,5,YouTube,1,454.98
660,1,1,Instagram,0,0.0
661,1,3,Direct,0,0.0
661,2,3,Organic SEO,0,0.0
661,3,3,Email,0,0.0
662,1,2,Google Search,1,0.0
662,2,2,Instagram,1,24.36
663,1,4,Email,0,0.0
663,2,4,Google Search,0,0.0
663,3,4,YouTube,0,0.0
663,4,4,Organic SEO,0,0.0
664,1,6,Instagram,0,0.0
664,2,6,Organic SEO,0,0.0
664,3,6,Direct,0,0.0
664,4,6,Google Search,0,0.0
664,5,6,Direct,0,0.0
664,6,6,Organic SEO,0,0.0
665,1,4,Organic SEO,1,0.0
665,2,4,Email,1,0.0
665,3,4,Instagram,1,0.0
665,4,4,Google Search,1,145.53
666,1,1,Direct,0,0.0
667,1,6,Email,0,0.0
667,2,6,Direct,0,0.0
667,3,6,Google Search,0,0.0
667,4,6,Direct,0,0.0
667,5,6,Google Search,0,0.0
667,6,6,Direct,0,0.0
668,1,2,Email,0,0.0
668,2,2,Organic SEO,0,0.0
669,1,3,Organic SEO,1,0.0
669,2,3,Google Search,1,0.0
669,3,3,Direct,1,29.11
670,1,4,Email,0,0.0
670,2,4,Instagram,0,0.0
670,3,4,Direct,0,0.0
670,4,4,YouTube,0,0.0
671,1,4,YouTube,1,0.0
671,2,4,Direct,1,0.0
671,3,4,Google Search,1,0.0
671,4,4,YouTube,1,64.69
672,1,2,Google Search,0,0.0
672,2,2,Organic SEO,0,0.0
673,1,5,YouTube,0,0.0
673,2,5,Facebook,0,0.0
673,3,5,Email,0,0.0
673,4,5,Email,0,0.0
673,5,5,Google Search,0,0.0
674,1,6,Organic SEO,1,0.0
674,2,6,Google Search,1,0.0
674,3,6,Organic SEO,1,0.0
674,4,6,Google Search,1,0.0
674,5,6,Email,1,0.0
674,6,6,Google Search,1,192.92
675,1,3,Google Search,0,0.0
675,2,3,Organic SEO,0,0.0
675,3,3,Instagram,0,0.0
676,1,6,Instagram,1,0.0
676,2,6,Organic SEO,1,0.0
676,3,6,YouTube,1,0.0
676,4,6,Email,1,0.0
676,5,6,Instagram,1,0.0
676,6,6,YouTube,1,94.16
677,1,6,Direct,0,0.0
677,2,6,Instagram,0,0.0
677,3,6,YouTube,0,0.0
677,4,6,YouTube,0,0.0
677,5,6,Facebook,0,0.0
677,6,6,Direct,0,0.0
678,1,5,Google Search,0,0.0
678,2,5,YouTube,0,0.0
678,3,5,Facebook,0,0.0
678,4,5,Direct,0,0.0
678,5,5,Direct,0,0.0
679,1,1,Direct,1,42.33
680,1,3,Organic SEO,0,0.0
680,2,3,Google Search,0,0.0
680,3,3,Facebook,0,0.0
681,1,4,Direct,1,0.0
681,2,4,Google Search,1,0.0
681,3,4,Instagram,1,0.0
681,4,4,YouTube,1,54.56
682,1,4,Instagram,1,0.0
682,2,4,Google Search,1,0.0
682,3,4,Instagram,1,0.0
682,4,4,YouTube,1,144.85
683,1,4,Google Search,0,0.0
683,2,4,Instagram,0,0.0
683,3,4,Direct,0,0.0
683,4,4,Direct,0,0.0
684,1,6,Email,1,0.0
684,2,6,Instagram,1,0.0
684,3,6,Facebook,1,0.0
684,4,6,YouTube,1,0.0
684,5,6,Organic SEO,1,0.0
684,6,6,Email,1,53.99
685,1,2,Direct,0,0.0
685,2,2,Email,0,0.0
686,1,5,Instagram,1,0.0
686,2,5,YouTube,1,0.0
686,3,5,Direct,1,0.0
686,4,5,Google Search,1,0.0
686,5,5,Direct,1,104.74
687,1,3,Email,0,0.0
687,2,3,YouTube,0,0.0
687,3,3,Direct,0,0.0
688,1,3,YouTube,1,0.0
688,2,3,Google Search,1,0.0
688,3,3,Facebook,1,92.93
689,1,6,Direct,1,0.0
689,2,6,Email,1,0.0
689,3,6,Facebook,1,0.0
689,4,6,Facebook,1,0.0
689,5,6,Google Search,1,0.0
689,6,6,Direct,1,57.05
690,1,2,Direct,0,0.0
690,2,2,Google Search,0,0.0
691,1,6,Direct,1,0.0
691,2,6,YouTube,1,0.0
691,3,6,Direct,1,0.0
691,4,6,Instagram,1,0.0
691,5,6,YouTube,1,0.0
691,6,6,Organic SEO,1,403.74
692,1,4,Google Search,0,0.0
692,2,4,Direct,0,0.0
692,3,4,Instagram,0,0.0
692,4,4,Instagram,0,0.0
693,1,5,Direct,1,0.0
693,2,5,Organic SEO,1,0.0
693,3,5,YouTube,1,0.0
693,4,5,Facebook,1,0.0
693,5,5,Direct,1,140.29
694,1,6,YouTube,0,0.0
694,2,6,Organic SEO,0,0.0
694,3,6,Instagram,0,0.0
694,4,6,Email,0,0.0
694,5,6,Organic SEO,0,0.0
694,6,6,Organic SEO,0,0.0
695,1,3,Email,0,0.0
695,2,3,Email,0,0.0
695,3,3,Email,0,0.0
696,1,2,Email,0,0.0
696,2,2,YouTube,0,0.0
697,1,3,Direct,0,0.0
697,2,3,Instagram,0,0.0
697,3,3,Email,0,0.0
698,1,5,YouTube,0,0.0
698,2,5,Facebook,0,0.0
698,3,5,YouTube,0,0.0
698,4,5,Email,0,0.0
698,5,5,Email,0,0.0
699,1,6,YouTube,0,0.0
699,2,6,Organic SEO,0,0.0
699,3,6,Instagram,0,0.0
699,4,6,YouTube,0,0.0
699,5,6,Email,0,0.0
699,6,6,Google Search,0,0.0
700,1,4,YouTube,0,0.0
700,2,4,Organic SEO,0,0.0
700,3,4,YouTube,0,0.0
700,4,4,YouTube,0,0.0
701,1,5,Email,1,0.0
701,2,5,Direct,1,0.0
701,3,5,Direct,1,0.0
701,4,5,Instagram,1,0.0
701,5,5,Google Search,1,21.81
702,1,6,Google Search,1,0.0
702,2,6,Facebook,1,0.0
702,3,6,Direct,1,0.0
702,4,6,Organic SEO,1,0.0
702,5,6,YouTube,1,0.0
702,6,6,Facebook,1,102.57
703,1,3,Facebook,0,0.0
703,2,3,Instagram,0,0.0
703,3,3,Email,0,0.0
704,1,5,Organic SEO,1,0.0
704,2,5,Direct,1,0.0
704,3,5,Organic SEO,1,0.0
704,4,5,Direct,1,0.0
704,5,5,Instagram,1,56.64
705,1,6,Email,1,0.0
705,2,6,YouTube,1,0.0
705,3,6,Organic SEO,1,0.0
705,4,6,Email,1,0.0
705,5,6,Organic SEO,1,0.0
705,6,6,Organic SEO,1,163.48
706,1,5,Google Search,0,0.0
706,2,5,Direct,0,0.0
706,3,5,Facebook,0,0.0
706,4,5,Organic SEO,0,0.0
706,5,5,Organic SEO,0,0.0
707,1,2,Organic SEO,0,0.0
707,2,2,YouTube,0,0.0
708,1,5,Instagram,1,0.0
708,2,5,YouTube,1,0.0
708,3,5,Direct,1,0.0
708,4,5,Organic SEO,1,0.0
708,5,5,Email,1,51.69
709,1,6,Google Search,1,0.0
709,2,6,Organic SEO,1,0.0
709,3,6,Direct,1,0.0
709,4,6,Google Search,1,0.0
709,5,6,Google Search,1,0.0
709,6,6,Facebook,1,83.07
710,1,2,YouTube,1,0.0
710,2,2,Facebook,1,128.19
711,1,6,Organic SEO,0,0.0
711,2,6,Google Search,0,0.0
711,3,6,Organic SEO,0,0.0
711,4,6,YouTube,0,0.0
711,5,6,Direct,0,0.0
711,6,6,YouTube,0,0.0
712,1,3,Instagram,0,0.0
712,2,3,YouTube,0,0.0
712,3,3,Email,0,0.0
713,1,3,Instagram,0,0.0
713,2,3,Organic SEO,0,0.0
713,3,3,Instagram,0,0.0
714,1,2,Email,1,0.0
714,2,2,Instagram,1,165.01
715,1,2,Organic SEO,1,0.0
715,2,2,YouTube,1,38.85
716,1,3,Facebook,0,0.0
716,2,3,Direct,0,0.0
716,3,3,Instagram,0,0.0
717,1,6,Google Search,0,0.0
717,2,6,YouTube,0,0.0
717,3,6,Instagram,0,0.0
717,4,6,Organic SEO,0,0.0
717,5,6,YouTube,0,0.0
717,6,6,YouTube,0,0.0
718,1,6,Organic SEO,1,0.0
718,2,6,Email,1,0.0
718,3,6,Direct,1,0.0
718,4,6,Google Search,1,0.0
718,5,6,Facebook,1,0.0
718,6,6,Direct,1,71.23
719,1,5,Direct,0,0.0
719,2,5,Email,0,0.0
719,3,5,Direct,0,0.0
719,4,5,Instagram,0,0.0
719,5,5,Google Search,0,0.0
720,1,2,Email,1,0.0
720,2,2,Google Search,1,64.56
721,1,5,Instagram,0,0.0
721,2,5,YouTube,0,0.0
721,3,5,Facebook,0,0.0
721,4,5,YouTube,0,0.0
721,5,5,Facebook,0,0.0
722,1,1,Facebook,0,0.0
723,1,6,Direct,1,0.0
723,2,6,YouTube,1,0.0
723,3,6,Organic SEO,1,0.0
723,4,6,Direct,1,0.0
723,5,6,Facebook,1,0.0
723,6,6,Instagram,1,56.98
724,1,1,Google Search,1,309.77
725,1,3,Instagram,1,0.0
725,2,3,YouTube,1,0.0
725,3,3,Facebook,1,119.52
726,1,4,Instagram,1,0.0
726,2,4,Email,1,0.0
726,3,4,Email,1,0.0
726,4,4,Email,1,37.24
727,1,1,YouTube,0,0.0
728,1,6,YouTube,1,0.0
728,2,6,YouTube,1,0.0
728,3,6,Google Search,1,0.0
728,4,6,Organic SEO,1,0.0
728,5,6,Google Search,1,0.0
728,6,6,Direct,1,171.14
729,1,1,Facebook,0,0.0
730,1,4,Email,1,0.0
730,2,4,YouTube,1,0.0
730,3,4,Instagram,1,0.0
730,4,4,Instagram,1,397.62
731,1,4,Direct,1,0.0
731,2,4,Direct,1,0.0
731,3,4,Email,1,0.0
731,4,4,YouTube,1,185.44
732,1,6,YouTube,0,0.0
732,2,6,Organic SEO,0,0.0
732,3,6,Google Search,0,0.0
732,4,6,Organic SEO,0,0.0
732,5,6,Google Search,0,0.0
732,6,6,Google Search,0,0.0
733,1,4,Instagram,0,0.0
733,2,4,Organic SEO,0,0.0
733,3,4,Email,0,0.0
733,4,4,Direct,0,0.0
734,1,3,Facebook,1,0.0
734,2,3,Organic SEO,1,0.0
734,3,3,Direct,1,31.08
735,1,2,Facebook,1,0.0
735,2,2,Direct,1,64.14
736,1,2,YouTube,1,0.0
736,2,2,Instagram,1,218.51
737,1,5,Instagram,0,0.0
737,2,5,Instagram,0,0.0
737,3,5,Email,0,0.0
737,4,5,Google Search,0,0.0
737,5,5,Google Search,0,0.0
738,1,4,Organic SEO,1,0.0
738,2,4,Email,1,0.0
738,3,4,YouTube,1,0.0
738,4,4,Facebook,1,54.85
739,1,1,Organic SEO,1,122.81
740,1,4,Email,0,0.0
740,2,4,YouTube,0,0.0
740,3,4,YouTube,0,0.0
740,4,4,Facebook,0,0.0
741,1,3,Organic SEO,0,0.0
741,2,3,Facebook,0,0.0
741,3,3,Email,0,0.0
742,1,6,Direct,0,0.0
742,2,6,Instagram,0,0.0
742,3,6,Direct,0,0.0
742,4,6,Google Search,0,0.0
742,5,6,Direct,0,0.0
742,6,6,Organic SEO,0,0.0
743,1,3,Direct,0,0.0
743,2,3,Instagram,0,0.0
743,3,3,Google Search,0,0.0
744,1,1,Direct,0,0.0
745,1,2,Organic SEO,0,0.0
745,2,2,Facebook,0,0.0
746,1,6,Google Search,0,0.0
746,2,6,Google Search,0,0.0
746,3,6,Google Search,0,0.0
746,4,6,Instagram,0,0.0
746,5,6,Google Search,0,0.0
746,6,6,YouTube,0,0.0
747,1,5,Facebook,0,0.0
747,2,5,Google Search,0,0.0
747,3,5,Facebook,0,0.0
747,4,5,Organic SEO,0,0.0
747,5,5,Instagram,0,0.0
748,1,2,Email,0,0.0
748,2,2,Facebook,0,0.0
749,1,6,Organic SEO,1,0.0
749,2,6,Google Search,1,0.0
749,3,6,Instagram,1,0.0
749,4,6,Google Search,1,0.0
749,5,6,Email,1,0.0
749,6,6,Google Search,1,154.82
750,1,5,YouTube,0,0.0
750,2,5,Direct,0,0.0
750,3,5,Google Search,0,0.0
750,4,5,Facebook,0,0.0
750,5,5,Instagram,0,0.0
751,1,2,Direct,0,0.0
751,2,2,Instagram,0,0.0
752,1,2,Direct,1,0.0
752,2,2,Facebook,1,47.05
753,1,2,Google Search,0,0.0
753,2,2,Facebook,0,0.0
754,1,3,Email,1,0.0
754,2,3,Organic SEO,1,0.0
754,3,3,Organic SEO,1,86.34
755,1,6,Email,0,0.0
755,2,6,YouTube,0,0.0
755,3,6,Instagram,0,0.0
755,4,6,Direct,0,0.0
755,5,6,Direct,0,0.0
755,6,6,Facebook,0,0.0
756,1,2,Email,0,0.0
756,2,2,Email,0,0.0
757,1,1,Instagram,0,0.0
758,1,2,Instagram,0,0.0
758,2,2,Email,0,0.0
759,1,4,Direct,0,0.0
759,2,4,Organic SEO,0,0.0
759,3,4,Google Search,0,0.0
759,4,4,Organic SEO,0,0.0
760,1,2,Google Search,1,0.0
760,2,2,YouTube,1,9.31
761,1,2,Facebook,0,0.0
761,2,2,YouTube,0,0.0
762,1,6,Facebook,1,0.0
762,2,6,Direct,1,0.0
762,3,6,Direct,1,0.0
762,4,6,Instagram,1,0.0
762,5,6,Instagram,1,0.0
762,6,6,Facebook,1,43.94
763,1,4,Google Search,0,0.0
763,2,4,Google Search,0,0.0
763,3,4,YouTube,0,0.0
763,4,4,Facebook,0,0.0
764,1,1,Organic SEO,1,75.43
765,1,2,Facebook,0,0.0
765,2,2,Facebook,0,0.0
766,1,5,Organic SEO,0,0.0
766,2,5,YouTube,0,0.0
766,3,5,Organic SEO,0,0.0
766,4,5,Direct,0,0.0
766,5,5,Direct,0,0.0
767,1,2,Instagram,0,0.0
767,2,2,Organic SEO,0,0.0
768,1,2,Facebook,1,0.0
768,2,2,Email,1,37.58
769,1,5,Direct,1,0.0
769,2,5,Facebook,1,0.0
769,3,5,YouTube,1,0.0
769,4,5,Facebook,1,0.0
769,5,5,Direct,1,282.22
770,1,4,YouTube,1,0.0
770,2,4,Google Search,1,0.0
770,3,4,Email,1,0.0
770,4,4,Google Search,1,33.08
771,1,5,Organic SEO,0,0.0
771,2,5,Instagram,0,0.0
771,3,5,Email,0,0.0
771,4,5,Facebook,0,0.0
771,5,5,Google Search,0,0.0
772,1,5,YouTube,0,0.0
772,2,5,Organic SEO,0,0.0
772,3,5,Instagram,0,0.0
772,4,5,Direct,0,0.0
772,5,5,Google Search,0,0.0
773,1,5,Instagram,0,0.0
773,2,5,Google Search,0,0.0
773,3,5,Organic SEO,0,0.0
773,4,5,YouTube,0,0.0
773,5,5,Instagram,0,0.0
774,1,1,YouTube,0,0.0
775,1,4,Direct,0,0.0
775,2,4,Email,0,0.0
775,3,4,YouTube,0,0.0
775,4,4,Direct,0,0.0
776,1,6,YouTube,0,0.0
776,2,6,Email,0,0.0
776,3,6,Facebook,0,0.0
776,4,6,Direct,0,0.0
776,5,6,Organic SEO,0,0.0
776,6,6,Google Search,0,0.0
777,1,5,Email,1,0.0
777,2,5,Facebook,1,0.0
777,3,5,YouTube,1,0.0
777,4,5,Direct,1,0.0
777,5,5,YouTube,1,66.15
778,1,1,Email,1,98.64
779,1,3,Email,0,0.0
779,2,3,Google Search,0,0.0
779,3,3,Email,0,0.0
780,1,3,Direct,1,0.0
780,2,3,Email,1,0.0
780,3,3,Email,1,246.88
781,1,6,Email,0,0.0
781,2,6,Facebook,0,0.0
781,3,6,Instagram,0,0.0
781,4,6,Instagram,0,0.0
781,5,6,Facebook,0,0.0
781,6,6,Instagram,0,0.0
782,1,3,YouTube,1,0.0
782,2,3,Direct,1,0.0
782,3,3,Email,1,32.95
783,1,6,Google Search,0,0.0
783,2,6,Facebook,0,0.0
783,3,6,Direct,0,0.0
783,4,6,Organic SEO,0,0.0
783,5,6,Google Search,0,0.0
783,6,6,Instagram,0,0.0
784,1,5,YouTube,0,0.0
784,2,5,YouTube,0,0.0
784,3,5,Google Search,0,0.0
784,4,5,Email,0,0.0
784,5,5,YouTube,0,0.0
785,1,2,Instagram,1,0.0
785,2,2,YouTube,1,203.2
786,1,3,Facebook,0,0.0
786,2,3,Google Search,0,0.0
786,3,3,Google Search,0,0.0
787,1,4,YouTube,0,0.0
787,2,4,Instagram,0,0.0
787,3,4,YouTube,0,0.0
787,4,4,YouTube,0,0.0
788,1,2,YouTube,1,0.0
788,2,2,Instagram,1,90.66
789,1,6,Organic SEO,0,0.0
789,2,6,Instagram,0,0.0
789,3,6,Facebook,0,0.0
789,4,6,Direct,0,0.0
789,5,6,Instagram,0,0.0
789,6,6,YouTube,0,0.0
790,1,6,Google Search,0,0.0
790,2,6,Facebook,0,0.0
790,3,6,Google Search,0,0.0
790,4,6,Facebook,0,0.0
790,5,6,Organic SEO,0,0.0
790,6,6,Direct,0,0.0
791,1,4,Email,0,0.0
791,2,4,Facebook,0,0.0
791,3,4,Google Search,0,0.0
791,4,4,YouTube,0,0.0
792,1,5,Facebook,1,0.0
792,2,5,Direct,1,0.0
792,3,5,Organic SEO,1,0.0
792,4,5,Email,1,0.0
792,5,5,Organic SEO,1,45.28
793,1,5,Organic SEO,0,0.0
793,2,5,Instagram,0,0.0
793,3,5,Email,0,0.0
793,4,5,Google Search,0,0.0
793,5,5,Facebook,0,0.0
794,1,5,Google Search,0,0.0
794,2,5,Email,0,0.0
794,3,5,Organic SEO,0,0.0
794,4,5,Direct,0,0.0
794,5,5,Organic SEO,0,0.0
795,1,5,Facebook,1,0.0
795,2,5,Instagram,1,0.0
795,3,5,Email,1,0.0
795,4,5,Instagram,1,0.0
795,5,5,Facebook,1,124.4
796,1,4,YouTube,1,0.0
796,2,4,Organic SEO,1,0.0
796,3,4,Organic SEO,1,0.0
796,4,4,Instagram,1,103.48
797,1,4,YouTube,1,0.0
797,2,4,Organic SEO,1,0.0
797,3,4,YouTube,1,0.0
797,4,4,Facebook,1,59.14
798,1,3,Instagram,1,0.0
798,2,3,Google Search,1,0.0
798,3,3,Direct,1,94.52
799,1,1,Email,0,0.0
800,1,3,Google Search,0,0.0
800,2,3,Organic SEO,0,0.0
800,3,3,Instagram,0,0.0
801,1,5,Facebook,1,0.0
801,2,5,Organic SEO,1,0.0
801,3,5,YouTube,1,0.0
801,4,5,Organic SEO,1,0.0
801,5,5,Instagram,1,68.74
802,1,6,Facebook,0,0.0
802,2,6,Facebook,0,0.0
802,3,6,Facebook,0,0.0
802,4,6,Direct,0,0.0
802,5,6,Direct,0,0.0
802,6,6,Email,0,0.0
803,1,1,Organic SEO,0,0.0
804,1,6,Instagram,1,0.0
804,2,6,Google Search,1,0.0
804,3,6,Direct,1,0.0
804,4,6,Organic SEO,1,0.0
804,5,6,Direct,1,0.0
804,6,6,Email,1,97.46
805,1,5,Organic SEO,1,0.0
805,2,5,Instagram,1,0.0
805,3,5,Organic SEO,1,0.0
805,4,5,Organic SEO,1,0.0
805,5,5,Facebook,1,143.09
806,1,5,Google Search,1,0.0
806,2,5,Instagram,1,0.0
806,3,5,Email,1,0.0
806,4,5,Organic SEO,1,0.0
806,5,5,Google Search,1,273.2
807,1,6,Direct,0,0.0
807,2,6,Instagram,0,0.0
807,3,6,Google Search,0,0.0
807,4,6,Instagram,0,0.0
807,5,6,Email,0,0.0
807,6,6,Google Search,0,0.0
808,1,4,YouTube,0,0.0
808,2,4,Email,0,0.0
808,3,4,YouTube,0,0.0
808,4,4,Facebook,0,0.0
809,1,2,Facebook,1,0.0
809,2,2,Organic SEO,1,37.85
810,1,2,Instagram,0,0.0
810,2,2,Facebook,0,0.0
811,1,3,Email,0,0.0
811,2,3,Email,0,0.0
811,3,3,Instagram,0,0.0
812,1,5,YouTube,0,0.0
812,2,5,Direct,0,0.0
812,3,5,Direct,0,0.0
812,4,5,Direct,0,0.0
812,5,5,Instagram,0,0.0
813,1,2,Facebook,1,0.0
813,2,2,Organic SEO,1,400.66
814,1,1,Facebook,0,0.0
815,1,6,Instagram,0,0.0
815,2,6,Direct,0,0.0
815,3,6,Direct,0,0.0
815,4,6,Email,0,0.0
815,5,6,Instagram,0,0.0
815,6,6,Instagram,0,0.0
816,1,6,Facebook,1,0.0
816,2,6,Facebook,1,0.0
816,3,6,Facebook,1,0.0
816,4,6,Direct,1,0.0
816,5,6,Google Search,1,0.0
816,6,6,Direct,1,22.96
817,1,3,Instagram,1,0.0
817,2,3,Organic SEO,1,0.0
817,3,3,Facebook,1,80.94
818,1,1,Email,0,0.0
819,1,5,Facebook,0,0.0
819,2,5,YouTube,0,0.0
819,3,5,YouTube,0,0.0
819,4,5,Facebook,0,0.0
819,5,5,Direct,0,0.0
820,1,6,Instagram,0,0.0
820,2,6,Direct,0,0.0
820,3,6,Instagram,0,0.0
820,4,6,Google Search,0,0.0
820,5,6,YouTube,0,0.0
820,6,6,Instagram,0,0.0
821,1,2,YouTube,0,0.0
821,2,2,Organic SEO,0,0.0
822,1,5,YouTube,1,0.0
822,2,5,Direct,1,0.0
822,3,5,Google Search,1,0.0
822,4,5,Facebook,1,0.0
822,5,5,Facebook,1,135.89
823,1,3,YouTube,0,0.0
823,2,3,YouTube,0,0.0
823,3,3,Email,0,0.0
824,1,3,Direct,1,0.0
824,2,3,Instagram,1,0.0
824,3,3,Instagram,1,109.58
825,1,1,Google Search,1,58.21
826,1,3,Organic SEO,1,0.0
826,2,3,YouTube,1,0.0
826,3,3,Google Search,1,77.81
827,1,1,Google Search,0,0.0
828,1,4,Instagram,1,0.0
828,2,4,Google Search,1,0.0
828,3,4,Email,1,0.0
828,4,4,Direct,1,63.75
829,1,3,YouTube,0,0.0
829,2,3,Google Search,0,0.0
829,3,3,Organic SEO,0,0.0
830,1,2,Facebook,0,0.0
830,2,2,Facebook,0,0.0
831,1,2,Instagram,1,0.0
831,2,2,Facebook,1,59.59
832,1,3,Organic SEO,0,0.0
832,2,3,Email,0,0.0
832,3,3,Instagram,0,0.0
833,1,5,Organic SEO,0,0.0
833,2,5,Instagram,0,0.0
833,3,5,Google Search,0,0.0
833,4,5,Organic SEO,0,0.0
833,5,5,Instagram,0,0.0
834,1,4,YouTube,0,0.0
834,2,4,YouTube,0,0.0
834,3,4,Instagram,0,0.0
834,4,4,Instagram,0,0.0
835,1,3,Organic SEO,1,0.0
835,2,3,Instagram,1,0.0
835,3,3,Facebook,1,163.16
836,1,3,Email,1,0.0
836,2,3,Facebook,1,0.0
836,3,3,Email,1,115.57
837,1,2,Email,1,0.0
837,2,2,Instagram,1,55.42
838,1,4,Organic SEO,1,0.0
838,2,4,Instagram,1,0.0
838,3,4,Google Search,1,0.0
838,4,4,Instagram,1,168.97
839,1,2,Direct,1,0.0
839,2,2,Instagram,1,111.62
840,1,5,Instagram,1,0.0
840,2,5,Facebook,1,0.0
840,3,5,Direct,1,0.0
840,4,5,YouTube,1,0.0
840,5,5,Direct,1,159.02
841,1,1,Email,1,139.87
842,1,5,Direct,0,0.0
842,2,5,YouTube,0,0.0
842,3,5,Facebook,0,0.0
842,4,5,Direct,0,0.0
842,5,5,Direct,0,0.0
843,1,1,Facebook,1,50.39
844,1,6,Instagram,0,0.0
844,2,6,Instagram,0,0.0
844,3,6,YouTube,0,0.0
844,4,6,Instagram,0,0.0
844,5,6,Email,0,0.0
844,6,6,Facebook,0,0.0
845,1,1,Facebook,1,60.82
846,1,3,Google Search,1,0.0
846,2,3,Instagram,1,0.0
846,3,3,Google Search,1,151.88
847,1,1,Instagram,1,138.0
848,1,3,Direct,0,0.0
848,2,3,Instagram,0,0.0
848,3,3,Email,0,0.0
849,1,1,Email,0,0.0
850,1,2,Google Search,1,0.0
850,2,2,Direct,1,88.71
851,1,4,Facebook,1,0.0
851,2,4,Organic SEO,1,0.0
851,3,4,Facebook,1,0.0
851,4,4,Email,1,97.72
852,1,6,Facebook,0,0.0
852,2,6,Direct,0,0.0
852,3,6,Instagram,0,0.0
852,4,6,Direct,0,0.0
852,5,6,Google Search,0,0.0
852,6,6,Instagram,0,0.0
853,1,5,YouTube,1,0.0
853,2,5,Facebook,1,0.0
853,3,5,Email,1,0.0
853,4,5,Organic SEO,1,0.0
853,5,5,Organic SEO,1,220.16
854,1,6,Google Search,0,0.0
854,2,6,Organic SEO,0,0.0
854,3,6,Instagram,0,0.0
854,4,6,Facebook,0,0.0
854,5,6,YouTube,0,0.0
854,6,6,Facebook,0,0.0
855,1,6,Facebook,1,0.0
855,2,6,Google Search,1,0.0
855,3,6,YouTube,1,0.0
855,4,6,Email,1,0.0
855,5,6,Facebook,1,0.0
855,6,6,Facebook,1,59.5
856,1,2,Google Search,0,0.0
856,2,2,Google Search,0,0.0
857,1,4,YouTube,0,0.0
857,2,4,Facebook,0,0.0
857,3,4,Direct,0,0.0
857,4,4,Facebook,0,0.0
858,1,6,YouTube,0,0.0
858,2,6,Organic SEO,0,0.0
858,3,6,Organic SEO,0,0.0
858,4,6,YouTube,0,0.0
858,5,6,Google Search,0,0.0
858,6,6,YouTube,0,0.0
859,1,1,Google Search,1,132.02
860,1,5,Direct,0,0.0
860,2,5,Direct,0,0.0
860,3,5,Direct,0,0.0
860,4,5,Instagram,0,0.0
860,5,5,Facebook,0,0.0
861,1,3,Direct,0,0.0
861,2,3,Facebook,0,0.0
861,3,3,Google Search,0,0.0
862,1,5,Email,0,0.0
862,2,5,YouTube,0,0.0
862,3,5,Facebook,0,0.0
862,4,5,Facebook,0,0.0
862,5,5,Email,0,0.0
863,1,3,Organic SEO,1,0.0
863,2,3,YouTube,1,0.0
863,3,3,Organic SEO,1,78.14
864,1,5,Facebook,0,0.0
864,2,5,Email,0,0.0
864,3,5,Facebook,0,0.0
864,4,5,Email,0,0.0
864,5,5,Google Search,0,0.0
865,1,4,Direct,0,0.0
865,2,4,Organic SEO,0,0.0
865,3,4,YouTube,0,0.0
865,4,4,Email,0,0.0
866,1,3,Direct,0,0.0
866,2,3,YouTube,0,0.0
866,3,3,Instagram,0,0.0
867,1,5,YouTube,1,0.0
867,2,5,Direct,1,0.0
867,3,5,Facebook,1,0.0
867,4,5,Facebook,1,0.0
867,5,5,Email,1,77.29
868,1,1,Instagram,1,194.25
869,1,2,Facebook,1,0.0
869,2,2,Google Search,1,160.42
870,1,2,Google Search,0,0.0
870,2,2,Instagram,0,0.0
871,1,6,Instagram,1,0.0
871,2,6,YouTube,1,0.0
871,3,6,YouTube,1,0.0
871,4,6,Google Search,1,0.0
871,5,6,Facebook,1,0.0
871,6,6,Direct,1,159.09
872,1,2,YouTube,0,0.0
872,2,2,Organic SEO,0,0.0
873,1,4,Direct,0,0.0
873,2,4,Google Search,0,0.0
873,3,4,Instagram,0,0.0
873,4,4,Organic SEO,0,0.0
874,1,3,Direct,0,0.0
874,2,3,Google Search,0,0.0
874,3,3,YouTube,0,0.0
875,1,6,Google Search,0,0.0
875,2,6,Email,0,0.0
875,3,6,Organic SEO,0,0.0
875,4,6,Organic SEO,0,0.0
875,5,6,Google Search,0,0.0
875,6,6,Direct,0,0.0
876,1,2,Facebook,0,0.0
876,2,2,YouTube,0,0.0
877,1,2,Instagram,0,0.0
877,2,2,Instagram,0,0.0
878,1,6,YouTube,0,0.0
878,2,6,YouTube,0,0.0
878,3,6,YouTube,0,0.0
878,4,6,Email,0,0.0
878,5,6,Google Search,0,0.0
878,6,6,Direct,0,0.0
879,1,5,Email,1,0.0
879,2,5,Facebook,1,0.0
879,3,5,Organic SEO,1,0.0
879,4,5,Instagram,1,0.0
879,5,5,Email,1,224.49
880,1,3,Direct,0,0.0
880,2,3,Email,0,0.0
880,3,3,YouTube,0,0.0
881,1,3,YouTube,0,0.0
881,2,3,Instagram,0,0.0
881,3,3,Facebook,0,0.0
882,1,6,Facebook,0,0.0
882,2,6,Organic SEO,0,0.0
882,3,6,Instagram,0,0.0
882,4,6,Email,0,0.0
882,5,6,Direct,0,0.0
882,6,6,Organic SEO,0,0.0
883,1,5,Google Search,1,0.0
883,2,5,Organic SEO,1,0.0
883,3,5,Google Search,1,0.0
883,4,5,Organic SEO,1,0.0
883,5,5,Facebook,1,91.35
884,1,6,Direct,0,0.0
884,2,6,Organic SEO,0,0.0
884,3,6,Instagram,0,0.0
884,4,6,Instagram,0,0.0
884,5,6,YouTube,0,0.0
884,6,6,Google Search,0,0.0
885,1,2,Google Search,0,0.0
885,2,2,Email,0,0.0
886,1,2,Facebook,0,0.0
886,2,2,Email,0,0.0
887,1,5,Organic SEO,0,0.0
887,2,5,Direct,0,0.0
887,3,5,Direct,0,0.0
887,4,5,Direct,0,0.0
887,5,5,Facebook,0,0.0
888,1,6,YouTube,0,0.0
888,2,6,Direct,0,0.0
888,3,6,Google Search,0,0.0
888,4,6,YouTube,0,0.0
888,5,6,Google Search,0,0.0
888,6,6,Direct,0,0.0
889,1,1,Organic SEO,1,145.09
890,1,4,Email,0,0.0
890,2,4,Organic SEO,0,0.0
890,3,4,Organic SEO,0,0.0
890,4,4,Facebook,0,0.0
891,1,5,Organic SEO,1,0.0
891,2,5,YouTube,1,0.0
891,3,5,YouTube,1,0.0
891,4,5,Google Search,1,0.0
891,5,5,Instagram,1,72.44
892,1,5,Facebook,0,0.0
892,2,5,Instagram,0,0.0
892,3,5,Facebook,0,0.0
892,4,5,Google Search,0,0.0
892,5,5,Direct,0,0.0
893,1,4,Direct,0,0.0
893,2,4,YouTube,0,0.0
893,3,4,Google Search,0,0.0
893,4,4,Instagram,0,0.0
894,1,2,Google Search,0,0.0
894,2,2,Google Search,0,0.0
895,1,1,Instagram,1,112.95
896,1,4,Instagram,0,0.0
896,2,4,Direct,0,0.0
896,3,4,Google Search,0,0.0
896,4,4,Google Search,0,0.0
897,1,4,Email,0,0.0
897,2,4,Instagram,0,0.0
897,3,4,Instagram,0,0.0
897,4,4,Organic SEO,0,0.0
898,1,2,Google Search,1,0.0
898,2,2,Direct,1,82.18
899,1,5,Google Search,0,0.0
899,2,5,YouTube,0,0.0
899,3,5,Email,0,0.0
899,4,5,Email,0,0.0
899,5,5,Email,0,0.0
900,1,1,Direct,1,96.34
901,1,3,YouTube,1,0.0
901,2,3,Organic SEO,1,0.0
901,3,3,Instagram,1,136.54
902,1,1,Organic SEO,1,50.77
903,1,6,Email,0,0.0
903,2,6,Direct,0,0.0
903,3,6,Direct,0,0.0
903,4,6,Google Search,0,0.0
903,5,6,Google Search,0,0.0
903,6,6,Organic SEO,0,0.0
904,1,3,Google Search,0,0.0
904,2,3,YouTube,0,0.0
904,3,3,Google Search,0,0.0
905,1,1,Email,0,0.0
906,1,2,Facebook,1,0.0
906,2,2,Instagram,1,389.42
907,1,4,YouTube,0,0.0
907,2,4,Organic SEO,0,0.0
907,3,4,YouTube,0,0.0
907,4,4,YouTube,0,0.0
908,1,6,Instagram,0,0.0
908,2,6,Facebook,0,0.0
908,3,6,Google Search,0,0.0
908,4,6,Facebook,0,0.0
908,5,6,YouTube,0,0.0
908,6,6,Facebook,0,0.0
909,1,1,Google Search,0,0.0
910,1,6,Direct,1,0.0
910,2,6,YouTube,1,0.0
910,3,6,Organic SEO,1,0.0
910,4,6,Google Search,1,0.0
910,5,6,Organic SEO,1,0.0
910,6,6,YouTube,1,44.51
911,1,4,Instagram,0,0.0
911,2,4,YouTube,0,0.0
911,3,4,Organic SEO,0,0.0
911,4,4,Instagram,0,0.0
912,1,1,Facebook,0,0.0
913,1,4,Instagram,1,0.0
913,2,4,YouTube,1,0.0
913,3,4,Google Search,1,0.0
913,4,4,Organic SEO,1,38.48
914,1,4,Email,0,0.0
914,2,4,Facebook,0,0.0
914,3,4,Email,0,0.0
914,4,4,Email,0,0.0
915,1,2,Organic SEO,1,0.0
915,2,2,Organic SEO,1,202.49
916,1,1,YouTube,0,0.0
917,1,1,Organic SEO,0,0.0
918,1,2,Facebook,0,0.0
918,2,2,Organic SEO,0,0.0
919,1,1,Direct,0,0.0
920,1,6,YouTube,0,0.0
920,2,6,YouTube,0,0.0
920,3,6,Facebook,0,0.0
920,4,6,Facebook,0,0.0
920,5,6,Facebook,0,0.0
920,6,6,Organic SEO,0,0.0
921,1,3,Instagram,0,0.0
921,2,3,Google Search,0,0.0
921,3,3,YouTube,0,0.0
922,1,6,Direct,0,0.0
922,2,6,Organic SEO,0,0.0
922,3,6,Email,0,0.0
922,4,6,YouTube,0,0.0
922,5,6,Instagram,0,0.0
922,6,6,Google Search,0,0.0
923,1,2,YouTube,1,0.0
923,2,2,Instagram,1,156.67
924,1,1,Instagram,0,0.0
925,1,1,Facebook,0,0.0
926,1,2,Direct,0,0.0
926,2,2,Direct,0,0.0
927,1,4,Organic SEO,0,0.0
927,2,4,Email,0,0.0
927,3,4,Direct,0,0.0
927,4,4,Direct,0,0.0
928,1,6,Facebook,1,0.0
928,2,6,Direct,1,0.0
928,3,6,Google Search,1,0.0
928,4,6,Facebook,1,0.0
928,5,6,Direct,1,0.0
928,6,6,YouTube,1,139.34
929,1,5,YouTube,0,0.0
929,2,5,YouTube,0,0.0
929,3,5,Facebook,0,0.0
929,4,5,Google Search,0,0.0
929,5,5,Google Search,0,0.0
930,1,2,Instagram,0,0.0
930,2,2,YouTube,0,0.0
931,1,3,Facebook,1,0.0
931,2,3,Email,1,0.0
931,3,3,Instagram,1,139.75
932,1,2,Google Search,1,0.0
932,2,2,Direct,1,89.25
933,1,3,Organic SEO,1,0.0
933,2,3,Facebook,1,0.0
933,3,3,YouTube,1,48.03
934,1,2,Google Search,0,0.0
934,2,2,Organic SEO,0,0.0
935,1,5,Instagram,1,0.0
935,2,5,Email,1,0.0
935,3,5,Instagram,1,0.0
935,4,5,Facebook,1,0.0
935,5,5,Email,1,94.92
936,1,6,Direct,0,0.0
936,2,6,Direct,0,0.0
936,3,6,Email,0,0.0
936,4,6,Organic SEO,0,0.0
936,5,6,YouTube,0,0.0
936,6,6,Instagram,0,0.0
937,1,6,Direct,0,0.0
937,2,6,Instagram,0,0.0
937,3,6,Instagram,0,0.0
937,4,6,Direct,0,0.0
937,5,6,Google Search,0,0.0
937,6,6,Organic SEO,0,0.0
938,1,4,Organic SEO,0,0.0
938,2,4,Google Search,0,0.0
938,3,4,Email,0,0.0
938,4,4,Direct,0,0.0
939,1,2,Email,1,0.0
939,2,2,Email,1,56.04
940,1,3,Instagram,1,0.0
940,2,3,Email,1,0.0
940,3,3,YouTube,1,178.14
941,1,5,Organic SEO,1,0.0
941,2,5,Instagram,1,0.0
941,3,5,YouTube,1,0.0
941,4,5,Google Search,1,0.0
941,5,5,Instagram,1,81.21
942,1,5,Organic SEO,1,0.0
942,2,5,YouTube,1,0.0
942,3,5,Google Search,1,0.0
942,4,5,Email,1,0.0
942,5,5,Instagram,1,50.51
943,1,5,Organic SEO,0,0.0
943,2,5,Organic SEO,0,0.0
943,3,5,Organic SEO,0,0.0
943,4,5,Google Search,0,0.0
943,5,5,Email,0,0.0
944,1,6,Direct,0,0.0
944,2,6,Direct,0,0.0
944,3,6,Google Search,0,0.0
944,4,6,Google Search,0,0.0
944,5,6,Instagram,0,0.0
944,6,6,Email,0,0.0
945,1,4,Direct,0,0.0
945,2,4,Organic SEO,0,0.0
945,3,4,YouTube,0,0.0
945,4,4,Facebook,0,0.0
946,1,1,Direct,0,0.0
947,1,5,Organic SEO,1,0.0
947,2,5,Organic SEO,1,0.0
947,3,5,Facebook,1,0.0
947,4,5,Facebook,1,0.0
947,5,5,Direct,1,71.88
948,1,3,Email,0,0.0
948,2,3,Direct,0,0.0
948,3,3,Instagram,0,0.0
949,1,1,Organic SEO,0,0.0
950,1,1,YouTube,1,120.19
951,1,4,Instagram,0,0.0
951,2,4,Instagram,0,0.0
951,3,4,Direct,0,0.0
951,4,4,YouTube,0,0.0
952,1,2,YouTube,0,0.0
952,2,2,Instagram,0,0.0
953,1,1,YouTube,1,60.67
954,1,5,Facebook,1,0.0
954,2,5,YouTube,1,0.0
954,3,5,Direct,1,0.0
954,4,5,Facebook,1,0.0
954,5,5,Facebook,1,50.63
955,1,3,Google Search,0,0.0
955,2,3,Direct,0,0.0
955,3,3,YouTube,0,0.0
956,1,3,Email,0,0.0
956,2,3,Google Search,0,0.0
956,3,3,Google Search,0,0.0
957,1,2,YouTube,0,0.0
957,2,2,YouTube,0,0.0
958,1,5,YouTube,1,0.0
958,2,5,Instagram,1,0.0
958,3,5,Organic SEO,1,0.0
958,4,5,Direct,1,0.0
958,5,5,Email,1,106.76
959,1,3,Email,0,0.0
959,2,3,Organic SEO,0,0.0
959,3,3,Direct,0,0.0
960,1,5,Google Search,0,0.0
960,2,5,Instagram,0,0.0
960,3,5,Google Search,0,0.0
960,4,5,Organic SEO,0,0.0
960,5,5,Email,0,0.0
961,1,2,YouTube,1,0.0
961,2,2,YouTube,1,106.86
962,1,6,Organic SEO,0,0.0
962,2,6,Instagram,0,0.0
962,3,6,Google Search,0,0.0
962,4,6,Direct,0,0.0
962,5,6,YouTube,0,0.0
962,6,6,Direct,0,0.0
963,1,4,YouTube,0,0.0
963,2,4,Email,0,0.0
963,3,4,Instagram,0,0.0
963,4,4,Organic SEO,0,0.0
964,1,2,YouTube,0,0.0
964,2,2,Instagram,0,0.0
965,1,4,Instagram,0,0.0
965,2,4,Facebook,0,0.0
965,3,4,YouTube,0,0.0
965,4,4,YouTube,0,0.0
966,1,1,Google Search,0,0.0
967,1,1,Direct,1,63.13
968,1,5,Organic SEO,1,0.0
968,2,5,Email,1,0.0
968,3,5,Email,1,0.0
968,4,5,Instagram,1,0.0
968,5,5,YouTube,1,64.73
969,1,2,YouTube,1,0.0
969,2,2,Facebook,1,105.89
970,1,3,Instagram,0,0.0
970,2,3,Email,0,0.0
970,3,3,Google Search,0,0.0
971,1,3,Email,0,0.0
971,2,3,Instagram,0,0.0
971,3,3,Organic SEO,0,0.0
972,1,2,Email,0,0.0
972,2,2,Email,0,0.0
973,1,4,Direct,0,0.0
973,2,4,YouTube,0,0.0
973,3,4,Instagram,0,0.0
973,4,4,YouTube,0,0.0
974,1,5,Organic SEO,0,0.0
974,2,5,Instagram,0,0.0
974,3,5,Direct,0,0.0
974,4,5,Organic SEO,0,0.0
974,5,5,Google Search,0,0.0
975,1,5,Direct,0,0.0
975,2,5,Email,0,0.0
975,3,5,Instagram,0,0.0
975,4,5,Facebook,0,0.0
975,5,5,YouTube,0,0.0
976,1,3,Google Search,1,0.0
976,2,3,Facebook,1,0.0
976,3,3,Direct,1,32.67
977,1,4,YouTube,0,0.0
977,2,4,Direct,0,0.0
977,3,4,Instagram,0,0.0
977,4,4,Email,0,0.0
978,1,3,YouTube,0,0.0
978,2,3,Email,0,0.0
978,3,3,Google Search,0,0.0
979,1,4,Organic SEO,0,0.0
979,2,4,Email,0,0.0
979,3,4,Direct,0,0.0
979,4,4,Email,0,0.0
980,1,2,Google Search,0,0.0
980,2,2,Direct,0,0.0
981,1,1,Instagram,1,33.61
982,1,4,Organic SEO,0,0.0
982,2,4,Facebook,0,0.0
982,3,4,Email,0,0.0
982,4,4,Instagram,0,0.0
983,1,3,Direct,0,0.0
983,2,3,Facebook,0,0.0
983,3,3,Organic SEO,0,0.0
984,1,5,YouTube,0,0.0
984,2,5,Google Search,0,0.0
984,3,5,Direct,0,0.0
984,4,5,Instagram,0,0.0
984,5,5,YouTube,0,0.0
985,1,1,Email,1,54.44
986,1,5,Organic SEO,0,0.0
986,2,5,Email,0,0.0
986,3,5,Organic SEO,0,0.0
986,4,5,Google Search,0,0.0
986,5,5,Direct,0,0.0
987,1,1,YouTube,1,77.52
988,1,2,Email,1,0.0
988,2,2,Facebook,1,111.9
989,1,3,Direct,1,0.0
989,2,3,YouTube,1,0.0
989,3,3,Facebook,1,252.84
990,1,1,Google Search,0,0.0
991,1,5,Google Search,0,0.0
991,2,5,Instagram,0,0.0
991,3,5,Instagram,0,0.0
991,4,5,Facebook,0,0.0
991,5,5,Organic SEO,0,0.0
992,1,5,Facebook,1,0.0
992,2,5,Google Search,1,0.0
992,3,5,YouTube,1,0.0
992,4,5,Email,1,0.0
992,5,5,Instagram,1,164.08
993,1,4,Organic SEO,0,0.0
993,2,4,Google Search,0,0.0
993,3,4,Email,0,0.0
993,4,4,Google Search,0,0.0
994,1,6,YouTube,0,0.0
994,2,6,YouTube,0,0.0
994,3,6,Direct,0,0.0
994,4,6,YouTube,0,0.0
994,5,6,YouTube,0,0.0
994,6,6,Email,0,0.0
995,1,6,Direct,1,0.0
995,2,6,Direct,1,0.0
995,3,6,Google Search,1,0.0
995,4,6,Organic SEO,1,0.0
995,5,6,Direct,1,0.0
995,6,6,Instagram,1,80.48
996,1,6,Instagram,1,0.0
996,2,6,Instagram,1,0.0
996,3,6,YouTube,1,0.0
996,4,6,YouTube,1,0.0
996,5,6,Instagram,1,0.0
996,6,6,Facebook,1,88.83
997,1,5,Facebook,0,0.0
997,2,5,Email,0,0.0
997,3,5,Facebook,0,0.0
997,4,5,Organic SEO,0,0.0
997,5,5,Email,0,0.0
998,1,3,Instagram,0,0.0
998,2,3,Google Search,0,0.0
998,3,3,Instagram,0,0.0
999,1,4,Direct,0,0.0
999,2,4,Facebook,0,0.0
999,3,4,Email,0,0.0
999,4,4,YouTube,0,0.0
1000,1,4,Direct,0,0.0
1000,2,4,Direct,0,0.0
1000,3,4,Email,0,0.0
1000,4,4,YouTube,0,0.0
1001,1,5,Instagram,0,0.0
1001,2,5,YouTube,0,0.0
1001,3,5,Facebook,0,0.0
1001,4,5,Facebook,0,0.0
1001,5,5,Facebook,0,0.0
1002,1,1,Email,0,0.0
1003,1,5,Instagram,1,0.0
1003,2,5,Organic SEO,1,0.0
1003,3,5,Instagram,1,0.0
1003,4,5,Email,1,0.0
1003,5,5,YouTube,1,44.62
1004,1,6,Google Search,0,0.0
1004,2,6,Organic SEO,0,0.0
1004,3,6,YouTube,0,0.0
1004,4,6,Instagram,0,0.0
1004,5,6,YouTube,0,0.0
1004,6,6,Instagram,0,0.0
1005,1,4,Facebook,0,0.0
1005,2,4,Organic SEO,0,0.0
1005,3,4,Google Search,0,0.0
1005,4,4,Google Search,0,0.0
1006,1,4,Email,1,0.0
1006,2,4,YouTube,1,0.0
1006,3,4,Google Search,1,0.0
1006,4,4,Facebook,1,88.86
1007,1,5,Organic SEO,0,0.0
1007,2,5,YouTube,0,0.0
1007,3,5,Google Search,0,0.0
1007,4,5,Facebook,0,0.0
1007,5,5,Facebook,0,0.0
1008,1,4,YouTube,1,0.0
1008,2,4,Instagram,1,0.0
1008,3,4,Facebook,1,0.0
1008,4,4,Organic SEO,1,73.55
1009,1,6,Email,1,0.0
1009,2,6,Organic SEO,1,0.0
1009,3,6,Instagram,1,0.0
1009,4,6,Organic SEO,1,0.0
1009,5,6,Email,1,0.0
1009,6,6,Google Search,1,112.83
1010,1,5,Email,1,0.0
1010,2,5,Google Search,1,0.0
1010,3,5,Email,1,0.0
1010,4,5,Email,1,0.0
1010,5,5,Instagram,1,50.45
1011,1,6,Instagram,0,0.0
1011,2,6,Organic SEO,0,0.0
1011,3,6,Google Search,0,0.0
1011,4,6,Facebook,0,0.0
1011,5,6,Google Search,0,0.0
1011,6,6,Instagram,0,0.0
1012,1,6,Email,1,0.0
1012,2,6,Email,1,0.0
1012,3,6,Email,1,0.0
1012,4,6,Instagram,1,0.0
1012,5,6,YouTube,1,0.0
1012,6,6,Instagram,1,129.48
1013,1,4,Direct,0,0.0
1013,2,4,Email,0,0.0
1013,3,4,Email,0,0.0
1013,4,4,Email,0,0.0
1014,1,2,Google Search,1,0.0
1014,2,2,Google Search,1,263.2
1015,1,6,Organic SEO,0,0.0
1015,2,6,YouTube,0,0.0
1015,3,6,Organic SEO,0,0.0
1015,4,6,Google Search,0,0.0
1015,5,6,Google Search,0,0.0
1015,6,6,Direct,0,0.0
1016,1,6,YouTube,0,0.0
1016,2,6,Email,0,0.0
1016,3,6,Facebook,0,0.0
1016,4,6,Instagram,0,0.0
1016,5,6,Instagram,0,0.0
1016,6,6,Instagram,0,0.0
1017,1,2,Email,0,0.0
1017,2,2,Google Search,0,0.0
1018,1,6,Facebook,0,0.0
1018,2,6,Instagram,0,0.0
1018,3,6,Email,0,0.0
1018,4,6,Instagram,0,0.0
1018,5,6,Email,0,0.0
1018,6,6,Organic SEO,0,0.0
1019,1,6,Email,0,0.0
1019,2,6,YouTube,0,0.0
1019,3,6,Organic SEO,0,0.0
1019,4,6,Google Search,0,0.0
1019,5,6,Direct,0,0.0
1019,6,6,Instagram,0,0.0
1020,1,3,Instagram,1,0.0
1020,2,3,Google Search,1,0.0
1020,3,3,Organic SEO,1,83.42
1021,1,4,YouTube,0,0.0
1021,2,4,YouTube,0,0.0
1021,3,4,YouTube,0,0.0
1021,4,4,YouTube,0,0.0
1022,1,5,Email,0,0.0
1022,2,5,Google Search,0,0.0
1022,3,5,Email,0,0.0
1022,4,5,Direct,0,0.0
1022,5,5,Instagram,0,0.0
1023,1,4,YouTube,1,0.0
1023,2,4,Email,1,0.0
1023,3,4,Email,1,0.0
1023,4,4,Organic SEO,1,119.25
1024,1,2,Google Search,0,0.0
1024,2,2,Organic SEO,0,0.0
1025,1,6,Direct,1,0.0
1025,2,6,Facebook,1,0.0
1025,3,6,YouTube,1,0.0
1025,4,6,YouTube,1,0.0
1025,5,6,YouTube,1,0.0
1025,6,6,YouTube,1,145.93
1026,1,6,YouTube,1,0.0
1026,2,6,Email,1,0.0
1026,3,6,Google Search,1,0.0
1026,4,6,Instagram,1,0.0
1026,5,6,Direct,1,0.0
1026,6,6,Facebook,1,67.98
1027,1,3,Facebook,0,0.0
1027,2,3,Facebook,0,0.0
1027,3,3,Direct,0,0.0
1028,1,5,Direct,1,0.0
1028,2,5,YouTube,1,0.0
1028,3,5,Email,1,0.0
1028,4,5,Facebook,1,0.0
1028,5,5,Direct,1,105.31
1029,1,2,Direct,1,0.0
1029,2,2,Organic SEO,1,90.81
1030,1,1,Organic SEO,0,0.0
1031,1,2,Direct,0,0.0
1031,2,2,Direct,0,0.0
1032,1,4,Facebook,0,0.0
1032,2,4,Instagram,0,0.0
1032,3,4,YouTube,0,0.0
1032,4,4,Facebook,0,0.0
1033,1,3,Google Search,1,0.0
1033,2,3,Facebook,1,0.0
1033,3,3,Direct,1,96.39
1034,1,4,Email,0,0.0
1034,2,4,Email,0,0.0
1034,3,4,Direct,0,0.0
1034,4,4,Direct,0,0.0
1035,1,4,YouTube,0,0.0
1035,2,4,Email,0,0.0
1035,3,4,Facebook,0,0.0
1035,4,4,Instagram,0,0.0
1036,1,3,Organic SEO,0,0.0
1036,2,3,Instagram,0,0.0
1036,3,3,YouTube,0,0.0
1037,1,6,Organic SEO,0,0.0
1037,2,6,Google Search,0,0.0
1037,3,6,Instagram,0,0.0
1037,4,6,Email,0,0.0
1037,5,6,Direct,0,0.0
1037,6,6,YouTube,0,0.0
1038,1,3,Email,0,0.0
1038,2,3,Facebook,0,0.0
1038,3,3,Google Search,0,0.0
1039,1,4,Instagram,0,0.0
1039,2,4,YouTube,0,0.0
1039,3,4,Facebook,0,0.0
1039,4,4,YouTube,0,0.0
1040,1,5,Email,0,0.0
1040,2,5,YouTube,0,0.0
1040,3,5,Facebook,0,0.0
1040,4,5,Instagram,0,0.0
1040,5,5,YouTube,0,0.0
1041,1,1,Email,0,0.0
1042,1,6,Instagram,0,0.0
1042,2,6,Facebook,0,0.0
1042,3,6,Facebook,0,0.0
1042,4,6,Facebook,0,0.0
1042,5,6,Google Search,0,0.0
1042,6,6,Google Search,0,0.0
1043,1,6,Organic SEO,0,0.0
1043,2,6,Facebook,0,0.0
1043,3,6,YouTube,0,0.0
1043,4,6,Google Search,0,0.0
1043,5,6,Organic SEO,0,0.0
1043,6,6,Google Search,0,0.0
1044,1,4,YouTube,0,0.0
1044,2,4,Organic SEO,0,0.0
1044,3,4,Instagram,0,0.0
1044,4,4,Organic SEO,0,0.0
1045,1,6,Facebook,0,0.0
1045,2,6,Email,0,0.0
1045,3,6,YouTube,0,0.0
1045,4,6,Google Search,0,0.0
1045,5,6,Instagram,0,0.0
1045,6,6,Organic SEO,0,0.0
1046,1,6,Organic SEO,0,0.0
1046,2,6,Direct,0,0.0
1046,3,6,Email,0,0.0
1046,4,6,Facebook,0,0.0
1046,5,6,Google Search,0,0.0
1046,6,6,Direct,0,0.0
1047,1,3,Organic SEO,1,0.0
1047,2,3,Facebook,1,0.0
1047,3,3,Direct,1,52.4
1048,1,1,Instagram,0,0.0
1049,1,5,Email,0,0.0
1049,2,5,YouTube,0,0.0
1049,3,5,Google Search,0,0.0
1049,4,5,Instagram,0,0.0
1049,5,5,Instagram,0,0.0
1050,1,1,Organic SEO,0,0.0
1051,1,1,Google Search,1,91.57
1052,1,6,Facebook,0,0.0
1052,2,6,Instagram,0,0.0
1052,3,6,Organic SEO,0,0.0
1052,4,6,Facebook,0,0.0
1052,5,6,YouTube,0,0.0
1052,6,6,Organic SEO,0,0.0
1053,1,3,Facebook,1,0.0
1053,2,3,Email,1,0.0
1053,3,3,Email,1,127.56
1054,1,6,Organic SEO,0,0.0
1054,2,6,Instagram,0,0.0
1054,3,6,Instagram,0,0.0
1054,4,6,Direct,0,0.0
1054,5,6,Direct,0,0.0
1054,6,6,Direct,0,0.0
1055,1,1,Email,0,0.0
1056,1,4,Google Search,1,0.0
1056,2,4,Instagram,1,0.0
1056,3,4,Organic SEO,1,0.0
1056,4,4,Email,1,248.59
1057,1,1,YouTube,0,0.0
1058,1,1,Email,0,0.0
1059,1,3,Google Search,0,0.0
1059,2,3,Instagram,0,0.0
1059,3,3,Direct,0,0.0
1060,1,2,Instagram,0,0.0
1060,2,2,Organic SEO,0,0.0
1061,1,3,YouTube,0,0.0
1061,2,3,Organic SEO,0,0.0
1061,3,3,YouTube,0,0.0
1062,1,1,Organic SEO,0,0.0
1063,1,2,Google Search,0,0.0
1063,2,2,Facebook,0,0.0
1064,1,5,Facebook,0,0.0
1064,2,5,Email,0,0.0
1064,3,5,Direct,0,0.0
1064,4,5,YouTube,0,0.0
1064,5,5,Instagram,0,0.0
1065,1,4,Organic SEO,0,0.0
1065,2,4,Google Search,0,0.0
1065,3,4,Email,0,0.0
1065,4,4,Email,0,0.0
1066,1,4,Google Search,0,0.0
1066,2,4,Direct,0,0.0
1066,3,4,YouTube,0,0.0
1066,4,4,Instagram,0,0.0
1067,1,5,Facebook,0,0.0
1067,2,5,YouTube,0,0.0
1067,3,5,Organic SEO,0,0.0
1067,4,5,Google Search,0,0.0
1067,5,5,Google Search,0,0.0
1068,1,4,Organic SEO,1,0.0
1068,2,4,YouTube,1,0.0
1068,3,4,Facebook,1,0.0
1068,4,4,YouTube,1,176.18
1069,1,6,Google Search,0,0.0
1069,2,6,Email,0,0.0
1069,3,6,Direct,0,0.0
1069,4,6,Instagram,0,0.0
1069,5,6,Facebook,0,0.0
1069,6,6,YouTube,0,0.0
1070,1,1,Google Search,0,0.0
1071,1,5,Facebook,0,0.0
1071,2,5,Direct,0,0.0
1071,3,5,Email,0,0.0
1071,4,5,Direct,0,0.0
1071,5,5,Organic SEO,0,0.0
1072,1,3,Google Search,1,0.0
1072,2,3,YouTube,1,0.0
1072,3,3,Instagram,1,406.36
1073,1,2,Direct,1,0.0
1073,2,2,YouTube,1,52.61
1074,1,1,Facebook,0,0.0
1075,1,2,YouTube,0,0.0
1075,2,2,Instagram,0,0.0
1076,1,5,Google Search,1,0.0
1076,2,5,Google Search,1,0.0
1076,3,5,Direct,1,0.0
1076,4,5,YouTube,1,0.0
1076,5,5,Direct,1,165.77
1077,1,4,Google Search,0,0.0
1077,2,4,Google Search,0,0.0
1077,3,4,Organic SEO,0,0.0
1077,4,4,YouTube,0,0.0
1078,1,3,Email,0,0.0
1078,2,3,Direct,0,0.0
1078,3,3,Direct,0,0.0
1079,1,2,Facebook,0,0.0
1079,2,2,Facebook,0,0.0
1080,1,2,Organic SEO,1,0.0
1080,2,2,YouTube,1,102.34
1081,1,2,Direct,1,0.0
1081,2,2,YouTube,1,416.91
1082,1,3,Email,1,0.0
1082,2,3,Google Search,1,0.0
1082,3,3,Facebook,1,51.12
1083,1,5,Organic SEO,0,0.0
1083,2,5,YouTube,0,0.0
1083,3,5,Organic SEO,0,0.0
1083,4,5,Organic SEO,0,0.0
1083,5,5,Instagram,0,0.0
1084,1,6,YouTube,0,0.0
1084,2,6,Facebook,0,0.0
1084,3,6,Facebook,0,0.0
1084,4,6,Direct,0,0.0
1084,5,6,YouTube,0,0.0
1084,6,6,Organic SEO,0,0.0
1085,1,2,Facebook,1,0.0
1085,2,2,Organic SEO,1,50.01
1086,1,3,Facebook,0,0.0
1086,2,3,Instagram,0,0.0
1086,3,3,Email,0,0.0
1087,1,4,Google Search,0,0.0
1087,2,4,Direct,0,0.0
1087,3,4,Organic SEO,0,0.0
1087,4,4,Facebook,0,0.0
1088,1,4,Instagram,0,0.0
1088,2,4,Google Search,0,0.0
1088,3,4,Facebook,0,0.0
1088,4,4,Instagram,0,0.0
1089,1,4,Facebook,1,0.0
1089,2,4,YouTube,1,0.0
1089,3,4,Email,1,0.0
1089,4,4,Direct,1,59.17
1090,1,1,Facebook,0,0.0
1091,1,2,Email,0,0.0
1091,2,2,Facebook,0,0.0
1092,1,4,Google Search,1,0.0
1092,2,4,Instagram,1,0.0
1092,3,4,Facebook,1,0.0
1092,4,4,YouTube,1,20.35
1093,1,3,Google Search,0,0.0
1093,2,3,Direct,0,0.0
1093,3,3,YouTube,0,0.0
1094,1,2,Email,0,0.0
1094,2,2,Google Search,0,0.0
1095,1,3,Google Search,1,0.0
1095,2,3,Direct,1,0.0
1095,3,3,Instagram,1,62.3
1096,1,3,Facebook,0,0.0
1096,2,3,Email,0,0.0
1096,3,3,Facebook,0,0.0
1097,1,5,Organic SEO,0,0.0
1097,2,5,YouTube,0,0.0
1097,3,5,Instagram,0,0.0
1097,4,5,Facebook,0,0.0
1097,5,5,Email,0,0.0
1098,1,2,YouTube,1,0.0
1098,2,2,Direct,1,52.91
1099,1,6,Email,0,0.0
1099,2,6,Organic SEO,0,0.0
1099,3,6,Facebook,0,0.0
1099,4,6,Instagram,0,0.0
1099,5,6,Facebook,0,0.0
1099,6,6,Organic SEO,0,0.0
1100,1,5,Organic SEO,0,0.0
1100,2,5,Email,0,0.0
1100,3,5,Google Search,0,0.0
1100,4,5,Organic SEO,0,0.0
1100,5,5,Direct,0,0.0
1101,1,4,Instagram,0,0.0
1101,2,4,Instagram,0,0.0
1101,3,4,Direct,0,0.0
1101,4,4,Direct,0,0.0
1102,1,2,Google Search,0,0.0
1102,2,2,Direct,0,0.0
1103,1,4,Organic SEO,1,0.0
1103,2,4,Google Search,1,0.0
1103,3,4,Email,1,0.0
1103,4,4,YouTube,1,100.01
1104,1,4,YouTube,0,0.0
1104,2,4,Facebook,0,0.0
1104,3,4,Instagram,0,0.0
1104,4,4,Instagram,0,0.0
1105,1,4,Instagram,0,0.0
1105,2,4,Google Search,0,0.0
1105,3,4,YouTube,0,0.0
1105,4,4,Facebook,0,0.0
1106,1,6,Instagram,1,0.0
1106,2,6,YouTube,1,0.0
1106,3,6,Organic SEO,1,0.0
1106,4,6,Google Search,1,0.0
1106,5,6,Organic SEO,1,0.0
1106,6,6,Email,1,114.35
1107,1,4,Direct,1,0.0
1107,2,4,YouTube,1,0.0
1107,3,4,YouTube,1,0.0
1107,4,4,YouTube,1,334.73
1108,1,6,Google Search,0,0.0
1108,2,6,Organic SEO,0,0.0
1108,3,6,Direct,0,0.0
1108,4,6,Google Search,0,0.0
1108,5,6,Organic SEO,0,0.0
1108,6,6,YouTube,0,0.0
1109,1,1,Email,0,0.0
1110,1,1,Email,1,175.09
1111,1,5,YouTube,0,0.0
1111,2,5,Instagram,0,0.0
1111,3,5,Direct,0,0.0
1111,4,5,Google Search,0,0.0
1111,5,5,Email,0,0.0
1112,1,6,Instagram,1,0.0
1112,2,6,Organic SEO,1,0.0
1112,3,6,YouTube,1,0.0
1112,4,6,Organic SEO,1,0.0
1112,5,6,Facebook,1,0.0
1112,6,6,Direct,1,60.11
1113,1,3,Organic SEO,1,0.0
1113,2,3,Instagram,1,0.0
1113,3,3,Email,1,48.0
1114,1,3,Email,1,0.0
1114,2,3,Instagram,1,0.0
1114,3,3,Instagram,1,127.02
1115,1,6,Instagram,0,0.0
1115,2,6,Direct,0,0.0
1115,3,6,Organic SEO,0,0.0
1115,4,6,Instagram,0,0.0
1115,5,6,Email,0,0.0
1115,6,6,YouTube,0,0.0
1116,1,1,Facebook,0,0.0
1117,1,1,Google Search,0,0.0
1118,1,3,Organic SEO,1,0.0
1118,2,3,Google Search,1,0.0
1118,3,3,Facebook,1,35.72
1119,1,2,Instagram,0,0.0
1119,2,2,Organic SEO,0,0.0
1120,1,6,Google Search,0,0.0
1120,2,6,Email,0,0.0
1120,3,6,YouTube,0,0.0
1120,4,6,Organic SEO,0,0.0
1120,5,6,Instagram,0,0.0
1120,6,6,Email,0,0.0
1121,1,1,Email,1,324.41
1122,1,2,Direct,1,0.0
1122,2,2,Instagram,1,205.53
1123,1,5,Email,0,0.0
1123,2,5,YouTube,0,0.0
1123,3,5,Email,0,0.0
1123,4,5,YouTube,0,0.0
1123,5,5,YouTube,0,0.0
1124,1,4,Instagram,0,0.0
1124,2,4,Instagram,0,0.0
1124,3,4,Organic SEO,0,0.0
1124,4,4,Email,0,0.0
1125,1,2,Instagram,0,0.0
1125,2,2,Organic SEO,0,0.0
1126,1,1,Facebook,1,64.82
1127,1,2,YouTube,0,0.0
1127,2,2,Facebook,0,0.0
1128,1,2,Organic SEO,0,0.0
1128,2,2,Direct,0,0.0
1129,1,6,Direct,0,0.0
1129,2,6,Facebook,0,0.0
1129,3,6,Google Search,0,0.0
1129,4,6,Organic SEO,0,0.0
1129,5,6,YouTube,0,0.0
1129,6,6,Instagram,0,0.0
1130,1,2,Instagram,1,0.0
1130,2,2,Google Search,1,27.13
1131,1,3,Facebook,0,0.0
1131,2,3,Instagram,0,0.0
1131,3,3,Organic SEO,0,0.0
1132,1,1,Organic SEO,0,0.0
1133,1,4,Direct,0,0.0
1133,2,4,Organic SEO,0,0.0
1133,3,4,Organic SEO,0,0.0
1133,4,4,Facebook,0,0.0
1134,1,5,Organic SEO,0,0.0
1134,2,5,Email,0,0.0
1134,3,5,YouTube,0,0.0
1134,4,5,Instagram,0,0.0
1134,5,5,Email,0,0.0
1135,1,5,YouTube,1,0.0
1135,2,5,Direct,1,0.0
1135,3,5,Direct,1,0.0
1135,4,5,Organic SEO,1,0.0
1135,5,5,Email,1,232.23
1136,1,4,Organic SEO,0,0.0
1136,2,4,Google Search,0,0.0
1136,3,4,Instagram,0,0.0
1136,4,4,Email,0,0.0
1137,1,2,Instagram,1,0.0
1137,2,2,Google Search,1,83.08
1138,1,6,Facebook,0,0.0
1138,2,6,Instagram,0,0.0
1138,3,6,Direct,0,0.0
1138,4,6,Direct,0,0.0
1138,5,6,Facebook,0,0.0
1138,6,6,Google Search,0,0.0
1139,1,6,YouTube,0,0.0
1139,2,6,Google Search,0,0.0
1139,3,6,Instagram,0,0.0
1139,4,6,Facebook,0,0.0
1139,5,6,Email,0,0.0
1139,6,6,YouTube,0,0.0
1140,1,6,Email,0,0.0
1140,2,6,Facebook,0,0.0
1140,3,6,Direct,0,0.0
1140,4,6,Email,0,0.0
1140,5,6,Email,0,0.0
1140,6,6,Facebook,0,0.0
1141,1,4,Organic SEO,0,0.0
1141,2,4,Google Search,0,0.0
1141,3,4,Direct,0,0.0
1141,4,4,Instagram,0,0.0
1142,1,4,Email,0,0.0
1142,2,4,Direct,0,0.0
1142,3,4,Organic SEO,0,0.0
1142,4,4,Email,0,0.0
1143,1,2,Direct,1,0.0
1143,2,2,YouTube,1,214.11
1144,1,3,Instagram,1,0.0
1144,2,3,Organic SEO,1,0.0
1144,3,3,Organic SEO,1,29.49
1145,1,5,Direct,0,0.0
1145,2,5,Google Search,0,0.0
1145,3,5,Email,0,0.0
1145,4,5,Organic SEO,0,0.0
1145,5,5,Email,0,0.0
1146,1,6,Instagram,0,0.0
1146,2,6,Organic SEO,0,0.0
1146,3,6,Facebook,0,0.0
1146,4,6,Direct,0,0.0
1146,5,6,Email,0,0.0
1146,6,6,Instagram,0,0.0
1147,1,3,Direct,0,0.0
1147,2,3,Email,0,0.0
1147,3,3,Instagram,0,0.0
1148,1,1,Direct,1,59.17
1149,1,3,Organic SEO,0,0.0
1149,2,3,Direct,0,0.0
1149,3,3,Instagram,0,0.0
1150,1,3,Email,1,0.0
1150,2,3,Instagram,1,0.0
1150,3,3,YouTube,1,90.35
1151,1,1,Direct,0,0.0
1152,1,1,YouTube,0,0.0
1153,1,4,Instagram,0,0.0
1153,2,4,Organic SEO,0,0.0
1153,3,4,YouTube,0,0.0
1153,4,4,Instagram,0,0.0
1154,1,1,Email,0,0.0
1155,1,1,Direct,1,93.03
1156,1,1,Facebook,0,0.0
1157,1,6,Google Search,1,0.0
1157,2,6,Facebook,1,0.0
1157,3,6,Facebook,1,0.0
1157,4,6,Email,1,0.0
1157,5,6,Organic SEO,1,0.0
1157,6,6,Email,1,65.69
1158,1,5,YouTube,0,0.0
1158,2,5,Google Search,0,0.0
1158,3,5,Facebook,0,0.0
1158,4,5,YouTube,0,0.0
1158,5,5,Direct,0,0.0
1159,1,2,Instagram,0,0.0
1159,2,2,Organic SEO,0,0.0
1160,1,6,Direct,1,0.0
1160,2,6,Facebook,1,0.0
1160,3,6,YouTube,1,0.0
1160,4,6,Email,1,0.0
1160,5,6,Instagram,1,0.0
1160,6,6,Email,1,139.21
1161,1,2,Instagram,0,0.0
1161,2,2,Email,0,0.0
1162,1,3,Organic SEO,0,0.0
1162,2,3,Facebook,0,0.0
1162,3,3,Facebook,0,0.0
1163,1,2,Direct,0,0.0
1163,2,2,Instagram,0,0.0
1164,1,5,Direct,0,0.0
1164,2,5,YouTube,0,0.0
1164,3,5,YouTube,0,0.0
1164,4,5,Direct,0,0.0
1164,5,5,Email,0,0.0
1165,1,1,Direct,0,0.0
1166,1,4,Email,0,0.0
1166,2,4,YouTube,0,0.0
1166,3,4,Google Search,0,0.0
1166,4,4,Instagram,0,0.0
1167,1,5,Direct,1,0.0
1167,2,5,Email,1,0.0
1167,3,5,YouTube,1,0.0
1167,4,5,Google Search,1,0.0
1167,5,5,Direct,1,42.63
1168,1,6,Google Search,0,0.0
1168,2,6,Facebook,0,0.0
1168,3,6,Google Search,0,0.0
1168,4,6,Google Search,0,0.0
1168,5,6,Google Search,0,0.0
1168,6,6,YouTube,0,0.0
1169,1,1,Google Search,0,0.0
1170,1,4,Google Search,1,0.0
1170,2,4,Google Search,1,0.0
1170,3,4,Direct,1,0.0
1170,4,4,Instagram,1,81.48
1171,1,1,Organic SEO,1,97.93
1172,1,3,YouTube,0,0.0
1172,2,3,Direct,0,0.0
1172,3,3,Direct,0,0.0
1173,1,2,YouTube,0,0.0
1173,2,2,Facebook,0,0.0
1174,1,1,Google Search,0,0.0
1175,1,3,Organic SEO,0,0.0
1175,2,3,Email,0,0.0
1175,3,3,Facebook,0,0.0
1176,1,6,YouTube,0,0.0
1176,2,6,Instagram,0,0.0
1176,3,6,Google Search,0,0.0
1176,4,6,Direct,0,0.0
1176,5,6,Direct,0,0.0
1176,6,6,Instagram,0,0.0
1177,1,3,Facebook,0,0.0
1177,2,3,Direct,0,0.0
1177,3,3,Google Search,0,0.0
1178,1,2,Organic SEO,0,0.0
1178,2,2,Direct,0,0.0
1179,1,6,YouTube,1,0.0
1179,2,6,Instagram,1,0.0
1179,3,6,Organic SEO,1,0.0
1179,4,6,Facebook,1,0.0
1179,5,6,Email,1,0.0
1179,6,6,Email,1,129.04
1180,1,2,Email,1,0.0
1180,2,2,Direct,1,148.14
1181,1,4,Google Search,0,0.0
1181,2,4,Google Search,0,0.0
1181,3,4,Direct,0,0.0
1181,4,4,YouTube,0,0.0
1182,1,1,Google Search,0,0.0
1183,1,4,Facebook,0,0.0
1183,2,4,YouTube,0,0.0
1183,3,4,Email,0,0.0
1183,4,4,Organic SEO,0,0.0
1184,1,5,Email,0,0.0
1184,2,5,Organic SEO,0,0.0
1184,3,5,Email,0,0.0
1184,4,5,Direct,0,0.0
1184,5,5,Organic SEO,0,0.0
1185,1,6,Email,0,0.0
1185,2,6,Google Search,0,0.0
1185,3,6,YouTube,0,0.0
1185,4,6,YouTube,0,0.0
1185,5,6,Email,0,0.0
1185,6,6,Instagram,0,0.0
1186,1,1,Facebook,0,0.0
1187,1,5,Organic SEO,1,0.0
1187,2,5,Direct,1,0.0
1187,3,5,Organic SEO,1,0.0
1187,4,5,Facebook,1,0.0
1187,5,5,Email,1,40.97
1188,1,2,YouTube,1,0.0
1188,2,2,Organic SEO,1,30.76
1189,1,4,Direct,1,0.0
1189,2,4,Facebook,1,0.0
1189,3,4,YouTube,1,0.0
1189,4,4,YouTube,1,220.16
1190,1,6,Organic SEO,1,0.0
1190,2,6,Email,1,0.0
1190,3,6,YouTube,1,0.0
1190,4,6,Organic SEO,1,0.0
1190,5,6,Organic SEO,1,0.0
1190,6,6,Instagram,1,113.59
1191,1,4,Google Search,1,0.0
1191,2,4,Facebook,1,0.0
1191,3,4,Instagram,1,0.0
1191,4,4,YouTube,1,53.31
1192,1,1,Direct,0,0.0
1193,1,4,YouTube,1,0.0
1193,2,4,Organic SEO,1,0.0
1193,3,4,Email,1,0.0
1193,4,4,YouTube,1,266.62
1194,1,5,YouTube,0,0.0
1194,2,5,Direct,0,0.0
1194,3,5,YouTube,0,0.0
1194,4,5,Instagram,0,0.0
1194,5,5,Instagram,0,0.0
1195,1,3,YouTube,1,0.0
1195,2,3,Instagram,1,0.0
1195,3,3,Facebook,1,97.61
1196,1,5,Instagram,0,0.0
1196,2,5,Organic SEO,0,0.0
1196,3,5,Google Search,0,0.0
1196,4,5,Instagram,0,0.0
1196,5,5,Organic SEO,0,0.0
1197,1,3,Direct,1,0.0
1197,2,3,Instagram,1,0.0
1197,3,3,Google Search,1,205.51
1198,1,6,Organic SEO,0,0.0
1198,2,6,Email,0,0.0
1198,3,6,YouTube,0,0.0
1198,4,6,Instagram,0,0.0
1198,5,6,Google Search,0,0.0
1198,6,6,Direct,0,0.0
1199,1,1,Instagram,0,0.0
1200,1,5,YouTube,0,0.0
1200,2,5,YouTube,0,0.0
1200,3,5,Instagram,0,0.0
1200,4,5,Direct,0,0.0
1200,5,5,Instagram,0,0.0
1201,1,4,YouTube,1,0.0
1201,2,4,Email,1,0.0
1201,3,4,YouTube,1,0.0
1201,4,4,Direct,1,94.37
1202,1,1,Google Search,1,380.89
1203,1,3,Email,0,0.0
1203,2,3,Direct,0,0.0
1203,3,3,Google Search,0,0.0
1204,1,3,Email,0,0.0
1204,2,3,Email,0,0.0
1204,3,3,Organic SEO,0,0.0
1205,1,1,YouTube,1,307.58
1206,1,6,Email,0,0.0
1206,2,6,Google Search,0,0.0
1206,3,6,YouTube,0,0.0
1206,4,6,Organic SEO,0,0.0
1206,5,6,Google Search,0,0.0
1206,6,6,Facebook,0,0.0
1207,1,1,Instagram,0,0.0
1208,1,5,Instagram,1,0.0
1208,2,5,Email,1,0.0
1208,3,5,Google Search,1,0.0
1208,4,5,Instagram,1,0.0
1208,5,5,Google Search,1,75.62
1209,1,5,Email,1,0.0
1209,2,5,YouTube,1,0.0
1209,3,5,Direct,1,0.0
1209,4,5,Google Search,1,0.0
1209,5,5,YouTube,1,177.7
1210,1,5,Direct,1,0.0
1210,2,5,YouTube,1,0.0
1210,3,5,Facebook,1,0.0
1210,4,5,Email,1,0.0
1210,5,5,Organic SEO,1,141.42
1211,1,6,Direct,0,0.0
1211,2,6,Direct,0,0.0
1211,3,6,Direct,0,0.0
1211,4,6,Instagram,0,0.0
1211,5,6,Email,0,0.0
1211,6,6,Google Search,0,0.0
1212,1,4,Direct,0,0.0
1212,2,4,YouTube,0,0.0
1212,3,4,Organic SEO,0,0.0
1212,4,4,Direct,0,0.0
1213,1,5,Email,0,0.0
1213,2,5,Google Search,0,0.0
1213,3,5,Direct,0,0.0
1213,4,5,Instagram,0,0.0
1213,5,5,Facebook,0,0.0
1214,1,6,Direct,1,0.0
1214,2,6,Instagram,1,0.0
1214,3,6,Email,1,0.0
1214,4,6,YouTube,1,0.0
1214,5,6,Email,1,0.0
1214,6,6,Email,1,234.64
1215,1,5,Instagram,0,0.0
1215,2,5,Direct,0,0.0
1215,3,5,Facebook,0,0.0
1215,4,5,Google Search,0,0.0
1215,5,5,YouTube,0,0.0
1216,1,5,Instagram,0,0.0
1216,2,5,YouTube,0,0.0
1216,3,5,Direct,0,0.0
1216,4,5,Organic SEO,0,0.0
1216,5,5,Facebook,0,0.0
1217,1,5,Direct,1,0.0
1217,2,5,Organic SEO,1,0.0
1217,3,5,Organic SEO,1,0.0
1217,4,5,Direct,1,0.0
1217,5,5,Google Search,1,45.81
1218,1,4,Facebook,0,0.0
1218,2,4,Facebook,0,0.0
1218,3,4,YouTube,0,0.0
1218,4,4,Email,0,0.0
1219,1,3,Organic SEO,0,0.0
1219,2,3,Organic SEO,0,0.0
1219,3,3,YouTube,0,0.0
1220,1,3,Direct,0,0.0
1220,2,3,YouTube,0,0.0
1220,3,3,Facebook,0,0.0
1221,1,4,Facebook,1,0.0
1221,2,4,Facebook,1,0.0
1221,3,4,Google Search,1,0.0
1221,4,4,Direct,1,145.51
1222,1,4,Instagram,1,0.0
1222,2,4,Instagram,1,0.0
1222,3,4,YouTube,1,0.0
1222,4,4,Google Search,1,188.84
1223,1,2,Google Search,1,0.0
1223,2,2,Direct,1,26.28
1224,1,5,Facebook,0,0.0
1224,2,5,Direct,0,0.0
1224,3,5,Organic SEO,0,0.0
1224,4,5,Instagram,0,0.0
1224,5,5,Google Search,0,0.0
1225,1,1,Email,1,39.32
1226,1,1,Organic SEO,0,0.0
1227,1,3,YouTube,0,0.0
1227,2,3,Organic SEO,0,0.0
1227,3,3,Email,0,0.0
1228,1,2,Facebook,0,0.0
1228,2,2,Instagram,0,0.0
1229,1,1,Instagram,0,0.0
1230,1,5,Facebook,1,0.0
1230,2,5,Organic SEO,1,0.0
1230,3,5,Facebook,1,0.0
1230,4,5,Google Search,1,0.0
1230,5,5,Direct,1,21.6
1231,1,5,Direct,1,0.0
1231,2,5,Direct,1,0.0
1231,3,5,Direct,1,0.0
1231,4,5,Organic SEO,1,0.0
1231,5,5,Facebook,1,74.55
1232,1,2,Organic SEO,1,0.0
1232,2,2,Instagram,1,148.75
1233,1,5,Google Search,0,0.0
1233,2,5,Instagram,0,0.0
1233,3,5,YouTube,0,0.0
1233,4,5,Google Search,0,0.0
1233,5,5,Instagram,0,0.0
1234,1,2,Organic SEO,0,0.0
1234,2,2,Organic SEO,0,0.0
1235,1,3,Instagram,0,0.0
1235,2,3,Email,0,0.0
1235,3,3,Email,0,0.0
1236,1,5,Google Search,0,0.0
1236,2,5,Direct,0,0.0
1236,3,5,Direct,0,0.0
1236,4,5,Google Search,0,0.0
1236,5,5,Organic SEO,0,0.0
1237,1,3,Instagram,0,0.0
1237,2,3,Email,0,0.0
1237,3,3,Organic SEO,0,0.0
1238,1,6,Google Search,0,0.0
1238,2,6,Organic SEO,0,0.0
1238,3,6,Organic SEO,0,0.0
1238,4,6,Email,0,0.0
1238,5,6,Organic SEO,0,0.0
1238,6,6,Email,0,0.0
1239,1,3,Email,1,0.0
1239,2,3,Organic SEO,1,0.0
1239,3,3,Direct,1,257.66
1240,1,2,Organic SEO,0,0.0
1240,2,2,YouTube,0,0.0
1241,1,6,Email,0,0.0
1241,2,6,Google Search,0,0.0
1241,3,6,Organic SEO,0,0.0
1241,4,6,Direct,0,0.0
1241,5,6,Organic SEO,0,0.0
1241,6,6,Instagram,0,0.0
1242,1,3,Direct,0,0.0
1242,2,3,Organic SEO,0,0.0
1242,3,3,Direct,0,0.0
1243,1,6,Facebook,0,0.0
1243,2,6,Google Search,0,0.0
1243,3,6,Email,0,0.0
1243,4,6,Direct,0,0.0
1243,5,6,Instagram,0,0.0
1243,6,6,Email,0,0.0
1244,1,1,YouTube,1,94.81
1245,1,4,Direct,1,0.0
1245,2,4,Google Search,1,0.0
1245,3,4,Email,1,0.0
1245,4,4,YouTube,1,281.47
1246,1,1,Google Search,1,34.26
1247,1,6,Organic SEO,1,0.0
1247,2,6,Direct,1,0.0
1247,3,6,Direct,1,0.0
1247,4,6,Direct,1,0.0
1247,5,6,YouTube,1,0.0
1247,6,6,Direct,1,27.32
1248,1,4,Organic SEO,1,0.0
1248,2,4,Google Search,1,0.0
1248,3,4,Facebook,1,0.0
1248,4,4,YouTube,1,86.58
1249,1,3,Facebook,0,0.0
1249,2,3,Email,0,0.0
1249,3,3,Facebook,0,0.0
1250,1,5,Facebook,0,0.0
1250,2,5,Organic SEO,0,0.0
1250,3,5,Organic SEO,0,0.0
1250,4,5,YouTube,0,0.0
1250,5,5,YouTube,0,0.0
1251,1,4,Facebook,0,0.0
1251,2,4,YouTube,0,0.0
1251,3,4,Facebook,0,0.0
1251,4,4,Email,0,0.0
1252,1,3,Facebook,0,0.0
1252,2,3,Organic SEO,0,0.0
1252,3,3,Facebook,0,0.0
1253,1,1,Direct,0,0.0
1254,1,4,Direct,0,0.0
1254,2,4,Instagram,0,0.0
1254,3,4,Facebook,0,0.0
1254,4,4,Facebook,0,0.0
1255,1,3,Email,0,0.0
1255,2,3,Instagram,0,0.0
1255,3,3,Google Search,0,0.0
1256,1,5,Facebook,0,0.0
1256,2,5,Direct,0,0.0
1256,3,5,Direct,0,0.0
1256,4,5,Facebook,0,0.0
1256,5,5,Facebook,0,0.0
1257,1,1,Email,1,117.78
1258,1,5,Instagram,0,0.0
1258,2,5,Facebook,0,0.0
1258,3,5,YouTube,0,0.0
1258,4,5,YouTube,0,0.0
1258,5,5,Google Search,0,0.0
1259,1,3,Organic SEO,0,0.0
1259,2,3,Email,0,0.0
1259,3,3,Facebook,0,0.0
1260,1,4,Direct,1,0.0
1260,2,4,Facebook,1,0.0
1260,3,4,Google Search,1,0.0
1260,4,4,Google Search,1,87.98
1261,1,2,Instagram,0,0.0
1261,2,2,Email,0,0.0
1262,1,6,Organic SEO,1,0.0
1262,2,6,YouTube,1,0.0
1262,3,6,Direct,1,0.0
1262,4,6,Google Search,1,0.0
1262,5,6,Facebook,1,0.0
1262,6,6,YouTube,1,21.17
1263,1,4,YouTube,1,0.0
1263,2,4,Google Search,1,0.0
1263,3,4,Organic SEO,1,0.0
1263,4,4,Google Search,1,84.57
1264,1,2,Instagram,0,0.0
1264,2,2,Organic SEO,0,0.0
1265,1,2,Google Search,0,0.0
1265,2,2,YouTube,0,0.0
1266,1,3,Google Search,0,0.0
1266,2,3,Google Search,0,0.0
1266,3,3,Google Search,0,0.0
1267,1,3,Direct,0,0.0
1267,2,3,Organic SEO,0,0.0
1267,3,3,Facebook,0,0.0
1268,1,5,Direct,0,0.0
1268,2,5,Organic SEO,0,0.0
1268,3,5,Instagram,0,0.0
1268,4,5,Instagram,0,0.0
1268,5,5,Facebook,0,0.0
1269,1,4,Direct,0,0.0
1269,2,4,Facebook,0,0.0
1269,3,4,Direct,0,0.0
1269,4,4,YouTube,0,0.0
1270,1,1,Facebook,1,36.12
1271,1,2,Google Search,0,0.0
1271,2,2,Facebook,0,0.0
1272,1,4,Google Search,0,0.0
1272,2,4,Organic SEO,0,0.0
1272,3,4,Instagram,0,0.0
1272,4,4,Instagram,0,0.0
1273,1,5,Instagram,1,0.0
1273,2,5,Instagram,1,0.0
1273,3,5,Direct,1,0.0
1273,4,5,Organic SEO,1,0.0
1273,5,5,Google Search,1,143.85
1274,1,3,Facebook,1,0.0
1274,2,3,Facebook,1,0.0
1274,3,3,Instagram,1,116.35
1275,1,6,YouTube,1,0.0
1275,2,6,YouTube,1,0.0
1275,3,6,Organic SEO,1,0.0
1275,4,6,Instagram,1,0.0
1275,5,6,Instagram,1,0.0
1275,6,6,Email,1,46.62
1276,1,4,YouTube,0,0.0
1276,2,4,Organic SEO,0,0.0
1276,3,4,Google Search,0,0.0
1276,4,4,YouTube,0,0.0
1277,1,4,Email,1,0.0
1277,2,4,Organic SEO,1,0.0
1277,3,4,Google Search,1,0.0
1277,4,4,Email,1,62.82
1278,1,4,Direct,0,0.0
1278,2,4,YouTube,0,0.0
1278,3,4,Instagram,0,0.0
1278,4,4,Organic SEO,0,0.0
1279,1,1,Email,1,42.89
1280,1,5,Organic SEO,0,0.0
1280,2,5,Email,0,0.0
1280,3,5,Direct,0,0.0
1280,4,5,Direct,0,0.0
1280,5,5,Organic SEO,0,0.0
1281,1,2,Organic SEO,1,0.0
1281,2,2,Direct,1,86.15
1282,1,1,Direct,0,0.0
1283,1,5,Email,1,0.0
1283,2,5,Email,1,0.0
1283,3,5,Facebook,1,0.0
1283,4,5,Organic SEO,1,0.0
1283,5,5,Organic SEO,1,175.67
1284,1,2,Facebook,1,0.0
1284,2,2,Direct,1,45.15
1285,1,6,Facebook,0,0.0
1285,2,6,Email,0,0.0
1285,3,6,Direct,0,0.0
1285,4,6,Direct,0,0.0
1285,5,6,Organic SEO,0,0.0
1285,6,6,Organic SEO,0,0.0
1286,1,3,YouTube,0,0.0
1286,2,3,Direct,0,0.0
1286,3,3,Instagram,0,0.0
1287,1,4,Instagram,0,0.0
1287,2,4,Instagram,0,0.0
1287,3,4,Email,0,0.0
1287,4,4,Direct,0,0.0
1288,1,5,Facebook,0,0.0
1288,2,5,YouTube,0,0.0
1288,3,5,Google Search,0,0.0
1288,4,5,Instagram,0,0.0
1288,5,5,Organic SEO,0,0.0
1289,1,6,YouTube,0,0.0
1289,2,6,Facebook,0,0.0
1289,3,6,Instagram,0,0.0
1289,4,6,YouTube,0,0.0
1289,5,6,Instagram,0,0.0
1289,6,6,Email,0,0.0
1290,1,4,Email,1,0.0
1290,2,4,Organic SEO,1,0.0
1290,3,4,YouTube,1,0.0
1290,4,4,Email,1,128.1
1291,1,4,Email,1,0.0
1291,2,4,Google Search,1,0.0
1291,3,4,Google Search,1,0.0
1291,4,4,Google Search,1,62.1
1292,1,4,Email,0,0.0
1292,2,4,Instagram,0,0.0
1292,3,4,Direct,0,0.0
1292,4,4,Direct,0,0.0
1293,1,5,Google Search,1,0.0
1293,2,5,Instagram,1,0.0
1293,3,5,Google Search,1,0.0
1293,4,5,YouTube,1,0.0
1293,5,5,Facebook,1,51.68
1294,1,4,Google Search,0,0.0
1294,2,4,Email,0,0.0
1294,3,4,YouTube,0,0.0
1294,4,4,Email,0,0.0
1295,1,6,Instagram,1,0.0
1295,2,6,Direct,1,0.0
1295,3,6,Email,1,0.0
1295,4,6,Organic SEO,1,0.0
1295,5,6,Direct,1,0.0
1295,6,6,Facebook,1,83.52
1296,1,5,Facebook,1,0.0
1296,2,5,YouTube,1,0.0
1296,3,5,Instagram,1,0.0
1296,4,5,Google Search,1,0.0
1296,5,5,Email,1,43.61
1297,1,6,Instagram,0,0.0
1297,2,6,YouTube,0,0.0
1297,3,6,Organic SEO,0,0.0
1297,4,6,Organic SEO,0,0.0
1297,5,6,YouTube,0,0.0
1297,6,6,Instagram,0,0.0
1298,1,5,Email,1,0.0
1298,2,5,YouTube,1,0.0
1298,3,5,YouTube,1,0.0
1298,4,5,Email,1,0.0
1298,5,5,Email,1,61.1
1299,1,1,Facebook,0,0.0
1300,1,6,Organic SEO,0,0.0
1300,2,6,Organic SEO,0,0.0
1300,3,6,Facebook,0,0.0
1300,4,6,YouTube,0,0.0
1300,5,6,YouTube,0,0.0
1300,6,6,Instagram,0,0.0
1301,1,5,Facebook,1,0.0
1301,2,5,Email,1,0.0
1301,3,5,Instagram,1,0.0
1301,4,5,Instagram,1,0.0
1301,5,5,Google Search,1,38.92
1302,1,2,Direct,0,0.0
1302,2,2,Instagram,0,0.0
1303,1,1,Organic SEO,0,0.0
1304,1,2,Email,0,0.0
1304,2,2,Direct,0,0.0
1305,1,3,Google Search,0,0.0
1305,2,3,YouTube,0,0.0
1305,3,3,YouTube,0,0.0
1306,1,4,Direct,0,0.0
1306,2,4,YouTube,0,0.0
1306,3,4,Instagram,0,0.0
1306,4,4,Email,0,0.0
1307,1,4,Instagram,0,0.0
1307,2,4,Direct,0,0.0
1307,3,4,Organic SEO,0,0.0
1307,4,4,Organic SEO,0,0.0
1308,1,2,Direct,0,0.0
1308,2,2,Instagram,0,0.0
1309,1,3,Instagram,0,0.0
1309,2,3,Facebook,0,0.0
1309,3,3,YouTube,0,0.0
1310,1,1,Instagram,0,0.0
1311,1,3,Instagram,0,0.0
1311,2,3,Instagram,0,0.0
1311,3,3,Facebook,0,0.0
1312,1,4,Email,1,0.0
1312,2,4,Facebook,1,0.0
1312,3,4,Facebook,1,0.0
1312,4,4,Organic SEO,1,356.13
1313,1,5,Direct,0,0.0
1313,2,5,Direct,0,0.0
1313,3,5,Instagram,0,0.0
1313,4,5,Organic SEO,0,0.0
1313,5,5,Direct,0,0.0
1314,1,4,Direct,0,0.0
1314,2,4,YouTube,0,0.0
1314,3,4,Direct,0,0.0
1314,4,4,Direct,0,0.0
1315,1,2,YouTube,0,0.0
1315,2,2,Facebook,0,0.0
1316,1,6,Instagram,0,0.0
1316,2,6,Facebook,0,0.0
1316,3,6,Facebook,0,0.0
1316,4,6,Instagram,0,0.0
1316,5,6,Direct,0,0.0
1316,6,6,Organic SEO,0,0.0
1317,1,2,Facebook,1,0.0
1317,2,2,Google Search,1,92.27
1318,1,3,Email,0,0.0
1318,2,3,Facebook,0,0.0
1318,3,3,Direct,0,0.0
1319,1,1,Direct,1,55.16
1320,1,1,YouTube,1,104.56
1321,1,2,Instagram,0,0.0
1321,2,2,Organic SEO,0,0.0
1322,1,1,Direct,0,0.0
1323,1,2,Direct,0,0.0
1323,2,2,Organic SEO,0,0.0
1324,1,1,YouTube,0,0.0
1325,1,4,Direct,0,0.0
1325,2,4,Organic SEO,0,0.0
1325,3,4,Direct,0,0.0
1325,4,4,Organic SEO,0,0.0
1326,1,5,Direct,0,0.0
1326,2,5,Organic SEO,0,0.0
1326,3,5,Direct,0,0.0
1326,4,5,Google Search,0,0.0
1326,5,5,Google Search,0,0.0
1327,1,2,Organic SEO,1,0.0
1327,2,2,Facebook,1,83.21
1328,1,4,Direct,0,0.0
1328,2,4,Instagram,0,0.0
1328,3,4,Organic SEO,0,0.0
1328,4,4,Facebook,0,0.0
1329,1,2,Google Search,0,0.0
1329,2,2,Facebook,0,0.0
1330,1,1,Facebook,0,0.0
1331,1,3,Email,0,0.0
1331,2,3,Facebook,0,0.0
1331,3,3,Facebook,0,0.0
1332,1,4,Email,0,0.0
1332,2,4,YouTube,0,0.0
1332,3,4,Facebook,0,0.0
1332,4,4,Direct,0,0.0
1333,1,2,Google Search,0,0.0
1333,2,2,Instagram,0,0.0
1334,1,4,Organic SEO,0,0.0
1334,2,4,Instagram,0,0.0
1334,3,4,YouTube,0,0.0
1334,4,4,Organic SEO,0,0.0
1335,1,1,Direct,0,0.0
1336,1,1,Google Search,1,77.12
1337,1,2,Instagram,1,0.0
1337,2,2,Email,1,138.37
1338,1,6,Facebook,0,0.0
1338,2,6,YouTube,0,0.0
1338,3,6,Organic SEO,0,0.0
1338,4,6,Organic SEO,0,0.0
1338,5,6,Direct,0,0.0
1338,6,6,Organic SEO,0,0.0
1339,1,4,Email,0,0.0
1339,2,4,YouTube,0,0.0
1339,3,4,Instagram,0,0.0
1339,4,4,Email,0,0.0
1340,1,3,Google Search,0,0.0
1340,2,3,Facebook,0,0.0
1340,3,3,Instagram,0,0.0
1341,1,6,Email,1,0.0
1341,2,6,YouTube,1,0.0
1341,3,6,Organic SEO,1,0.0
1341,4,6,YouTube,1,0.0
1341,5,6,YouTube,1,0.0
1341,6,6,Instagram,1,152.97
1342,1,6,Email,0,0.0
1342,2,6,Facebook,0,0.0
1342,3,6,Email,0,0.0
1342,4,6,Google Search,0,0.0
1342,5,6,Email,0,0.0
1342,6,6,Direct,0,0.0
1343,1,2,Instagram,1,0.0
1343,2,2,Instagram,1,62.09
1344,1,5,Instagram,0,0.0
1344,2,5,Instagram,0,0.0
1344,3,5,Direct,0,0.0
1344,4,5,Facebook,0,0.0
1344,5,5,Google Search,0,0.0
1345,1,5,Facebook,0,0.0
1345,2,5,Direct,0,0.0
1345,3,5,Email,0,0.0
1345,4,5,Email,0,0.0
1345,5,5,Instagram,0,0.0
1346,1,3,Facebook,0,0.0
1346,2,3,Instagram,0,0.0
1346,3,3,Google Search,0,0.0
1347,1,1,Instagram,0,0.0
1348,1,1,Instagram,0,0.0
1349,1,6,Organic SEO,0,0.0
1349,2,6,Instagram,0,0.0
1349,3,6,Organic SEO,0,0.0
1349,4,6,YouTube,0,0.0
1349,5,6,Instagram,0,0.0
1349,6,6,YouTube,0,0.0
1350,1,3,YouTube,1,0.0
1350,2,3,Direct,1,0.0
1350,3,3,YouTube,1,60.16
1351,1,4,Instagram,0,0.0
1351,2,4,Facebook,0,0.0
1351,3,4,Email,0,0.0
1351,4,4,YouTube,0,0.0
1352,1,3,Instagram,0,0.0
1352,2,3,Facebook,0,0.0
1352,3,3,Email,0,0.0
1353,1,1,Google Search,0,0.0
1354,1,4,Facebook,0,0.0
1354,2,4,Google Search,0,0.0
1354,3,4,YouTube,0,0.0
1354,4,4,Email,0,0.0
1355,1,4,Organic SEO,0,0.0
1355,2,4,YouTube,0,0.0
1355,3,4,YouTube,0,0.0
1355,4,4,Organic SEO,0,0.0
1356,1,4,Direct,0,0.0
1356,2,4,Email,0,0.0
1356,3,4,Facebook,0,0.0
1356,4,4,Instagram,0,0.0
1357,1,4,Google Search,1,0.0
1357,2,4,YouTube,1,0.0
1357,3,4,Organic SEO,1,0.0
1357,4,4,Google Search,1,74.25
1358,1,4,Google Search,1,0.0
1358,2,4,Facebook,1,0.0
1358,3,4,Instagram,1,0.0
1358,4,4,Organic SEO,1,17.97
1359,1,4,Google Search,1,0.0
1359,2,4,Email,1,0.0
1359,3,4,Email,1,0.0
1359,4,4,Instagram,1,31.17
1360,1,3,Organic SEO,0,0.0
1360,2,3,Email,0,0.0
1360,3,3,Instagram,0,0.0
1361,1,2,Direct,0,0.0
1361,2,2,Email,0,0.0
1362,1,3,Organic SEO,0,0.0
1362,2,3,Facebook,0,0.0
1362,3,3,Direct,0,0.0
1363,1,1,Instagram,1,234.35
1364,1,1,Email,0,0.0
1365,1,5,Instagram,1,0.0
1365,2,5,Email,1,0.0
1365,3,5,Email,1,0.0
1365,4,5,Direct,1,0.0
1365,5,5,Direct,1,284.71
1366,1,2,Instagram,0,0.0
1366,2,2,Instagram,0,0.0
1367,1,4,Facebook,0,0.0
1367,2,4,Direct,0,0.0
1367,3,4,Google Search,0,0.0
1367,4,4,YouTube,0,0.0
1368,1,4,Facebook,0,0.0
1368,2,4,Email,0,0.0
1368,3,4,Instagram,0,0.0
1368,4,4,Organic SEO,0,0.0
1369,1,6,Facebook,1,0.0
1369,2,6,Google Search,1,0.0
1369,3,6,Facebook,1,0.0
1369,4,6,Google Search,1,0.0
1369,5,6,YouTube,1,0.0
1369,6,6,Direct,1,75.62
1370,1,6,Google Search,0,0.0
1370,2,6,Instagram,0,0.0
1370,3,6,Facebook,0,0.0
1370,4,6,YouTube,0,0.0
1370,5,6,YouTube,0,0.0
1370,6,6,Google Search,0,0.0
1371,1,2,Direct,1,0.0
1371,2,2,Instagram,1,134.77
1372,1,6,Organic SEO,0,0.0
1372,2,6,Facebook,0,0.0
1372,3,6,Google Search,0,0.0
1372,4,6,Direct,0,0.0
1372,5,6,Facebook,0,0.0
1372,6,6,YouTube,0,0.0
1373,1,4,Google Search,0,0.0
1373,2,4,Instagram,0,0.0
1373,3,4,Email,0,0.0
1373,4,4,YouTube,0,0.0
1374,1,1,Email,1,111.93
1375,1,1,Organic SEO,1,776.83
1376,1,3,Google Search,1,0.0
1376,2,3,Organic SEO,1,0.0
1376,3,3,Instagram,1,197.1
1377,1,2,Facebook,1,0.0
1377,2,2,Google Search,1,82.31
1378,1,4,YouTube,0,0.0
1378,2,4,Google Search,0,0.0
1378,3,4,Organic SEO,0,0.0
1378,4,4,Facebook,0,0.0
1379,1,3,Email,1,0.0
1379,2,3,Email,1,0.0
1379,3,3,Email,1,46.11
1380,1,4,Organic SEO,0,0.0
1380,2,4,Organic SEO,0,0.0
1380,3,4,Google Search,0,0.0
1380,4,4,Facebook,0,0.0
1381,1,2,Instagram,0,0.0
1381,2,2,Direct,0,0.0
1382,1,1,Facebook,1,29.24
1383,1,5,Email,1,0.0
1383,2,5,Instagram,1,0.0
1383,3,5,Email,1,0.0
1383,4,5,Facebook,1,0.0
1383,5,5,Organic SEO,1,103.8
1384,1,5,YouTube,0,0.0
1384,2,5,Facebook,0,0.0
1384,3,5,Instagram,0,0.0
1384,4,5,Direct,0,0.0
1384,5,5,Email,0,0.0
1385,1,1,Direct,0,0.0
1386,1,2,Email,0,0.0
1386,2,2,Organic SEO,0,0.0
1387,1,5,Organic SEO,0,0.0
1387,2,5,Organic SEO,0,0.0
1387,3,5,Instagram,0,0.0
1387,4,5,Google Search,0,0.0
1387,5,5,Direct,0,0.0
1388,1,5,Email,0,0.0
1388,2,5,Organic SEO,0,0.0
1388,3,5,Google Search,0,0.0
1388,4,5,Organic SEO,0,0.0
1388,5,5,Instagram,0,0.0
1389,1,6,Email,0,0.0
1389,2,6,Email,0,0.0
1389,3,6,YouTube,0,0.0
1389,4,6,YouTube,0,0.0
1389,5,6,Instagram,0,0.0
1389,6,6,Google Search,0,0.0
1390,1,5,Google Search,0,0.0
1390,2,5,Google Search,0,0.0
1390,3,5,YouTube,0,0.0
1390,4,5,Direct,0,0.0
1390,5,5,Direct,0,0.0
1391,1,4,Facebook,0,0.0
1391,2,4,Instagram,0,0.0
1391,3,4,Direct,0,0.0
1391,4,4,Organic SEO,0,0.0
1392,1,6,Facebook,0,0.0
1392,2,6,Direct,0,0.0
1392,3,6,Instagram,0,0.0
1392,4,6,Facebook,0,0.0
1392,5,6,Organic SEO,0,0.0
1392,6,6,Email,0,0.0
1393,1,5,Email,1,0.0
1393,2,5,Organic SEO,1,0.0
1393,3,5,Google Search,1,0.0
1393,4,5,Organic SEO,1,0.0
1393,5,5,YouTube,1,53.01
1394,1,1,YouTube,0,0.0
1395,1,6,YouTube,1,0.0
1395,2,6,Direct,1,0.0
1395,3,6,Instagram,1,0.0
1395,4,6,Direct,1,0.0
1395,5,6,YouTube,1,0.0
1395,6,6,Google Search,1,33.26
1396,1,6,Instagram,0,0.0
1396,2,6,Google Search,0,0.0
1396,3,6,Organic SEO,0,0.0
1396,4,6,Email,0,0.0
1396,5,6,YouTube,0,0.0
1396,6,6,Email,0,0.0
1397,1,6,Organic SEO,0,0.0
1397,2,6,Google Search,0,0.0
1397,3,6,Email,0,0.0
1397,4,6,Facebook,0,0.0
1397,5,6,Google Search,0,0.0
1397,6,6,Direct,0,0.0
1398,1,6,Organic SEO,1,0.0
1398,2,6,Email,1,0.0
1398,3,6,Google Search,1,0.0
1398,4,6,YouTube,1,0.0
1398,5,6,Email,1,0.0
1398,6,6,Direct,1,57.25
1399,1,4,Organic SEO,0,0.0
1399,2,4,Google Search,0,0.0
1399,3,4,Instagram,0,0.0
1399,4,4,YouTube,0,0.0
1400,1,1,Facebook,0,0.0
1401,1,4,Google Search,1,0.0
1401,2,4,Facebook,1,0.0
1401,3,4,Instagram,1,0.0
1401,4,4,Facebook,1,42.22
1402,1,6,Instagram,1,0.0
1402,2,6,YouTube,1,0.0
1402,3,6,Instagram,1,0.0
1402,4,6,Google Search,1,0.0
1402,5,6,Google Search,1,0.0
1402,6,6,Google Search,1,293.24
1403,1,5,Direct,1,0.0
1403,2,5,Organic SEO,1,0.0
1403,3,5,Direct,1,0.0
1403,4,5,Facebook,1,0.0
1403,5,5,Direct,1,166.86
1404,1,6,YouTube,0,0.0
1404,2,6,YouTube,0,0.0
1404,3,6,YouTube,0,0.0
1404,4,6,Organic SEO,0,0.0
1404,5,6,Google Search,0,0.0
1404,6,6,Email,0,0.0
1405,1,6,Google Search,0,0.0
1405,2,6,Organic SEO,0,0.0
1405,3,6,Instagram,0,0.0
1405,4,6,Organic SEO,0,0.0
1405,5,6,Facebook,0,0.0
1405,6,6,YouTube,0,0.0
1406,1,3,Instagram,1,0.0
1406,2,3,Google Search,1,0.0
1406,3,3,Direct,1,89.52
1407,1,4,Instagram,0,0.0
1407,2,4,Email,0,0.0
1407,3,4,Email,0,0.0
1407,4,4,Email,0,0.0
1408,1,1,Organic SEO,1,253.65
1409,1,6,Email,1,0.0
1409,2,6,Google Search,1,0.0
1409,3,6,Facebook,1,0.0
1409,4,6,Facebook,1,0.0
1409,5,6,Email,1,0.0
1409,6,6,YouTube,1,95.03
1410,1,4,Instagram,0,0.0
1410,2,4,Google Search,0,0.0
1410,3,4,Direct,0,0.0
1410,4,4,Organic SEO,0,0.0
1411,1,2,Google Search,1,0.0
1411,2,2,Facebook,1,49.26
1412,1,1,Direct,0,0.0
1413,1,2,Organic SEO,0,0.0
1413,2,2,Direct,0,0.0
1414,1,1,YouTube,0,0.0
1415,1,1,Organic SEO,0,0.0
1416,1,4,Email,0,0.0
1416,2,4,Direct,0,0.0
1416,3,4,Google Search,0,0.0
1416,4,4,Google Search,0,0.0
1417,1,4,Google Search,1,0.0
1417,2,4,YouTube,1,0.0
1417,3,4,Instagram,1,0.0
1417,4,4,Google Search,1,261.44
1418,1,1,Email,0,0.0
1419,1,1,YouTube,0,0.0
1420,1,5,Direct,0,0.0
1420,2,5,YouTube,0,0.0
1420,3,5,Instagram,0,0.0
1420,4,5,Instagram,0,0.0
1420,5,5,Email,0,0.0
1421,1,1,Email,0,0.0
1422,1,1,Instagram,1,131.27
1423,1,2,Google Search,0,0.0
1423,2,2,Google Search,0,0.0
1424,1,5,Direct,0,0.0
1424,2,5,Facebook,0,0.0
1424,3,5,YouTube,0,0.0
1424,4,5,YouTube,0,0.0
1424,5,5,Facebook,0,0.0
1425,1,6,YouTube,0,0.0
1425,2,6,Facebook,0,0.0
1425,3,6,Google Search,0,0.0
1425,4,6,Google Search,0,0.0
1425,5,6,Google Search,0,0.0
1425,6,6,YouTube,0,0.0
1426,1,6,Direct,1,0.0
1426,2,6,Email,1,0.0
1426,3,6,Organic SEO,1,0.0
1426,4,6,Direct,1,0.0
1426,5,6,Facebook,1,0.0
1426,6,6,Email,1,43.55
1427,1,3,Organic SEO,1,0.0
1427,2,3,Instagram,1,0.0
1427,3,3,YouTube,1,78.79
1428,1,2,Instagram,0,0.0
1428,2,2,Direct,0,0.0
1429,1,4,Email,1,0.0
1429,2,4,Organic SEO,1,0.0
1429,3,4,YouTube,1,0.0
1429,4,4,Facebook,1,48.77
1430,1,2,YouTube,0,0.0
1430,2,2,YouTube,0,0.0
1431,1,5,YouTube,1,0.0
1431,2,5,Direct,1,0.0
1431,3,5,Instagram,1,0.0
1431,4,5,Email,1,0.0
1431,5,5,Email,1,34.19
1432,1,1,Instagram,0,0.0
1433,1,1,Instagram,0,0.0
1434,1,6,Facebook,1,0.0
1434,2,6,Facebook,1,0.0
1434,3,6,YouTube,1,0.0
1434,4,6,Facebook,1,0.0
1434,5,6,Direct,1,0.0
1434,6,6,Organic SEO,1,172.14
1435,1,6,Email,0,0.0
1435,2,6,Email,0,0.0
1435,3,6,Direct,0,0.0
1435,4,6,Google Search,0,0.0
1435,5,6,Google Search,0,0.0
1435,6,6,Email,0,0.0
1436,1,2,Email,0,0.0
1436,2,2,Facebook,0,0.0
1437,1,3,Google Search,1,0.0
1437,2,3,Google Search,1,0.0
1437,3,3,Facebook,1,342.61
1438,1,3,Direct,1,0.0
1438,2,3,Email,1,0.0
1438,3,3,Instagram,1,33.82
1439,1,1,Facebook,1,133.5
1440,1,1,Google Search,0,0.0
1441,1,4,YouTube,0,0.0
1441,2,4,Organic SEO,0,0.0
1441,3,4,Email,0,0.0
1441,4,4,Facebook,0,0.0
1442,1,3,Direct,0,0.0
1442,2,3,YouTube,0,0.0
1442,3,3,Organic SEO,0,0.0
1443,1,5,Organic SEO,0,0.0
1443,2,5,Organic SEO,0,0.0
1443,3,5,Google Search,0,0.0
1443,4,5,Facebook,0,0.0
1443,5,5,Organic SEO,0,0.0
1444,1,2,Instagram,1,0.0
1444,2,2,YouTube,1,57.09
1445,1,4,Organic SEO,1,0.0
1445,2,4,Facebook,1,0.0
1445,3,4,Google Search,1,0.0
1445,4,4,YouTube,1,64.01
1446,1,5,Email,1,0.0
1446,2,5,Facebook,1,0.0
1446,3,5,Facebook,1,0.0
1446,4,5,YouTube,1,0.0
1446,5,5,Facebook,1,59.46
1447,1,5,Organic SEO,0,0.0
1447,2,5,Organic SEO,0,0.0
1447,3,5,Facebook,0,0.0
1447,4,5,Google Search,0,0.0
1447,5,5,Instagram,0,0.0
1448,1,1,Facebook,0,0.0
1449,1,6,Direct,0,0.0
1449,2,6,Email,0,0.0
1449,3,6,Instagram,0,0.0
1449,4,6,Facebook,0,0.0
1449,5,6,YouTube,0,0.0
1449,6,6,Instagram,0,0.0
1450,1,4,Instagram,0,0.0
1450,2,4,YouTube,0,0.0
1450,3,4,YouTube,0,0.0
1450,4,4,Direct,0,0.0
1451,1,2,Facebook,0,0.0
1451,2,2,Facebook,0,0.0
1452,1,4,Facebook,0,0.0
1452,2,4,Email,0,0.0
1452,3,4,Email,0,0.0
1452,4,4,Facebook,0,0.0
1453,1,3,Instagram,0,0.0
1453,2,3,Google Search,0,0.0
1453,3,3,Google Search,0,0.0
1454,1,3,Facebook,1,0.0
1454,2,3,Google Search,1,0.0
1454,3,3,Instagram,1,49.17
1455,1,4,Instagram,0,0.0
1455,2,4,Email,0,0.0
1455,3,4,Direct,0,0.0
1455,4,4,Email,0,0.0
1456,1,2,Instagram,1,0.0
1456,2,2,Facebook,1,93.13
1457,1,1,Email,0,0.0
1458,1,5,YouTube,1,0.0
1458,2,5,Direct,1,0.0
1458,3,5,Organic SEO,1,0.0
1458,4,5,Google Search,1,0.0
1458,5,5,Google Search,1,50.32
1459,1,2,Email,1,0.0
1459,2,2,YouTube,1,108.78
1460,1,6,Direct,0,0.0
1460,2,6,YouTube,0,0.0
1460,3,6,Facebook,0,0.0
1460,4,6,YouTube,0,0.0
1460,5,6,Organic SEO,0,0.0
1460,6,6,Organic SEO,0,0.0
1461,1,6,Instagram,0,0.0
1461,2,6,Facebook,0,0.0
1461,3,6,Direct,0,0.0
1461,4,6,Facebook,0,0.0
1461,5,6,Email,0,0.0
1461,6,6,Organic SEO,0,0.0
1462,1,5,Direct,0,0.0
1462,2,5,Google Search,0,0.0
1462,3,5,YouTube,0,0.0
1462,4,5,Organic SEO,0,0.0
1462,5,5,Organic SEO,0,0.0
1463,1,2,Facebook,0,0.0
1463,2,2,Direct,0,0.0
1464,1,5,YouTube,1,0.0
1464,2,5,Instagram,1,0.0
1464,3,5,Instagram,1,0.0
1464,4,5,Direct,1,0.0
1464,5,5,Email,1,86.91
1465,1,2,Instagram,0,0.0
1465,2,2,Organic SEO,0,0.0
1466,1,4,Instagram,1,0.0
1466,2,4,Instagram,1,0.0
1466,3,4,Email,1,0.0
1466,4,4,YouTube,1,76.15
1467,1,6,Google Search,0,0.0
1467,2,6,Direct,0,0.0
1467,3,6,Direct,0,0.0
1467,4,6,Email,0,0.0
1467,5,6,Email,0,0.0
1467,6,6,YouTube,0,0.0
1468,1,6,Instagram,0,0.0
1468,2,6,Email,0,0.0
1468,3,6,Google Search,0,0.0
1468,4,6,Direct,0,0.0
1468,5,6,Organic SEO,0,0.0
1468,6,6,Facebook,0,0.0
1469,1,3,Instagram,0,0.0
1469,2,3,Direct,0,0.0
1469,3,3,Organic SEO,0,0.0
1470,1,4,Organic SEO,1,0.0
1470,2,4,Facebook,1,0.0
1470,3,4,Email,1,0.0
1470,4,4,Instagram,1,47.69
1471,1,1,Email,0,0.0
1472,1,6,Organic SEO,0,0.0
1472,2,6,Google Search,0,0.0
1472,3,6,Google Search,0,0.0
1472,4,6,Instagram,0,0.0
1472,5,6,Google Search,0,0.0
1472,6,6,YouTube,0,0.0
1473,1,2,Facebook,0,0.0
1473,2,2,Organic SEO,0,0.0
1474,1,2,Facebook,1,0.0
1474,2,2,YouTube,1,60.12
1475,1,1,Email,1,152.75
1476,1,3,Organic SEO,1,0.0
1476,2,3,Email,1,0.0
1476,3,3,Facebook,1,127.82
1477,1,5,Email,0,0.0
1477,2,5,Direct,0,0.0
1477,3,5,Email,0,0.0
1477,4,5,Organic SEO,0,0.0
1477,5,5,Facebook,0,0.0
1478,1,3,Instagram,0,0.0
1478,2,3,YouTube,0,0.0
1478,3,3,Instagram,0,0.0
1479,1,3,YouTube,1,0.0
1479,2,3,Instagram,1,0.0
1479,3,3,YouTube,1,45.41
1480,1,1,Organic SEO,0,0.0
1481,1,4,YouTube,0,0.0
1481,2,4,Facebook,0,0.0
1481,3,4,Email,0,0.0
1481,4,4,Instagram,0,0.0
1482,1,4,YouTube,0,0.0
1482,2,4,Direct,0,0.0
1482,3,4,Email,0,0.0
1482,4,4,Organic SEO,0,0.0
1483,1,6,Direct,1,0.0
1483,2,6,Direct,1,0.0
1483,3,6,Email,1,0.0
1483,4,6,Direct,1,0.0
1483,5,6,Direct,1,0.0
1483,6,6,Email,1,96.5
1484,1,5,Direct,0,0.0
1484,2,5,Instagram,0,0.0
1484,3,5,Organic SEO,0,0.0
1484,4,5,Facebook,0,0.0
1484,5,5,Instagram,0,0.0
1485,1,1,Facebook,0,0.0
1486,1,3,Organic SEO,1,0.0
1486,2,3,Instagram,1,0.0
1486,3,3,YouTube,1,152.32
1487,1,6,Direct,1,0.0
1487,2,6,Facebook,1,0.0
1487,3,6,Instagram,1,0.0
1487,4,6,Organic SEO,1,0.0
1487,5,6,Instagram,1,0.0
1487,6,6,Organic SEO,1,27.98
1488,1,1,Instagram,0,0.0
1489,1,4,Instagram,1,0.0
1489,2,4,Facebook,1,0.0
1489,3,4,Instagram,1,0.0
1489,4,4,Instagram,1,131.68
1490,1,6,YouTube,1,0.0
1490,2,6,Instagram,1,0.0
1490,3,6,Email,1,0.0
1490,4,6,Email,1,0.0
1490,5,6,Facebook,1,0.0
1490,6,6,Google Search,1,56.61
1491,1,6,Organic SEO,1,0.0
1491,2,6,Email,1,0.0
1491,3,6,Direct,1,0.0
1491,4,6,Instagram,1,0.0
1491,5,6,Google Search,1,0.0
1491,6,6,Instagram,1,134.21
1492,1,4,Google Search,1,0.0
1492,2,4,Direct,1,0.0
1492,3,4,Direct,1,0.0
1492,4,4,Facebook,1,52.76
1493,1,1,Facebook,1,25.45
1494,1,6,Email,1,0.0
1494,2,6,Google Search,1,0.0
1494,3,6,Direct,1,0.0
1494,4,6,YouTube,1,0.0
1494,5,6,Facebook,1,0.0
1494,6,6,Email,1,28.81
1495,1,1,Organic SEO,0,0.0
1496,1,4,YouTube,0,0.0
1496,2,4,Direct,0,0.0
1496,3,4,Direct,0,0.0
1496,4,4,YouTube,0,0.0
1497,1,1,Email,1,93.1
1498,1,1,YouTube,1,107.96
1499,1,4,Direct,1,0.0
1499,2,4,Organic SEO,1,0.0
1499,3,4,Email,1,0.0
1499,4,4,Facebook,1,47.8
1500,1,4,Google Search,1,0.0
1500,2,4,Google Search,1,0.0
1500,3,4,Direct,1,0.0
1500,4,4,YouTube,1,140.75
1501,1,1,Direct,0,0.0
1502,1,2,Direct,0,0.0
1502,2,2,Google Search,0,0.0
1503,1,3,Email,0,0.0
1503,2,3,YouTube,0,0.0
1503,3,3,YouTube,0,0.0
1504,1,4,Organic SEO,1,0.0
1504,2,4,Google Search,1,0.0
1504,3,4,Facebook,1,0.0
1504,4,4,Email,1,28.13
1505,1,4,YouTube,0,0.0
1505,2,4,Google Search,0,0.0
1505,3,4,Facebook,0,0.0
1505,4,4,Facebook,0,0.0
1506,1,3,YouTube,1,0.0
1506,2,3,Email,1,0.0
1506,3,3,Google Search,1,85.95
1507,1,3,Direct,0,0.0
1507,2,3,Instagram,0,0.0
1507,3,3,Organic SEO,0,0.0
1508,1,5,Facebook,0,0.0
1508,2,5,Organic SEO,0,0.0
1508,3,5,YouTube,0,0.0
1508,4,5,Organic SEO,0,0.0
1508,5,5,YouTube,0,0.0
1509,1,6,Google Search,1,0.0
1509,2,6,Facebook,1,0.0
1509,3,6,Direct,1,0.0
1509,4,6,YouTube,1,0.0
1509,5,6,Organic SEO,1,0.0
1509,6,6,YouTube,1,38.56
1510,1,1,YouTube,0,0.0
1511,1,4,Instagram,1,0.0
1511,2,4,Direct,1,0.0
1511,3,4,Instagram,1,0.0
1511,4,4,YouTube,1,57.04
1512,1,1,YouTube,0,0.0
1513,1,3,Facebook,1,0.0
1513,2,3,Email,1,0.0
1513,3,3,Facebook,1,93.05
1514,1,2,Email,1,0.0
1514,2,2,Email,1,49.29
1515,1,2,YouTube,0,0.0
1515,2,2,Facebook,0,0.0
1516,1,4,Direct,0,0.0
1516,2,4,Email,0,0.0
1516,3,4,Facebook,0,0.0
1516,4,4,YouTube,0,0.0
1517,1,5,Direct,0,0.0
1517,2,5,Email,0,0.0
1517,3,5,Direct,0,0.0
1517,4,5,Direct,0,0.0
1517,5,5,Facebook,0,0.0
1518,1,3,Facebook,0,0.0
1518,2,3,Instagram,0,0.0
1518,3,3,Organic SEO,0,0.0
1519,1,2,Direct,1,0.0
1519,2,2,YouTube,1,68.77
1520,1,4,Instagram,0,0.0
1520,2,4,Facebook,0,0.0
1520,3,4,YouTube,0,0.0
1520,4,4,Google Search,0,0.0
1521,1,2,Google Search,0,0.0
1521,2,2,Organic SEO,0,0.0
1522,1,2,Google Search,0,0.0
1522,2,2,YouTube,0,0.0
1523,1,2,Facebook,0,0.0
1523,2,2,Google Search,0,0.0
1524,1,3,Facebook,0,0.0
1524,2,3,Facebook,0,0.0
1524,3,3,Email,0,0.0
1525,1,3,Facebook,1,0.0
1525,2,3,Instagram,1,0.0
1525,3,3,YouTube,1,182.07
1526,1,4,Google Search,0,0.0
1526,2,4,Organic SEO,0,0.0
1526,3,4,Email,0,0.0
1526,4,4,Facebook,0,0.0
1527,1,5,YouTube,0,0.0
1527,2,5,Instagram,0,0.0
1527,3,5,Facebook,0,0.0
1527,4,5,Organic SEO,0,0.0
1527,5,5,Instagram,0,0.0
1528,1,4,Direct,1,0.0
1528,2,4,Direct,1,0.0
1528,3,4,Organic SEO,1,0.0
1528,4,4,YouTube,1,60.11
1529,1,6,Facebook,1,0.0
1529,2,6,Email,1,0.0
1529,3,6,Email,1,0.0
1529,4,6,Facebook,1,0.0
1529,5,6,Instagram,1,0.0
1529,6,6,Instagram,1,161.58
1530,1,6,Instagram,0,0.0
1530,2,6,Facebook,0,0.0
1530,3,6,Facebook,0,0.0
1530,4,6,Google Search,0,0.0
1530,5,6,Instagram,0,0.0
1530,6,6,Direct,0,0.0
1531,1,4,Organic SEO,0,0.0
1531,2,4,Organic SEO,0,0.0
1531,3,4,Email,0,0.0
1531,4,4,Instagram,0,0.0
1532,1,5,Google Search,1,0.0
1532,2,5,Organic SEO,1,0.0
1532,3,5,Organic SEO,1,0.0
1532,4,5,Google Search,1,0.0
1532,5,5,Organic SEO,1,40.82
1533,1,4,Organic SEO,0,0.0
1533,2,4,Direct,0,0.0
1533,3,4,Direct,0,0.0
1533,4,4,Email,0,0.0
1534,1,6,YouTube,1,0.0
1534,2,6,YouTube,1,0.0
1534,3,6,YouTube,1,0.0
1534,4,6,Organic SEO,1,0.0
1534,5,6,Direct,1,0.0
1534,6,6,Facebook,1,130.43
1535,1,3,YouTube,0,0.0
1535,2,3,YouTube,0,0.0
1535,3,3,YouTube,0,0.0
1536,1,3,YouTube,1,0.0
1536,2,3,Organic SEO,1,0.0
1536,3,3,Facebook,1,246.93
1537,1,5,Organic SEO,0,0.0
1537,2,5,Direct,0,0.0
1537,3,5,Google Search,0,0.0
1537,4,5,Direct,0,0.0
1537,5,5,YouTube,0,0.0
1538,1,4,YouTube,0,0.0
1538,2,4,Organic SEO,0,0.0
1538,3,4,Google Search,0,0.0
1538,4,4,Organic SEO,0,0.0
1539,1,2,Direct,1,0.0
1539,2,2,Facebook,1,15.96
1540,1,5,YouTube,0,0.0
1540,2,5,Email,0,0.0
1540,3,5,Email,0,0.0
1540,4,5,Email,0,0.0
1540,5,5,Organic SEO,0,0.0
1541,1,1,Google Search,0,0.0
1542,1,3,Direct,0,0.0
1542,2,3,Facebook,0,0.0
1542,3,3,Facebook,0,0.0
1543,1,6,Email,0,0.0
1543,2,6,Organic SEO,0,0.0
1543,3,6,Direct,0,0.0
1543,4,6,Google Search,0,0.0
1543,5,6,Google Search,0,0.0
1543,6,6,YouTube,0,0.0
1544,1,6,Email,0,0.0
1544,2,6,Instagram,0,0.0
1544,3,6,Facebook,0,0.0
1544,4,6,Facebook,0,0.0
1544,5,6,Google Search,0,0.0
1544,6,6,Instagram,0,0.0
1545,1,1,Instagram,0,0.0
1546,1,2,Facebook,0,0.0
1546,2,2,Direct,0,0.0
1547,1,2,Facebook,0,0.0
1547,2,2,Organic SEO,0,0.0
1548,1,6,Organic SEO,1,0.0
1548,2,6,Google Search,1,0.0
1548,3,6,YouTube,1,0.0
1548,4,6,Google Search,1,0.0
1548,5,6,Google Search,1,0.0
1548,6,6,Google Search,1,51.53
1549,1,1,YouTube,0,0.0
1550,1,6,Direct,1,0.0
1550,2,6,Google Search,1,0.0
1550,3,6,Facebook,1,0.0
1550,4,6,Organic SEO,1,0.0
1550,5,6,YouTube,1,0.0
1550,6,6,Direct,1,134.82
1551,1,2,Instagram,0,0.0
1551,2,2,Google Search,0,0.0
1552,1,3,Organic SEO,0,0.0
1552,2,3,Instagram,0,0.0
1552,3,3,Email,0,0.0
1553,1,3,YouTube,1,0.0
1553,2,3,Email,1,0.0
1553,3,3,Email,1,78.09
1554,1,3,YouTube,0,0.0
1554,2,3,Email,0,0.0
1554,3,3,Google Search,0,0.0
1555,1,3,Direct,0,0.0
1555,2,3,Google Search,0,0.0
1555,3,3,Organic SEO,0,0.0
1556,1,2,Google Search,0,0.0
1556,2,2,Google Search,0,0.0
1557,1,6,Direct,0,0.0
1557,2,6,Facebook,0,0.0
1557,3,6,Instagram,0,0.0
1557,4,6,YouTube,0,0.0
1557,5,6,Organic SEO,0,0.0
1557,6,6,Instagram,0,0.0
1558,1,1,Organic SEO,0,0.0
1559,1,3,Google Search,0,0.0
1559,2,3,Email,0,0.0
1559,3,3,Google Search,0,0.0
1560,1,3,YouTube,0,0.0
1560,2,3,Facebook,0,0.0
1560,3,3,Instagram,0,0.0
1561,1,1,Email,0,0.0
1562,1,4,Organic SEO,1,0.0
1562,2,4,Direct,1,0.0
1562,3,4,Organic SEO,1,0.0
1562,4,4,Direct,1,116.72
1563,1,2,YouTube,0,0.0
1563,2,2,Organic SEO,0,0.0
1564,1,6,Instagram,0,0.0
1564,2,6,Google Search,0,0.0
1564,3,6,Direct,0,0.0
1564,4,6,Email,0,0.0
1564,5,6,YouTube,0,0.0
1564,6,6,Instagram,0,0.0
1565,1,2,Organic SEO,0,0.0
1565,2,2,Organic SEO,0,0.0
1566,1,5,Facebook,0,0.0
1566,2,5,Facebook,0,0.0
1566,3,5,Direct,0,0.0
1566,4,5,YouTube,0,0.0
1566,5,5,Google Search,0,0.0
1567,1,6,Google Search,0,0.0
1567,2,6,Organic SEO,0,0.0
1567,3,6,Email,0,0.0
1567,4,6,Email,0,0.0
1567,5,6,Facebook,0,0.0
1567,6,6,Direct,0,0.0
1568,1,6,Google Search,0,0.0
1568,2,6,Google Search,0,0.0
1568,3,6,Instagram,0,0.0
1568,4,6,Direct,0,0.0
1568,5,6,Google Search,0,0.0
1568,6,6,YouTube,0,0.0
1569,1,5,Direct,0,0.0
1569,2,5,YouTube,0,0.0
1569,3,5,YouTube,0,0.0
1569,4,5,Email,0,0.0
1569,5,5,Direct,0,0.0
1570,1,4,YouTube,1,0.0
1570,2,4,Direct,1,0.0
1570,3,4,Organic SEO,1,0.0
1570,4,4,Instagram,1,58.98
1571,1,3,Google Search,0,0.0
1571,2,3,Google Search,0,0.0
1571,3,3,Google Search,0,0.0
1572,1,2,Direct,0,0.0
1572,2,2,Google Search,0,0.0
1573,1,3,Organic SEO,1,0.0
1573,2,3,YouTube,1,0.0
1573,3,3,Google Search,1,95.64
1574,1,5,Facebook,0,0.0
1574,2,5,Email,0,0.0
1574,3,5,Email,0,0.0
1574,4,5,Direct,0,0.0
1574,5,5,Direct,0,0.0
1575,1,2,Instagram,1,0.0
1575,2,2,YouTube,1,80.72
1576,1,4,Google Search,1,0.0
1576,2,4,Direct,1,0.0
1576,3,4,Email,1,0.0
1576,4,4,Direct,1,203.86
1577,1,2,Instagram,0,0.0
1577,2,2,Instagram,0,0.0
1578,1,2,Direct,0,0.0
1578,2,2,Direct,0,0.0
1579,1,1,YouTube,1,107.56
1580,1,6,Google Search,0,0.0
1580,2,6,Organic SEO,0,0.0
1580,3,6,YouTube,0,0.0
1580,4,6,Instagram,0,0.0
1580,5,6,Direct,0,0.0
1580,6,6,Instagram,0,0.0
1581,1,4,Google Search,0,0.0
1581,2,4,Direct,0,0.0
1581,3,4,Facebook,0,0.0
1581,4,4,Direct,0,0.0
1582,1,2,YouTube,0,0.0
1582,2,2,Google Search,0,0.0
1583,1,2,Direct,1,0.0
1583,2,2,Direct,1,114.01
1584,1,6,Organic SEO,1,0.0
1584,2,6,Facebook,1,0.0
1584,3,6,Google Search,1,0.0
1584,4,6,Email,1,0.0
1584,5,6,Email,1,0.0
1584,6,6,Instagram,1,67.47
1585,1,4,Email,1,0.0
1585,2,4,Instagram,1,0.0
1585,3,4,Facebook,1,0.0
1585,4,4,YouTube,1,63.99
1586,1,5,Email,0,0.0
1586,2,5,Google Search,0,0.0
1586,3,5,Direct,0,0.0
1586,4,5,YouTube,0,0.0
1586,5,5,Direct,0,0.0
1587,1,6,Email,1,0.0
1587,2,6,YouTube,1,0.0
1587,3,6,YouTube,1,0.0
1587,4,6,Instagram,1,0.0
1587,5,6,Instagram,1,0.0
1587,6,6,Organic SEO,1,66.5
1588,1,6,Facebook,0,0.0
1588,2,6,YouTube,0,0.0
1588,3,6,Email,0,0.0
1588,4,6,Direct,0,0.0
1588,5,6,Google Search,0,0.0
1588,6,6,Direct,0,0.0
1589,1,4,Organic SEO,1,0.0
1589,2,4,Email,1,0.0
1589,3,4,Direct,1,0.0
1589,4,4,Organic SEO,1,118.64
1590,1,4,Facebook,0,0.0
1590,2,4,Google Search,0,0.0
1590,3,4,Organic SEO,0,0.0
1590,4,4,YouTube,0,0.0
1591,1,2,YouTube,1,0.0
1591,2,2,Email,1,67.04
1592,1,2,Email,0,0.0
1592,2,2,Email,0,0.0
1593,1,2,YouTube,0,0.0
1593,2,2,Email,0,0.0
1594,1,6,YouTube,0,0.0
1594,2,6,Direct,0,0.0
1594,3,6,Organic SEO,0,0.0
1594,4,6,YouTube,0,0.0
1594,5,6,Facebook,0,0.0
1594,6,6,YouTube,0,0.0
1595,1,1,Google Search,1,110.26
1596,1,6,YouTube,0,0.0
1596,2,6,Instagram,0,0.0
1596,3,6,Google Search,0,0.0
1596,4,6,YouTube,0,0.0
1596,5,6,YouTube,0,0.0
1596,6,6,Facebook,0,0.0
1597,1,5,Facebook,1,0.0
1597,2,5,Instagram,1,0.0
1597,3,5,YouTube,1,0.0
1597,4,5,Instagram,1,0.0
1597,5,5,Instagram,1,384.82
1598,1,1,YouTube,0,0.0
1599,1,5,Facebook,0,0.0
1599,2,5,Direct,0,0.0
1599,3,5,Google Search,0,0.0
1599,4,5,Instagram,0,0.0
1599,5,5,Instagram,0,0.0
1600,1,4,Google Search,0,0.0
1600,2,4,Direct,0,0.0
1600,3,4,Instagram,0,0.0
1600,4,4,Direct,0,0.0
1601,1,2,Organic SEO,1,0.0
1601,2,2,Organic SEO,1,165.64
1602,1,5,YouTube,0,0.0
1602,2,5,Google Search,0,0.0
1602,3,5,Instagram,0,0.0
1602,4,5,Email,0,0.0
1602,5,5,Google Search,0,0.0
1603,1,6,Facebook,0,0.0
1603,2,6,Instagram,0,0.0
1603,3,6,Direct,0,0.0
1603,4,6,Google Search,0,0.0
1603,5,6,Organic SEO,0,0.0
1603,6,6,Instagram,0,0.0
1604,1,5,Facebook,0,0.0
1604,2,5,Organic SEO,0,0.0
1604,3,5,YouTube,0,0.0
1604,4,5,Facebook,0,0.0
1604,5,5,Google Search,0,0.0
1605,1,3,YouTube,0,0.0
1605,2,3,Instagram,0,0.0
1605,3,3,YouTube,0,0.0
1606,1,5,Organic SEO,0,0.0
1606,2,5,Organic SEO,0,0.0
1606,3,5,YouTube,0,0.0
1606,4,5,Instagram,0,0.0
1606,5,5,YouTube,0,0.0
1607,1,1,Facebook,1,71.65
1608,1,3,Direct,0,0.0
1608,2,3,Facebook,0,0.0
1608,3,3,Google Search,0,0.0
1609,1,5,Email,0,0.0
1609,2,5,Google Search,0,0.0
1609,3,5,YouTube,0,0.0
1609,4,5,Google Search,0,0.0
1609,5,5,Facebook,0,0.0
1610,1,2,Email,1,0.0
1610,2,2,Google Search,1,208.69
1611,1,4,Organic SEO,1,0.0
1611,2,4,Facebook,1,0.0
1611,3,4,Facebook,1,0.0
1611,4,4,YouTube,1,67.65
1612,1,6,YouTube,0,0.0
1612,2,6,Facebook,0,0.0
1612,3,6,Email,0,0.0
1612,4,6,YouTube,0,0.0
1612,5,6,Direct,0,0.0
1612,6,6,YouTube,0,0.0
1613,1,2,Email,0,0.0
1613,2,2,Direct,0,0.0
1614,1,5,Facebook,1,0.0
1614,2,5,Facebook,1,0.0
1614,3,5,Instagram,1,0.0
1614,4,5,YouTube,1,0.0
1614,5,5,Email,1,21.61
1615,1,1,Email,1,44.45
1616,1,3,Facebook,1,0.0
1616,2,3,Direct,1,0.0
1616,3,3,Facebook,1,24.3
1617,1,2,Email,0,0.0
1617,2,2,Google Search,0,0.0
1618,1,2,Instagram,0,0.0
1618,2,2,Organic SEO,0,0.0
1619,1,4,Google Search,1,0.0
1619,2,4,Email,1,0.0
1619,3,4,YouTube,1,0.0
1619,4,4,Facebook,1,70.38
1620,1,1,Organic SEO,1,91.19
1621,1,4,Facebook,0,0.0
1621,2,4,Direct,0,0.0
1621,3,4,YouTube,0,0.0
1621,4,4,Direct,0,0.0
1622,1,4,Instagram,1,0.0
1622,2,4,Google Search,1,0.0
1622,3,4,Google Search,1,0.0
1622,4,4,Instagram,1,291.05
1623,1,2,Google Search,1,0.0
1623,2,2,Instagram,1,113.17
1624,1,6,YouTube,0,0.0
1624,2,6,Email,0,0.0
1624,3,6,Direct,0,0.0
1624,4,6,YouTube,0,0.0
1624,5,6,Email,0,0.0
1624,6,6,Instagram,0,0.0
1625,1,3,Direct,0,0.0
1625,2,3,Instagram,0,0.0
1625,3,3,Facebook,0,0.0
1626,1,6,Organic SEO,1,0.0
1626,2,6,Direct,1,0.0
1626,3,6,Email,1,0.0
1626,4,6,Organic SEO,1,0.0
1626,5,6,Organic SEO,1,0.0
1626,6,6,Email,1,77.22
1627,1,1,YouTube,1,160.87
1628,1,2,Organic SEO,1,0.0
1628,2,2,Facebook,1,19.15
1629,1,6,Email,0,0.0
1629,2,6,Organic SEO,0,0.0
1629,3,6,Direct,0,0.0
1629,4,6,Google Search,0,0.0
1629,5,6,Organic SEO,0,0.0
1629,6,6,YouTube,0,0.0
1630,1,2,Instagram,0,0.0
1630,2,2,Instagram,0,0.0
1631,1,5,YouTube,0,0.0
1631,2,5,Email,0,0.0
1631,3,5,YouTube,0,0.0
1631,4,5,Organic SEO,0,0.0
1631,5,5,Direct,0,0.0
1632,1,6,Instagram,0,0.0
1632,2,6,Email,0,0.0
1632,3,6,Organic SEO,0,0.0
1632,4,6,YouTube,0,0.0
1632,5,6,Organic SEO,0,0.0
1632,6,6,Organic SEO,0,0.0
1633,1,6,YouTube,1,0.0
1633,2,6,YouTube,1,0.0
1633,3,6,Organic SEO,1,0.0
1633,4,6,YouTube,1,0.0
1633,5,6,Organic SEO,1,0.0
1633,6,6,Instagram,1,106.16
1634,1,1,Email,1,154.41
1635,1,3,Organic SEO,0,0.0
1635,2,3,Email,0,0.0
1635,3,3,Email,0,0.0
1636,1,1,Email,0,0.0
1637,1,5,Direct,1,0.0
1637,2,5,Organic SEO,1,0.0
1637,3,5,Email,1,0.0
1637,4,5,Instagram,1,0.0
1637,5,5,Facebook,1,31.98
1638,1,6,Instagram,1,0.0
1638,2,6,Facebook,1,0.0
1638,3,6,Email,1,0.0
1638,4,6,Organic SEO,1,0.0
1638,5,6,YouTube,1,0.0
1638,6,6,Direct,1,200.46
1639,1,4,Organic SEO,0,0.0
1639,2,4,Direct,0,0.0
1639,3,4,Google Search,0,0.0
1639,4,4,Google Search,0,0.0
1640,1,3,Email,1,0.0
1640,2,3,Google Search,1,0.0
1640,3,3,Organic SEO,1,114.09
1641,1,3,Google Search,0,0.0
1641,2,3,Instagram,0,0.0
1641,3,3,Facebook,0,0.0
1642,1,2,Email,1,0.0
1642,2,2,Organic SEO,1,67.31
1643,1,6,Facebook,1,0.0
1643,2,6,Instagram,1,0.0
1643,3,6,Email,1,0.0
1643,4,6,Email,1,0.0
1643,5,6,Organic SEO,1,0.0
1643,6,6,Instagram,1,140.18
1644,1,4,YouTube,1,0.0
1644,2,4,Instagram,1,0.0
1644,3,4,Google Search,1,0.0
1644,4,4,Direct,1,441.19
1645,1,6,Facebook,1,0.0
1645,2,6,Facebook,1,0.0
1645,3,6,Google Search,1,0.0
1645,4,6,Email,1,0.0
1645,5,6,Direct,1,0.0
1645,6,6,Organic SEO,1,102.24
1646,1,2,Organic SEO,0,0.0
1646,2,2,Organic SEO,0,0.0
1647,1,1,Email,0,0.0
1648,1,6,Direct,0,0.0
1648,2,6,Email,0,0.0
1648,3,6,Direct,0,0.0
1648,4,6,Organic SEO,0,0.0
1648,5,6,Instagram,0,0.0
1648,6,6,Organic SEO,0,0.0
1649,1,4,Google Search,1,0.0
1649,2,4,Organic SEO,1,0.0
1649,3,4,Direct,1,0.0
1649,4,4,Google Search,1,107.1
1650,1,1,Direct,1,65.26
1651,1,6,Direct,1,0.0
1651,2,6,Instagram,1,0.0
1651,3,6,YouTube,1,0.0
1651,4,6,Google Search,1,0.0
1651,5,6,Instagram,1,0.0
1651,6,6,Facebook,1,49.66
1652,1,4,Facebook,0,0.0
1652,2,4,Facebook,0,0.0
1652,3,4,Instagram,0,0.0
1652,4,4,Facebook,0,0.0
1653,1,3,Organic SEO,1,0.0
1653,2,3,Facebook,1,0.0
1653,3,3,Direct,1,160.97
1654,1,6,Direct,0,0.0
1654,2,6,Google Search,0,0.0
1654,3,6,Direct,0,0.0
1654,4,6,YouTube,0,0.0
1654,5,6,Facebook,0,0.0
1654,6,6,Direct,0,0.0
1655,1,2,Facebook,1,0.0
1655,2,2,Google Search,1,49.44
1656,1,2,Organic SEO,0,0.0
1656,2,2,Email,0,0.0
1657,1,1,Organic SEO,0,0.0
1658,1,5,Email,0,0.0
1658,2,5,YouTube,0,0.0
1658,3,5,Facebook,0,0.0
1658,4,5,Email,0,0.0
1658,5,5,Instagram,0,0.0
1659,1,6,Google Search,0,0.0
1659,2,6,Google Search,0,0.0
1659,3,6,Email,0,0.0
1659,4,6,Organic SEO,0,0.0
1659,5,6,YouTube,0,0.0
1659,6,6,Facebook,0,0.0
1660,1,2,Google Search,0,0.0
1660,2,2,Google Search,0,0.0
1661,1,2,Facebook,0,0.0
1661,2,2,Facebook,0,0.0
1662,1,4,Facebook,1,0.0
1662,2,4,Organic SEO,1,0.0
1662,3,4,Email,1,0.0
1662,4,4,Email,1,94.64
1663,1,1,YouTube,0,0.0
1664,1,2,Email,0,0.0
1664,2,2,Direct,0,0.0
1665,1,5,Instagram,0,0.0
1665,2,5,Email,0,0.0
1665,3,5,YouTube,0,0.0
1665,4,5,Facebook,0,0.0
1665,5,5,Email,0,0.0
1666,1,2,YouTube,1,0.0
1666,2,2,YouTube,1,64.43
1667,1,6,Direct,1,0.0
1667,2,6,Facebook,1,0.0
1667,3,6,Instagram,1,0.0
1667,4,6,Google Search,1,0.0
1667,5,6,Organic SEO,1,0.0
1667,6,6,YouTube,1,125.87
1668,1,4,Organic SEO,1,0.0
1668,2,4,Facebook,1,0.0
1668,3,4,Direct,1,0.0
1668,4,4,Google Search,1,113.7
1669,1,5,YouTube,1,0.0
1669,2,5,Organic SEO,1,0.0
1669,3,5,Direct,1,0.0
1669,4,5,Direct,1,0.0
1669,5,5,Instagram,1,186.1
1670,1,3,Instagram,1,0.0
1670,2,3,Direct,1,0.0
1670,3,3,Organic SEO,1,62.99
1671,1,4,Instagram,1,0.0
1671,2,4,Organic SEO,1,0.0
1671,3,4,Direct,1,0.0
1671,4,4,Facebook,1,74.52
1672,1,2,Email,1,0.0
1672,2,2,Organic SEO,1,45.37
1673,1,6,Facebook,0,0.0
1673,2,6,Direct,0,0.0
1673,3,6,Instagram,0,0.0
1673,4,6,Instagram,0,0.0
1673,5,6,Instagram,0,0.0
1673,6,6,Google Search,0,0.0
1674,1,5,Email,1,0.0
1674,2,5,Direct,1,0.0
1674,3,5,Email,1,0.0
1674,4,5,Facebook,1,0.0
1674,5,5,Facebook,1,65.96
1675,1,2,YouTube,0,0.0
1675,2,2,Google Search,0,0.0
1676,1,5,Instagram,0,0.0
1676,2,5,YouTube,0,0.0
1676,3,5,Instagram,0,0.0
1676,4,5,Email,0,0.0
1676,5,5,Facebook,0,0.0
1677,1,5,Google Search,0,0.0
1677,2,5,Facebook,0,0.0
1677,3,5,Instagram,0,0.0
1677,4,5,Email,0,0.0
1677,5,5,YouTube,0,0.0
1678,1,3,Organic SEO,0,0.0
1678,2,3,Facebook,0,0.0
1678,3,3,Direct,0,0.0
1679,1,2,Organic SEO,1,0.0
1679,2,2,Facebook,1,117.23
1680,1,6,Email,0,0.0
1680,2,6,YouTube,0,0.0
1680,3,6,Email,0,0.0
1680,4,6,Google Search,0,0.0
1680,5,6,YouTube,0,0.0
1680,6,6,Instagram,0,0.0
1681,1,4,Organic SEO,1,0.0
1681,2,4,Email,1,0.0
1681,3,4,Organic SEO,1,0.0
1681,4,4,YouTube,1,152.92
1682,1,3,Facebook,0,0.0
1682,2,3,Organic SEO,0,0.0
1682,3,3,Facebook,0,0.0
1683,1,5,YouTube,0,0.0
1683,2,5,Organic SEO,0,0.0
1683,3,5,Organic SEO,0,0.0
1683,4,5,YouTube,0,0.0
1683,5,5,Direct,0,0.0
1684,1,6,Facebook,1,0.0
1684,2,6,YouTube,1,0.0
1684,3,6,YouTube,1,0.0
1684,4,6,Facebook,1,0.0
1684,5,6,Instagram,1,0.0
1684,6,6,Email,1,47.2
1685,1,6,Direct,0,0.0
1685,2,6,Direct,0,0.0
1685,3,6,Facebook,0,0.0
1685,4,6,Facebook,0,0.0
1685,5,6,Direct,0,0.0
1685,6,6,Email,0,0.0
1686,1,1,Instagram,0,0.0
1687,1,2,Facebook,0,0.0
1687,2,2,Instagram,0,0.0
1688,1,6,Facebook,1,0.0
1688,2,6,Email,1,0.0
1688,3,6,Organic SEO,1,0.0
1688,4,6,Direct,1,0.0
1688,5,6,YouTube,1,0.0
1688,6,6,Facebook,1,165.46
1689,1,4,Facebook,0,0.0
1689,2,4,Organic SEO,0,0.0
1689,3,4,Organic SEO,0,0.0
1689,4,4,Google Search,0,0.0
1690,1,6,Direct,0,0.0
1690,2,6,Google Search,0,0.0
1690,3,6,Google Search,0,0.0
1690,4,6,Email,0,0.0
1690,5,6,Google Search,0,0.0
1690,6,6,Google Search,0,0.0
1691,1,1,Google Search,0,0.0
1692,1,3,Google Search,0,0.0
1692,2,3,YouTube,0,0.0
1692,3,3,Google Search,0,0.0
1693,1,1,Instagram,0,0.0
1694,1,6,Google Search,0,0.0
1694,2,6,Google Search,0,0.0
1694,3,6,Direct,0,0.0
1694,4,6,Organic SEO,0,0.0
1694,5,6,Direct,0,0.0
1694,6,6,Email,0,0.0
1695,1,2,Google Search,0,0.0
1695,2,2,YouTube,0,0.0
1696,1,1,Google Search,1,232.51
1697,1,5,Email,1,0.0
1697,2,5,Instagram,1,0.0
1697,3,5,Direct,1,0.0
1697,4,5,Google Search,1,0.0
1697,5,5,Organic SEO,1,120.23
1698,1,4,Email,0,0.0
1698,2,4,Email,0,0.0
1698,3,4,Email,0,0.0
1698,4,4,Organic SEO,0,0.0
1699,1,6,Organic SEO,0,0.0
1699,2,6,Direct,0,0.0
1699,3,6,Google Search,0,0.0
1699,4,6,Facebook,0,0.0
1699,5,6,Google Search,0,0.0
1699,6,6,Google Search,0,0.0
1700,1,3,Google Search,0,0.0
1700,2,3,Email,0,0.0
1700,3,3,Email,0,0.0
1701,1,1,Organic SEO,0,0.0
1702,1,2,Instagram,1,0.0
1702,2,2,Email,1,334.87
1703,1,4,Facebook,1,0.0
1703,2,4,YouTube,1,0.0
1703,3,4,Email,1,0.0
1703,4,4,Direct,1,52.37
1704,1,1,Facebook,0,0.0
1705,1,3,Organic SEO,1,0.0
1705,2,3,Direct,1,0.0
1705,3,3,YouTube,1,37.67
1706,1,1,Organic SEO,0,0.0
1707,1,6,Facebook,1,0.0
1707,2,6,Facebook,1,0.0
1707,3,6,Instagram,1,0.0
1707,4,6,Direct,1,0.0
1707,5,6,Organic SEO,1,0.0
1707,6,6,Direct,1,25.92
1708,1,4,Organic SEO,1,0.0
1708,2,4,Facebook,1,0.0
1708,3,4,Google Search,1,0.0
1708,4,4,Organic SEO,1,256.53
1709,1,4,Email,0,0.0
1709,2,4,Instagram,0,0.0
1709,3,4,Instagram,0,0.0
1709,4,4,Organic SEO,0,0.0
1710,1,6,Email,0,0.0
1710,2,6,Direct,0,0.0
1710,3,6,YouTube,0,0.0
1710,4,6,Facebook,0,0.0
1710,5,6,Email,0,0.0
1710,6,6,Instagram,0,0.0
1711,1,5,Instagram,0,0.0
1711,2,5,Facebook,0,0.0
1711,3,5,Google Search,0,0.0
1711,4,5,Direct,0,0.0
1711,5,5,Instagram,0,0.0
1712,1,6,Facebook,0,0.0
1712,2,6,Google Search,0,0.0
1712,3,6,Email,0,0.0
1712,4,6,Facebook,0,0.0
1712,5,6,Direct,0,0.0
1712,6,6,Email,0,0.0
1713,1,2,Organic SEO,1,0.0
1713,2,2,Google Search,1,142.32
1714,1,2,Email,0,0.0
1714,2,2,Facebook,0,0.0
1715,1,4,Facebook,0,0.0
1715,2,4,Direct,0,0.0
1715,3,4,Google Search,0,0.0
1715,4,4,Google Search,0,0.0
1716,1,6,Facebook,0,0.0
1716,2,6,Direct,0,0.0
1716,3,6,YouTube,0,0.0
1716,4,6,Email,0,0.0
1716,5,6,Google Search,0,0.0
1716,6,6,Google Search,0,0.0
1717,1,4,Direct,1,0.0
1717,2,4,Organic SEO,1,0.0
1717,3,4,Google Search,1,0.0
1717,4,4,Email,1,86.58
1718,1,1,Google Search,0,0.0
1719,1,4,Facebook,0,0.0
1719,2,4,Facebook,0,0.0
1719,3,4,Direct,0,0.0
1719,4,4,Direct,0,0.0
1720,1,3,Instagram,0,0.0
1720,2,3,Direct,0,0.0
1720,3,3,Instagram,0,0.0
1721,1,1,Email,1,109.51
1722,1,6,Google Search,0,0.0
1722,2,6,Direct,0,0.0
1722,3,6,Instagram,0,0.0
1722,4,6,Google Search,0,0.0
1722,5,6,Direct,0,0.0
1722,6,6,YouTube,0,0.0
1723,1,5,YouTube,0,0.0
1723,2,5,Facebook,0,0.0
1723,3,5,YouTube,0,0.0
1723,4,5,Email,0,0.0
1723,5,5,Facebook,0,0.0
1724,1,3,Organic SEO,1,0.0
1724,2,3,Instagram,1,0.0
1724,3,3,Organic SEO,1,40.94
1725,1,2,Email,0,0.0
1725,2,2,Google Search,0,0.0
1726,1,6,Organic SEO,0,0.0
1726,2,6,YouTube,0,0.0
1726,3,6,Google Search,0,0.0
1726,4,6,YouTube,0,0.0
1726,5,6,Instagram,0,0.0
1726,6,6,YouTube,0,0.0
1727,1,4,Facebook,1,0.0
1727,2,4,Direct,1,0.0
1727,3,4,YouTube,1,0.0
1727,4,4,Facebook,1,498.71
1728,1,1,Email,0,0.0
1729,1,3,Google Search,1,0.0
1729,2,3,Facebook,1,0.0
1729,3,3,Instagram,1,98.54
1730,1,5,Google Search,1,0.0
1730,2,5,Organic SEO,1,0.0
1730,3,5,Facebook,1,0.0
1730,4,5,Facebook,1,0.0
1730,5,5,Organic SEO,1,97.18
1731,1,1,Organic SEO,0,0.0
1732,1,5,Organic SEO,0,0.0
1732,2,5,Instagram,0,0.0
1732,3,5,Google Search,0,0.0
1732,4,5,Google Search,0,0.0
1732,5,5,Email,0,0.0
1733,1,3,Organic SEO,0,0.0
1733,2,3,Instagram,0,0.0
1733,3,3,Email,0,0.0
1734,1,3,Organic SEO,0,0.0
1734,2,3,YouTube,0,0.0
1734,3,3,Google Search,0,0.0
1735,1,6,Instagram,0,0.0
1735,2,6,Instagram,0,0.0
1735,3,6,Direct,0,0.0
1735,4,6,Google Search,0,0.0
1735,5,6,Direct,0,0.0
1735,6,6,Instagram,0,0.0
1736,1,1,Email,1,149.61
1737,1,4,Google Search,1,0.0
1737,2,4,YouTube,1,0.0
1737,3,4,Organic SEO,1,0.0
1737,4,4,Facebook,1,126.05
1738,1,6,YouTube,0,0.0
1738,2,6,Direct,0,0.0
1738,3,6,Facebook,0,0.0
1738,4,6,Organic SEO,0,0.0
1738,5,6,Instagram,0,0.0
1738,6,6,Direct,0,0.0
1739,1,3,Instagram,0,0.0
1739,2,3,Google Search,0,0.0
1739,3,3,Email,0,0.0
1740,1,4,Google Search,0,0.0
1740,2,4,YouTube,0,0.0
1740,3,4,YouTube,0,0.0
1740,4,4,Facebook,0,0.0
1741,1,5,Google Search,1,0.0
1741,2,5,Facebook,1,0.0
1741,3,5,YouTube,1,0.0
1741,4,5,Instagram,1,0.0
1741,5,5,Direct,1,105.29
1742,1,3,Instagram,1,0.0
1742,2,3,Organic SEO,1,0.0
1742,3,3,Direct,1,51.76
1743,1,1,Instagram,1,125.21
1744,1,3,Facebook,1,0.0
1744,2,3,Facebook,1,0.0
1744,3,3,Email,1,336.1
1745,1,2,YouTube,0,0.0
1745,2,2,Instagram,0,0.0
1746,1,3,Direct,0,0.0
1746,2,3,Instagram,0,0.0
1746,3,3,Organic SEO,0,0.0
1747,1,5,Instagram,0,0.0
1747,2,5,Email,0,0.0
1747,3,5,Email,0,0.0
1747,4,5,Email,0,0.0
1747,5,5,YouTube,0,0.0
1748,1,4,Email,0,0.0
1748,2,4,Direct,0,0.0
1748,3,4,Organic SEO,0,0.0
1748,4,4,Email,0,0.0
1749,1,5,Instagram,1,0.0
1749,2,5,Organic SEO,1,0.0
1749,3,5,Organic SEO,1,0.0
1749,4,5,Google Search,1,0.0
1749,5,5,Organic SEO,1,230.86
1750,1,2,YouTube,1,0.0
1750,2,2,Instagram,1,274.58
1751,1,1,Email,1,62.94
1752,1,4,Direct,1,0.0
1752,2,4,Facebook,1,0.0
1752,3,4,Organic SEO,1,0.0
1752,4,4,YouTube,1,45.03
1753,1,4,YouTube,0,0.0
1753,2,4,Organic SEO,0,0.0
1753,3,4,Instagram,0,0.0
1753,4,4,Google Search,0,0.0
1754,1,4,Direct,0,0.0
1754,2,4,Facebook,0,0.0
1754,3,4,Email,0,0.0
1754,4,4,Email,0,0.0
1755,1,4,Facebook,0,0.0
1755,2,4,Direct,0,0.0
1755,3,4,Google Search,0,0.0
1755,4,4,Instagram,0,0.0
1756,1,4,Facebook,0,0.0
1756,2,4,Facebook,0,0.0
1756,3,4,Instagram,0,0.0
1756,4,4,Organic SEO,0,0.0
1757,1,1,Organic SEO,0,0.0
1758,1,4,Organic SEO,0,0.0
1758,2,4,Facebook,0,0.0
1758,3,4,Facebook,0,0.0
1758,4,4,Google Search,0,0.0
1759,1,4,Facebook,0,0.0
1759,2,4,YouTube,0,0.0
1759,3,4,Google Search,0,0.0
1759,4,4,Google Search,0,0.0
1760,1,3,Organic SEO,1,0.0
1760,2,3,Instagram,1,0.0
1760,3,3,Email,1,82.43
1761,1,3,Facebook,0,0.0
1761,2,3,Google Search,0,0.0
1761,3,3,Organic SEO,0,0.0
1762,1,3,Facebook,0,0.0
1762,2,3,Email,0,0.0
1762,3,3,Email,0,0.0
1763,1,6,Direct,0,0.0
1763,2,6,Organic SEO,0,0.0
1763,3,6,Instagram,0,0.0
1763,4,6,Organic SEO,0,0.0
1763,5,6,Instagram,0,0.0
1763,6,6,Direct,0,0.0
1764,1,5,Facebook,0,0.0
1764,2,5,Direct,0,0.0
1764,3,5,YouTube,0,0.0
1764,4,5,Facebook,0,0.0
1764,5,5,YouTube,0,0.0
1765,1,6,Direct,0,0.0
1765,2,6,Direct,0,0.0
1765,3,6,Email,0,0.0
1765,4,6,Facebook,0,0.0
1765,5,6,Instagram,0,0.0
1765,6,6,Facebook,0,0.0
1766,1,1,Direct,0,0.0
1767,1,3,Instagram,0,0.0
1767,2,3,Google Search,0,0.0
1767,3,3,Instagram,0,0.0
1768,1,2,YouTube,0,0.0
1768,2,2,YouTube,0,0.0
1769,1,1,Facebook,0,0.0
1770,1,4,YouTube,1,0.0
1770,2,4,Direct,1,0.0
1770,3,4,YouTube,1,0.0
1770,4,4,Facebook,1,93.6
1771,1,2,Organic SEO,1,0.0
1771,2,2,YouTube,1,193.63
1772,1,3,Google Search,0,0.0
1772,2,3,Organic SEO,0,0.0
1772,3,3,Instagram,0,0.0
1773,1,6,Instagram,0,0.0
1773,2,6,Organic SEO,0,0.0
1773,3,6,Email,0,0.0
1773,4,6,Email,0,0.0
1773,5,6,Direct,0,0.0
1773,6,6,Email,0,0.0
1774,1,3,Google Search,1,0.0
1774,2,3,Facebook,1,0.0
1774,3,3,Email,1,27.53
1775,1,5,Facebook,0,0.0
1775,2,5,Instagram,0,0.0
1775,3,5,Facebook,0,0.0
1775,4,5,YouTube,0,0.0
1775,5,5,YouTube,0,0.0
1776,1,6,YouTube,0,0.0
1776,2,6,Organic SEO,0,0.0
1776,3,6,Direct,0,0.0
1776,4,6,Organic SEO,0,0.0
1776,5,6,Direct,0,0.0
1776,6,6,Google Search,0,0.0
1777,1,5,Organic SEO,0,0.0
1777,2,5,Google Search,0,0.0
1777,3,5,Direct,0,0.0
1777,4,5,YouTube,0,0.0
1777,5,5,Instagram,0,0.0
1778,1,5,YouTube,0,0.0
1778,2,5,Google Search,0,0.0
1778,3,5,Email,0,0.0
1778,4,5,Email,0,0.0
1778,5,5,Facebook,0,0.0
1779,1,4,Google Search,0,0.0
1779,2,4,Direct,0,0.0
1779,3,4,Organic SEO,0,0.0
1779,4,4,Email,0,0.0
1780,1,4,Email,1,0.0
1780,2,4,Direct,1,0.0
1780,3,4,YouTube,1,0.0
1780,4,4,Direct,1,262.61
1781,1,3,Direct,0,0.0
1781,2,3,Instagram,0,0.0
1781,3,3,Facebook,0,0.0
1782,1,3,Direct,1,0.0
1782,2,3,Direct,1,0.0
1782,3,3,Email,1,80.59
1783,1,4,Google Search,0,0.0
1783,2,4,Google Search,0,0.0
1783,3,4,Direct,0,0.0
1783,4,4,Direct,0,0.0
1784,1,6,YouTube,1,0.0
1784,2,6,Email,1,0.0
1784,3,6,Organic SEO,1,0.0
1784,4,6,Organic SEO,1,0.0
1784,5,6,Facebook,1,0.0
1784,6,6,Organic SEO,1,66.77
1785,1,6,Email,0,0.0
1785,2,6,Google Search,0,0.0
1785,3,6,Organic SEO,0,0.0
1785,4,6,Instagram,0,0.0
1785,5,6,Organic SEO,0,0.0
1785,6,6,Email,0,0.0
1786,1,4,Organic SEO,0,0.0
1786,2,4,Instagram,0,0.0
1786,3,4,Instagram,0,0.0
1786,4,4,Google Search,0,0.0
1787,1,5,Google Search,0,0.0
1787,2,5,YouTube,0,0.0
1787,3,5,Email,0,0.0
1787,4,5,Direct,0,0.0
1787,5,5,Organic SEO,0,0.0
1788,1,2,Organic SEO,1,0.0
1788,2,2,Facebook,1,44.32
1789,1,4,Google Search,0,0.0
1789,2,4,Direct,0,0.0
1789,3,4,Facebook,0,0.0
1789,4,4,YouTube,0,0.0
1790,1,1,YouTube,1,28.26
1791,1,6,Google Search,1,0.0
1791,2,6,Instagram,1,0.0
1791,3,6,YouTube,1,0.0
1791,4,6,Email,1,0.0
1791,5,6,Facebook,1,0.0
1791,6,6,Organic SEO,1,160.17
1792,1,5,Direct,1,0.0
1792,2,5,Direct,1,0.0
1792,3,5,Direct,1,0.0
1792,4,5,Email,1,0.0
1792,5,5,Facebook,1,94.76
1793,1,1,Organic SEO,0,0.0
1794,1,6,Organic SEO,1,0.0
1794,2,6,Organic SEO,1,0.0
1794,3,6,Google Search,1,0.0
1794,4,6,Organic SEO,1,0.0
1794,5,6,Google Search,1,0.0
1794,6,6,Google Search,1,36.49
1795,1,2,Google Search,0,0.0
1795,2,2,Instagram,0,0.0
1796,1,2,Email,1,0.0
1796,2,2,Instagram,1,36.36
1797,1,1,Instagram,0,0.0
1798,1,2,YouTube,1,0.0
1798,2,2,Email,1,71.16
1799,1,4,Direct,0,0.0
1799,2,4,Facebook,0,0.0
1799,3,4,Google Search,0,0.0
1799,4,4,Facebook,0,0.0
1800,1,5,Direct,0,0.0
1800,2,5,Google Search,0,0.0
1800,3,5,Email,0,0.0
1800,4,5,Email,0,0.0
1800,5,5,Organic SEO,0,0.0
1801,1,1,Facebook,0,0.0
1802,1,1,Facebook,1,289.55
1803,1,1,Instagram,0,0.0
1804,1,2,Organic SEO,1,0.0
1804,2,2,Google Search,1,75.06
1805,1,3,Google Search,1,0.0
1805,2,3,Google Search,1,0.0
1805,3,3,YouTube,1,31.43
1806,1,3,Instagram,0,0.0
1806,2,3,Organic SEO,0,0.0
1806,3,3,Email,0,0.0
1807,1,3,Instagram,0,0.0
1807,2,3,Direct,0,0.0
1807,3,3,Instagram,0,0.0
1808,1,2,Facebook,0,0.0
1808,2,2,Facebook,0,0.0
1809,1,6,Facebook,0,0.0
1809,2,6,Email,0,0.0
1809,3,6,YouTube,0,0.0
1809,4,6,Direct,0,0.0
1809,5,6,Email,0,0.0
1809,6,6,Direct,0,0.0
1810,1,4,Instagram,1,0.0
1810,2,4,Instagram,1,0.0
1810,3,4,YouTube,1,0.0
1810,4,4,Facebook,1,75.79
1811,1,1,YouTube,0,0.0
1812,1,5,Email,0,0.0
1812,2,5,Organic SEO,0,0.0
1812,3,5,Direct,0,0.0
1812,4,5,Instagram,0,0.0
1812,5,5,Organic SEO,0,0.0
1813,1,3,YouTube,0,0.0
1813,2,3,Email,0,0.0
1813,3,3,Direct,0,0.0
1814,1,5,Email,0,0.0
1814,2,5,Google Search,0,0.0
1814,3,5,Facebook,0,0.0
1814,4,5,Email,0,0.0
1814,5,5,Direct,0,0.0
1815,1,1,Facebook,0,0.0
1816,1,2,Direct,1,0.0
1816,2,2,Google Search,1,74.37
1817,1,1,Direct,1,13.63
1818,1,5,Direct,0,0.0
1818,2,5,Organic SEO,0,0.0
1818,3,5,Instagram,0,0.0
1818,4,5,Email,0,0.0
1818,5,5,YouTube,0,0.0
1819,1,1,Instagram,0,0.0
1820,1,6,Google Search,1,0.0
1820,2,6,Organic SEO,1,0.0
1820,3,6,Email,1,0.0
1820,4,6,Direct,1,0.0
1820,5,6,Email,1,0.0
1820,6,6,Email,1,86.66
1821,1,4,Instagram,1,0.0
1821,2,4,Organic SEO,1,0.0
1821,3,4,Email,1,0.0
1821,4,4,Google Search,1,76.58
1822,1,3,YouTube,1,0.0
1822,2,3,Facebook,1,0.0
1822,3,3,Google Search,1,146.55
1823,1,5,Organic SEO,0,0.0
1823,2,5,Organic SEO,0,0.0
1823,3,5,Facebook,0,0.0
1823,4,5,Direct,0,0.0
1823,5,5,Email,0,0.0
1824,1,5,Google Search,0,0.0
1824,2,5,YouTube,0,0.0
1824,3,5,Google Search,0,0.0
1824,4,5,Google Search,0,0.0
1824,5,5,Direct,0,0.0
1825,1,3,Email,0,0.0
1825,2,3,Email,0,0.0
1825,3,3,Google Search,0,0.0
1826,1,4,YouTube,0,0.0
1826,2,4,Email,0,0.0
1826,3,4,YouTube,0,0.0
1826,4,4,Instagram,0,0.0
1827,1,1,Direct,0,0.0
1828,1,1,Google Search,1,328.41
1829,1,1,Google Search,0,0.0
1830,1,6,Direct,0,0.0
1830,2,6,Facebook,0,0.0
1830,3,6,Google Search,0,0.0
1830,4,6,Direct,0,0.0
1830,5,6,Direct,0,0.0
1830,6,6,Direct,0,0.0
1831,1,1,Organic SEO,0,0.0
1832,1,3,Organic SEO,1,0.0
1832,2,3,Google Search,1,0.0
1832,3,3,Google Search,1,198.07
1833,1,3,Email,1,0.0
1833,2,3,YouTube,1,0.0
1833,3,3,Direct,1,74.57
1834,1,2,Organic SEO,1,0.0
1834,2,2,YouTube,1,41.49
1835,1,3,Organic SEO,0,0.0
1835,2,3,Direct,0,0.0
1835,3,3,Organic SEO,0,0.0
1836,1,4,YouTube,0,0.0
1836,2,4,YouTube,0,0.0
1836,3,4,Instagram,0,0.0
1836,4,4,Facebook,0,0.0
1837,1,4,Organic SEO,1,0.0
1837,2,4,Email,1,0.0
1837,3,4,Direct,1,0.0
1837,4,4,Facebook,1,545.31
1838,1,3,YouTube,1,0.0
1838,2,3,Email,1,0.0
1838,3,3,Direct,1,93.83
1839,1,6,Direct,1,0.0
1839,2,6,Facebook,1,0.0
1839,3,6,Google Search,1,0.0
1839,4,6,Organic SEO,1,0.0
1839,5,6,Google Search,1,0.0
1839,6,6,Google Search,1,90.9
1840,1,4,Facebook,0,0.0
1840,2,4,Google Search,0,0.0
1840,3,4,Facebook,0,0.0
1840,4,4,YouTube,0,0.0
1841,1,3,Direct,1,0.0
1841,2,3,Email,1,0.0
1841,3,3,Instagram,1,88.51
1842,1,5,Google Search,0,0.0
1842,2,5,Google Search,0,0.0
1842,3,5,Organic SEO,0,0.0
1842,4,5,Email,0,0.0
1842,5,5,Instagram,0,0.0
1843,1,2,Direct,1,0.0
1843,2,2,Facebook,1,103.41
1844,1,2,YouTube,0,0.0
1844,2,2,Organic SEO,0,0.0
1845,1,1,Facebook,0,0.0
1846,1,6,Google Search,0,0.0
1846,2,6,Google Search,0,0.0
1846,3,6,Instagram,0,0.0
1846,4,6,Facebook,0,0.0
1846,5,6,Instagram,0,0.0
1846,6,6,Instagram,0,0.0
1847,1,1,Organic SEO,1,81.37
1848,1,4,Facebook,0,0.0
1848,2,4,Email,0,0.0
1848,3,4,Instagram,0,0.0
1848,4,4,Email,0,0.0
1849,1,3,Google Search,0,0.0
1849,2,3,YouTube,0,0.0
1849,3,3,Direct,0,0.0
1850,1,3,Facebook,0,0.0
1850,2,3,Facebook,0,0.0
1850,3,3,Facebook,0,0.0
1851,1,5,Instagram,1,0.0
1851,2,5,YouTube,1,0.0
1851,3,5,YouTube,1,0.0
1851,4,5,Organic SEO,1,0.0
1851,5,5,Facebook,1,60.25
1852,1,1,YouTube,1,61.39
1853,1,5,Google Search,1,0.0
1853,2,5,Facebook,1,0.0
1853,3,5,YouTube,1,0.0
1853,4,5,Direct,1,0.0
1853,5,5,Email,1,87.98
1854,1,6,Direct,0,0.0
1854,2,6,YouTube,0,0.0
1854,3,6,Instagram,0,0.0
1854,4,6,Facebook,0,0.0
1854,5,6,Facebook,0,0.0
1854,6,6,YouTube,0,0.0
1855,1,3,Direct,0,0.0
1855,2,3,Google Search,0,0.0
1855,3,3,Instagram,0,0.0
1856,1,4,Direct,0,0.0
1856,2,4,Direct,0,0.0
1856,3,4,YouTube,0,0.0
1856,4,4,Facebook,0,0.0
1857,1,2,Facebook,1,0.0
1857,2,2,Organic SEO,1,61.53
1858,1,1,YouTube,0,0.0
1859,1,1,Facebook,1,54.65
1860,1,1,Facebook,0,0.0
1861,1,1,YouTube,0,0.0
1862,1,5,Google Search,0,0.0
1862,2,5,Organic SEO,0,0.0
1862,3,5,Instagram,0,0.0
1862,4,5,Google Search,0,0.0
1862,5,5,Google Search,0,0.0
1863,1,3,Direct,1,0.0
1863,2,3,Instagram,1,0.0
1863,3,3,Facebook,1,96.98
1864,1,1,Google Search,0,0.0
1865,1,3,Instagram,1,0.0
1865,2,3,Direct,1,0.0
1865,3,3,Organic SEO,1,75.3
1866,1,4,Facebook,1,0.0
1866,2,4,Instagram,1,0.0
1866,3,4,Direct,1,0.0
1866,4,4,Email,1,257.96
1867,1,5,Direct,0,0.0
1867,2,5,Direct,0,0.0
1867,3,5,Organic SEO,0,0.0
1867,4,5,YouTube,0,0.0
1867,5,5,Google Search,0,0.0
1868,1,6,YouTube,1,0.0
1868,2,6,Facebook,1,0.0
1868,3,6,Email,1,0.0
1868,4,6,Facebook,1,0.0
1868,5,6,Organic SEO,1,0.0
1868,6,6,Email,1,14.07
1869,1,5,Direct,0,0.0
1869,2,5,Organic SEO,0,0.0
1869,3,5,Email,0,0.0
1869,4,5,Direct,0,0.0
1869,5,5,Facebook,0,0.0
1870,1,6,Google Search,0,0.0
1870,2,6,Facebook,0,0.0
1870,3,6,YouTube,0,0.0
1870,4,6,Instagram,0,0.0
1870,5,6,Organic SEO,0,0.0
1870,6,6,Organic SEO,0,0.0
1871,1,2,Facebook,0,0.0
1871,2,2,YouTube,0,0.0
1872,1,4,YouTube,0,0.0
1872,2,4,Organic SEO,0,0.0
1872,3,4,Facebook,0,0.0
1872,4,4,Facebook,0,0.0
1873,1,6,Email,1,0.0
1873,2,6,YouTube,1,0.0
1873,3,6,Instagram,1,0.0
1873,4,6,Instagram,1,0.0
1873,5,6,Organic SEO,1,0.0
1873,6,6,Direct,1,193.26
1874,1,1,Instagram,0,0.0
1875,1,4,YouTube,1,0.0
1875,2,4,Instagram,1,0.0
1875,3,4,Email,1,0.0
1875,4,4,Instagram,1,215.35
1876,1,4,Email,1,0.0
1876,2,4,Direct,1,0.0
1876,3,4,Google Search,1,0.0
1876,4,4,Google Search,1,21.09
1877,1,5,Google Search,1,0.0
1877,2,5,Instagram,1,0.0
1877,3,5,Google Search,1,0.0
1877,4,5,Email,1,0.0
1877,5,5,Direct,1,70.82
1878,1,2,Email,0,0.0
1878,2,2,Facebook,0,0.0
1879,1,6,Organic SEO,0,0.0
1879,2,6,Instagram,0,0.0
1879,3,6,Organic SEO,0,0.0
1879,4,6,YouTube,0,0.0
1879,5,6,Google Search,0,0.0
1879,6,6,Direct,0,0.0
1880,1,1,Email,1,69.41
1881,1,3,Facebook,0,0.0
1881,2,3,YouTube,0,0.0
1881,3,3,Email,0,0.0
1882,1,1,Organic SEO,0,0.0
1883,1,5,Email,0,0.0
1883,2,5,Instagram,0,0.0
1883,3,5,YouTube,0,0.0
1883,4,5,Email,0,0.0
1883,5,5,YouTube,0,0.0
1884,1,2,Facebook,1,0.0
1884,2,2,Email,1,33.61
1885,1,3,Google Search,0,0.0
1885,2,3,Instagram,0,0.0
1885,3,3,YouTube,0,0.0
1886,1,4,Direct,0,0.0
1886,2,4,Direct,0,0.0
1886,3,4,Google Search,0,0.0
1886,4,4,Instagram,0,0.0
1887,1,5,Organic SEO,0,0.0
1887,2,5,YouTube,0,0.0
1887,3,5,Instagram,0,0.0
1887,4,5,Email,0,0.0
1887,5,5,Email,0,0.0
1888,1,1,Organic SEO,1,52.22
1889,1,4,Google Search,0,0.0
1889,2,4,Google Search,0,0.0
1889,3,4,Organic SEO,0,0.0
1889,4,4,Direct,0,0.0
1890,1,3,Google Search,1,0.0
1890,2,3,Instagram,1,0.0
1890,3,3,Instagram,1,41.37
1891,1,4,Google Search,0,0.0
1891,2,4,YouTube,0,0.0
1891,3,4,Instagram,0,0.0
1891,4,4,Direct,0,0.0
1892,1,1,Google Search,1,306.92
1893,1,6,Google Search,1,0.0
1893,2,6,YouTube,1,0.0
1893,3,6,Direct,1,0.0
1893,4,6,Instagram,1,0.0
1893,5,6,YouTube,1,0.0
1893,6,6,Organic SEO,1,173.29
1894,1,5,YouTube,0,0.0
1894,2,5,Direct,0,0.0
1894,3,5,Google Search,0,0.0
1894,4,5,Facebook,0,0.0
1894,5,5,Facebook,0,0.0
1895,1,4,Google Search,0,0.0
1895,2,4,Organic SEO,0,0.0
1895,3,4,YouTube,0,0.0
1895,4,4,Facebook,0,0.0
1896,1,6,Organic SEO,0,0.0
1896,2,6,Google Search,0,0.0
1896,3,6,Instagram,0,0.0
1896,4,6,YouTube,0,0.0
1896,5,6,Google Search,0,0.0
1896,6,6,Google Search,0,0.0
1897,1,1,Instagram,1,219.22
1898,1,1,Instagram,0,0.0
1899,1,4,Email,1,0.0
1899,2,4,Organic SEO,1,0.0
1899,3,4,Email,1,0.0
1899,4,4,Instagram,1,149.18
1900,1,2,Direct,0,0.0
1900,2,2,Instagram,0,0.0
1901,1,6,Instagram,0,0.0
1901,2,6,YouTube,0,0.0
1901,3,6,Google Search,0,0.0
1901,4,6,Facebook,0,0.0
1901,5,6,Google Search,0,0.0
1901,6,6,Google Search,0,0.0
1902,1,2,Facebook,0,0.0
1902,2,2,Direct,0,0.0
1903,1,4,Instagram,0,0.0
1903,2,4,Email,0,0.0
1903,3,4,Google Search,0,0.0
1903,4,4,YouTube,0,0.0
1904,1,3,Email,0,0.0
1904,2,3,YouTube,0,0.0
1904,3,3,Google Search,0,0.0
1905,1,4,Facebook,0,0.0
1905,2,4,Facebook,0,0.0
1905,3,4,Google Search,0,0.0
1905,4,4,Email,0,0.0
1906,1,1,YouTube,0,0.0
1907,1,5,Instagram,0,0.0
1907,2,5,Organic SEO,0,0.0
1907,3,5,Email,0,0.0
1907,4,5,Google Search,0,0.0
1907,5,5,Organic SEO,0,0.0
1908,1,1,Organic SEO,0,0.0
1909,1,5,Facebook,1,0.0
1909,2,5,Organic SEO,1,0.0
1909,3,5,Instagram,1,0.0
1909,4,5,Instagram,1,0.0
1909,5,5,Facebook,1,40.84
1910,1,6,Direct,1,0.0
1910,2,6,Email,1,0.0
1910,3,6,Direct,1,0.0
1910,4,6,Direct,1,0.0
1910,5,6,Facebook,1,0.0
1910,6,6,Direct,1,62.35
1911,1,4,Google Search,0,0.0
1911,2,4,Direct,0,0.0
1911,3,4,Instagram,0,0.0
1911,4,4,Organic SEO,0,0.0
1912,1,2,YouTube,0,0.0
1912,2,2,Organic SEO,0,0.0
1913,1,5,Facebook,0,0.0
1913,2,5,YouTube,0,0.0
1913,3,5,YouTube,0,0.0
1913,4,5,YouTube,0,0.0
1913,5,5,YouTube,0,0.0
1914,1,1,Google Search,0,0.0
1915,1,2,Facebook,0,0.0
1915,2,2,YouTube,0,0.0
1916,1,6,Instagram,0,0.0
1916,2,6,Direct,0,0.0
1916,3,6,Organic SEO,0,0.0
1916,4,6,Direct,0,0.0
1916,5,6,Direct,0,0.0
1916,6,6,Facebook,0,0.0
1917,1,2,Direct,0,0.0
1917,2,2,Email,0,0.0
1918,1,1,Google Search,1,126.79
1919,1,1,Direct,1,38.26
1920,1,3,YouTube,1,0.0
1920,2,3,Direct,1,0.0
1920,3,3,Organic SEO,1,148.28
1921,1,6,Instagram,0,0.0
1921,2,6,Google Search,0,0.0
1921,3,6,YouTube,0,0.0
1921,4,6,Instagram,0,0.0
1921,5,6,Facebook,0,0.0
1921,6,6,Instagram,0,0.0
1922,1,2,Facebook,0,0.0
1922,2,2,Facebook,0,0.0
1923,1,2,Google Search,0,0.0
1923,2,2,Google Search,0,0.0
1924,1,1,Facebook,0,0.0
1925,1,1,Email,0,0.0
1926,1,5,Organic SEO,0,0.0
1926,2,5,Email,0,0.0
1926,3,5,YouTube,0,0.0
1926,4,5,Organic SEO,0,0.0
1926,5,5,Direct,0,0.0
1927,1,2,Direct,0,0.0
1927,2,2,Instagram,0,0.0
1928,1,3,Email,0,0.0
1928,2,3,Organic SEO,0,0.0
1928,3,3,Direct,0,0.0
1929,1,4,Email,0,0.0
1929,2,4,Email,0,0.0
1929,3,4,Google Search,0,0.0
1929,4,4,Google Search,0,0.0
1930,1,3,Google Search,0,0.0
1930,2,3,Instagram,0,0.0
1930,3,3,Google Search,0,0.0
1931,1,1,Facebook,0,0.0
1932,1,3,Email,1,0.0
1932,2,3,Email,1,0.0
1932,3,3,Organic SEO,1,76.08
1933,1,3,Google Search,0,0.0
1933,2,3,YouTube,0,0.0
1933,3,3,Direct,0,0.0
1934,1,5,Email,0,0.0
1934,2,5,YouTube,0,0.0
1934,3,5,Instagram,0,0.0
1934,4,5,Organic SEO,0,0.0
1934,5,5,YouTube,0,0.0
1935,1,3,YouTube,1,0.0
1935,2,3,Google Search,1,0.0
1935,3,3,Email,1,69.24
1936,1,1,Google Search,0,0.0
1937,1,6,Email,0,0.0
1937,2,6,Direct,0,0.0
1937,3,6,Organic SEO,0,0.0
1937,4,6,Google Search,0,0.0
1937,5,6,Instagram,0,0.0
1937,6,6,Direct,0,0.0
1938,1,5,YouTube,0,0.0
1938,2,5,Direct,0,0.0
1938,3,5,Google Search,0,0.0
1938,4,5,Organic SEO,0,0.0
1938,5,5,Organic SEO,0,0.0
1939,1,5,Organic SEO,1,0.0
1939,2,5,Organic SEO,1,0.0
1939,3,5,Instagram,1,0.0
1939,4,5,Google Search,1,0.0
1939,5,5,Direct,1,148.07
1940,1,4,Instagram,0,0.0
1940,2,4,YouTube,0,0.0
1940,3,4,Instagram,0,0.0
1940,4,4,Email,0,0.0
1941,1,2,Google Search,0,0.0
1941,2,2,Google Search,0,0.0
1942,1,2,Instagram,0,0.0
1942,2,2,Organic SEO,0,0.0
1943,1,6,Google Search,0,0.0
1943,2,6,Instagram,0,0.0
1943,3,6,Email,0,0.0
1943,4,6,Email,0,0.0
1943,5,6,Google Search,0,0.0
1943,6,6,YouTube,0,0.0
1944,1,1,Instagram,0,0.0
1945,1,3,Email,1,0.0
1945,2,3,Email,1,0.0
1945,3,3,Organic SEO,1,122.85
1946,1,1,YouTube,1,69.92
1947,1,6,Direct,1,0.0
1947,2,6,Direct,1,0.0
1947,3,6,Instagram,1,0.0
1947,4,6,Google Search,1,0.0
1947,5,6,Direct,1,0.0
1947,6,6,Organic SEO,1,202.66
1948,1,1,Google Search,1,42.24
1949,1,2,Facebook,0,0.0
1949,2,2,Email,0,0.0
1950,1,2,Organic SEO,0,0.0
1950,2,2,Google Search,0,0.0
1951,1,6,Google Search,0,0.0
1951,2,6,Google Search,0,0.0
1951,3,6,Facebook,0,0.0
1951,4,6,Instagram,0,0.0
1951,5,6,Instagram,0,0.0
1951,6,6,Direct,0,0.0
1952,1,2,Instagram,0,0.0
1952,2,2,Email,0,0.0
1953,1,5,Email,0,0.0
1953,2,5,YouTube,0,0.0
1953,3,5,Instagram,0,0.0
1953,4,5,Facebook,0,0.0
1953,5,5,YouTube,0,0.0
1954,1,1,Email,0,0.0
1955,1,5,Instagram,1,0.0
1955,2,5,Google Search,1,0.0
1955,3,5,Organic SEO,1,0.0
1955,4,5,Direct,1,0.0
1955,5,5,Instagram,1,138.54
1956,1,5,Facebook,0,0.0
1956,2,5,Email,0,0.0
1956,3,5,Direct,0,0.0
1956,4,5,Google Search,0,0.0
1956,5,5,Organic SEO,0,0.0
1957,1,6,Direct,1,0.0
1957,2,6,Organic SEO,1,0.0
1957,3,6,Google Search,1,0.0
1957,4,6,Direct,1,0.0
1957,5,6,Facebook,1,0.0
1957,6,6,YouTube,1,136.34
1958,1,1,Google Search,0,0.0
1959,1,4,Instagram,1,0.0
1959,2,4,Organic SEO,1,0.0
1959,3,4,Email,1,0.0
1959,4,4,Google Search,1,72.48
1960,1,2,YouTube,0,0.0
1960,2,2,Instagram,0,0.0
1961,1,1,Instagram,1,113.1
1962,1,1,Organic SEO,0,0.0
1963,1,3,Organic SEO,0,0.0
1963,2,3,Organic SEO,0,0.0
1963,3,3,Direct,0,0.0
1964,1,1,Email,0,0.0
1965,1,4,Organic SEO,0,0.0
1965,2,4,Direct,0,0.0
1965,3,4,Organic SEO,0,0.0
1965,4,4,Direct,0,0.0
1966,1,5,Email,0,0.0
1966,2,5,Direct,0,0.0
1966,3,5,YouTube,0,0.0
1966,4,5,Organic SEO,0,0.0
1966,5,5,Organic SEO,0,0.0
1967,1,5,Direct,0,0.0
1967,2,5,Direct,0,0.0
1967,3,5,Facebook,0,0.0
1967,4,5,Organic SEO,0,0.0
1967,5,5,Instagram,0,0.0
1968,1,2,Google Search,0,0.0
1968,2,2,Google Search,0,0.0
1969,1,3,Google Search,1,0.0
1969,2,3,Facebook,1,0.0
1969,3,3,Instagram,1,37.5
1970,1,4,Google Search,0,0.0
1970,2,4,Facebook,0,0.0
1970,3,4,Facebook,0,0.0
1970,4,4,Facebook,0,0.0
1971,1,5,Google Search,0,0.0
1971,2,5,Email,0,0.0
1971,3,5,YouTube,0,0.0
1971,4,5,Direct,0,0.0
1971,5,5,Direct,0,0.0
1972,1,1,Instagram,0,0.0
1973,1,3,Instagram,1,0.0
1973,2,3,Direct,1,0.0
1973,3,3,Facebook,1,171.88
1974,1,1,Facebook,0,0.0
1975,1,3,Organic SEO,0,0.0
1975,2,3,Instagram,0,0.0
1975,3,3,Facebook,0,0.0
1976,1,3,Organic SEO,1,0.0
1976,2,3,Google Search,1,0.0
1976,3,3,YouTube,1,79.09
1977,1,5,YouTube,0,0.0
1977,2,5,Facebook,0,0.0
1977,3,5,YouTube,0,0.0
1977,4,5,Facebook,0,0.0
1977,5,5,Instagram,0,0.0
1978,1,3,Google Search,0,0.0
1978,2,3,Direct,0,0.0
1978,3,3,Google Search,0,0.0
1979,1,3,Organic SEO,0,0.0
1979,2,3,Google Search,0,0.0
1979,3,3,Direct,0,0.0
1980,1,5,Direct,0,0.0
1980,2,5,YouTube,0,0.0
1980,3,5,Email,0,0.0
1980,4,5,Google Search,0,0.0
1980,5,5,Instagram,0,0.0
1981,1,2,Facebook,0,0.0
1981,2,2,Instagram,0,0.0
1982,1,6,Email,1,0.0
1982,2,6,YouTube,1,0.0
1982,3,6,Organic SEO,1,0.0
1982,4,6,Facebook,1,0.0
1982,5,6,Email,1,0.0
1982,6,6,Direct,1,62.43
1983,1,4,Organic SEO,1,0.0
1983,2,4,Email,1,0.0
1983,3,4,Organic SEO,1,0.0
1983,4,4,Email,1,187.6
1984,1,3,Google Search,1,0.0
1984,2,3,Organic SEO,1,0.0
1984,3,3,Organic SEO,1,54.98
1985,1,5,Facebook,0,0.0
1985,2,5,Email,0,0.0
1985,3,5,Direct,0,0.0
1985,4,5,Direct,0,0.0
1985,5,5,Direct,0,0.0
1986,1,2,Email,0,0.0
1986,2,2,YouTube,0,0.0
1987,1,2,Email,1,0.0
1987,2,2,Organic SEO,1,33.58
1988,1,1,Organic SEO,0,0.0
1989,1,5,Instagram,0,0.0
1989,2,5,YouTube,0,0.0
1989,3,5,Instagram,0,0.0
1989,4,5,Email,0,0.0
1989,5,5,Direct,0,0.0
1990,1,5,Direct,1,0.0
1990,2,5,YouTube,1,0.0
1990,3,5,YouTube,1,0.0
1990,4,5,Instagram,1,0.0
1990,5,5,Email,1,30.28
1991,1,5,Email,0,0.0
1991,2,5,Facebook,0,0.0
1991,3,5,Facebook,0,0.0
1991,4,5,Direct,0,0.0
1991,5,5,Email,0,0.0
1992,1,6,Organic SEO,0,0.0
1992,2,6,YouTube,0,0.0
1992,3,6,Instagram,0,0.0
1992,4,6,Organic SEO,0,0.0
1992,5,6,Email,0,0.0
1992,6,6,Google Search,0,0.0
1993,1,1,Organic SEO,0,0.0
1994,1,5,Facebook,0,0.0
1994,2,5,Direct,0,0.0
1994,3,5,Facebook,0,0.0
1994,4,5,Direct,0,0.0
1994,5,5,Organic SEO,0,0.0
1995,1,2,Direct,0,0.0
1995,2,2,Email,0,0.0
1996,1,2,YouTube,1,0.0
1996,2,2,Direct,1,137.58
1997,1,1,Google Search,0,0.0
1998,1,2,YouTube,0,0.0
1998,2,2,YouTube,0,0.0
1999,1,2,Organic SEO,1,0.0
1999,2,2,Google Search,1,36.73
2000,1,3,Direct,1,0.0
2000,2,3,YouTube,1,0.0
2000,3,3,Instagram,1,307.46
