id_student,code_module,code_presentation,risk_tier,dropout_risk_score,total_clicks,avg_score,submissions,active_days,num_of_prev_attempts,final_result
987203,DDD,2013B,Critical,9.88,122.0,0.0,0.0,15.0,6,Withdrawn
26677,BBB,2013J,Critical,9.87,0.0,0.0,0.0,0.0,4,Withdrawn
2587950,BBB,2013J,Critical,9.87,0.0,0.0,0.0,0.0,4,Withdrawn
2184026,BBB,2014B,Critical,9.86,13.0,0.0,0.0,3.0,5,Withdrawn
537221,BBB,2014J,Critical,9.8,0.0,0.0,0.0,0.0,3,Withdrawn
2383103,BBB,2013J,Critical,9.8,0.0,0.0,0.0,0.0,3,Withdrawn
54388,BBB,2013J,Critical,9.79,42.0,0.0,0.0,1.0,3,Withdrawn
409766,DDD,2013B,Critical,9.79,15.0,0.0,0.0,3.0,3,Withdrawn
2276893,BBB,2013J,Critical,9.76,3.0,0.0,0.0,1.0,5,Withdrawn
2410331,BBB,2014B,Critical,9.73,0.0,0.0,0.0,0.0,2,Withdrawn
260777,BBB,2014J,Critical,9.73,0.0,0.0,0.0,0.0,2,Withdrawn
119437,BBB,2014J,Critical,9.73,0.0,0.0,0.0,0.0,2,Withdrawn
296408,BBB,2013B,Critical,9.73,0.0,0.0,0.0,0.0,3,Withdrawn
353918,BBB,2013B,Critical,9.73,0.0,0.0,0.0,0.0,2,Withdrawn
440664,BBB,2014B,Critical,9.73,0.0,0.0,0.0,0.0,2,Withdrawn
276846,FFF,2013B,Critical,9.73,0.0,0.0,0.0,0.0,2,Withdrawn
112010,FFF,2013J,Critical,9.73,0.0,0.0,0.0,0.0,3,Withdrawn
434035,BBB,2013J,Critical,9.73,0.0,0.0,0.0,0.0,2,Withdrawn
312275,BBB,2014B,Critical,9.73,0.0,0.0,0.0,0.0,2,Withdrawn
230348,BBB,2013B,Critical,9.73,0.0,0.0,0.0,0.0,2,Withdrawn
389076,DDD,2014J,Critical,9.72,26.0,0.0,0.0,5.0,3,Withdrawn
413052,BBB,2013J,Critical,9.71,265.0,0.0,0.0,19.0,3,Withdrawn
306984,BBB,2013B,Critical,9.71,102.0,0.0,0.0,5.0,3,Withdrawn
371362,DDD,2013J,Critical,9.71,84.0,0.0,0.0,5.0,2,Withdrawn
392802,DDD,2014B,Critical,9.71,72.0,0.0,0.0,5.0,3,Withdrawn
2558536,DDD,2014B,Critical,9.71,76.0,0.0,0.0,5.0,2,Withdrawn
264601,DDD,2014J,Critical,9.7,0.0,0.0,0.0,0.0,3,Withdrawn
134721,DDD,2014B,Critical,9.7,90.0,0.0,0.0,9.0,2,Withdrawn
387276,BBB,2014J,Critical,9.7,0.0,0.0,0.0,0.0,4,Withdrawn
393529,BBB,2014J,Critical,9.7,0.0,0.0,0.0,0.0,3,Withdrawn
2642498,DDD,2013J,Critical,9.68,196.0,0.0,0.0,12.0,2,Withdrawn
480910,FFF,2013J,Critical,9.67,0.0,0.0,0.0,0.0,1,Withdrawn
475682,BBB,2013J,Critical,9.67,0.0,0.0,0.0,0.0,1,Withdrawn
539299,BBB,2013J,Critical,9.67,0.0,0.0,0.0,0.0,1,Withdrawn
439684,BBB,2013J,Critical,9.67,0.0,0.0,0.0,0.0,1,Withdrawn
2409808,BBB,2014B,Critical,9.67,0.0,0.0,0.0,0.0,4,Withdrawn
596693,FFF,2014J,Critical,9.67,0.0,0.0,0.0,0.0,1,Withdrawn
335765,BBB,2014J,Critical,9.67,0.0,0.0,0.0,0.0,1,Withdrawn
362907,BBB,2013J,Critical,9.67,0.0,0.0,0.0,0.0,2,Fail
363711,BBB,2013J,Critical,9.67,0.0,0.0,0.0,0.0,1,Withdrawn
486539,DDD,2014J,Critical,9.67,0.0,0.0,0.0,0.0,1,Withdrawn
2614271,BBB,2014J,Critical,9.67,0.0,0.0,0.0,0.0,1,Withdrawn
530215,BBB,2013B,Critical,9.67,0.0,0.0,0.0,0.0,1,Withdrawn
112010,FFF,2013B,Critical,9.67,0.0,0.0,0.0,0.0,2,Withdrawn
509295,BBB,2013B,Critical,9.67,0.0,0.0,0.0,0.0,1,Withdrawn
626151,DDD,2014J,Critical,9.67,0.0,0.0,0.0,0.0,1,Withdrawn
633016,BBB,2014J,Critical,9.67,0.0,0.0,0.0,0.0,1,Withdrawn
318289,FFF,2014J,Critical,9.67,0.0,0.0,0.0,0.0,2,Withdrawn
569556,FFF,2014J,Critical,9.67,358.0,0.0,0.0,18.0,2,Withdrawn
2509297,BBB,2014B,Critical,9.67,0.0,0.0,0.0,0.0,1,Withdrawn
572952,FFF,2014B,Critical,9.67,0.0,0.0,0.0,0.0,1,Withdrawn
504700,FFF,2014J,Critical,9.67,0.0,0.0,0.0,0.0,2,Withdrawn
259609,FFF,2013J,Critical,9.67,0.0,0.0,0.0,0.0,2,Withdrawn
562762,FFF,2014J,Critical,9.67,0.0,0.0,0.0,0.0,2,Withdrawn
529705,BBB,2014B,Critical,9.67,0.0,0.0,0.0,0.0,1,Withdrawn
76196,BBB,2014B,Critical,9.67,0.0,0.0,0.0,0.0,1,Withdrawn
474256,FFF,2013B,Critical,9.67,0.0,0.0,0.0,0.0,1,Withdrawn
561796,FFF,2014B,Critical,9.67,0.0,0.0,0.0,0.0,1,Withdrawn
542321,DDD,2013J,Critical,9.67,0.0,0.0,0.0,0.0,1,Withdrawn
372624,BBB,2013B,Critical,9.67,0.0,0.0,0.0,0.0,1,Withdrawn
493365,DDD,2013B,Critical,9.67,0.0,0.0,0.0,0.0,1,Withdrawn
1824428,FFF,2013B,Critical,9.67,0.0,0.0,0.0,0.0,1,Withdrawn
572987,BBB,2014B,Critical,9.67,0.0,0.0,0.0,0.0,1,Withdrawn
574748,BBB,2014B,Critical,9.67,0.0,0.0,0.0,0.0,1,Withdrawn
271702,FFF,2014J,Critical,9.67,0.0,0.0,0.0,0.0,2,Withdrawn
529277,FFF,2013B,Critical,9.67,0.0,0.0,0.0,0.0,1,Withdrawn
584952,DDD,2014B,Critical,9.67,0.0,0.0,0.0,0.0,1,Withdrawn
356535,FFF,2014B,Critical,9.67,0.0,0.0,0.0,0.0,2,Withdrawn
2367887,DDD,2013J,Critical,9.67,0.0,0.0,0.0,0.0,1,Withdrawn
2539817,BBB,2013J,Critical,9.67,0.0,0.0,0.0,0.0,1,Withdrawn
517112,BBB,2014J,Critical,9.67,0.0,0.0,0.0,0.0,1,Withdrawn
596423,EEE,2014J,Critical,9.67,0.0,0.0,0.0,0.0,1,Withdrawn
539657,BBB,2014J,Critical,9.67,0.0,0.0,0.0,0.0,1,Withdrawn
532142,BBB,2013B,Critical,9.66,26.0,0.0,0.0,2.0,1,Withdrawn
160720,FFF,2013J,Critical,9.66,9.0,0.0,0.0,3.0,1,Withdrawn
523777,FFF,2013J,Critical,9.66,5.0,0.0,0.0,1.0,1,Fail
2652066,DDD,2013B,Critical,9.66,3.0,0.0,0.0,1.0,1,Withdrawn
509177,FFF,2014J,Critical,9.66,1.0,0.0,0.0,1.0,2,Withdrawn
247940,FFF,2013B,Critical,9.66,175.0,0.0,0.0,10.0,3,Withdrawn
548851,DDD,2014J,Critical,9.66,16.0,0.0,0.0,1.0,1,Withdrawn
505244,FFF,2013B,Critical,9.66,13.0,0.0,0.0,2.0,1,Withdrawn
526356,FFF,2013B,Critical,9.66,11.0,0.0,0.0,4.0,1,Withdrawn
412754,DDD,2013B,Critical,9.66,1.0,0.0,0.0,1.0,2,Withdrawn
389076,DDD,2013B,Critical,9.66,65.0,0.0,0.0,1.0,2,Withdrawn
376067,DDD,2013J,Critical,9.66,4.0,0.0,0.0,3.0,2,Withdrawn
484754,DDD,2013B,Critical,9.66,16.0,0.0,0.0,1.0,1,Withdrawn
366836,FFF,2013B,Critical,9.65,117.0,0.0,0.0,4.0,1,Withdrawn
497139,FFF,2013B,Critical,9.65,56.0,0.0,0.0,6.0,1,Withdrawn
371810,FFF,2013B,Critical,9.65,87.0,0.0,0.0,5.0,1,Withdrawn
569556,FFF,2014B,Critical,9.65,62.0,0.0,0.0,5.0,1,Withdrawn
584843,FFF,2014B,Critical,9.65,77.0,0.0,0.0,4.0,1,Withdrawn
527343,BBB,2013B,Critical,9.65,30.0,0.0,0.0,6.0,1,Withdrawn
583179,BBB,2014J,Critical,9.65,48.0,0.0,0.0,3.0,1,Withdrawn
421877,DDD,2014B,Critical,9.64,56.0,0.0,0.0,8.0,1,Withdrawn
155735,BBB,2013B,Critical,9.64,133.0,0.0,0.0,5.0,1,Withdrawn
588954,DDD,2014J,Critical,9.64,29.0,0.0,0.0,7.0,1,Withdrawn
387276,BBB,2014B,Critical,9.63,0.0,0.0,0.0,0.0,3,Withdrawn
466430,EEE,2014J,Critical,9.63,0.0,0.0,0.0,0.0,2,Withdrawn
305547,BBB,2013J,Critical,9.63,0.0,0.0,0.0,0.0,2,Withdrawn
282161,BBB,2014B,Critical,9.63,0.0,0.0,0.0,0.0,3,Withdrawn
2692381,BBB,2013B,Critical,9.63,0.0,0.0,0.0,0.0,3,Withdrawn
324319,BBB,2013J,Critical,9.63,49.0,0.0,0.0,11.0,3,Withdrawn
2276854,BBB,2014J,Critical,9.63,19.0,1.0,1.0,6.0,3,Withdrawn
228235,BBB,2014J,Critical,9.63,0.0,0.0,0.0,0.0,2,Withdrawn
524232,FFF,2013J,Critical,9.63,181.0,0.0,0.0,11.0,1,Withdrawn
516447,BBB,2013J,Critical,9.63,1.0,0.0,0.0,1.0,2,Withdrawn
604490,EEE,2014B,Critical,9.63,144.0,0.0,0.0,10.0,1,Withdrawn
397763,BBB,2013B,Critical,9.62,158.0,0.0,0.0,8.0,1,Withdrawn
301036,DDD,2014J,Critical,9.62,5.0,0.0,0.0,5.0,3,Withdrawn
606501,BBB,2014B,Critical,9.62,9.0,0.0,1.0,3.0,1,Withdrawn
395010,FFF,2013B,Critical,9.61,109.0,0.0,0.0,8.0,2,Withdrawn
395164,DDD,2014B,Critical,9.61,151.0,0.0,0.0,14.0,2,Withdrawn
516222,FFF,2013B,Critical,9.61,362.0,0.0,0.0,16.0,1,Withdrawn
491688,DDD,2014J,Critical,9.61,73.0,0.0,0.0,4.0,2,Withdrawn
505826,FFF,2014B,Critical,9.61,224.0,0.0,0.0,17.0,2,Withdrawn
547267,FFF,2013B,Critical,9.6,0.0,0.0,0.0,0.0,0,Withdrawn
625774,EEE,2014B,Critical,9.6,0.0,0.0,0.0,0.0,0,Withdrawn
629234,EEE,2014B,Critical,9.6,0.0,0.0,0.0,0.0,0,Withdrawn
1863564,EEE,2014B,Critical,9.6,0.0,0.0,0.0,0.0,0,Withdrawn
546114,BBB,2014J,Critical,9.6,0.0,0.0,0.0,0.0,0,Withdrawn
623111,EEE,2014B,Critical,9.6,0.0,0.0,0.0,0.0,0,Withdrawn
621675,FFF,2014B,Critical,9.6,0.0,0.0,0.0,0.0,0,Withdrawn
622239,FFF,2014B,Critical,9.6,0.0,0.0,0.0,0.0,0,Withdrawn
602971,BBB,2013J,Critical,9.6,0.0,0.0,0.0,0.0,0,Withdrawn
603516,BBB,2013J,Critical,9.6,0.0,0.0,0.0,0.0,0,Withdrawn
624243,FFF,2014B,Critical,9.6,0.0,0.0,0.0,0.0,0,Withdrawn
695143,GGG,2014J,Critical,9.6,5.0,0.0,0.0,1.0,0,Withdrawn
343427,DDD,2013B,Critical,9.6,0.0,0.0,0.0,0.0,0,Withdrawn
606972,BBB,2013J,Critical,9.6,3.0,0.0,0.0,1.0,0,Withdrawn
562758,DDD,2013J,Critical,9.6,0.0,0.0,0.0,0.0,0,Withdrawn
232600,BBB,2013B,Critical,9.6,0.0,0.0,0.0,0.0,2,Withdrawn
646077,CCC,2014J,Critical,9.6,2.0,0.0,0.0,1.0,0,Withdrawn
552192,DDD,2013J,Critical,9.6,10.0,0.0,0.0,1.0,1,Withdrawn
316454,EEE,2014J,Critical,9.6,0.0,0.0,0.0,0.0,0,Withdrawn
592756,BBB,2013J,Critical,9.6,0.0,0.0,0.0,0.0,0,Withdrawn
288717,BBB,2014B,Critical,9.6,0.0,0.0,0.0,0.0,1,Withdrawn
504700,FFF,2014B,Critical,9.6,2.0,0.0,0.0,1.0,1,Withdrawn
513796,FFF,2014B,Critical,9.6,0.0,0.0,0.0,0.0,1,Withdrawn
684502,BBB,2014J,Critical,9.6,0.0,0.0,0.0,0.0,0,Withdrawn
685506,BBB,2014J,Critical,9.6,0.0,0.0,0.0,0.0,0,Withdrawn
683338,BBB,2014J,Critical,9.6,0.0,0.0,0.0,0.0,0,Withdrawn
243047,BBB,2013J,Critical,9.6,0.0,0.0,0.0,0.0,0,Withdrawn
689628,BBB,2014J,Critical,9.6,0.0,0.0,0.0,0.0,0,Withdrawn
680816,BBB,2014J,Critical,9.6,0.0,0.0,0.0,0.0,0,Withdrawn
648546,FFF,2014J,Critical,9.6,0.0,0.0,0.0,0.0,0,Withdrawn
648650,FFF,2014J,Critical,9.6,0.0,0.0,0.0,0.0,0,Withdrawn
652315,BBB,2014J,Critical,9.6,0.0,0.0,0.0,0.0,0,Withdrawn
652584,BBB,2014J,Critical,9.6,0.0,0.0,0.0,0.0,0,Withdrawn
651520,BBB,2014J,Critical,9.6,0.0,0.0,0.0,0.0,0,Withdrawn
652006,BBB,2014J,Critical,9.6,0.0,0.0,0.0,0.0,0,Withdrawn
299561,BBB,2013J,Critical,9.6,0.0,0.0,0.0,0.0,2,Withdrawn
351767,BBB,2014B,Critical,9.6,0.0,0.0,0.0,0.0,1,Withdrawn
442819,FFF,2014B,Critical,9.6,0.0,0.0,0.0,0.0,0,Withdrawn
591461,BBB,2013J,Critical,9.6,0.0,0.0,0.0,0.0,0,Withdrawn
562096,DDD,2013J,Critical,9.6,0.0,0.0,0.0,0.0,0,Withdrawn
562287,DDD,2013J,Critical,9.6,0.0,0.0,0.0,0.0,0,Withdrawn
594079,DDD,2013J,Critical,9.6,0.0,0.0,0.0,0.0,0,Withdrawn
602997,GGG,2014B,Critical,9.6,0.0,0.0,0.0,0.0,1,Withdrawn
607738,GGG,2014B,Critical,9.6,0.0,0.0,0.0,0.0,0,Withdrawn
588191,BBB,2013J,Critical,9.6,0.0,0.0,0.0,0.0,0,Withdrawn
588205,BBB,2013J,Critical,9.6,0.0,0.0,0.0,0.0,0,Withdrawn
232745,BBB,2013B,Critical,9.6,0.0,0.0,0.0,0.0,0,Withdrawn
648477,CCC,2014J,Critical,9.6,0.0,0.0,0.0,0.0,0,Withdrawn
514934,DDD,2013J,Critical,9.6,16.0,0.0,0.0,1.0,0,Withdrawn
377929,BBB,2014B,Critical,9.6,0.0,0.0,0.0,0.0,0,Withdrawn
568580,DDD,2013J,Critical,9.6,0.0,0.0,0.0,0.0,0,Withdrawn
572089,DDD,2013J,Critical,9.6,0.0,0.0,0.0,0.0,0,Withdrawn
291701,BBB,2013B,Critical,9.6,0.0,0.0,0.0,0.0,0,Withdrawn
305307,BBB,2014B,Critical,9.6,0.0,0.0,0.0,0.0,0,Withdrawn
596245,CCC,2014J,Critical,9.6,0.0,0.0,0.0,0.0,0,Withdrawn
586536,DDD,2013J,Critical,9.6,0.0,0.0,0.0,0.0,0,Withdrawn
514605,FFF,2013B,Critical,9.6,0.0,0.0,0.0,0.0,1,Withdrawn
652569,FFF,2014J,Critical,9.6,0.0,0.0,0.0,0.0,0,Withdrawn
2399361,BBB,2013B,Critical,9.6,0.0,0.0,0.0,0.0,1,Withdrawn
653174,FFF,2014J,Critical,9.6,0.0,0.0,0.0,0.0,0,Withdrawn
692961,BBB,2014J,Critical,9.6,0.0,0.0,0.0,0.0,0,Withdrawn
446825,FFF,2013B,Critical,9.6,0.0,0.0,0.0,0.0,2,Withdrawn
587552,DDD,2013J,Critical,9.6,0.0,0.0,0.0,0.0,0,Withdrawn
588815,DDD,2013J,Critical,9.6,0.0,0.0,0.0,0.0,0,Withdrawn
592658,DDD,2013J,Critical,9.6,0.0,0.0,0.0,0.0,0,Withdrawn
2313615,BBB,2013J,Critical,9.6,0.0,0.0,0.0,0.0,0,Withdrawn
683802,BBB,2014J,Critical,9.6,0.0,0.0,0.0,0.0,0,Withdrawn
2496235,BBB,2013J,Critical,9.6,0.0,0.0,0.0,0.0,0,Withdrawn
2509297,BBB,2013J,Critical,9.6,0.0,0.0,0.0,0.0,0,Withdrawn
75118,BBB,2014B,Critical,9.6,0.0,0.0,0.0,0.0,0,Withdrawn
194073,BBB,2014B,Critical,9.6,0.0,0.0,0.0,0.0,0,Withdrawn
656978,CCC,2014J,Critical,9.6,0.0,0.0,0.0,0.0,0,Withdrawn
654407,CCC,2014J,Critical,9.6,2.0,0.0,0.0,1.0,0,Withdrawn
654828,CCC,2014J,Critical,9.6,0.0,0.0,0.0,0.0,0,Withdrawn
651156,CCC,2014J,Critical,9.6,0.0,0.0,0.0,0.0,0,Withdrawn
649523,CCC,2014J,Critical,9.6,0.0,0.0,0.0,0.0,0,Withdrawn
683912,CCC,2014J,Critical,9.6,0.0,0.0,0.0,0.0,0,Withdrawn
592804,DDD,2013J,Critical,9.6,0.0,0.0,0.0,0.0,0,Withdrawn
339656,BBB,2013J,Critical,9.6,0.0,0.0,0.0,0.0,0,Withdrawn
696481,BBB,2014J,Critical,9.6,0.0,0.0,0.0,0.0,0,Withdrawn
26269,FFF,2014B,Critical,9.6,0.0,0.0,0.0,0.0,0,Withdrawn
487386,BBB,2014B,Critical,9.6,0.0,0.0,0.0,0.0,0,Withdrawn
588504,BBB,2013J,Critical,9.6,0.0,0.0,0.0,0.0,0,Withdrawn
2239539,FFF,2014B,Critical,9.6,0.0,0.0,0.0,0.0,0,Withdrawn
388168,BBB,2014B,Critical,9.6,0.0,0.0,0.0,0.0,2,Withdrawn
590310,BBB,2013J,Critical,9.6,0.0,0.0,0.0,0.0,0,Withdrawn
484351,BBB,2014B,Critical,9.6,0.0,0.0,0.0,0.0,0,Withdrawn
484446,BBB,2014B,Critical,9.6,0.0,0.0,0.0,0.0,1,Withdrawn
271702,FFF,2014B,Critical,9.6,0.0,0.0,0.0,0.0,1,Withdrawn
599876,DDD,2013J,Critical,9.6,0.0,0.0,0.0,0.0,0,Withdrawn
600289,DDD,2013J,Critical,9.6,0.0,0.0,0.0,0.0,0,Withdrawn
398965,BBB,2013B,Critical,9.6,0.0,0.0,0.0,0.0,1,Withdrawn
230656,FFF,2014J,Critical,9.6,2.0,0.0,0.0,1.0,0,Withdrawn
564460,BBB,2014B,Critical,9.6,0.0,0.0,0.0,0.0,0,Withdrawn
565008,BBB,2014B,Critical,9.6,0.0,0.0,0.0,0.0,0,Withdrawn
1983331,FFF,2013J,Critical,9.6,1.0,0.0,0.0,1.0,0,Withdrawn
1996746,BBB,2013B,Critical,9.6,0.0,0.0,0.0,0.0,3,Withdrawn
653854,FFF,2014J,Critical,9.6,6.0,0.0,0.0,1.0,0,Withdrawn
654338,FFF,2014J,Critical,9.6,0.0,0.0,0.0,0.0,0,Withdrawn
259182,BBB,2013J,Critical,9.6,0.0,0.0,0.0,0.0,2,Withdrawn
555110,FFF,2013B,Critical,9.6,0.0,0.0,0.0,0.0,0,Withdrawn
649686,BBB,2014J,Critical,9.6,0.0,0.0,0.0,0.0,0,Withdrawn
648589,BBB,2014J,Critical,9.6,0.0,0.0,0.0,0.0,0,Withdrawn
558354,FFF,2013B,Critical,9.6,0.0,0.0,0.0,0.0,0,Withdrawn
646083,FFF,2014J,Critical,9.6,0.0,0.0,0.0,0.0,0,Withdrawn
540885,CCC,2014J,Critical,9.6,0.0,0.0,0.0,0.0,0,Withdrawn
585485,DDD,2014B,Critical,9.6,0.0,0.0,0.0,0.0,0,Withdrawn
479921,DDD,2014B,Critical,9.6,0.0,0.0,0.0,0.0,2,Withdrawn
2485856,DDD,2013J,Critical,9.6,0.0,0.0,0.0,0.0,1,Withdrawn
587900,CCC,2014J,Critical,9.6,0.0,0.0,0.0,0.0,0,Withdrawn
2662451,DDD,2013J,Critical,9.6,1.0,0.0,0.0,1.0,2,Withdrawn
75469,DDD,2014B,Critical,9.6,0.0,0.0,0.0,0.0,4,Withdrawn
2524794,FFF,2014B,Critical,9.6,0.0,0.0,0.0,0.0,0,Withdrawn
487573,BBB,2014B,Critical,9.6,0.0,0.0,0.0,0.0,2,Withdrawn
115875,FFF,2014B,Critical,9.6,0.0,0.0,0.0,0.0,1,Withdrawn
582496,BBB,2014B,Critical,9.6,0.0,0.0,0.0,0.0,0,Withdrawn
585283,BBB,2014B,Critical,9.6,0.0,0.0,0.0,0.0,0,Withdrawn
1107596,FFF,2013J,Critical,9.6,0.0,0.0,0.0,0.0,0,Withdrawn
581959,BBB,2013J,Critical,9.6,0.0,0.0,0.0,0.0,0,Withdrawn
362356,FFF,2013B,Critical,9.6,0.0,0.0,0.0,0.0,2,Withdrawn
552931,BBB,2014B,Critical,9.6,0.0,0.0,0.0,0.0,2,Withdrawn
584588,BBB,2013J,Critical,9.6,0.0,0.0,0.0,0.0,0,Withdrawn
584892,BBB,2013J,Critical,9.6,0.0,0.0,0.0,0.0,0,Withdrawn
585618,BBB,2013J,Critical,9.6,0.0,0.0,0.0,0.0,0,Withdrawn
583179,BBB,2013J,Critical,9.6,0.0,0.0,0.0,0.0,0,Withdrawn
509417,DDD,2014B,Critical,9.6,3.0,0.0,0.0,1.0,1,Withdrawn
537238,DDD,2014B,Critical,9.6,0.0,0.0,0.0,0.0,0,Withdrawn
228635,FFF,2013B,Critical,9.6,0.0,0.0,0.0,0.0,0,Withdrawn
578264,BBB,2013J,Critical,9.6,10.0,0.0,0.0,1.0,0,Withdrawn
621675,DDD,2014B,Critical,9.6,3.0,0.0,0.0,1.0,0,Withdrawn
485949,CCC,2014J,Critical,9.6,0.0,0.0,0.0,0.0,0,Withdrawn
628150,DDD,2014B,Critical,9.6,0.0,0.0,0.0,0.0,0,Withdrawn
2509531,FFF,2014J,Critical,9.6,0.0,0.0,0.0,0.0,0,Withdrawn
2602253,FFF,2014J,Critical,9.6,1.0,0.0,0.0,1.0,0,Withdrawn
438379,BBB,2013B,Critical,9.6,0.0,0.0,0.0,0.0,2,Withdrawn
529179,CCC,2014J,Critical,9.6,1.0,0.0,0.0,1.0,0,Withdrawn
511859,CCC,2014J,Critical,9.6,0.0,0.0,0.0,0.0,0,Withdrawn
268727,FFF,2014J,Critical,9.6,0.0,0.0,0.0,0.0,0,Withdrawn
586435,BBB,2014B,Critical,9.6,0.0,0.0,0.0,0.0,0,Withdrawn
591309,BBB,2014B,Critical,9.6,0.0,0.0,0.0,0.0,0,Withdrawn
576179,BBB,2014B,Critical,9.6,0.0,0.0,0.0,0.0,0,Withdrawn
550205,DDD,2013B,Critical,9.6,0.0,0.0,0.0,0.0,0,Withdrawn
680333,CCC,2014J,Critical,9.6,0.0,0.0,0.0,0.0,0,Withdrawn
679037,CCC,2014J,Critical,9.6,0.0,0.0,0.0,0.0,0,Withdrawn
679528,BBB,2014J,Critical,9.6,0.0,0.0,0.0,0.0,0,Withdrawn
679675,BBB,2014J,Critical,9.6,0.0,0.0,0.0,0.0,0,Withdrawn
679919,BBB,2014J,Critical,9.6,0.0,0.0,0.0,0.0,0,Withdrawn
653336,FFF,2014J,Critical,9.6,0.0,0.0,0.0,0.0,0,Withdrawn
516519,FFF,2013B,Critical,9.6,0.0,0.0,0.0,0.0,1,Withdrawn
685740,BBB,2014J,Critical,9.6,0.0,0.0,0.0,0.0,0,Withdrawn
675758,CCC,2014J,Critical,9.6,0.0,0.0,0.0,0.0,0,Withdrawn
2365101,AAA,2014J,Critical,9.6,0.0,0.0,0.0,0.0,1,Withdrawn
91041,GGG,2014J,Critical,9.6,0.0,0.0,0.0,0.0,0,Withdrawn
2632668,BBB,2013J,Critical,9.6,0.0,0.0,0.0,0.0,0,Withdrawn
581647,BBB,2014B,Critical,9.6,0.0,0.0,0.0,0.0,1,Withdrawn
2462281,FFF,2014J,Critical,9.6,0.0,0.0,0.0,0.0,1,Withdrawn
576550,BBB,2013J,Critical,9.6,0.0,0.0,0.0,0.0,0,Withdrawn
613983,BBB,2014B,Critical,9.6,0.0,0.0,0.0,0.0,0,Withdrawn
614562,BBB,2014B,Critical,9.6,0.0,0.0,0.0,0.0,0,Withdrawn
611979,BBB,2014B,Critical,9.6,7.0,0.0,0.0,1.0,0,Withdrawn
647940,BBB,2014J,Critical,9.6,0.0,0.0,0.0,0.0,0,Withdrawn
646515,BBB,2014J,Critical,9.6,0.0,0.0,0.0,0.0,0,Withdrawn
2288493,FFF,2013B,Critical,9.6,0.0,0.0,0.0,0.0,0,Withdrawn
640501,BBB,2014J,Critical,9.6,0.0,0.0,0.0,0.0,0,Withdrawn
556929,BBB,2013B,Critical,9.6,0.0,0.0,0.0,0.0,0,Withdrawn
620230,BBB,2014B,Critical,9.6,0.0,0.0,0.0,0.0,0,Withdrawn
620289,BBB,2014B,Critical,9.6,0.0,0.0,0.0,0.0,0,Withdrawn
618710,BBB,2014B,Critical,9.6,0.0,0.0,0.0,0.0,0,Withdrawn
597190,FFF,2013J,Critical,9.6,0.0,0.0,0.0,0.0,0,Withdrawn
616428,BBB,2014B,Critical,9.6,0.0,0.0,0.0,0.0,0,Withdrawn
617905,BBB,2014B,Critical,9.6,0.0,0.0,0.0,0.0,0,Withdrawn
598259,FFF,2013J,Critical,9.6,0.0,0.0,0.0,0.0,0,Withdrawn
608774,BBB,2014B,Critical,9.6,0.0,0.0,0.0,0.0,0,Withdrawn
605956,BBB,2014B,Critical,9.6,4.0,0.0,0.0,1.0,0,Withdrawn
607339,BBB,2014B,Critical,9.6,0.0,0.0,0.0,0.0,0,Withdrawn
594727,GGG,2013J,Critical,9.6,0.0,0.0,0.0,0.0,0,Withdrawn
598268,FFF,2013J,Critical,9.6,0.0,0.0,0.0,0.0,0,Withdrawn
598629,FFF,2013J,Critical,9.6,4.0,0.0,0.0,1.0,0,Withdrawn
2687012,FFF,2014J,Critical,9.6,0.0,0.0,0.0,0.0,1,Withdrawn
835603,DDD,2014B,Critical,9.6,0.0,0.0,0.0,0.0,1,Withdrawn
444388,DDD,2014J,Critical,9.6,0.0,0.0,0.0,0.0,0,Withdrawn
507485,BBB,2013B,Critical,9.6,0.0,0.0,0.0,0.0,0,Withdrawn
104215,DDD,2014J,Critical,9.6,0.0,0.0,0.0,0.0,0,Withdrawn
124210,DDD,2014J,Critical,9.6,0.0,0.0,0.0,0.0,0,Withdrawn
274237,FFF,2013B,Critical,9.6,0.0,0.0,0.0,0.0,0,Withdrawn
600037,FFF,2013J,Critical,9.6,0.0,0.0,0.0,0.0,0,Withdrawn
316454,CCC,2014J,Critical,9.6,0.0,0.0,0.0,0.0,0,Withdrawn
319035,CCC,2014J,Critical,9.6,0.0,0.0,0.0,0.0,0,Withdrawn
309258,DDD,2014J,Critical,9.6,0.0,0.0,0.0,0.0,3,Withdrawn
1972368,FFF,2014J,Critical,9.6,0.0,0.0,0.0,0.0,0,Withdrawn
621731,BBB,2014B,Critical,9.6,0.0,0.0,0.0,0.0,0,Withdrawn
594221,FFF,2013J,Critical,9.6,0.0,0.0,0.0,0.0,0,Withdrawn
594737,FFF,2013J,Critical,9.6,0.0,0.0,0.0,0.0,0,Withdrawn
626835,BBB,2014J,Critical,9.6,0.0,0.0,0.0,0.0,0,Withdrawn
628819,BBB,2014J,Critical,9.6,0.0,0.0,0.0,0.0,0,Withdrawn
630465,BBB,2014J,Critical,9.6,0.0,0.0,0.0,0.0,0,Withdrawn
87042,FFF,2013J,Critical,9.6,0.0,0.0,0.0,0.0,0,Withdrawn
381528,FFF,2014J,Critical,9.6,3.0,0.0,0.0,1.0,0,Withdrawn
573758,BBB,2013J,Critical,9.6,0.0,0.0,0.0,0.0,0,Withdrawn
592458,FFF,2013J,Critical,9.6,0.0,0.0,0.0,0.0,0,Withdrawn
575421,BBB,2013J,Critical,9.6,0.0,0.0,0.0,0.0,0,Withdrawn
351293,FFF,2014J,Critical,9.6,1.0,0.0,0.0,1.0,2,Withdrawn
620546,BBB,2014B,Critical,9.6,0.0,0.0,0.0,0.0,0,Withdrawn
2071670,FFF,2014J,Critical,9.6,0.0,0.0,0.0,0.0,0,Withdrawn
323025,DDD,2014J,Critical,9.6,0.0,0.0,0.0,0.0,0,Withdrawn
331526,DDD,2014J,Critical,9.6,2.0,0.0,0.0,1.0,0,Withdrawn
624298,BBB,2014B,Critical,9.6,0.0,0.0,0.0,0.0,0,Withdrawn
540885,DDD,2014J,Critical,9.6,0.0,0.0,0.0,0.0,0,Withdrawn
522784,BBB,2014J,Critical,9.6,0.0,0.0,0.0,0.0,0,Withdrawn
2464727,CCC,2014B,Critical,9.6,0.0,0.0,0.0,0.0,0,Withdrawn
694415,FFF,2014J,Critical,9.6,0.0,0.0,0.0,0.0,0,Withdrawn
564930,BBB,2013J,Critical,9.6,0.0,0.0,0.0,0.0,0,Withdrawn
590494,FFF,2013J,Critical,9.6,0.0,0.0,0.0,0.0,0,Withdrawn
558974,BBB,2013B,Critical,9.6,0.0,0.0,0.0,0.0,0,Withdrawn
347410,FFF,2013B,Critical,9.6,0.0,0.0,0.0,0.0,0,Withdrawn
641540,BBB,2014J,Critical,9.6,0.0,0.0,0.0,0.0,0,Withdrawn
632431,BBB,2014J,Critical,9.6,0.0,0.0,0.0,0.0,1,Withdrawn
49670,FFF,2013J,Critical,9.6,33.0,0.0,0.0,1.0,0,Withdrawn
623319,BBB,2014J,Critical,9.6,1.0,0.0,0.0,1.0,0,Withdrawn
626597,BBB,2014J,Critical,9.6,0.0,0.0,0.0,0.0,1,Withdrawn
628685,DDD,2014J,Critical,9.6,0.0,0.0,0.0,0.0,0,Withdrawn
636590,DDD,2014J,Critical,9.6,0.0,0.0,0.0,0.0,0,Withdrawn
583081,FFF,2013J,Critical,9.6,0.0,0.0,0.0,0.0,0,Withdrawn
631190,BBB,2014B,Critical,9.6,0.0,0.0,0.0,0.0,0,Withdrawn
629340,BBB,2014B,Critical,9.6,0.0,0.0,0.0,0.0,0,Withdrawn
629484,BBB,2014B,Critical,9.6,0.0,0.0,0.0,0.0,0,Withdrawn
629574,BBB,2014B,Critical,9.6,0.0,0.0,0.0,0.0,0,Withdrawn
587659,FFF,2013J,Critical,9.6,0.0,0.0,0.0,0.0,0,Withdrawn
512924,BBB,2013B,Critical,9.6,0.0,0.0,0.0,0.0,1,Withdrawn
695764,FFF,2014J,Critical,9.6,0.0,0.0,0.0,0.0,0,Withdrawn
396136,FFF,2014J,Critical,9.6,0.0,0.0,0.0,0.0,0,Withdrawn
418486,FFF,2014J,Critical,9.6,2.0,0.0,0.0,1.0,2,Withdrawn
624549,BBB,2014B,Critical,9.6,0.0,0.0,0.0,0.0,0,Withdrawn
624572,BBB,2014B,Critical,9.6,0.0,0.0,0.0,0.0,0,Withdrawn
624950,BBB,2014B,Critical,9.6,0.0,0.0,0.0,0.0,0,Withdrawn
623392,BBB,2014B,Critical,9.6,0.0,0.0,0.0,0.0,0,Withdrawn
43011,FFF,2013B,Critical,9.6,0.0,0.0,0.0,0.0,2,Withdrawn
49095,FFF,2013B,Critical,9.6,0.0,0.0,0.0,0.0,2,Withdrawn
108947,CCC,2014B,Critical,9.6,0.0,0.0,0.0,0.0,0,Withdrawn
688942,EEE,2014J,Critical,9.6,0.0,0.0,0.0,0.0,0,Withdrawn
645850,DDD,2014J,Critical,9.6,0.0,0.0,0.0,0.0,0,Withdrawn
646077,DDD,2014J,Critical,9.6,3.0,0.0,0.0,1.0,0,Withdrawn
496815,FFF,2014J,Critical,9.6,0.0,0.0,0.0,0.0,2,Withdrawn
590555,FFF,2013J,Critical,9.6,0.0,0.0,0.0,0.0,0,Withdrawn
590571,FFF,2013J,Critical,9.6,0.0,0.0,0.0,0.0,0,Withdrawn
590815,FFF,2013J,Critical,9.6,0.0,0.0,0.0,0.0,0,Withdrawn
695574,FFF,2014J,Critical,9.6,0.0,0.0,0.0,0.0,0,Withdrawn
509130,BBB,2013B,Critical,9.6,0.0,0.0,0.0,0.0,0,Withdrawn
567598,BBB,2013J,Critical,9.6,0.0,0.0,0.0,0.0,0,Withdrawn
569426,BBB,2013J,Critical,9.6,0.0,0.0,0.0,0.0,0,Withdrawn
2363561,BBB,2014B,Critical,9.6,0.0,0.0,0.0,0.0,1,Withdrawn
560559,BBB,2013J,Critical,9.6,0.0,0.0,0.0,0.0,0,Withdrawn
564791,BBB,2013J,Critical,9.6,0.0,0.0,0.0,0.0,0,Withdrawn
654828,DDD,2014J,Critical,9.6,0.0,0.0,0.0,0.0,0,Withdrawn
690559,FFF,2014J,Critical,9.6,0.0,0.0,0.0,0.0,0,Withdrawn
523789,BBB,2013B,Critical,9.6,0.0,0.0,0.0,0.0,1,Withdrawn
697120,EEE,2014J,Critical,9.6,0.0,0.0,0.0,0.0,0,Withdrawn
1953275,EEE,2014J,Critical,9.6,0.0,0.0,0.0,0.0,0,Withdrawn
641716,EEE,2014J,Critical,9.6,0.0,0.0,0.0,0.0,0,Withdrawn
2344216,BBB,2014J,Critical,9.6,0.0,0.0,0.0,0.0,0,Withdrawn
2145101,BBB,2014J,Critical,9.6,0.0,0.0,0.0,0.0,0,Withdrawn
2169127,BBB,2014J,Critical,9.6,0.0,0.0,0.0,0.0,0,Withdrawn
690687,FFF,2014J,Critical,9.6,3.0,0.0,0.0,1.0,0,Withdrawn
677449,DDD,2014J,Critical,9.6,0.0,0.0,0.0,0.0,0,Withdrawn
628022,CCC,2014B,Critical,9.6,8.0,0.0,0.0,1.0,0,Withdrawn
681638,DDD,2014J,Critical,9.6,0.0,0.0,0.0,0.0,0,Withdrawn
683340,DDD,2014J,Critical,9.6,0.0,0.0,0.0,0.0,0,Withdrawn
535526,BBB,2013B,Critical,9.6,0.0,0.0,0.0,0.0,0,Withdrawn
688937,FFF,2014J,Critical,9.6,1.0,0.0,0.0,1.0,0,Withdrawn
555995,BBB,2013B,Critical,9.6,0.0,0.0,0.0,0.0,0,Withdrawn
675127,FFF,2014J,Critical,9.6,0.0,0.0,0.0,0.0,0,Withdrawn
511859,FFF,2014J,Critical,9.6,0.0,0.0,0.0,0.0,0,Withdrawn
580658,FFF,2013J,Critical,9.6,0.0,0.0,0.0,0.0,0,Withdrawn
633883,BBB,2014B,Critical,9.6,7.0,0.0,0.0,1.0,0,Withdrawn
633912,BBB,2014B,Critical,9.6,0.0,0.0,0.0,0.0,0,Withdrawn
543604,FFF,2013B,Critical,9.6,0.0,0.0,0.0,0.0,0,Withdrawn
142998,DDD,2013J,Critical,9.6,7.0,0.0,0.0,1.0,1,Withdrawn
688672,CCC,2014J,Critical,9.6,0.0,0.0,0.0,0.0,0,Withdrawn
296813,DDD,2013J,Critical,9.6,0.0,0.0,0.0,0.0,0,Withdrawn
595041,GGG,2014J,Critical,9.6,1.0,0.0,0.0,1.0,1,Withdrawn
685663,CCC,2014J,Critical,9.6,0.0,0.0,0.0,0.0,0,Withdrawn
683912,FFF,2014J,Critical,9.6,0.0,0.0,0.0,0.0,0,Withdrawn
2291034,BBB,2013J,Critical,9.6,0.0,0.0,0.0,0.0,0,Withdrawn
655829,BBB,2014J,Critical,9.6,0.0,0.0,0.0,0.0,0,Withdrawn
596241,BBB,2013J,Critical,9.6,0.0,0.0,0.0,0.0,0,Withdrawn
598199,BBB,2013J,Critical,9.6,0.0,0.0,0.0,0.0,0,Withdrawn
551492,FFF,2013B,Critical,9.6,0.0,0.0,0.0,0.0,0,Withdrawn
648477,FFF,2014J,Critical,9.6,0.0,0.0,0.0,0.0,0,Withdrawn
651611,FFF,2014J,Critical,9.6,0.0,0.0,0.0,0.0,0,Withdrawn
681971,BBB,2014J,Critical,9.6,0.0,0.0,0.0,0.0,0,Withdrawn
567145,BBB,2013J,Critical,9.6,0.0,0.0,0.0,0.0,0,Withdrawn
552939,BBB,2013B,Critical,9.6,0.0,0.0,0.0,0.0,0,Withdrawn
678127,FFF,2014J,Critical,9.6,0.0,0.0,0.0,0.0,0,Withdrawn
625267,CCC,2014B,Critical,9.6,0.0,0.0,0.0,0.0,0,Withdrawn
625774,CCC,2014B,Critical,9.6,0.0,0.0,0.0,0.0,0,Withdrawn
688615,DDD,2014J,Critical,9.6,0.0,0.0,0.0,0.0,0,Withdrawn
688672,DDD,2014J,Critical,9.6,0.0,0.0,0.0,0.0,0,Withdrawn
2626511,BBB,2014B,Critical,9.6,0.0,0.0,0.0,0.0,0,Withdrawn
574950,FFF,2013J,Critical,9.6,0.0,0.0,0.0,0.0,0,Withdrawn
524496,BBB,2013B,Critical,9.6,0.0,0.0,0.0,0.0,0,Withdrawn
651602,GGG,2014J,Critical,9.6,3.0,0.0,0.0,1.0,0,Withdrawn
641613,DDD,2014J,Critical,9.6,0.0,0.0,0.0,0.0,0,Withdrawn
2417841,BBB,2014B,Critical,9.6,0.0,0.0,0.0,0.0,0,Withdrawn
576681,FFF,2013J,Critical,9.6,0.0,0.0,0.0,0.0,0,Withdrawn
574306,BBB,2014J,Critical,9.6,0.0,0.0,0.0,0.0,0,Withdrawn
687448,FFF,2014J,Critical,9.6,0.0,0.0,0.0,0.0,0,Withdrawn
540594,BBB,2013B,Critical,9.6,11.0,0.0,0.0,1.0,0,Withdrawn
565977,FFF,2013J,Critical,9.6,0.0,0.0,0.0,0.0,0,Withdrawn
568444,FFF,2013J,Critical,9.6,0.0,0.0,0.0,0.0,0,Withdrawn
65807,BBB,2014J,Critical,9.6,0.0,0.0,0.0,0.0,2,Withdrawn
541842,BBB,2013J,Critical,9.6,0.0,0.0,0.0,0.0,0,Withdrawn
305974,CCC,2014B,Critical,9.6,0.0,0.0,0.0,0.0,0,Withdrawn
243351,CCC,2014B,Critical,9.6,0.0,0.0,0.0,0.0,0,Withdrawn
373633,BBB,2013J,Critical,9.6,0.0,0.0,0.0,0.0,2,Withdrawn
644834,FFF,2014J,Critical,9.6,0.0,0.0,0.0,0.0,0,Withdrawn
422505,BBB,2013J,Critical,9.6,0.0,0.0,0.0,0.0,1,Withdrawn
430352,BBB,2013J,Critical,9.6,0.0,0.0,0.0,0.0,0,Withdrawn
437030,BBB,2013J,Critical,9.6,0.0,0.0,0.0,0.0,0,Withdrawn
2106468,DDD,2014J,Critical,9.6,0.0,0.0,0.0,0.0,2,Withdrawn
686799,FFF,2014J,Critical,9.6,0.0,0.0,0.0,0.0,0,Withdrawn
686852,FFF,2014J,Critical,9.6,1.0,0.0,0.0,1.0,0,Withdrawn
2283212,DDD,2013B,Critical,9.6,0.0,0.0,0.0,0.0,1,Withdrawn
2298696,DDD,2013B,Critical,9.6,0.0,0.0,0.0,0.0,0,Withdrawn
695760,CCC,2014J,Critical,9.6,1.0,0.0,0.0,1.0,0,Withdrawn
697120,CCC,2014J,Critical,9.6,0.0,0.0,0.0,0.0,0,Withdrawn
46633,DDD,2013J,Critical,9.6,0.0,0.0,0.0,0.0,0,Withdrawn
693836,CCC,2014J,Critical,9.6,0.0,0.0,0.0,0.0,0,Withdrawn
604678,FFF,2014B,Critical,9.6,0.0,0.0,0.0,0.0,0,Withdrawn
610267,FFF,2014B,Critical,9.6,13.0,0.0,0.0,1.0,0,Withdrawn
612254,FFF,2014B,Critical,9.6,0.0,0.0,0.0,0.0,0,Withdrawn
551601,BBB,2013B,Critical,9.6,0.0,0.0,0.0,0.0,0,Withdrawn
621307,FFF,2014J,Critical,9.6,0.0,0.0,0.0,0.0,1,Withdrawn
569256,BBB,2014J,Critical,9.6,0.0,0.0,0.0,0.0,0,Withdrawn
679037,EEE,2014J,Critical,9.6,0.0,0.0,0.0,0.0,0,Withdrawn
551724,BBB,2013B,Critical,9.6,0.0,0.0,0.0,0.0,0,Withdrawn
680333,EEE,2014J,Critical,9.6,0.0,0.0,0.0,0.0,0,Withdrawn
618858,BBB,2014J,Critical,9.6,0.0,0.0,0.0,0.0,1,Withdrawn
615016,BBB,2014J,Critical,9.6,0.0,0.0,0.0,0.0,1,Withdrawn
243351,FFF,2013J,Critical,9.6,0.0,0.0,0.0,0.0,0,Withdrawn
601285,BBB,2014J,Critical,9.6,0.0,0.0,0.0,0.0,0,Withdrawn
442144,BBB,2013J,Critical,9.6,0.0,0.0,0.0,0.0,2,Withdrawn
467330,BBB,2013J,Critical,9.6,0.0,0.0,0.0,0.0,2,Withdrawn
591912,BBB,2013J,Critical,9.6,0.0,0.0,0.0,0.0,0,Withdrawn
563239,FFF,2013J,Critical,9.6,0.0,0.0,0.0,0.0,0,Withdrawn
565608,FFF,2013J,Critical,9.6,0.0,0.0,0.0,0.0,0,Withdrawn
531287,BBB,2013J,Critical,9.6,0.0,0.0,0.0,0.0,0,Withdrawn
606025,CCC,2014B,Critical,9.6,0.0,0.0,0.0,0.0,0,Withdrawn
572186,EEE,2013J,Critical,9.6,0.0,0.0,0.0,0.0,0,Withdrawn
541573,BBB,2013B,Critical,9.6,0.0,0.0,0.0,0.0,0,Withdrawn
572658,EEE,2013J,Critical,9.6,0.0,0.0,0.0,0.0,0,Withdrawn
695794,DDD,2014J,Critical,9.6,7.0,0.0,0.0,1.0,0,Withdrawn
618514,CCC,2014B,Critical,9.6,0.0,0.0,0.0,0.0,0,Withdrawn
584913,CCC,2014B,Critical,9.6,0.0,0.0,0.0,0.0,0,Withdrawn
589484,EEE,2013J,Critical,9.6,0.0,0.0,0.0,0.0,0,Withdrawn
543365,BBB,2013B,Critical,9.6,0.0,0.0,0.0,0.0,0,Withdrawn
598582,FFF,2014J,Critical,9.6,0.0,0.0,0.0,0.0,0,Withdrawn
426340,BBB,2014J,Critical,9.6,0.0,0.0,0.0,0.0,2,Withdrawn
550676,BBB,2013B,Critical,9.6,0.0,0.0,0.0,0.0,0,Withdrawn
521209,BBB,2013J,Critical,9.6,0.0,0.0,0.0,0.0,0,Withdrawn
521456,BBB,2013J,Critical,9.6,0.0,0.0,0.0,0.0,0,Withdrawn
683547,FFF,2014J,Critical,9.6,0.0,0.0,0.0,0.0,0,Withdrawn
596245,FFF,2014J,Critical,9.6,0.0,0.0,0.0,0.0,0,Withdrawn
543896,BBB,2013B,Critical,9.6,0.0,0.0,0.0,0.0,0,Withdrawn
685683,FFF,2014J,Critical,9.6,0.0,0.0,0.0,0.0,0,Withdrawn
2435050,EEE,2013J,Critical,9.6,0.0,0.0,0.0,0.0,0,Withdrawn
2610857,EEE,2013J,Critical,9.6,1.0,0.0,0.0,1.0,0,Withdrawn
321112,EEE,2014B,Critical,9.6,0.0,0.0,0.0,0.0,0,Withdrawn
575469,EEE,2013J,Critical,9.6,0.0,0.0,0.0,0.0,0,Withdrawn
577352,EEE,2013J,Critical,9.6,0.0,0.0,0.0,0.0,0,Withdrawn
583844,EEE,2013J,Critical,9.6,0.0,0.0,0.0,0.0,0,Withdrawn
584115,EEE,2013J,Critical,9.6,6.0,0.0,0.0,1.0,0,Withdrawn
321112,CCC,2014B,Critical,9.6,0.0,0.0,0.0,0.0,0,Withdrawn
651156,EEE,2014J,Critical,9.6,2.0,0.0,0.0,1.0,0,Withdrawn
552420,BBB,2013B,Critical,9.6,0.0,0.0,0.0,0.0,0,Withdrawn
417677,BBB,2013J,Critical,9.6,0.0,0.0,0.0,0.0,1,Withdrawn
596744,BBB,2014J,Critical,9.6,0.0,0.0,0.0,0.0,0,Withdrawn
578445,BBB,2014J,Critical,9.6,0.0,0.0,0.0,0.0,0,Withdrawn
483135,BBB,2013J,Critical,9.6,0.0,0.0,0.0,0.0,1,Withdrawn
510545,EEE,2014B,Critical,9.6,0.0,0.0,0.0,0.0,0,Withdrawn
553914,EEE,2014B,Critical,9.6,0.0,0.0,0.0,0.0,0,Withdrawn
546786,BBB,2013B,Critical,9.6,0.0,0.0,0.0,0.0,0,Withdrawn
546892,BBB,2013B,Critical,9.6,0.0,0.0,0.0,0.0,0,Withdrawn
547052,BBB,2013B,Critical,9.6,0.0,0.0,0.0,0.0,0,Withdrawn
682142,FFF,2014J,Critical,9.6,0.0,0.0,0.0,0.0,0,Withdrawn
445728,FFF,2013J,Critical,9.6,9.0,0.0,0.0,1.0,0,Withdrawn
507944,BBB,2013J,Critical,9.6,0.0,0.0,0.0,0.0,0,Withdrawn
544955,FFF,2013B,Critical,9.6,0.0,0.0,0.0,0.0,0,Withdrawn
555830,DDD,2013B,Critical,9.6,0.0,0.0,0.0,0.0,0,Withdrawn
167123,DDD,2013B,Critical,9.6,0.0,0.0,0.0,0.0,1,Withdrawn
520026,DDD,2013B,Critical,9.6,0.0,0.0,0.0,0.0,0,Withdrawn
539224,DDD,2013B,Critical,9.6,0.0,0.0,0.0,0.0,0,Withdrawn
678114,BBB,2014J,Critical,9.6,0.0,0.0,0.0,0.0,0,Withdrawn
535981,FFF,2013B,Critical,9.6,0.0,0.0,0.0,0.0,0,Withdrawn
675627,BBB,2014J,Critical,9.6,0.0,0.0,0.0,0.0,0,Withdrawn
649523,FFF,2014J,Critical,9.6,0.0,0.0,0.0,0.0,0,Withdrawn
654259,BBB,2014J,Critical,9.6,0.0,0.0,0.0,0.0,0,Withdrawn
613106,FFF,2014B,Critical,9.6,0.0,0.0,0.0,0.0,0,Withdrawn
626047,FFF,2014B,Critical,9.6,0.0,0.0,0.0,0.0,0,Withdrawn
653230,GGG,2014J,Critical,9.6,0.0,0.0,0.0,0.0,0,Withdrawn
549156,DDD,2013B,Critical,9.6,21.0,0.0,0.0,1.0,0,Withdrawn
649764,FFF,2014J,Critical,9.6,0.0,0.0,0.0,0.0,0,Withdrawn
674548,BBB,2014J,Critical,9.6,0.0,0.0,0.0,0.0,0,Withdrawn
255449,EEE,2014J,Critical,9.6,15.0,0.0,0.0,1.0,1,Withdrawn
467291,FFF,2013J,Critical,9.6,0.0,0.0,0.0,0.0,0,Withdrawn
513648,BBB,2013J,Critical,9.6,0.0,0.0,0.0,0.0,0,Withdrawn
514824,BBB,2013J,Critical,9.6,0.0,0.0,0.0,0.0,1,Withdrawn
682524,FFF,2014J,Critical,9.6,0.0,0.0,0.0,0.0,0,Withdrawn
682596,FFF,2014J,Critical,9.6,0.0,0.0,0.0,0.0,0,Withdrawn
489966,BBB,2013J,Critical,9.6,0.0,0.0,0.0,0.0,0,Withdrawn
606025,EEE,2014B,Critical,9.6,0.0,0.0,0.0,0.0,0,Withdrawn
609241,EEE,2014B,Critical,9.6,0.0,0.0,0.0,0.0,1,Withdrawn
543628,CCC,2014B,Critical,9.6,0.0,0.0,0.0,0.0,0,Withdrawn
618514,EEE,2014B,Critical,9.6,0.0,0.0,0.0,0.0,0,Withdrawn
618701,EEE,2014B,Critical,9.6,0.0,0.0,0.0,0.0,0,Withdrawn
540937,CCC,2014B,Critical,9.6,1.0,0.0,0.0,1.0,0,Withdrawn
683144,FFF,2014J,Critical,9.6,0.0,0.0,0.0,0.0,0,Withdrawn
683427,FFF,2014J,Critical,9.6,1.0,0.0,0.0,1.0,0,Withdrawn
627443,FFF,2014J,Critical,9.6,0.0,0.0,0.0,0.0,0,Withdrawn
680374,FFF,2014J,Critical,9.6,0.0,0.0,0.0,0.0,0,Withdrawn
184236,BBB,2013J,Critical,9.6,0.0,0.0,0.0,0.0,0,Withdrawn
678795,BBB,2014J,Critical,9.6,0.0,0.0,0.0,0.0,0,Withdrawn
533458,FFF,2013B,Critical,9.6,2.0,0.0,0.0,1.0,0,Withdrawn
677706,BBB,2014J,Critical,9.6,0.0,0.0,0.0,0.0,0,Withdrawn
626422,FFF,2014B,Critical,9.6,0.0,0.0,0.0,0.0,0,Withdrawn
598596,BBB,2013J,Critical,9.6,0.0,0.0,0.0,0.0,0,Withdrawn
599456,BBB,2013J,Critical,9.6,0.0,0.0,0.0,0.0,0,Withdrawn
614661,FFF,2014B,Critical,9.6,0.0,0.0,0.0,0.0,0,Withdrawn
610770,BBB,2013J,Critical,9.6,0.0,0.0,0.0,0.0,0,Withdrawn
607861,BBB,2013J,Critical,9.6,0.0,0.0,0.0,0.0,0,Withdrawn
617647,FFF,2014B,Critical,9.6,0.0,0.0,0.0,0.0,0,Withdrawn
600844,BBB,2013J,Critical,9.6,0.0,0.0,0.0,0.0,0,Withdrawn
625341,FFF,2014B,Critical,9.6,0.0,0.0,0.0,0.0,0,Withdrawn
412431,DDD,2013B,Critical,9.6,0.0,0.0,0.0,0.0,0,Withdrawn
423544,FFF,2013J,Critical,9.6,0.0,0.0,0.0,0.0,0,Withdrawn
600218,BBB,2013J,Critical,9.59,11.0,0.0,0.0,2.0,0,Withdrawn
617406,FFF,2014B,Critical,9.59,78.0,0.0,0.0,2.0,0,Withdrawn
602631,BBB,2013J,Critical,9.59,17.0,0.0,0.0,3.0,0,Withdrawn
553196,BBB,2014J,Critical,9.59,40.0,0.0,0.0,2.0,2,Withdrawn
622398,EEE,2014B,Critical,9.59,27.0,0.0,0.0,2.0,0,Withdrawn
604523,BBB,2013J,Critical,9.59,46.0,0.0,0.0,2.0,0,Withdrawn
685639,DDD,2014J,Critical,9.59,4.0,0.0,0.0,2.0,0,Withdrawn
626438,CCC,2014B,Critical,9.59,35.0,0.0,0.0,2.0,0,Withdrawn
695760,EEE,2014J,Critical,9.59,10.0,0.0,0.0,2.0,0,Withdrawn
440591,CCC,2014B,Critical,9.59,7.0,0.0,0.0,2.0,0,Withdrawn
547267,BBB,2013B,Critical,9.59,30.0,0.0,0.0,2.0,0,Withdrawn
494335,FFF,2013J,Critical,9.59,19.0,0.0,0.0,2.0,1,Withdrawn
647887,EEE,2014J,Critical,9.59,11.0,0.0,0.0,3.0,0,Withdrawn
590436,EEE,2013J,Critical,9.59,13.0,0.0,0.0,3.0,0,Withdrawn
1400592,EEE,2013J,Critical,9.59,71.0,0.0,0.0,2.0,0,Withdrawn
2115680,EEE,2013J,Critical,9.59,9.0,0.0,0.0,3.0,0,Withdrawn
349924,BBB,2014J,Critical,9.59,40.0,1.0,1.0,6.0,1,Withdrawn
685663,FFF,2014J,Critical,9.59,9.0,0.0,0.0,2.0,0,Withdrawn
542602,BBB,2013B,Critical,9.59,40.0,0.0,0.0,1.0,0,Withdrawn
552069,BBB,2013B,Critical,9.59,34.0,0.0,0.0,2.0,0,Withdrawn
651839,EEE,2014J,Critical,9.59,29.0,0.0,0.0,1.0,0,Withdrawn
542081,BBB,2013B,Critical,9.59,42.0,0.0,0.0,2.0,0,Withdrawn
679938,FFF,2014J,Critical,9.59,36.0,0.0,0.0,3.0,0,Withdrawn
574871,FFF,2013J,Critical,9.59,130.0,0.0,0.0,2.0,0,Withdrawn
552865,BBB,2013J,Critical,9.59,2.0,0.0,0.0,2.0,0,Withdrawn
2277941,BBB,2014B,Critical,9.59,6.0,0.0,0.0,3.0,0,Withdrawn
622398,CCC,2014B,Critical,9.59,7.0,0.0,0.0,2.0,0,Withdrawn
675471,DDD,2014J,Critical,9.59,13.0,0.0,0.0,4.0,0,Withdrawn
683696,GGG,2014J,Critical,9.59,18.0,0.0,0.0,2.0,0,Withdrawn
535789,DDD,2013B,Critical,9.59,23.0,0.0,0.0,4.0,0,Withdrawn
532067,DDD,2013B,Critical,9.59,44.0,0.0,0.0,3.0,0,Withdrawn
25629,BBB,2014B,Critical,9.59,16.0,0.0,0.0,3.0,1,Withdrawn
647887,CCC,2014J,Critical,9.59,11.0,0.0,0.0,3.0,0,Withdrawn
651839,CCC,2014J,Critical,9.59,55.0,0.0,0.0,2.0,0,Withdrawn
690406,CCC,2014J,Critical,9.59,10.0,0.0,0.0,3.0,0,Withdrawn
551137,FFF,2013B,Critical,9.59,43.0,0.0,0.0,3.0,0,Withdrawn
680522,BBB,2014J,Critical,9.59,36.0,0.0,0.0,3.0,0,Withdrawn
1338955,GGG,2014B,Critical,9.59,7.0,0.0,0.0,2.0,0,Withdrawn
576416,GGG,2014B,Critical,9.59,6.0,0.0,0.0,2.0,0,Withdrawn
509177,FFF,2013B,Critical,9.59,10.0,0.0,0.0,2.0,1,Withdrawn
584615,DDD,2013J,Critical,9.59,21.0,0.0,0.0,2.0,0,Withdrawn
398357,FFF,2014B,Critical,9.59,14.0,0.0,0.0,4.0,0,Withdrawn
648819,CCC,2014J,Critical,9.59,5.0,0.0,0.0,2.0,0,Withdrawn
621676,GGG,2014B,Critical,9.59,11.0,0.0,0.0,1.0,0,Withdrawn
648819,FFF,2014J,Critical,9.59,3.0,0.0,0.0,2.0,0,Withdrawn
626751,GGG,2014B,Critical,9.59,36.0,0.0,0.0,2.0,0,Withdrawn
518385,FFF,2013B,Critical,9.59,3.0,0.0,0.0,3.0,1,Withdrawn
590305,BBB,2013J,Critical,9.59,39.0,0.0,0.0,1.0,0,Withdrawn
466248,BBB,2014B,Critical,9.59,26.0,0.0,0.0,2.0,1,Withdrawn
2380602,FFF,2013J,Critical,9.59,7.0,0.0,0.0,3.0,1,Withdrawn
618119,GGG,2014B,Critical,9.59,4.0,0.0,0.0,2.0,0,Withdrawn
610913,DDD,2013J,Critical,9.59,75.0,0.0,0.0,2.0,0,Withdrawn
485306,DDD,2014B,Critical,9.59,42.0,0.0,0.0,3.0,0,Withdrawn
562139,BBB,2014B,Critical,9.59,39.0,0.0,0.0,2.0,0,Withdrawn
1813664,FFF,2013B,Critical,9.59,17.0,0.0,0.0,3.0,0,Withdrawn
696527,BBB,2014J,Critical,9.59,5.0,0.0,0.0,4.0,0,Withdrawn
2367887,FFF,2013B,Critical,9.59,70.0,0.0,0.0,3.0,0,Withdrawn
507685,BBB,2013B,Critical,9.59,12.0,0.0,0.0,2.0,0,Withdrawn
640712,BBB,2014J,Critical,9.59,15.0,0.0,0.0,3.0,0,Withdrawn
697529,FFF,2014J,Critical,9.59,5.0,0.0,0.0,4.0,0,Withdrawn
303341,DDD,2014J,Critical,9.59,39.0,0.0,0.0,3.0,0,Withdrawn
694464,FFF,2014J,Critical,9.59,15.0,0.0,0.0,2.0,0,Withdrawn
692976,FFF,2014J,Critical,9.59,81.0,0.0,0.0,3.0,0,Withdrawn
631941,BBB,2014B,Critical,9.59,52.0,0.0,0.0,2.0,0,Withdrawn
590898,FFF,2013J,Critical,9.59,3.0,0.0,0.0,2.0,0,Withdrawn
631486,DDD,2014J,Critical,9.59,20.0,0.0,0.0,3.0,0,Withdrawn
634298,BBB,2014B,Critical,9.59,22.0,0.0,0.0,3.0,0,Withdrawn
690406,EEE,2014J,Critical,9.59,41.0,0.0,0.0,3.0,0,Withdrawn
531000,BBB,2013B,Critical,9.59,8.0,0.0,0.0,2.0,0,Withdrawn
647968,DDD,2014J,Critical,9.59,8.0,0.0,0.0,3.0,0,Withdrawn
656576,BBB,2014J,Critical,9.59,17.0,0.0,0.0,2.0,0,Withdrawn
488694,DDD,2013B,Critical,9.59,87.0,0.0,0.0,1.0,0,Withdrawn
2338614,GGG,2014J,Critical,9.58,51.0,0.0,0.0,5.0,0,Withdrawn
528071,FFF,2013B,Critical,9.58,67.0,0.0,0.0,7.0,0,Withdrawn
405963,FFF,2014B,Critical,9.58,84.0,0.0,0.0,5.0,1,Withdrawn
691663,BBB,2014J,Critical,9.58,33.0,0.0,0.0,4.0,0,Withdrawn
482580,FFF,2013J,Critical,9.58,38.0,0.0,0.0,7.0,0,Withdrawn
633527,CCC,2014B,Critical,9.58,21.0,0.0,0.0,7.0,0,Withdrawn
135335,AAA,2014J,Critical,9.58,16.0,0.0,0.0,5.0,1,Withdrawn
626777,FFF,2014B,Critical,9.58,74.0,0.0,0.0,5.0,0,Withdrawn
2415962,BBB,2013B,Critical,9.58,79.0,0.0,0.0,3.0,0,Withdrawn
558123,DDD,2013B,Critical,9.58,53.0,0.0,0.0,4.0,0,Withdrawn
443500,DDD,2013B,Critical,9.58,40.0,0.0,0.0,5.0,1,Withdrawn
546861,DDD,2013B,Critical,9.58,58.0,0.0,0.0,5.0,0,Withdrawn
655406,BBB,2014J,Critical,9.58,72.0,0.0,0.0,4.0,0,Withdrawn
624297,GGG,2014B,Critical,9.58,46.0,0.0,0.0,5.0,0,Withdrawn
552475,CCC,2014J,Critical,9.58,170.0,0.0,0.0,3.0,0,Withdrawn
61297,FFF,2014J,Critical,9.58,94.0,0.0,0.0,7.0,0,Withdrawn
555148,FFF,2013B,Critical,9.58,96.0,0.0,0.0,4.0,0,Withdrawn
648596,BBB,2014J,Critical,9.58,45.0,0.0,0.0,4.0,0,Withdrawn
585579,DDD,2013J,Critical,9.58,61.0,0.0,0.0,6.0,0,Withdrawn
296849,DDD,2013J,Critical,9.58,10.0,0.0,0.0,5.0,0,Withdrawn
528996,FFF,2013B,Critical,9.58,43.0,0.0,0.0,6.0,0,Withdrawn
2281870,DDD,2013J,Critical,9.58,82.0,0.0,0.0,5.0,0,Withdrawn
528204,BBB,2013J,Critical,9.58,33.0,0.0,0.0,4.0,0,Withdrawn
406337,CCC,2014B,Critical,9.58,74.0,0.0,0.0,3.0,0,Withdrawn
536487,BBB,2013J,Critical,9.58,28.0,0.0,0.0,6.0,1,Withdrawn
172301,CCC,2014B,Critical,9.58,35.0,0.0,0.0,7.0,0,Withdrawn
551628,BBB,2013J,Critical,9.58,40.0,0.0,0.0,4.0,0,Withdrawn
628938,CCC,2014B,Critical,9.58,38.0,0.0,0.0,5.0,0,Withdrawn
693448,FFF,2014J,Critical,9.58,31.0,0.0,0.0,6.0,0,Withdrawn
693310,DDD,2014J,Critical,9.58,52.0,0.0,0.0,4.0,0,Withdrawn
541995,BBB,2014J,Critical,9.58,116.0,0.0,0.0,3.0,0,Withdrawn
584913,EEE,2013J,Critical,9.58,181.0,0.0,0.0,4.0,0,Withdrawn
630358,FFF,2014J,Critical,9.58,156.0,0.0,0.0,4.0,0,Withdrawn
563556,CCC,2014B,Critical,9.58,37.0,0.0,0.0,6.0,0,Withdrawn
647791,EEE,2014J,Critical,9.58,36.0,0.0,0.0,7.0,0,Withdrawn
541123,BBB,2014J,Critical,9.58,28.0,0.0,0.0,6.0,0,Withdrawn
520749,BBB,2013B,Critical,9.58,65.0,0.0,0.0,5.0,1,Withdrawn
645353,DDD,2014J,Critical,9.58,28.0,0.0,0.0,6.0,0,Withdrawn
440637,CCC,2014J,Critical,9.58,25.0,0.0,0.0,7.0,0,Withdrawn
997948,DDD,2014B,Critical,9.58,61.0,0.0,0.0,6.0,1,Withdrawn
2605030,CCC,2014B,Critical,9.58,66.0,0.0,0.0,3.0,0,Withdrawn
624518,BBB,2014B,Critical,9.58,54.0,0.0,0.0,4.0,0,Withdrawn
604889,FFF,2013J,Critical,9.58,125.0,0.0,0.0,5.0,0,Withdrawn
675824,FFF,2014J,Critical,9.58,95.0,0.0,0.0,6.0,0,Withdrawn
601649,FFF,2014B,Critical,9.57,0.0,0.0,0.0,0.0,1,Withdrawn
2579817,BBB,2013J,Critical,9.57,0.0,0.0,0.0,0.0,1,Withdrawn
575892,BBB,2014J,Critical,9.57,142.0,0.0,0.0,5.0,1,Withdrawn
342208,FFF,2013J,Critical,9.57,0.0,0.0,0.0,0.0,1,Withdrawn
523271,CCC,2014B,Critical,9.57,110.0,0.0,0.0,6.0,0,Withdrawn
480988,BBB,2014J,Critical,9.57,0.0,0.0,0.0,0.0,2,Withdrawn
118176,FFF,2013J,Critical,9.57,147.0,0.0,0.0,7.0,0,Withdrawn
604665,EEE,2014B,Critical,9.57,0.0,0.0,0.0,0.0,1,Withdrawn
364440,DDD,2013B,Critical,9.57,0.0,0.0,0.0,0.0,1,Withdrawn
605292,BBB,2013J,Critical,9.57,94.0,0.0,0.0,6.0,0,Withdrawn
396256,BBB,2013J,Critical,9.57,0.0,0.0,0.0,0.0,1,Withdrawn
578573,FFF,2014J,Critical,9.57,179.0,0.0,0.0,7.0,0,Withdrawn
264732,BBB,2014J,Critical,9.57,43.0,0.0,0.0,7.0,2,Withdrawn
545521,BBB,2013J,Critical,9.57,0.0,0.0,0.0,0.0,1,Withdrawn
654091,DDD,2014J,Critical,9.57,100.0,0.0,0.0,6.0,0,Withdrawn
387276,BBB,2013J,Critical,9.57,0.0,0.0,0.0,0.0,2,Withdrawn
369507,BBB,2013J,Critical,9.57,43.0,0.0,0.0,7.0,0,Withdrawn
689143,DDD,2014J,Critical,9.57,94.0,0.0,0.0,8.0,0,Withdrawn
687534,GGG,2014J,Critical,9.57,58.0,0.0,0.0,7.0,0,Withdrawn
196902,DDD,2013B,Critical,9.57,0.0,0.0,0.0,0.0,3,Withdrawn
504246,DDD,2013B,Critical,9.57,0.0,0.0,0.0,0.0,1,Withdrawn
549334,DDD,2013B,Critical,9.57,77.0,0.0,0.0,9.0,0,Withdrawn
608618,FFF,2014B,Critical,9.57,0.0,0.0,0.0,0.0,1,Withdrawn
597321,BBB,2013J,Critical,9.57,62.0,0.0,0.0,6.0,0,Withdrawn
311117,DDD,2013J,Critical,9.57,421.0,0.0,0.0,19.0,1,Withdrawn
49530,DDD,2013J,Critical,9.57,0.0,0.0,0.0,0.0,1,Withdrawn
607946,DDD,2014B,Critical,9.57,0.0,0.0,0.0,0.0,1,Withdrawn
599480,BBB,2014B,Critical,9.57,0.0,0.0,0.0,0.0,1,Withdrawn
466430,CCC,2014J,Critical,9.57,0.0,0.0,0.0,0.0,1,Withdrawn
2667605,DDD,2013B,Critical,9.57,0.0,0.0,0.0,0.0,2,Withdrawn
423474,DDD,2013J,Critical,9.57,0.0,0.0,0.0,0.0,1,Withdrawn
491688,DDD,2013J,Critical,9.57,0.0,0.0,0.0,0.0,1,Withdrawn
2513083,BBB,2013J,Critical,9.57,0.0,0.0,0.0,0.0,1,Withdrawn
354815,BBB,2013B,Critical,9.57,0.0,0.0,0.0,0.0,2,Withdrawn
571601,BBB,2013J,Critical,9.57,60.0,0.0,0.0,7.0,0,Withdrawn
314555,CCC,2014J,Critical,9.57,0.0,0.0,0.0,0.0,1,Withdrawn
2493107,CCC,2014B,Critical,9.57,101.0,0.0,0.0,7.0,0,Withdrawn
696943,FFF,2014J,Critical,9.57,147.0,0.0,0.0,7.0,0,Withdrawn
634295,DDD,2014B,Critical,9.57,58.0,0.0,0.0,7.0,0,Withdrawn
489493,FFF,2014J,Critical,9.57,147.0,0.0,0.0,8.0,0,Withdrawn
564972,BBB,2013J,Critical,9.57,78.0,0.0,0.0,5.0,0,Withdrawn
88957,FFF,2013B,Critical,9.57,0.0,0.0,0.0,0.0,1,Withdrawn
479267,BBB,2013B,Critical,9.57,0.0,0.0,0.0,0.0,1,Withdrawn
484305,DDD,2014B,Critical,9.57,51.0,0.0,0.0,8.0,2,Withdrawn
486214,BBB,2013B,Critical,9.57,0.0,0.0,0.0,0.0,1,Withdrawn
491033,CCC,2014J,Critical,9.57,108.0,0.0,0.0,8.0,0,Withdrawn
587310,DDD,2014B,Critical,9.57,0.0,0.0,0.0,0.0,1,Withdrawn
545160,BBB,2014B,Critical,9.57,0.0,0.0,0.0,0.0,2,Withdrawn
301128,FFF,2014B,Critical,9.57,0.0,0.0,0.0,0.0,1,Withdrawn
480924,BBB,2014B,Critical,9.57,0.0,0.0,0.0,0.0,1,Withdrawn
601678,FFF,2014B,Critical,9.57,0.0,0.0,0.0,0.0,1,Withdrawn
317855,BBB,2014B,Critical,9.57,0.0,0.0,0.0,0.0,1,Withdrawn
331494,BBB,2014B,Critical,9.57,0.0,0.0,0.0,0.0,1,Withdrawn
511005,FFF,2013B,Critical,9.57,183.0,0.0,0.0,8.0,0,Withdrawn
622886,GGG,2014B,Critical,9.57,35.0,0.0,0.0,7.0,0,Withdrawn
263531,BBB,2013B,Critical,9.57,0.0,0.0,0.0,0.0,1,Withdrawn
645353,CCC,2014J,Critical,9.57,99.0,0.0,0.0,7.0,0,Withdrawn
2690077,BBB,2013J,Critical,9.57,0.0,0.0,0.0,0.0,2,Withdrawn
228235,BBB,2013B,Critical,9.57,0.0,0.0,0.0,0.0,1,Withdrawn
2031234,DDD,2014J,Critical,9.56,23.0,0.0,0.0,1.0,2,Withdrawn
575983,FFF,2014J,Critical,9.56,279.0,0.0,0.0,9.0,0,Withdrawn
118877,BBB,2014J,Critical,9.56,4.0,0.0,0.0,2.0,3,Withdrawn
628938,EEE,2014B,Critical,9.56,144.0,0.0,0.0,9.0,0,Withdrawn
382432,EEE,2014J,Critical,9.56,481.0,0.0,0.0,26.0,1,Withdrawn
352102,FFF,2013J,Critical,9.56,30.0,0.0,0.0,3.0,1,Withdrawn
545219,BBB,2013B,Critical,9.56,133.0,0.0,0.0,9.0,0,Withdrawn
696265,DDD,2014J,Critical,9.56,60.0,0.0,0.0,10.0,0,Withdrawn
488550,DDD,2014B,Critical,9.56,49.0,0.0,0.0,13.0,1,Withdrawn
622630,DDD,2014B,Critical,9.56,203.0,0.0,0.0,6.0,0,Withdrawn
554766,BBB,2014B,Critical,9.56,1.0,0.0,0.0,1.0,1,Withdrawn
429740,DDD,2014J,Critical,9.56,25.0,0.0,0.0,2.0,1,Withdrawn
510532,DDD,2014J,Critical,9.56,1.0,0.0,0.0,1.0,1,Withdrawn
634313,DDD,2014B,Critical,9.56,114.0,0.0,0.0,9.0,0,Withdrawn
430282,DDD,2014B,Critical,9.56,16.0,0.0,0.0,3.0,1,Withdrawn
551636,FFF,2014B,Critical,9.56,20.0,0.0,0.0,2.0,2,Withdrawn
519449,DDD,2013J,Critical,9.56,1.0,0.0,0.0,1.0,1,Withdrawn
654407,FFF,2014J,Critical,9.56,161.0,0.0,0.0,11.0,0,Withdrawn
557247,DDD,2013J,Critical,9.56,325.0,0.0,1.0,13.0,1,Withdrawn
551134,FFF,2013B,Critical,9.56,295.0,0.0,0.0,10.0,0,Withdrawn
544356,DDD,2013B,Critical,9.56,195.0,0.0,0.0,7.0,0,Withdrawn
545791,FFF,2013B,Critical,9.56,20.0,0.0,1.0,3.0,0,Withdrawn
191398,DDD,2013B,Critical,9.56,13.0,0.0,0.0,1.0,1,Withdrawn
2303848,BBB,2013B,Critical,9.55,55.0,0.0,0.0,2.0,1,Withdrawn
382432,EEE,2014B,Critical,9.55,252.0,0.0,0.0,12.0,0,Withdrawn
2635658,DDD,2014J,Critical,9.55,137.0,0.0,0.0,12.0,0,Withdrawn
551109,DDD,2014B,Critical,9.55,108.0,0.0,0.0,12.0,0,Withdrawn
497206,DDD,2014B,Critical,9.55,178.0,0.0,0.0,8.0,1,Withdrawn
689143,CCC,2014J,Critical,9.55,116.0,0.0,0.0,13.0,0,Withdrawn
571008,DDD,2014B,Critical,9.55,117.0,0.0,0.0,11.0,0,Withdrawn
680563,EEE,2014J,Critical,9.55,127.0,0.0,0.0,14.0,0,Withdrawn
1935774,DDD,2013J,Critical,9.55,76.0,0.0,0.0,14.0,2,Withdrawn
682482,FFF,2014J,Critical,9.55,276.0,0.0,0.0,15.0,0,Withdrawn
528264,FFF,2013B,Critical,9.55,91.0,0.0,0.0,3.0,1,Withdrawn
602452,DDD,2013J,Critical,9.55,116.0,0.0,0.0,14.0,0,Withdrawn
533414,BBB,2013J,Critical,9.55,34.0,0.0,0.0,3.0,1,Withdrawn
163962,FFF,2014B,Critical,9.55,19.0,0.0,1.0,4.0,3,Withdrawn
72349,BBB,2014J,Critical,9.55,134.0,0.0,0.0,10.0,0,Withdrawn
654422,BBB,2014J,Critical,9.55,31.0,0.0,1.0,3.0,0,Withdrawn
152867,BBB,2013J,Critical,9.55,28.0,0.0,0.0,3.0,2,Withdrawn
601266,FFF,2014B,Critical,9.55,210.0,0.0,0.0,14.0,0,Withdrawn
582629,FFF,2013J,Critical,9.55,285.0,0.0,0.0,13.0,0,Withdrawn
524769,BBB,2013B,Critical,9.55,36.0,0.0,0.0,4.0,1,Withdrawn
375993,FFF,2014J,Critical,9.55,79.0,0.0,0.0,3.0,1,Withdrawn
526132,CCC,2014J,Critical,9.55,100.0,0.0,0.0,14.0,0,Withdrawn
430160,BBB,2013B,Critical,9.55,116.0,0.0,0.0,2.0,1,Withdrawn
40333,CCC,2014B,Critical,9.54,174.0,0.0,0.0,15.0,0,Withdrawn
2214589,DDD,2013B,Critical,9.54,331.0,0.0,0.0,9.0,1,Withdrawn
687367,EEE,2014J,Critical,9.54,165.0,0.0,0.0,17.0,0,Withdrawn
652130,BBB,2014J,Critical,9.54,296.0,0.0,0.0,8.0,0,Withdrawn
496981,FFF,2013J,Critical,9.54,173.0,0.0,0.0,8.0,1,Withdrawn
126074,FFF,2013J,Critical,9.54,209.0,0.0,1.0,6.0,0,Withdrawn
514028,DDD,2013B,Critical,9.54,109.0,0.0,0.0,7.0,1,Withdrawn
558909,FFF,2013J,Critical,9.54,57.0,0.0,0.0,7.0,1,Withdrawn
648448,CCC,2014J,Critical,9.54,206.0,0.0,0.0,14.0,0,Withdrawn
2610837,FFF,2013J,Critical,9.54,184.0,0.0,0.0,5.0,2,Withdrawn
561906,DDD,2014B,Critical,9.54,195.0,0.0,0.0,11.0,0,Withdrawn
486244,DDD,2014J,Critical,9.54,229.0,0.0,0.0,12.0,1,Withdrawn
597178,DDD,2013J,Critical,9.54,170.0,0.0,0.0,13.0,0,Withdrawn
629706,DDD,2014B,Critical,9.54,202.0,0.0,0.0,11.0,0,Withdrawn
562890,DDD,2014J,Critical,9.54,125.0,0.0,0.0,16.0,0,Withdrawn
2480562,DDD,2013B,Critical,9.53,0.0,0.0,0.0,0.0,1,Withdrawn
680560,BBB,2014J,Critical,9.53,0.0,0.0,0.0,0.0,0,Withdrawn
680110,BBB,2014J,Critical,9.53,0.0,0.0,0.0,0.0,0,Withdrawn
679504,BBB,2014J,Critical,9.53,0.0,0.0,0.0,0.0,0,Withdrawn
681089,BBB,2014J,Critical,9.53,0.0,0.0,0.0,0.0,0,Withdrawn
680991,BBB,2014J,Critical,9.53,0.0,0.0,0.0,0.0,0,Withdrawn
648137,FFF,2014J,Critical,9.53,0.0,0.0,0.0,0.0,0,Withdrawn
648118,FFF,2014J,Critical,9.53,0.0,0.0,0.0,0.0,0,Withdrawn
653295,BBB,2014J,Critical,9.53,0.0,0.0,0.0,0.0,0,Withdrawn
653193,BBB,2014J,Critical,9.53,0.0,0.0,0.0,0.0,0,Withdrawn
653097,BBB,2014J,Critical,9.53,36.0,0.0,0.0,1.0,0,Withdrawn
654256,BBB,2014J,Critical,9.53,0.0,0.0,0.0,0.0,0,Withdrawn
184897,BBB,2013J,Critical,9.53,0.0,0.0,0.0,0.0,0,Withdrawn
69843,BBB,2013J,Critical,9.53,0.0,0.0,0.0,0.0,1,Withdrawn
499419,FFF,2013B,Critical,9.53,0.0,0.0,0.0,0.0,1,Withdrawn
689478,BBB,2014J,Critical,9.53,0.0,0.0,0.0,0.0,0,Withdrawn
689112,BBB,2014J,Critical,9.53,0.0,0.0,0.0,0.0,0,Withdrawn
244917,BBB,2013J,Critical,9.53,0.0,0.0,0.0,0.0,0,Withdrawn
553240,FFF,2013B,Critical,9.53,0.0,0.0,0.0,0.0,0,Withdrawn
648667,FFF,2014J,Critical,9.53,0.0,0.0,0.0,0.0,0,Withdrawn
524609,FFF,2013B,Critical,9.53,0.0,0.0,0.0,0.0,1,Withdrawn
684525,BBB,2014J,Critical,9.53,0.0,0.0,0.0,0.0,0,Withdrawn
520525,FFF,2013B,Critical,9.53,0.0,0.0,0.0,0.0,0,Withdrawn
2587260,BBB,2013B,Critical,9.53,0.0,0.0,0.0,0.0,1,Withdrawn
355149,FFF,2013B,Critical,9.53,0.0,0.0,0.0,0.0,0,Withdrawn
646972,FFF,2014J,Critical,9.53,0.0,0.0,0.0,0.0,0,Withdrawn
322728,BBB,2013J,Critical,9.53,78.0,0.0,0.0,8.0,1,Withdrawn
648238,BBB,2014J,Critical,9.53,0.0,0.0,0.0,0.0,0,Withdrawn
648961,BBB,2014J,Critical,9.53,0.0,0.0,0.0,0.0,0,Withdrawn
650357,BBB,2014J,Critical,9.53,0.0,0.0,0.0,0.0,0,Withdrawn
497891,FFF,2013B,Critical,9.53,0.0,0.0,0.0,0.0,0,Withdrawn
490542,FFF,2013B,Critical,9.53,0.0,0.0,0.0,0.0,1,Withdrawn
483117,FFF,2013B,Critical,9.53,0.0,0.0,0.0,0.0,0,Withdrawn
691815,BBB,2014J,Critical,9.53,0.0,0.0,0.0,0.0,0,Withdrawn
692914,BBB,2014J,Critical,9.53,0.0,0.0,0.0,0.0,0,Withdrawn
692871,BBB,2014J,Critical,9.53,0.0,0.0,0.0,0.0,0,Withdrawn
692540,BBB,2014J,Critical,9.53,0.0,0.0,0.0,0.0,0,Withdrawn
557938,BBB,2013B,Critical,9.53,15.0,0.0,0.0,1.0,0,Withdrawn
645618,FFF,2014J,Critical,9.53,0.0,0.0,0.0,0.0,0,Withdrawn
340661,BBB,2013J,Critical,9.53,0.0,0.0,0.0,0.0,0,Withdrawn
642292,BBB,2014J,Critical,9.53,0.0,0.0,0.0,0.0,0,Withdrawn
646151,BBB,2014J,Critical,9.53,0.0,0.0,0.0,0.0,0,Withdrawn
646133,BBB,2014J,Critical,9.53,0.0,0.0,0.0,0.0,0,Withdrawn
645996,BBB,2014J,Critical,9.53,0.0,0.0,0.0,0.0,0,Withdrawn
647072,FFF,2014J,Critical,9.53,0.0,0.0,0.0,0.0,0,Withdrawn
654698,FFF,2014J,Critical,9.53,7.0,0.0,0.0,2.0,0,Withdrawn
427228,FFF,2013B,Critical,9.53,0.0,0.0,0.0,0.0,1,Withdrawn
694003,BBB,2014J,Critical,9.53,0.0,0.0,0.0,0.0,0,Withdrawn
694001,BBB,2014J,Critical,9.53,0.0,0.0,0.0,0.0,0,Withdrawn
693744,BBB,2014J,Critical,9.53,0.0,0.0,0.0,0.0,0,Withdrawn
693643,BBB,2014J,Critical,9.53,0.0,0.0,0.0,0.0,0,Withdrawn
1929491,BBB,2014J,Critical,9.53,0.0,0.0,0.0,0.0,0,Withdrawn
2218789,BBB,2014J,Critical,9.53,0.0,0.0,0.0,0.0,0,Withdrawn
2357372,BBB,2014J,Critical,9.53,0.0,0.0,0.0,0.0,0,Withdrawn
632144,BBB,2014J,Critical,9.53,0.0,0.0,0.0,0.0,1,Withdrawn
54739,FFF,2013J,Critical,9.53,0.0,0.0,0.0,0.0,1,Withdrawn
637295,BBB,2014J,Critical,9.53,0.0,0.0,0.0,0.0,0,Withdrawn
641262,BBB,2014J,Critical,9.53,0.0,0.0,0.0,0.0,0,Withdrawn
656599,FFF,2014J,Critical,9.53,0.0,0.0,0.0,0.0,0,Withdrawn
656565,FFF,2014J,Critical,9.53,0.0,0.0,0.0,0.0,0,Withdrawn
558326,BBB,2013B,Critical,9.53,0.0,0.0,0.0,0.0,0,Withdrawn
311401,FFF,2013B,Critical,9.53,0.0,0.0,0.0,0.0,0,Withdrawn
697298,BBB,2014J,Critical,9.53,3.0,0.0,0.0,1.0,0,Withdrawn
699875,BBB,2014J,Critical,9.53,0.0,0.0,0.0,0.0,0,Withdrawn
698025,BBB,2014J,Critical,9.53,0.0,0.0,0.0,0.0,0,Withdrawn
557170,BBB,2013B,Critical,9.53,0.0,0.0,0.0,0.0,0,Withdrawn
557155,BBB,2013B,Critical,9.53,0.0,0.0,0.0,0.0,0,Withdrawn
645194,FFF,2014J,Critical,9.53,0.0,0.0,0.0,0.0,0,Withdrawn
643455,FFF,2014J,Critical,9.53,0.0,0.0,0.0,0.0,0,Withdrawn
401319,BBB,2013J,Critical,9.53,0.0,0.0,0.0,0.0,0,Withdrawn
386904,BBB,2013J,Critical,9.53,0.0,0.0,0.0,0.0,0,Withdrawn
555212,BBB,2013B,Critical,9.53,0.0,0.0,0.0,0.0,0,Withdrawn
675002,FFF,2014J,Critical,9.53,0.0,0.0,0.0,0.0,0,Withdrawn
696464,EEE,2014J,Critical,9.53,1.0,0.0,0.0,1.0,0,Withdrawn
694106,EEE,2014J,Critical,9.53,0.0,0.0,0.0,0.0,0,Withdrawn
2687739,BBB,2014J,Critical,9.53,31.0,0.0,0.0,1.0,0,Withdrawn
2395505,EEE,2014J,Critical,9.53,0.0,0.0,0.0,0.0,0,Withdrawn
1922497,DDD,2013B,Critical,9.53,0.0,0.0,0.0,0.0,1,Withdrawn
1073372,DDD,2013B,Critical,9.53,0.0,0.0,0.0,0.0,0,Withdrawn
595481,FFF,2014B,Critical,9.53,0.0,0.0,0.0,0.0,0,Withdrawn
593004,FFF,2014B,Critical,9.53,0.0,0.0,0.0,0.0,1,Withdrawn
2210681,BBB,2013J,Critical,9.53,0.0,0.0,0.0,0.0,1,Withdrawn
631365,FFF,2014B,Critical,9.53,0.0,0.0,0.0,0.0,0,Withdrawn
595388,BBB,2013J,Critical,9.53,0.0,0.0,0.0,0.0,0,Withdrawn
595095,BBB,2013J,Critical,9.53,4.0,0.0,0.0,2.0,0,Withdrawn
594774,BBB,2013J,Critical,9.53,0.0,0.0,0.0,0.0,0,Withdrawn
565257,FFF,2014B,Critical,9.53,0.0,0.0,0.0,0.0,1,Withdrawn
342176,DDD,2013J,Critical,9.53,0.0,0.0,0.0,0.0,2,Withdrawn
616704,GGG,2014J,Critical,9.53,0.0,0.0,0.0,0.0,0,Withdrawn
586861,GGG,2014J,Critical,9.53,0.0,0.0,0.0,0.0,0,Withdrawn
314123,DDD,2013J,Critical,9.53,0.0,0.0,0.0,0.0,1,Withdrawn
283401,DDD,2013J,Critical,9.53,0.0,0.0,0.0,0.0,0,Withdrawn
444960,BBB,2013J,Critical,9.53,199.0,0.0,0.0,15.0,2,Withdrawn
279069,FFF,2013J,Critical,9.53,0.0,0.0,0.0,0.0,1,Withdrawn
271702,FFF,2013J,Critical,9.53,0.0,0.0,0.0,0.0,0,Withdrawn
603203,BBB,2014J,Critical,9.53,0.0,0.0,0.0,0.0,0,Withdrawn
601882,BBB,2014J,Critical,9.53,0.0,0.0,0.0,0.0,0,Withdrawn
156755,FFF,2013J,Critical,9.53,0.0,0.0,0.0,0.0,0,Withdrawn
641307,FFF,2014J,Critical,9.53,0.0,0.0,0.0,0.0,0,Withdrawn
174807,CCC,2014B,Critical,9.53,0.0,0.0,0.0,0.0,0,Withdrawn
677721,EEE,2014J,Critical,9.53,0.0,0.0,0.0,0.0,0,Withdrawn
230340,CCC,2014B,Critical,9.53,0.0,0.0,0.0,0.0,0,Withdrawn
675104,EEE,2014J,Critical,9.53,0.0,0.0,0.0,0.0,0,Withdrawn
264285,CCC,2014B,Critical,9.53,0.0,0.0,0.0,0.0,0,Withdrawn
654570,EEE,2014J,Critical,9.53,0.0,0.0,0.0,0.0,0,Withdrawn
294578,CCC,2014B,Critical,9.53,0.0,0.0,0.0,0.0,0,Withdrawn
546400,EEE,2014J,Critical,9.53,1.0,0.0,0.0,1.0,2,Withdrawn
390332,EEE,2014J,Critical,9.53,6.0,0.0,0.0,2.0,0,Withdrawn
484446,BBB,2013J,Critical,9.53,0.0,0.0,0.0,0.0,0,Withdrawn
483339,BBB,2013J,Critical,9.53,3.0,0.0,0.0,1.0,1,Withdrawn
595850,BBB,2014J,Critical,9.53,0.0,0.0,0.0,0.0,0,Withdrawn
592090,BBB,2014J,Critical,9.53,0.0,0.0,0.0,0.0,0,Withdrawn
640140,FFF,2014J,Critical,9.53,0.0,0.0,0.0,0.0,0,Withdrawn
467721,BBB,2013J,Critical,9.53,0.0,0.0,0.0,0.0,0,Withdrawn
552719,BBB,2013B,Critical,9.53,3.0,0.0,0.0,1.0,0,Withdrawn
652571,EEE,2014J,Critical,9.53,0.0,0.0,0.0,0.0,0,Withdrawn
651191,EEE,2014J,Critical,9.53,0.0,0.0,0.0,0.0,0,Withdrawn
649701,EEE,2014J,Critical,9.53,1.0,0.0,0.0,1.0,0,Withdrawn
366872,CCC,2014B,Critical,9.53,0.0,0.0,0.0,0.0,0,Withdrawn
493891,BBB,2013J,Critical,9.53,0.0,0.0,0.0,0.0,0,Withdrawn
492229,BBB,2013J,Critical,9.53,0.0,0.0,0.0,0.0,1,Withdrawn
526844,BBB,2014J,Critical,9.53,0.0,0.0,0.0,0.0,2,Withdrawn
382125,FFF,2013J,Critical,9.53,20.0,0.0,0.0,1.0,1,Withdrawn
370934,FFF,2013J,Critical,9.53,0.0,0.0,0.0,0.0,1,Withdrawn
635271,FFF,2014J,Critical,9.53,0.0,0.0,0.0,0.0,0,Withdrawn
485560,BBB,2013J,Critical,9.53,0.0,0.0,0.0,0.0,1,Withdrawn
550208,BBB,2013B,Critical,9.53,0.0,0.0,0.0,0.0,0,Withdrawn
637846,EEE,2014J,Critical,9.53,0.0,0.0,0.0,0.0,0,Withdrawn
429220,CCC,2014B,Critical,9.53,0.0,0.0,0.0,0.0,0,Withdrawn
637292,EEE,2014J,Critical,9.53,0.0,0.0,0.0,0.0,0,Withdrawn
582340,EEE,2014J,Critical,9.53,0.0,0.0,0.0,0.0,1,Withdrawn
572659,EEE,2014J,Critical,9.53,0.0,0.0,0.0,0.0,1,Withdrawn
613120,EEE,2014B,Critical,9.53,0.0,0.0,0.0,0.0,0,Withdrawn
439053,FFF,2013J,Critical,9.53,13.0,0.0,0.0,2.0,0,Withdrawn
429194,FFF,2013J,Critical,9.53,0.0,0.0,0.0,0.0,1,Withdrawn
514581,BBB,2014J,Critical,9.53,0.0,0.0,0.0,0.0,0,Withdrawn
514006,BBB,2014J,Critical,9.53,7.0,0.0,0.0,1.0,0,Withdrawn
511424,BBB,2014J,Critical,9.53,0.0,0.0,0.0,0.0,0,Withdrawn
413259,FFF,2013J,Critical,9.53,0.0,0.0,0.0,0.0,3,Withdrawn
630510,FFF,2014J,Critical,9.53,0.0,0.0,0.0,0.0,0,Withdrawn
497925,BBB,2013J,Critical,9.53,2.0,0.0,0.0,1.0,1,Withdrawn
680766,FFF,2014J,Critical,9.53,0.0,0.0,0.0,0.0,0,Withdrawn
549563,BBB,2013B,Critical,9.53,0.0,0.0,0.0,0.0,0,Withdrawn
548881,BBB,2013B,Critical,9.53,0.0,0.0,0.0,0.0,0,Withdrawn
293321,EEE,2014J,Critical,9.53,0.0,0.0,0.0,0.0,0,Withdrawn
294578,EEE,2014B,Critical,9.53,0.0,0.0,0.0,0.0,0,Withdrawn
581745,CCC,2014B,Critical,9.53,0.0,0.0,0.0,0.0,0,Withdrawn
579321,CCC,2014B,Critical,9.53,1.0,0.0,0.0,1.0,0,Withdrawn
595362,EEE,2013J,Critical,9.53,4.0,0.0,0.0,1.0,0,Withdrawn
516212,BBB,2013J,Critical,9.53,0.0,0.0,0.0,0.0,0,Withdrawn
504700,FFF,2013J,Critical,9.53,0.0,0.0,0.0,0.0,0,Withdrawn
504842,BBB,2013J,Critical,9.53,0.0,0.0,0.0,0.0,0,Withdrawn
546333,BBB,2013B,Critical,9.53,3.0,0.0,0.0,1.0,0,Withdrawn
571946,EEE,2014B,Critical,9.53,0.0,0.0,0.0,0.0,1,Withdrawn
683642,FFF,2014J,Critical,9.53,0.0,0.0,0.0,0.0,0,Withdrawn
545896,BBB,2013B,Critical,9.53,6.0,0.0,0.0,1.0,0,Withdrawn
548355,BBB,2013B,Critical,9.53,5.0,0.0,0.0,2.0,0,Withdrawn
279238,BBB,2014J,Critical,9.53,9.0,0.0,0.0,1.0,0,Withdrawn
590381,FFF,2014J,Critical,9.53,0.0,0.0,0.0,0.0,0,Withdrawn
519751,BBB,2013J,Critical,9.53,0.0,0.0,0.0,0.0,0,Withdrawn
531344,FFF,2013J,Critical,9.53,28.0,0.0,0.0,2.0,1,Withdrawn
526948,FFF,2013J,Critical,9.53,0.0,0.0,0.0,0.0,0,Withdrawn
511432,FFF,2013J,Critical,9.53,0.0,0.0,0.0,0.0,1,Withdrawn
424586,BBB,2014J,Critical,9.53,0.0,0.0,0.0,0.0,0,Withdrawn
590942,EEE,2013J,Critical,9.53,0.0,0.0,0.0,0.0,0,Withdrawn
589472,EEE,2013J,Critical,9.53,0.0,0.0,0.0,0.0,0,Withdrawn
581453,EEE,2013J,Critical,9.53,0.0,0.0,0.0,0.0,0,Withdrawn
579321,EEE,2013J,Critical,9.53,0.0,0.0,0.0,0.0,0,Withdrawn
578722,EEE,2013J,Critical,9.53,0.0,0.0,0.0,0.0,0,Withdrawn
589108,CCC,2014B,Critical,9.53,0.0,0.0,0.0,0.0,0,Withdrawn
545001,BBB,2013B,Critical,9.53,0.0,0.0,0.0,0.0,0,Withdrawn
359728,EEE,2014B,Critical,9.53,26.0,0.0,0.0,2.0,0,Withdrawn
303774,EEE,2014B,Critical,9.53,0.0,0.0,0.0,0.0,0,Withdrawn
571710,EEE,2013J,Critical,9.53,9.0,0.0,0.0,1.0,0,Withdrawn
571617,EEE,2013J,Critical,9.53,0.0,0.0,0.0,0.0,0,Withdrawn
599986,CCC,2014B,Critical,9.53,0.0,0.0,0.0,0.0,0,Withdrawn
600859,CCC,2014B,Critical,9.53,0.0,0.0,0.0,0.0,0,Withdrawn
606300,CCC,2014B,Critical,9.53,0.0,0.0,0.0,0.0,0,Withdrawn
529163,BBB,2013J,Critical,9.53,12.0,0.0,0.0,1.0,1,Withdrawn
255957,BBB,2014J,Critical,9.53,0.0,0.0,0.0,0.0,1,Withdrawn
254313,BBB,2014J,Critical,9.53,0.0,0.0,0.0,0.0,0,Withdrawn
556275,FFF,2013J,Critical,9.53,0.0,0.0,0.0,0.0,0,Withdrawn
316421,BBB,2014J,Critical,9.53,0.0,0.0,0.0,0.0,1,Withdrawn
625568,CCC,2014B,Critical,9.53,0.0,0.0,0.0,0.0,0,Withdrawn
624593,CCC,2014B,Critical,9.53,1.0,0.0,0.0,1.0,0,Withdrawn
543199,BBB,2013J,Critical,9.53,0.0,0.0,0.0,0.0,1,Withdrawn
571935,FFF,2013J,Critical,9.53,0.0,0.0,0.0,0.0,0,Withdrawn
125874,BBB,2014J,Critical,9.53,40.0,0.0,0.0,1.0,1,Withdrawn
535168,BBB,2013J,Critical,9.53,0.0,0.0,0.0,0.0,0,Withdrawn
539426,BBB,2013B,Critical,9.53,1.0,0.0,0.0,1.0,0,Withdrawn
609241,CCC,2014B,Critical,9.53,7.0,0.0,0.0,1.0,0,Withdrawn
614345,CCC,2014B,Critical,9.53,215.0,0.0,1.0,3.0,0,Withdrawn
613280,CCC,2014B,Critical,9.53,2.0,0.0,0.0,2.0,0,Withdrawn
613120,CCC,2014B,Critical,9.53,0.0,0.0,0.0,0.0,0,Withdrawn
617307,CCC,2014B,Critical,9.53,0.0,0.0,0.0,0.0,0,Withdrawn
697390,DDD,2014J,Critical,9.53,0.0,0.0,0.0,0.0,0,Withdrawn
573242,EEE,2013J,Critical,9.53,0.0,0.0,0.0,0.0,0,Withdrawn
686458,FFF,2014J,Critical,9.53,0.0,0.0,0.0,0.0,0,Withdrawn
627395,CCC,2014B,Critical,9.53,0.0,0.0,0.0,0.0,0,Withdrawn
677012,DDD,2014J,Critical,9.53,0.0,0.0,0.0,0.0,0,Withdrawn
655761,DDD,2014J,Critical,9.53,0.0,0.0,0.0,0.0,0,Withdrawn
577371,FFF,2013J,Critical,9.53,0.0,0.0,0.0,0.0,0,Withdrawn
2439442,BBB,2014B,Critical,9.53,0.0,0.0,0.0,0.0,0,Withdrawn
575019,FFF,2013J,Critical,9.53,26.0,0.0,0.0,2.0,0,Withdrawn
2687644,BBB,2014B,Critical,9.53,0.0,0.0,0.0,0.0,1,Withdrawn
2605113,BBB,2014B,Critical,9.53,0.0,0.0,0.0,0.0,1,Withdrawn
534426,BBB,2013B,Critical,9.53,0.0,0.0,0.0,0.0,0,Withdrawn
534217,BBB,2013B,Critical,9.53,0.0,0.0,0.0,0.0,0,Withdrawn
688532,FFF,2014J,Critical,9.53,0.0,0.0,0.0,0.0,0,Withdrawn
688509,FFF,2014J,Critical,9.53,0.0,0.0,0.0,0.0,0,Withdrawn
688326,FFF,2014J,Critical,9.53,14.0,0.0,0.0,1.0,0,Withdrawn
198953,DDD,2013J,Critical,9.53,0.0,0.0,0.0,0.0,2,Withdrawn
548332,FFF,2014B,Critical,9.53,0.0,0.0,0.0,0.0,1,Withdrawn
2625752,BBB,2013J,Critical,9.53,0.0,0.0,0.0,0.0,0,Withdrawn
594253,BBB,2013J,Critical,9.53,0.0,0.0,0.0,0.0,0,Withdrawn
34694,BBB,2013B,Critical,9.53,0.0,0.0,0.0,0.0,1,Withdrawn
470119,DDD,2013J,Critical,9.53,0.0,0.0,0.0,0.0,1,Withdrawn
677721,CCC,2014J,Critical,9.53,0.0,0.0,0.0,0.0,0,Withdrawn
387453,DDD,2013J,Critical,9.53,0.0,0.0,0.0,0.0,0,Withdrawn
683073,CCC,2014J,Critical,9.53,0.0,0.0,0.0,0.0,0,Withdrawn
631992,GGG,2014B,Critical,9.53,1.0,0.0,0.0,1.0,0,Withdrawn
630571,GGG,2014B,Critical,9.53,0.0,0.0,0.0,0.0,0,Withdrawn
127209,BBB,2013B,Critical,9.53,0.0,0.0,0.0,0.0,1,Withdrawn
102849,BBB,2013B,Critical,9.53,1.0,0.0,0.0,1.0,0,Withdrawn
633240,CCC,2014B,Critical,9.53,13.0,0.0,0.0,2.0,0,Withdrawn
632780,CCC,2014B,Critical,9.53,1.0,0.0,0.0,1.0,0,Withdrawn
632487,CCC,2014B,Critical,9.53,7.0,0.0,0.0,2.0,0,Withdrawn
649689,DDD,2014J,Critical,9.53,0.0,0.0,0.0,0.0,0,Withdrawn
692740,FFF,2014J,Critical,9.53,0.0,0.0,0.0,0.0,0,Withdrawn
530398,BBB,2013B,Critical,9.53,5.0,0.0,0.0,2.0,1,Withdrawn
563022,BBB,2013J,Critical,9.53,0.0,0.0,0.0,0.0,0,Withdrawn
489104,FFF,2014J,Critical,9.53,0.0,0.0,0.0,0.0,0,Withdrawn
2353787,BBB,2014B,Critical,9.53,0.0,0.0,0.0,0.0,1,Withdrawn
555277,FFF,2014J,Critical,9.53,0.0,0.0,0.0,0.0,0,Withdrawn
539913,FFF,2014J,Critical,9.53,0.0,0.0,0.0,0.0,0,Withdrawn
532744,FFF,2014J,Critical,9.53,0.0,0.0,0.0,0.0,0,Withdrawn
546124,BBB,2013J,Critical,9.53,0.0,0.0,0.0,0.0,0,Withdrawn
534758,BBB,2013B,Critical,9.53,0.0,0.0,0.0,0.0,0,Withdrawn
2365009,CCC,2014B,Critical,9.53,0.0,0.0,0.0,0.0,0,Withdrawn
2229583,CCC,2014B,Critical,9.53,0.0,0.0,0.0,0.0,0,Withdrawn
633613,BBB,2014B,Critical,9.53,0.0,0.0,0.0,0.0,0,Withdrawn
272313,DDD,2013B,Critical,9.53,122.0,0.0,0.0,8.0,2,Withdrawn
1933555,BBB,2014B,Critical,9.53,0.0,0.0,0.0,0.0,2,Withdrawn
646086,DDD,2014J,Critical,9.53,0.0,0.0,0.0,0.0,0,Withdrawn
835603,CCC,2014B,Critical,9.53,0.0,0.0,0.0,0.0,0,Withdrawn
642785,DDD,2014J,Critical,9.53,0.0,0.0,0.0,0.0,0,Withdrawn
515174,BBB,2013B,Critical,9.53,0.0,0.0,0.0,0.0,1,Withdrawn
622164,FFF,2014B,Critical,9.53,0.0,0.0,0.0,0.0,0,Withdrawn
689640,FFF,2014J,Critical,9.53,0.0,0.0,0.0,0.0,0,Withdrawn
632332,CCC,2014B,Critical,9.53,0.0,0.0,0.0,0.0,0,Withdrawn
631365,CCC,2014B,Critical,9.53,0.0,0.0,0.0,0.0,0,Withdrawn
696985,FFF,2014J,Critical,9.53,0.0,0.0,0.0,0.0,0,Withdrawn
629671,BBB,2014B,Critical,9.53,0.0,0.0,0.0,0.0,0,Withdrawn
630902,BBB,2014B,Critical,9.53,0.0,0.0,0.0,0.0,0,Withdrawn
630340,BBB,2014B,Critical,9.53,0.0,0.0,0.0,0.0,0,Withdrawn
630182,BBB,2014B,Critical,9.53,0.0,0.0,0.0,0.0,0,Withdrawn
629971,BBB,2014B,Critical,9.53,0.0,0.0,0.0,0.0,0,Withdrawn
583591,FFF,2013J,Critical,9.53,6.0,0.0,0.0,1.0,0,Withdrawn
635071,DDD,2014J,Critical,9.53,0.0,0.0,0.0,0.0,0,Withdrawn
625012,DDD,2014J,Critical,9.53,0.0,0.0,0.0,0.0,1,Withdrawn
620676,DDD,2014J,Critical,9.53,0.0,0.0,0.0,0.0,1,Withdrawn
618825,DDD,2014J,Critical,9.53,0.0,0.0,0.0,0.0,0,Withdrawn
484171,DDD,2014J,Critical,9.53,0.0,0.0,0.0,0.0,1,Withdrawn
205218,CCC,2014J,Critical,9.53,0.0,0.0,0.0,0.0,0,Withdrawn
445595,DDD,2014J,Critical,9.53,0.0,0.0,0.0,0.0,0,Withdrawn
508103,BBB,2013B,Critical,9.53,0.0,0.0,0.0,0.0,1,Withdrawn
573431,BBB,2013J,Critical,9.53,0.0,0.0,0.0,0.0,0,Withdrawn
297582,DDD,2013B,Critical,9.53,0.0,0.0,0.0,0.0,0,Withdrawn
625465,BBB,2014B,Critical,9.53,0.0,0.0,0.0,0.0,0,Withdrawn
626876,BBB,2014B,Critical,9.53,0.0,0.0,0.0,0.0,0,Withdrawn
626806,BBB,2014B,Critical,9.53,0.0,0.0,0.0,0.0,0,Withdrawn
626597,BBB,2014B,Critical,9.53,0.0,0.0,0.0,0.0,0,Withdrawn
626485,BBB,2014B,Critical,9.53,0.0,0.0,0.0,0.0,0,Withdrawn
626460,BBB,2014B,Critical,9.53,0.0,0.0,0.0,0.0,0,Withdrawn
577359,DDD,2014J,Critical,9.53,6.0,0.0,0.0,2.0,0,Withdrawn
572043,DDD,2014J,Critical,9.53,0.0,0.0,0.0,0.0,1,Withdrawn
679373,GGG,2014J,Critical,9.53,0.0,0.0,0.0,0.0,0,Withdrawn
498903,DDD,2013J,Critical,9.53,0.0,0.0,0.0,0.0,0,Withdrawn
651187,CCC,2014J,Critical,9.53,9.0,0.0,0.0,2.0,0,Withdrawn
652571,CCC,2014J,Critical,9.53,14.0,0.0,0.0,1.0,0,Withdrawn
656068,CCC,2014J,Critical,9.53,0.0,0.0,0.0,0.0,0,Withdrawn
655761,CCC,2014J,Critical,9.53,0.0,0.0,0.0,0.0,0,Withdrawn
170519,BBB,2014B,Critical,9.53,0.0,0.0,0.0,0.0,1,Withdrawn
505900,FFF,2014B,Critical,9.53,0.0,0.0,0.0,0.0,1,Withdrawn
279557,BBB,2014B,Critical,9.53,0.0,0.0,0.0,0.0,0,Withdrawn
263098,BBB,2014B,Critical,9.53,0.0,0.0,0.0,0.0,0,Withdrawn
591937,BBB,2013J,Critical,9.53,0.0,0.0,0.0,0.0,0,Withdrawn
185240,BBB,2013B,Critical,9.53,0.0,0.0,0.0,0.0,1,Withdrawn
646938,CCC,2014J,Critical,9.53,0.0,0.0,0.0,0.0,0,Withdrawn
557706,DDD,2013B,Critical,9.53,0.0,0.0,0.0,0.0,0,Withdrawn
649701,CCC,2014J,Critical,9.53,4.0,0.0,0.0,1.0,0,Withdrawn
425393,DDD,2014J,Critical,9.53,0.0,0.0,0.0,0.0,1,Withdrawn
395980,DDD,2014J,Critical,9.53,1.0,0.0,0.0,1.0,1,Withdrawn
293321,CCC,2014J,Critical,9.53,3.0,0.0,0.0,1.0,0,Withdrawn
373795,DDD,2014J,Critical,9.53,0.0,0.0,0.0,0.0,1,Withdrawn
352954,DDD,2014J,Critical,9.53,20.0,0.0,0.0,2.0,0,Withdrawn
575672,BBB,2013J,Critical,9.53,0.0,0.0,0.0,0.0,0,Withdrawn
624411,BBB,2014B,Critical,9.53,0.0,0.0,0.0,0.0,0,Withdrawn
416426,FFF,2014J,Critical,9.53,0.0,0.0,0.0,0.0,1,Withdrawn
574053,BBB,2013J,Critical,9.53,0.0,0.0,0.0,0.0,0,Withdrawn
513196,BBB,2013B,Critical,9.53,0.0,0.0,0.0,0.0,1,Withdrawn
513016,BBB,2013B,Critical,9.53,0.0,0.0,0.0,0.0,0,Withdrawn
511652,BBB,2013B,Critical,9.53,0.0,0.0,0.0,0.0,1,Withdrawn
495762,DDD,2014J,Critical,9.53,0.0,0.0,0.0,0.0,2,Withdrawn
299561,BBB,2013B,Critical,9.53,0.0,0.0,0.0,0.0,1,Withdrawn
2365009,DDD,2014B,Critical,9.53,0.0,0.0,0.0,0.0,0,Withdrawn
443837,CCC,2014J,Critical,9.53,8.0,0.0,0.0,1.0,0,Withdrawn
630939,DDD,2014B,Critical,9.53,2.0,0.0,0.0,1.0,0,Withdrawn
599464,FFF,2013J,Critical,9.53,0.0,0.0,0.0,0.0,0,Withdrawn
597555,FFF,2013J,Critical,9.53,0.0,0.0,0.0,0.0,0,Withdrawn
618858,BBB,2014B,Critical,9.53,0.0,0.0,0.0,0.0,0,Withdrawn
618108,BBB,2014B,Critical,9.53,0.0,0.0,0.0,0.0,0,Withdrawn
501008,BBB,2013B,Critical,9.53,105.0,0.0,0.0,9.0,1,Withdrawn
1459010,FFF,2014J,Critical,9.53,0.0,0.0,0.0,0.0,1,Withdrawn
306754,DDD,2014J,Critical,9.53,0.0,0.0,0.0,0.0,1,Withdrawn
324440,CCC,2014J,Critical,9.53,0.0,0.0,0.0,0.0,0,Withdrawn
307789,CCC,2014J,Critical,9.53,0.0,0.0,0.0,0.0,0,Withdrawn
505592,BBB,2013B,Critical,9.53,0.0,0.0,0.0,0.0,0,Withdrawn
505123,BBB,2013B,Critical,9.53,0.0,0.0,0.0,0.0,0,Withdrawn
625568,DDD,2014B,Critical,9.53,0.0,0.0,0.0,0.0,0,Withdrawn
474377,CCC,2014J,Critical,9.53,0.0,0.0,0.0,0.0,1,Withdrawn
622968,DDD,2014B,Critical,9.53,0.0,0.0,0.0,0.0,0,Withdrawn
578739,BBB,2013J,Critical,9.53,3.0,0.0,0.0,1.0,0,Withdrawn
578598,BBB,2013J,Critical,9.53,0.0,0.0,0.0,0.0,0,Withdrawn
607487,BBB,2014B,Critical,9.53,9.0,0.0,0.0,1.0,0,Withdrawn
613559,BBB,2014B,Critical,9.53,0.0,0.0,0.0,0.0,0,Withdrawn
611816,BBB,2014B,Critical,9.53,0.0,0.0,0.0,0.0,0,Withdrawn
616332,BBB,2014B,Critical,9.53,0.0,0.0,0.0,0.0,0,Withdrawn
615212,BBB,2014B,Critical,9.53,0.0,0.0,0.0,0.0,0,Withdrawn
614586,BBB,2014B,Critical,9.53,0.0,0.0,0.0,0.0,0,Withdrawn
492336,BBB,2013B,Critical,9.53,0.0,0.0,0.0,0.0,0,Withdrawn
488929,BBB,2013B,Critical,9.53,0.0,0.0,0.0,0.0,0,Withdrawn
2146013,FFF,2014J,Critical,9.53,0.0,0.0,0.0,0.0,0,Withdrawn
2137697,FFF,2014J,Critical,9.53,0.0,0.0,0.0,0.0,0,Withdrawn
429158,BBB,2013B,Critical,9.53,0.0,0.0,0.0,0.0,1,Withdrawn
263143,FFF,2014J,Critical,9.53,0.0,0.0,0.0,0.0,0,Withdrawn
580854,BBB,2013J,Critical,9.53,0.0,0.0,0.0,0.0,0,Withdrawn
603204,FFF,2013J,Critical,9.53,0.0,0.0,0.0,0.0,0,Withdrawn
607436,BBB,2014B,Critical,9.53,0.0,0.0,0.0,0.0,0,Withdrawn
605971,BBB,2014B,Critical,9.53,0.0,0.0,0.0,0.0,0,Withdrawn
602152,FFF,2013J,Critical,9.53,0.0,0.0,0.0,0.0,0,Withdrawn
610531,BBB,2014B,Critical,9.53,0.0,0.0,0.0,0.0,0,Withdrawn
609282,BBB,2014B,Critical,9.53,0.0,0.0,0.0,0.0,1,Withdrawn
608060,BBB,2014B,Critical,9.53,0.0,0.0,0.0,0.0,1,Withdrawn
575992,BBB,2013J,Critical,9.53,0.0,0.0,0.0,0.0,0,Withdrawn
480151,BBB,2013B,Critical,9.53,18.0,0.0,0.0,2.0,0,Withdrawn
629707,DDD,2014B,Critical,9.53,0.0,0.0,0.0,0.0,0,Withdrawn
584532,DDD,2013J,Critical,9.53,0.0,0.0,0.0,0.0,0,Withdrawn
625913,DDD,2014B,Critical,9.53,0.0,0.0,0.0,0.0,0,Withdrawn
251397,FFF,2014J,Critical,9.53,0.0,0.0,0.0,0.0,0,Withdrawn
586417,BBB,2014B,Critical,9.53,0.0,0.0,0.0,0.0,0,Withdrawn
579448,BBB,2014B,Critical,9.53,0.0,0.0,0.0,0.0,1,Withdrawn
607629,FFF,2013J,Critical,9.53,0.0,0.0,0.0,0.0,0,Withdrawn
607613,FFF,2013J,Critical,9.53,0.0,0.0,0.0,0.0,0,Withdrawn
599430,BBB,2014B,Critical,9.53,0.0,0.0,0.0,0.0,0,Withdrawn
289179,FFF,2014J,Critical,9.53,0.0,0.0,0.0,0.0,0,Withdrawn
618300,DDD,2014B,Critical,9.53,0.0,0.0,0.0,0.0,0,Withdrawn
509177,CCC,2014J,Critical,9.53,5.0,0.0,0.0,2.0,0,Withdrawn
604398,DDD,2014B,Critical,9.53,0.0,0.0,0.0,0.0,1,Withdrawn
597379,DDD,2014B,Critical,9.53,0.0,0.0,0.0,0.0,0,Withdrawn
532744,CCC,2014J,Critical,9.53,0.0,0.0,0.0,0.0,0,Withdrawn
630510,CCC,2014J,Critical,9.53,0.0,0.0,0.0,0.0,0,Withdrawn
589445,DDD,2014B,Critical,9.53,0.0,0.0,0.0,0.0,1,Withdrawn
568045,DDD,2013J,Critical,9.53,0.0,0.0,0.0,0.0,0,Withdrawn
618642,FFF,2014B,Critical,9.53,0.0,0.0,0.0,0.0,0,Withdrawn
556788,CCC,2014J,Critical,9.53,5.0,0.0,0.0,1.0,1,Withdrawn
617307,FFF,2014B,Critical,9.53,0.0,0.0,0.0,0.0,0,Withdrawn
528330,DDD,2014B,Critical,9.53,9.0,0.0,0.0,1.0,0,Withdrawn
565707,CCC,2014J,Critical,9.53,0.0,0.0,0.0,0.0,0,Withdrawn
583832,BBB,2013J,Critical,9.53,0.0,0.0,0.0,0.0,0,Withdrawn
583333,BBB,2013J,Critical,9.53,0.0,0.0,0.0,0.0,0,Withdrawn
1910111,FFF,2013J,Critical,9.53,0.0,0.0,0.0,0.0,0,Withdrawn
574553,BBB,2014B,Critical,9.53,0.0,0.0,0.0,0.0,0,Withdrawn
573000,BBB,2014B,Critical,9.53,0.0,0.0,0.0,0.0,0,Withdrawn
579050,BBB,2013J,Critical,9.53,0.0,0.0,0.0,0.0,0,Withdrawn
582806,BBB,2013J,Critical,9.53,16.0,0.0,0.0,2.0,0,Withdrawn
582469,BBB,2013J,Critical,9.53,0.0,0.0,0.0,0.0,0,Withdrawn
582404,BBB,2013J,Critical,9.53,0.0,0.0,0.0,0.0,0,Withdrawn
582084,BBB,2013J,Critical,9.53,0.0,0.0,0.0,0.0,0,Withdrawn
581493,BBB,2013J,Critical,9.53,0.0,0.0,0.0,0.0,0,Withdrawn
585459,BBB,2013J,Critical,9.53,0.0,0.0,0.0,0.0,0,Withdrawn
2382965,FFF,2013J,Critical,9.53,4.0,0.0,0.0,2.0,1,Withdrawn
562438,BBB,2014B,Critical,9.53,0.0,0.0,0.0,0.0,0,Withdrawn
1978492,FFF,2013J,Critical,9.53,44.0,0.0,0.0,1.0,0,Withdrawn
569660,BBB,2014B,Critical,9.53,0.0,0.0,0.0,0.0,1,Withdrawn
569199,BBB,2014B,Critical,9.53,5.0,0.0,0.0,1.0,0,Withdrawn
609567,GGG,2013J,Critical,9.53,0.0,0.0,0.0,0.0,0,Withdrawn
423317,BBB,2013B,Critical,9.53,8.0,0.0,0.0,2.0,0,Withdrawn
403191,BBB,2013B,Critical,9.53,0.0,0.0,0.0,0.0,0,Withdrawn
609388,BBB,2013J,Critical,9.53,0.0,0.0,0.0,0.0,0,Withdrawn
354953,DDD,2014B,Critical,9.53,154.0,0.0,0.0,18.0,2,Withdrawn
309258,DDD,2014B,Critical,9.53,4.0,0.0,0.0,2.0,2,Withdrawn
591294,GGG,2013J,Critical,9.53,0.0,0.0,0.0,0.0,0,Withdrawn
627395,FFF,2014B,Critical,9.53,23.0,0.0,0.0,1.0,0,Withdrawn
85304,DDD,2014B,Critical,9.53,23.0,0.0,0.0,1.0,0,Withdrawn
50309,DDD,2014B,Critical,9.53,0.0,0.0,0.0,0.0,1,Withdrawn
2678587,DDD,2013J,Critical,9.53,6.0,0.0,0.0,1.0,0,Withdrawn
652364,GGG,2014J,Critical,9.53,0.0,0.0,0.0,0.0,0,Withdrawn
2462281,FFF,2014B,Critical,9.53,0.0,0.0,0.0,0.0,0,Withdrawn
586854,BBB,2013J,Critical,9.53,0.0,0.0,0.0,0.0,0,Withdrawn
2678373,FFF,2013J,Critical,9.53,0.0,0.0,0.0,0.0,0,Withdrawn
2672155,FFF,2013J,Critical,9.53,48.0,0.0,0.0,2.0,1,Withdrawn
526948,BBB,2014B,Critical,9.53,0.0,0.0,0.0,0.0,0,Withdrawn
517075,BBB,2014B,Critical,9.53,0.0,0.0,0.0,0.0,1,Withdrawn
648115,GGG,2014J,Critical,9.53,0.0,0.0,0.0,0.0,0,Withdrawn
534830,BBB,2014B,Critical,9.53,0.0,0.0,0.0,0.0,1,Withdrawn
532468,BBB,2014B,Critical,9.53,6.0,0.0,0.0,2.0,0,Withdrawn
345737,GGG,2014B,Critical,9.53,0.0,0.0,0.0,0.0,1,Withdrawn
1840610,DDD,2013J,Critical,9.53,0.0,0.0,0.0,0.0,1,Withdrawn
1517755,DDD,2013J,Critical,9.53,0.0,0.0,0.0,0.0,0,Withdrawn
997948,DDD,2013J,Critical,9.53,0.0,0.0,0.0,0.0,0,Withdrawn
835603,DDD,2013J,Critical,9.53,0.0,0.0,0.0,0.0,0,Withdrawn
125677,DDD,2013B,Critical,9.53,0.0,0.0,0.0,0.0,3,Withdrawn
600525,DDD,2013J,Critical,9.53,0.0,0.0,0.0,0.0,0,Withdrawn
247714,FFF,2014B,Critical,9.53,0.0,0.0,0.0,0.0,0,Withdrawn
190829,FFF,2014B,Critical,9.53,0.0,0.0,0.0,0.0,0,Withdrawn
511514,DDD,2013B,Critical,9.53,0.0,0.0,0.0,0.0,1,Withdrawn
106747,FFF,2014B,Critical,9.53,0.0,0.0,0.0,0.0,1,Withdrawn
495958,BBB,2014B,Critical,9.53,0.0,0.0,0.0,0.0,0,Withdrawn
584342,BBB,2013J,Critical,9.53,0.0,0.0,0.0,0.0,0,Withdrawn
196264,DDD,2014B,Critical,9.53,0.0,0.0,0.0,0.0,0,Withdrawn
164451,GGG,2014B,Critical,9.53,0.0,0.0,0.0,0.0,0,Withdrawn
620956,GGG,2014B,Critical,9.53,0.0,0.0,0.0,0.0,0,Withdrawn
259182,BBB,2013B,Critical,9.53,0.0,0.0,0.0,0.0,1,Withdrawn
258402,BBB,2013B,Critical,9.53,1.0,0.0,0.0,1.0,1,Withdrawn
364712,BBB,2014B,Critical,9.53,0.0,0.0,0.0,0.0,1,Withdrawn
354560,BBB,2014B,Critical,9.53,0.0,0.0,0.0,0.0,1,Withdrawn
354121,BBB,2014B,Critical,9.53,18.0,0.0,0.0,1.0,0,Withdrawn
354552,FFF,2014B,Critical,9.53,12.0,0.0,0.0,1.0,1,Withdrawn
440075,BBB,2014B,Critical,9.53,11.0,0.0,0.0,2.0,1,Withdrawn
326995,FFF,2014B,Critical,9.53,0.0,0.0,0.0,0.0,0,Withdrawn
588691,BBB,2013J,Critical,9.53,3.0,0.0,0.0,1.0,0,Withdrawn
338912,BBB,2013B,Critical,9.53,0.0,0.0,0.0,0.0,0,Withdrawn
142998,DDD,2013B,Critical,9.53,0.0,0.0,0.0,0.0,0,Withdrawn
586961,DDD,2013J,Critical,9.53,2.0,0.0,0.0,1.0,0,Withdrawn
399120,GGG,2014B,Critical,9.53,0.0,0.0,0.0,0.0,0,Withdrawn
562561,DDD,2013J,Critical,9.53,282.0,0.0,0.0,14.0,0,Withdrawn
644453,CCC,2014J,Critical,9.53,0.0,0.0,0.0,0.0,0,Withdrawn
643357,CCC,2014J,Critical,9.53,0.0,0.0,0.0,0.0,0,Withdrawn
643200,CCC,2014J,Critical,9.53,0.0,0.0,0.0,0.0,0,Withdrawn
643114,CCC,2014J,Critical,9.53,0.0,0.0,0.0,0.0,0,Withdrawn
349401,BBB,2014B,Critical,9.53,0.0,0.0,0.0,0.0,0,Withdrawn
320661,BBB,2014B,Critical,9.53,0.0,0.0,0.0,0.0,0,Withdrawn
406116,FFF,2014B,Critical,9.53,0.0,0.0,0.0,0.0,0,Withdrawn
388041,BBB,2014B,Critical,9.53,0.0,0.0,0.0,0.0,2,Withdrawn
384099,BBB,2014B,Critical,9.53,0.0,0.0,0.0,0.0,1,Withdrawn
682302,GGG,2014J,Critical,9.53,0.0,0.0,0.0,0.0,0,Withdrawn
67863,BBB,2013J,Critical,9.53,0.0,0.0,0.0,0.0,1,Withdrawn
65807,BBB,2013J,Critical,9.53,0.0,0.0,0.0,0.0,1,Withdrawn
61118,BBB,2013J,Critical,9.53,0.0,0.0,0.0,0.0,0,Withdrawn
543095,FFF,2013B,Critical,9.53,26.0,0.0,0.0,2.0,0,Withdrawn
676785,BBB,2014J,Critical,9.53,0.0,0.0,0.0,0.0,0,Withdrawn
678585,BBB,2014J,Critical,9.53,0.0,0.0,0.0,0.0,0,Withdrawn
25629,BBB,2013J,Critical,9.53,0.0,0.0,0.0,0.0,0,Withdrawn
428411,DDD,2013B,Critical,9.53,0.0,0.0,0.0,0.0,0,Withdrawn
547667,FFF,2013B,Critical,9.53,0.0,0.0,0.0,0.0,0,Withdrawn
546863,FFF,2013B,Critical,9.53,0.0,0.0,0.0,0.0,0,Withdrawn
655224,BBB,2014J,Critical,9.53,0.0,0.0,0.0,0.0,0,Withdrawn
544802,FFF,2013B,Critical,9.53,0.0,0.0,0.0,0.0,0,Withdrawn
674643,BBB,2014J,Critical,9.53,0.0,0.0,0.0,0.0,0,Withdrawn
2282141,GGG,2014J,Critical,9.53,208.0,0.0,0.0,12.0,0,Withdrawn
323805,AAA,2014J,Critical,9.53,0.0,0.0,0.0,0.0,0,Withdrawn
302550,BBB,2013B,Critical,9.53,0.0,0.0,0.0,0.0,1,Withdrawn
475604,DDD,2013B,Critical,9.53,0.0,0.0,0.0,0.0,0,Withdrawn
477160,DDD,2013B,Critical,9.53,0.0,0.0,0.0,0.0,1,Withdrawn
2365101,AAA,2013J,Critical,9.53,0.0,0.0,0.0,0.0,0,Withdrawn
404852,DDD,2013B,Critical,9.53,0.0,0.0,0.0,0.0,1,Withdrawn
676742,GGG,2014J,Critical,9.53,0.0,0.0,0.0,0.0,0,Withdrawn
625885,FFF,2014B,Critical,9.53,0.0,0.0,0.0,0.0,0,Withdrawn
545201,DDD,2013B,Critical,9.53,22.0,0.0,0.0,2.0,0,Withdrawn
2480654,CCC,2014J,Critical,9.53,0.0,0.0,0.0,0.0,0,Withdrawn
2422258,CCC,2014J,Critical,9.53,0.0,0.0,0.0,0.0,0,Withdrawn
606300,FFF,2014B,Critical,9.53,0.0,0.0,0.0,0.0,0,Withdrawn
604946,FFF,2014B,Critical,9.53,0.0,0.0,0.0,0.0,1,Withdrawn
623710,AAA,2014J,Critical,9.53,0.0,0.0,0.0,0.0,0,Withdrawn
629543,FFF,2014B,Critical,9.53,1.0,0.0,0.0,1.0,0,Withdrawn
628296,FFF,2014B,Critical,9.53,8.0,0.0,0.0,2.0,0,Withdrawn
641504,GGG,2014J,Critical,9.53,0.0,0.0,0.0,0.0,0,Withdrawn
533944,FFF,2013B,Critical,9.52,445.0,0.0,0.0,23.0,0,Withdrawn
556713,DDD,2013B,Critical,9.52,23.0,0.0,0.0,3.0,0,Withdrawn
557247,DDD,2013B,Critical,9.52,251.0,0.0,1.0,7.0,0,Withdrawn
522739,DDD,2013B,Critical,9.52,9.0,0.0,0.0,3.0,1,Withdrawn
529877,DDD,2013B,Critical,9.52,19.0,0.0,0.0,5.0,0,Withdrawn
591721,BBB,2013J,Critical,9.52,46.0,0.0,0.0,2.0,0,Withdrawn
589007,DDD,2013J,Critical,9.52,63.0,0.0,0.0,2.0,0,Withdrawn
339526,BBB,2013B,Critical,9.52,35.0,0.0,0.0,2.0,0,Withdrawn
599461,CCC,2014J,Critical,9.52,50.0,0.0,0.0,4.0,0,Withdrawn
587285,BBB,2013J,Critical,9.52,45.0,0.0,0.0,3.0,0,Withdrawn
2505389,DDD,2013J,Critical,9.52,22.0,0.0,0.0,3.0,0,Withdrawn
2598861,DDD,2013J,Critical,9.52,58.0,0.0,0.0,4.0,1,Withdrawn
551589,CCC,2014J,Critical,9.52,36.0,0.0,0.0,5.0,0,Withdrawn
586524,GGG,2013J,Critical,9.52,26.0,0.0,0.0,4.0,0,Withdrawn
606905,DDD,2014B,Critical,9.52,23.0,0.0,0.0,4.0,1,Withdrawn
579486,BBB,2013J,Critical,9.52,47.0,0.0,0.0,3.0,0,Withdrawn
577239,BBB,2013J,Critical,9.52,10.0,0.0,0.0,3.0,0,Withdrawn
1873360,FFF,2014J,Critical,9.52,67.0,0.0,0.0,4.0,0,Withdrawn
2521837,DDD,2014B,Critical,9.52,30.0,0.0,0.0,2.0,0,Withdrawn
504841,DDD,2014J,Critical,9.52,21.0,0.0,0.0,3.0,0,Withdrawn
399772,DDD,2014J,Critical,9.52,28.0,0.0,0.0,3.0,1,Withdrawn
634655,CCC,2014J,Critical,9.52,34.0,0.0,0.0,3.0,1,Withdrawn
186780,BBB,2013B,Critical,9.52,30.0,0.0,2.0,2.0,2,Withdrawn
606089,DDD,2014J,Critical,9.52,10.0,0.0,0.0,5.0,0,Withdrawn
631960,DDD,2014J,Critical,9.52,38.0,0.0,0.0,4.0,0,Withdrawn
693246,FFF,2014J,Critical,9.52,21.0,0.0,0.0,5.0,0,Withdrawn
467312,FFF,2014J,Critical,9.52,37.0,0.0,0.0,5.0,1,Withdrawn
472401,FFF,2014J,Critical,9.52,19.0,0.0,0.0,3.0,0,Withdrawn
88758,CCC,2014J,Critical,9.52,51.0,0.0,0.0,4.0,1,Withdrawn
1047645,CCC,2014B,Critical,9.52,16.0,0.0,0.0,5.0,0,Withdrawn
530245,BBB,2013B,Critical,9.52,71.0,0.0,0.0,3.0,1,Withdrawn
633462,BBB,2014B,Critical,9.52,23.0,0.0,0.0,5.0,0,Withdrawn
627632,CCC,2014B,Critical,9.52,19.0,0.0,0.0,3.0,0,Withdrawn
551136,BBB,2013J,Critical,9.52,11.0,0.0,0.0,3.0,0,Withdrawn
366535,DDD,2013J,Critical,9.52,14.0,0.0,0.0,3.0,1,Withdrawn
563813,FFF,2014B,Critical,9.52,55.0,0.0,0.0,2.0,0,Withdrawn
118887,DDD,2013J,Critical,9.52,10.0,0.0,0.0,3.0,0,Withdrawn
575533,FFF,2013J,Critical,9.52,85.0,0.0,0.0,2.0,0,Withdrawn
629887,CCC,2014B,Critical,9.52,51.0,0.0,0.0,2.0,0,Withdrawn
677988,DDD,2014J,Critical,9.52,19.0,0.0,0.0,3.0,0,Withdrawn
604643,CCC,2014B,Critical,9.52,50.0,0.0,0.0,4.0,0,Withdrawn
512693,EEE,2013J,Critical,9.52,34.0,0.0,0.0,4.0,0,Withdrawn
571711,EEE,2013J,Critical,9.52,125.0,0.0,0.0,3.0,0,Withdrawn
617898,EEE,2014B,Critical,9.52,33.0,0.0,0.0,4.0,0,Withdrawn
577603,EEE,2014B,Critical,9.52,25.0,0.0,0.0,3.0,1,Withdrawn
625950,EEE,2014B,Critical,9.52,43.0,0.0,0.0,4.0,0,Withdrawn
629887,EEE,2014B,Critical,9.52,16.0,0.0,0.0,3.0,0,Withdrawn
549713,BBB,2013B,Critical,9.52,75.0,0.0,1.0,11.0,0,Withdrawn
623945,FFF,2014J,Critical,9.52,68.0,0.0,0.0,4.0,1,Withdrawn
492247,BBB,2013J,Critical,9.52,25.0,0.0,0.0,2.0,0,Withdrawn
395164,CCC,2014B,Critical,9.52,24.0,0.0,0.0,3.0,0,Withdrawn
651616,EEE,2014J,Critical,9.52,64.0,0.0,0.0,3.0,0,Withdrawn
589968,BBB,2014J,Critical,9.52,72.0,1.0,1.0,5.0,0,Withdrawn
654325,EEE,2014J,Critical,9.52,36.0,0.0,0.0,3.0,0,Withdrawn
641265,FFF,2014J,Critical,9.52,45.0,0.0,0.0,4.0,0,Withdrawn
124124,CCC,2014B,Critical,9.52,21.0,0.0,0.0,5.0,0,Withdrawn
693147,EEE,2014J,Critical,9.52,21.0,0.0,0.0,4.0,0,Withdrawn
386985,FFF,2013B,Critical,9.52,189.0,0.0,0.0,3.0,0,Withdrawn
693615,BBB,2014J,Critical,9.52,61.0,0.0,0.0,3.0,0,Withdrawn
417863,FFF,2013B,Critical,9.52,62.0,0.0,0.0,3.0,0,Withdrawn
559656,FFF,2013B,Critical,9.52,93.0,0.0,0.0,5.0,0,Withdrawn
526060,FFF,2013B,Critical,9.52,58.0,0.0,0.0,5.0,0,Withdrawn
554152,FFF,2013B,Critical,9.52,116.0,0.0,0.0,3.0,0,Withdrawn
651609,BBB,2014J,Critical,9.52,103.0,1.0,1.0,3.0,0,Withdrawn
503134,FFF,2013B,Critical,9.52,148.0,0.0,0.0,4.0,1,Withdrawn
53360,BBB,2013J,Critical,9.52,22.0,0.0,0.0,3.0,1,Withdrawn
651351,FFF,2014J,Critical,9.52,51.0,0.0,0.0,5.0,0,Withdrawn
601435,FFF,2014B,Critical,9.52,60.0,0.0,0.0,3.0,1,Withdrawn
606911,FFF,2014B,Critical,9.52,57.0,0.0,0.0,2.0,1,Withdrawn
613146,FFF,2014B,Critical,9.52,25.0,0.0,0.0,5.0,0,Withdrawn
548739,DDD,2013B,Critical,9.52,24.0,0.0,0.0,3.0,0,Withdrawn
606477,BBB,2013J,Critical,9.52,40.0,0.0,0.0,3.0,0,Withdrawn
675996,GGG,2014J,Critical,9.52,28.0,0.0,0.0,2.0,0,Withdrawn
117862,DDD,2013B,Critical,9.51,56.0,0.0,0.0,6.0,1,Withdrawn
556170,DDD,2014B,Critical,9.51,46.0,0.0,0.0,5.0,1,Withdrawn
597610,BBB,2014B,Critical,9.51,53.0,0.0,0.0,4.0,0,Withdrawn
647245,FFF,2014J,Critical,9.51,56.0,0.0,0.0,6.0,0,Withdrawn
2638464,DDD,2014B,Critical,9.51,73.0,0.0,0.0,6.0,0,Withdrawn
600748,FFF,2013J,Critical,9.51,217.0,0.0,0.0,6.0,0,Withdrawn
609163,FFF,2013J,Critical,9.51,114.0,0.0,0.0,8.0,0,Withdrawn
696091,FFF,2014J,Critical,9.51,66.0,0.0,0.0,6.0,0,Withdrawn
348906,FFF,2014J,Critical,9.51,601.0,0.0,0.0,24.0,0,Withdrawn
611356,DDD,2014J,Critical,9.51,75.0,0.0,0.0,5.0,2,Withdrawn
400461,DDD,2014B,Critical,9.51,51.0,0.0,0.0,5.0,0,Withdrawn
237925,DDD,2014B,Critical,9.51,135.0,0.0,0.0,2.0,1,Withdrawn
2646795,CCC,2014B,Critical,9.51,81.0,0.0,0.0,7.0,0,Withdrawn
641557,DDD,2014J,Critical,9.51,60.0,0.0,0.0,6.0,0,Withdrawn
2149701,DDD,2013J,Critical,9.51,212.0,0.0,0.0,23.0,0,Withdrawn
650243,DDD,2014J,Critical,9.51,88.0,0.0,0.0,4.0,0,Withdrawn
648947,DDD,2014J,Critical,9.51,108.0,0.0,0.0,5.0,0,Withdrawn
340378,BBB,2013B,Critical,9.51,96.0,0.0,0.0,3.0,0,Withdrawn
686633,BBB,2014J,Critical,9.51,64.0,0.0,0.0,4.0,0,Withdrawn
653206,FFF,2014J,Critical,9.51,18.0,0.0,0.0,7.0,0,Withdrawn
2138904,CCC,2014J,Critical,9.51,115.0,0.0,0.0,4.0,0,Withdrawn
584792,FFF,2013J,Critical,9.51,207.0,0.0,0.0,5.0,0,Withdrawn
625950,CCC,2014B,Critical,9.51,115.0,0.0,0.0,5.0,0,Withdrawn
617898,CCC,2014B,Critical,9.51,50.0,0.0,0.0,5.0,0,Withdrawn
255449,EEE,2013J,Critical,9.51,41.0,0.0,0.0,7.0,0,Withdrawn
578258,FFF,2013J,Critical,9.51,141.0,0.0,0.0,5.0,0,Withdrawn
684726,FFF,2014J,Critical,9.51,110.0,0.0,0.0,5.0,0,Withdrawn
1936935,FFF,2014B,Critical,9.51,160.0,0.0,0.0,5.0,1,Withdrawn
683360,FFF,2014J,Critical,9.51,73.0,0.0,0.0,7.0,0,Withdrawn
682719,FFF,2014J,Critical,9.51,131.0,0.0,0.0,7.0,0,Withdrawn
200863,BBB,2013B,Critical,9.51,148.0,0.0,0.0,3.0,1,Withdrawn
177639,BBB,2013B,Critical,9.51,77.0,0.0,0.0,5.0,1,Withdrawn
513796,FFF,2013J,Critical,9.51,172.0,0.0,0.0,6.0,0,Withdrawn
508232,FFF,2013J,Critical,9.51,71.0,0.0,0.0,8.0,1,Withdrawn
654671,FFF,2014J,Critical,9.51,97.0,0.0,0.0,6.0,0,Withdrawn
548800,BBB,2013B,Critical,9.51,81.0,0.0,0.0,3.0,0,Withdrawn
551674,DDD,2013J,Critical,9.51,244.0,0.0,0.0,11.0,1,Withdrawn
548851,DDD,2013J,Critical,9.51,315.0,0.0,0.0,21.0,0,Withdrawn
325518,EEE,2014J,Critical,9.51,75.0,0.0,0.0,7.0,0,Withdrawn
490665,CCC,2014B,Critical,9.51,49.0,0.0,0.0,6.0,0,Withdrawn
632780,EEE,2014B,Critical,9.51,90.0,0.0,0.0,5.0,0,Withdrawn
498877,DDD,2013J,Critical,9.51,41.0,0.0,0.0,5.0,0,Withdrawn
553753,EEE,2014J,Critical,9.51,112.0,0.0,0.0,7.0,0,Withdrawn
510435,EEE,2014J,Critical,9.51,331.0,0.0,0.0,12.0,2,Withdrawn
654671,CCC,2014J,Critical,9.51,98.0,0.0,0.0,6.0,0,Withdrawn
649783,EEE,2014J,Critical,9.51,120.0,0.0,0.0,6.0,0,Withdrawn
682575,EEE,2014J,Critical,9.51,86.0,0.0,0.0,7.0,0,Withdrawn
289826,FFF,2013J,Critical,9.51,92.0,0.0,0.0,7.0,1,Withdrawn
339624,FFF,2013J,Critical,9.51,89.0,0.0,0.0,7.0,0,Withdrawn
691978,EEE,2014J,Critical,9.51,196.0,0.0,1.0,14.0,0,Withdrawn
621899,BBB,2014J,Critical,9.51,67.0,0.0,0.0,5.0,1,Withdrawn
634785,GGG,2014J,Critical,9.51,73.0,0.0,0.0,4.0,0,Withdrawn
472981,FFF,2013B,Critical,9.51,115.0,0.0,0.0,7.0,0,Withdrawn
617212,FFF,2014B,Critical,9.51,105.0,0.0,0.0,8.0,0,Withdrawn
629735,FFF,2014B,Critical,9.51,47.0,0.0,0.0,6.0,0,Withdrawn
286067,FFF,2013B,Critical,9.51,116.0,0.0,0.0,7.0,1,Withdrawn
693147,CCC,2014J,Critical,9.51,164.0,0.0,0.0,3.0,0,Withdrawn
1994454,DDD,2014B,Critical,9.51,133.0,0.0,0.0,13.0,1,Withdrawn
476855,BBB,2013B,Critical,9.51,68.0,0.0,0.0,4.0,1,Withdrawn
654639,BBB,2014J,Critical,9.51,53.0,0.0,0.0,5.0,0,Withdrawn
305313,DDD,2013B,Critical,9.51,31.0,0.0,0.0,6.0,0,Withdrawn
649147,FFF,2014J,Critical,9.5,0.0,0.0,0.0,0.0,0,Withdrawn
685877,GGG,2014J,Critical,9.5,0.0,0.0,0.0,0.0,0,Withdrawn
135335,AAA,2013J,Critical,9.5,57.0,0.0,0.0,10.0,0,Withdrawn
648521,FFF,2014J,Critical,9.5,0.0,0.0,0.0,0.0,0,Withdrawn
651798,BBB,2014J,Critical,9.5,0.0,0.0,0.0,0.0,0,Withdrawn
2586748,FFF,2014J,Critical,9.5,34.0,0.0,0.0,1.0,1,Withdrawn
576098,BBB,2013J,Critical,9.5,0.0,0.0,0.0,0.0,0,Withdrawn
601855,FFF,2013J,Critical,9.5,0.0,0.0,0.0,0.0,0,Withdrawn
2661012,FFF,2014J,Critical,9.5,5.0,0.0,0.0,1.0,0,Withdrawn
631630,DDD,2014B,Critical,9.5,0.0,0.0,0.0,0.0,0,Withdrawn
590798,BBB,2014B,Critical,9.5,0.0,0.0,0.0,0.0,0,Withdrawn
606418,GGG,2013J,Critical,9.5,68.0,0.0,0.0,7.0,0,Withdrawn
301681,CCC,2014J,Critical,9.5,0.0,0.0,0.0,0.0,0,Withdrawn
612395,BBB,2014B,Critical,9.5,0.0,0.0,0.0,0.0,0,Withdrawn
539668,FFF,2013B,Critical,9.5,0.0,0.0,0.0,0.0,0,Withdrawn
678016,BBB,2014J,Critical,9.5,6.0,0.0,0.0,1.0,0,Withdrawn
677864,BBB,2014J,Critical,9.5,0.0,0.0,0.0,0.0,0,Withdrawn
677411,BBB,2014J,Critical,9.5,0.0,0.0,0.0,0.0,0,Withdrawn
677190,BBB,2014J,Critical,9.5,0.0,0.0,0.0,0.0,0,Withdrawn
678398,BBB,2014J,Critical,9.5,0.0,0.0,0.0,0.0,0,Withdrawn
648247,BBB,2014J,Critical,9.5,0.0,0.0,0.0,0.0,0,Withdrawn
650321,FFF,2014J,Critical,9.5,0.0,0.0,0.0,0.0,0,Withdrawn
2578041,BBB,2013B,Critical,9.5,0.0,0.0,0.0,0.0,0,Withdrawn
490733,BBB,2013B,Critical,9.5,0.0,0.0,0.0,0.0,0,Withdrawn
2631092,DDD,2014B,Critical,9.5,13.0,0.0,0.0,1.0,0,Withdrawn
612805,DDD,2014B,Critical,9.5,0.0,0.0,0.0,0.0,0,Withdrawn
652025,FFF,2014J,Critical,9.5,0.0,0.0,0.0,0.0,0,Withdrawn
599105,FFF,2014B,Critical,9.5,0.0,0.0,0.0,0.0,0,Withdrawn
629404,FFF,2014B,Critical,9.5,177.0,0.0,0.0,7.0,0,Withdrawn
392217,FFF,2013B,Critical,9.5,0.0,0.0,0.0,0.0,1,Withdrawn
695125,BBB,2014J,Critical,9.5,0.0,0.0,0.0,0.0,0,Withdrawn
342208,FFF,2013B,Critical,9.5,35.0,0.0,0.0,1.0,0,Withdrawn
697514,BBB,2014J,Critical,9.5,0.0,0.0,0.0,0.0,0,Withdrawn
608319,BBB,2014J,Critical,9.5,0.0,0.0,0.0,0.0,1,Withdrawn
675116,CCC,2014J,Critical,9.5,0.0,0.0,0.0,0.0,0,Withdrawn
691008,CCC,2014J,Critical,9.5,0.0,0.0,0.0,0.0,0,Withdrawn
92166,DDD,2013J,Critical,9.5,0.0,0.0,0.0,0.0,3,Withdrawn
74130,DDD,2013J,Critical,9.5,0.0,0.0,0.0,0.0,1,Withdrawn
638561,GGG,2014J,Critical,9.5,0.0,0.0,0.0,0.0,0,Withdrawn
598901,BBB,2013J,Critical,9.5,0.0,0.0,0.0,0.0,0,Withdrawn
497898,DDD,2013B,Critical,9.5,0.0,0.0,0.0,0.0,0,Withdrawn
677022,GGG,2014J,Critical,9.5,68.0,0.0,0.0,8.0,0,Withdrawn
692537,BBB,2014J,Critical,9.5,0.0,0.0,0.0,0.0,0,Withdrawn
617804,BBB,2014J,Critical,9.5,0.0,0.0,0.0,0.0,0,Withdrawn
693709,BBB,2014J,Critical,9.5,0.0,0.0,0.0,0.0,0,Withdrawn
611046,BBB,2013J,Critical,9.5,0.0,0.0,0.0,0.0,0,Withdrawn
485412,FFF,2013B,Critical,9.5,0.0,0.0,0.0,0.0,1,Withdrawn
640774,FFF,2014J,Critical,9.5,0.0,0.0,0.0,0.0,0,Withdrawn
640393,FFF,2014J,Critical,9.5,0.0,0.0,0.0,0.0,0,Withdrawn
395358,BBB,2013J,Critical,9.5,0.0,0.0,0.0,0.0,0,Withdrawn
689778,BBB,2014J,Critical,9.5,92.0,0.0,0.0,6.0,0,Withdrawn
692855,BBB,2014J,Critical,9.5,0.0,0.0,0.0,0.0,0,Withdrawn
655627,FFF,2014J,Critical,9.5,0.0,0.0,0.0,0.0,0,Withdrawn
655402,FFF,2014J,Critical,9.5,0.0,0.0,0.0,0.0,0,Withdrawn
607517,BBB,2013J,Critical,9.5,130.0,0.0,0.0,4.0,0,Withdrawn
610748,BBB,2013J,Critical,9.5,0.0,0.0,0.0,0.0,0,Withdrawn
627522,FFF,2014B,Critical,9.5,0.0,0.0,0.0,0.0,0,Withdrawn
697554,CCC,2014J,Critical,9.5,2.0,0.0,0.0,1.0,0,Withdrawn
530960,BBB,2014J,Critical,9.5,0.0,0.0,0.0,0.0,0,Withdrawn
357485,CCC,2014B,Critical,9.5,0.0,0.0,0.0,0.0,0,Withdrawn
426097,DDD,2013J,Critical,9.5,0.0,0.0,0.0,0.0,0,Withdrawn
677566,CCC,2014J,Critical,9.5,0.0,0.0,0.0,0.0,0,Withdrawn
681789,CCC,2014J,Critical,9.5,0.0,0.0,0.0,0.0,0,Withdrawn
399863,DDD,2013J,Critical,9.5,0.0,0.0,0.0,0.0,0,Withdrawn
337314,DDD,2013J,Critical,9.5,0.0,0.0,0.0,0.0,1,Withdrawn
1888723,BBB,2014J,Critical,9.5,0.0,0.0,0.0,0.0,0,Withdrawn
698498,BBB,2014J,Critical,9.5,0.0,0.0,0.0,0.0,0,Withdrawn
556585,BBB,2013B,Critical,9.5,0.0,0.0,0.0,0.0,0,Withdrawn
2159336,BBB,2014J,Critical,9.5,0.0,0.0,0.0,0.0,1,Withdrawn
301128,FFF,2013J,Critical,9.5,0.0,0.0,0.0,0.0,0,Withdrawn
676128,FFF,2014J,Critical,9.5,0.0,0.0,0.0,0.0,0,Withdrawn
675046,FFF,2014J,Critical,9.5,0.0,0.0,0.0,0.0,0,Withdrawn
353066,FFF,2013J,Critical,9.5,0.0,0.0,0.0,0.0,0,Withdrawn
654943,FFF,2014J,Critical,9.5,0.0,0.0,0.0,0.0,0,Withdrawn
408371,CCC,2014B,Critical,9.5,100.0,0.0,0.0,10.0,0,Withdrawn
399863,CCC,2014B,Critical,9.5,0.0,0.0,0.0,0.0,0,Withdrawn
643200,EEE,2014J,Critical,9.5,141.0,0.0,0.0,7.0,0,Withdrawn
655627,CCC,2014J,Critical,9.5,0.0,0.0,0.0,0.0,0,Withdrawn
140938,GGG,2014J,Critical,9.5,0.0,0.0,0.0,0.0,0,Withdrawn
2477545,GGG,2014B,Critical,9.5,54.0,0.0,0.0,7.0,0,Withdrawn
476906,DDD,2013J,Critical,9.5,0.0,0.0,0.0,0.0,0,Withdrawn
631195,FFF,2014B,Critical,9.5,139.0,0.0,0.0,9.0,0,Withdrawn
595420,BBB,2013J,Critical,9.5,0.0,0.0,0.0,0.0,0,Withdrawn
630032,FFF,2014B,Critical,9.5,0.0,0.0,0.0,0.0,0,Withdrawn
554454,BBB,2013B,Critical,9.5,0.0,0.0,0.0,0.0,0,Withdrawn
584283,BBB,2014J,Critical,9.5,0.0,0.0,0.0,0.0,0,Withdrawn
579031,BBB,2014J,Critical,9.5,0.0,0.0,0.0,0.0,0,Withdrawn
272103,CCC,2014B,Critical,9.5,0.0,0.0,0.0,0.0,0,Withdrawn
678287,FFF,2014J,Critical,9.5,0.0,0.0,0.0,0.0,0,Withdrawn
652606,EEE,2014J,Critical,9.5,0.0,0.0,0.0,0.0,0,Withdrawn
87604,BBB,2013B,Critical,9.5,0.0,0.0,0.0,0.0,0,Withdrawn
506597,DDD,2013J,Critical,9.5,0.0,0.0,0.0,0.0,1,Withdrawn
551589,EEE,2014J,Critical,9.5,126.0,0.0,0.0,10.0,0,Withdrawn
472856,CCC,2014B,Critical,9.5,5.0,0.0,0.0,1.0,0,Withdrawn
494414,FFF,2013J,Critical,9.5,0.0,0.0,0.0,0.0,0,Withdrawn
353066,CCC,2014B,Critical,9.5,0.0,0.0,0.0,0.0,0,Withdrawn
651616,CCC,2014J,Critical,9.5,129.0,0.0,0.0,6.0,0,Withdrawn
652570,CCC,2014J,Critical,9.5,0.0,0.0,0.0,0.0,0,Withdrawn
554597,FFF,2014B,Critical,9.5,0.0,0.0,0.0,0.0,0,Withdrawn
541478,FFF,2014B,Critical,9.5,0.0,0.0,0.0,0.0,0,Withdrawn
649755,EEE,2014J,Critical,9.5,0.0,0.0,0.0,0.0,0,Withdrawn
367807,CCC,2014B,Critical,9.5,0.0,0.0,0.0,0.0,0,Withdrawn
526789,BBB,2014J,Critical,9.5,0.0,0.0,0.0,0.0,0,Withdrawn
511962,BBB,2014J,Critical,9.5,0.0,0.0,0.0,0.0,0,Withdrawn
411939,FFF,2013J,Critical,9.5,394.0,0.0,0.0,4.0,1,Withdrawn
647405,EEE,2014J,Critical,9.5,0.0,0.0,0.0,0.0,0,Withdrawn
646751,CCC,2014J,Critical,9.5,0.0,0.0,0.0,0.0,0,Withdrawn
200506,BBB,2014B,Critical,9.5,0.0,0.0,0.0,0.0,0,Withdrawn
518709,DDD,2013J,Critical,9.5,114.0,0.0,0.0,9.0,0,Withdrawn
648521,CCC,2014J,Critical,9.5,0.0,0.0,0.0,0.0,0,Withdrawn
548831,BBB,2013B,Critical,9.5,10.0,0.0,0.0,1.0,0,Withdrawn
2554047,EEE,2014B,Critical,9.5,15.0,0.0,0.0,1.0,0,Withdrawn
562548,DDD,2013J,Critical,9.5,0.0,0.0,0.0,0.0,0,Withdrawn
592406,BBB,2013J,Critical,9.5,0.0,0.0,0.0,0.0,0,Withdrawn
619887,FFF,2014J,Critical,9.5,0.0,0.0,0.0,0.0,1,Withdrawn
612763,FFF,2014J,Critical,9.5,0.0,0.0,0.0,0.0,0,Withdrawn
488854,BBB,2014J,Critical,9.5,0.0,0.0,0.0,0.0,0,Withdrawn
446746,FFF,2013J,Critical,9.5,243.0,0.0,0.0,8.0,1,Withdrawn
649394,CCC,2014J,Critical,9.5,2.0,0.0,0.0,1.0,0,Withdrawn
632267,GGG,2014B,Critical,9.5,84.0,0.0,0.0,6.0,0,Withdrawn
632841,FFF,2014B,Critical,9.5,0.0,0.0,0.0,0.0,0,Withdrawn
521073,FFF,2014B,Critical,9.5,0.0,0.0,0.0,0.0,2,Withdrawn
646401,GGG,2014J,Critical,9.5,11.0,0.0,0.0,1.0,0,Withdrawn
601424,BBB,2013J,Critical,9.5,0.0,0.0,0.0,0.0,0,Withdrawn
617557,FFF,2014B,Critical,9.5,0.0,0.0,0.0,0.0,0,Withdrawn
682289,BBB,2014J,Critical,9.5,0.0,0.0,0.0,0.0,0,Withdrawn
545799,BBB,2013B,Critical,9.5,0.0,0.0,0.0,0.0,0,Withdrawn
548321,BBB,2013B,Critical,9.5,0.0,0.0,0.0,0.0,0,Withdrawn
584362,FFF,2014J,Critical,9.5,19.0,0.0,0.0,1.0,1,Withdrawn
366791,BBB,2014J,Critical,9.5,0.0,0.0,0.0,0.0,1,Withdrawn
589083,EEE,2014B,Critical,9.5,0.0,0.0,0.0,0.0,0,Withdrawn
589001,EEE,2014B,Critical,9.5,3.0,0.0,0.0,1.0,0,Withdrawn
556007,CCC,2014B,Critical,9.5,0.0,0.0,0.0,0.0,0,Withdrawn
551823,FFF,2013J,Critical,9.5,0.0,0.0,0.0,0.0,0,Withdrawn
330981,BBB,2014J,Critical,9.5,0.0,0.0,0.0,0.0,0,Withdrawn
501414,BBB,2014J,Critical,9.5,0.0,0.0,0.0,0.0,0,Withdrawn
402906,EEE,2014J,Critical,9.5,0.0,0.0,0.0,0.0,0,Withdrawn
337741,EEE,2014J,Critical,9.5,0.0,0.0,0.0,0.0,0,Withdrawn
2198356,EEE,2013J,Critical,9.5,0.0,0.0,0.0,0.0,0,Withdrawn
562428,FFF,2013J,Critical,9.5,0.0,0.0,0.0,0.0,0,Withdrawn
607883,EEE,2013J,Critical,9.5,0.0,0.0,0.0,0.0,0,Withdrawn
418206,BBB,2014J,Critical,9.5,0.0,0.0,0.0,0.0,0,Withdrawn
535590,CCC,2014B,Critical,9.5,0.0,0.0,0.0,0.0,0,Withdrawn
687444,BBB,2014J,Critical,9.5,0.0,0.0,0.0,0.0,0,Withdrawn
687369,BBB,2014J,Critical,9.5,4.0,0.0,0.0,1.0,0,Withdrawn
2610837,FFF,2013B,Critical,9.5,0.0,0.0,0.0,0.0,1,Withdrawn
641045,BBB,2014J,Critical,9.5,0.0,0.0,0.0,0.0,0,Withdrawn
688997,BBB,2014J,Critical,9.5,91.0,0.0,0.0,6.0,0,Withdrawn
2685154,FFF,2013B,Critical,9.5,17.0,0.0,0.0,1.0,0,Withdrawn
654432,FFF,2014J,Critical,9.5,70.0,0.0,0.0,10.0,0,Withdrawn
688522,BBB,2014J,Critical,9.5,0.0,0.0,0.0,0.0,0,Withdrawn
495318,FFF,2013B,Critical,9.5,0.0,0.0,0.0,0.0,0,Withdrawn
1060973,DDD,2013B,Critical,9.5,0.0,0.0,0.0,0.0,0,Withdrawn
647442,GGG,2014J,Critical,9.5,112.0,0.0,0.0,4.0,0,Withdrawn
592684,CCC,2014B,Critical,9.5,0.0,0.0,0.0,0.0,0,Withdrawn
541727,BBB,2013B,Critical,9.5,92.0,0.0,0.0,7.0,0,Withdrawn
574237,FFF,2013J,Critical,9.5,0.0,0.0,0.0,0.0,0,Withdrawn
568443,FFF,2014J,Critical,9.5,0.0,0.0,0.0,0.0,0,Withdrawn
560924,EEE,2013J,Critical,9.5,4.0,0.0,0.0,1.0,0,Withdrawn
612709,GGG,2014B,Critical,9.5,0.0,0.0,0.0,0.0,0,Withdrawn
584594,FFF,2014J,Critical,9.5,166.0,0.0,0.0,8.0,1,Withdrawn
571682,DDD,2013J,Critical,9.5,0.0,0.0,0.0,0.0,0,Withdrawn
569743,DDD,2013J,Critical,9.5,0.0,0.0,0.0,0.0,0,Withdrawn
637086,CCC,2014J,Critical,9.5,0.0,0.0,0.0,0.0,0,Withdrawn
636743,CCC,2014J,Critical,9.5,0.0,0.0,0.0,0.0,0,Withdrawn
622482,GGG,2014B,Critical,9.5,0.0,0.0,0.0,0.0,0,Withdrawn
590478,BBB,2013J,Critical,9.5,0.0,0.0,0.0,0.0,0,Withdrawn
590244,BBB,2013J,Critical,9.5,0.0,0.0,0.0,0.0,0,Withdrawn
683628,FFF,2014J,Critical,9.5,13.0,0.0,0.0,1.0,0,Withdrawn
566704,CCC,2014B,Critical,9.5,142.0,0.0,0.0,8.0,0,Withdrawn
348708,EEE,2013J,Critical,9.5,255.0,0.0,0.0,5.0,0,Withdrawn
336277,EEE,2013J,Critical,9.5,2.0,0.0,0.0,1.0,0,Withdrawn
330354,EEE,2013J,Critical,9.5,0.0,0.0,0.0,0.0,0,Withdrawn
604665,CCC,2014B,Critical,9.5,0.0,0.0,0.0,0.0,0,Withdrawn
125619,EEE,2013J,Critical,9.5,0.0,0.0,0.0,0.0,0,Withdrawn
578649,FFF,2013J,Critical,9.5,0.0,0.0,0.0,0.0,0,Withdrawn
577688,FFF,2013J,Critical,9.5,0.0,0.0,0.0,0.0,0,Withdrawn
606190,EEE,2013J,Critical,9.5,1.0,0.0,0.0,1.0,0,Withdrawn
577688,CCC,2014B,Critical,9.5,0.0,0.0,0.0,0.0,0,Withdrawn
589580,BBB,2013J,Critical,9.5,0.0,0.0,0.0,0.0,0,Withdrawn
571044,FFF,2013J,Critical,9.5,0.0,0.0,0.0,0.0,0,Withdrawn
570023,FFF,2013J,Critical,9.5,272.0,0.0,0.0,30.0,0,Withdrawn
583427,EEE,2013J,Critical,9.5,0.0,0.0,0.0,0.0,0,Withdrawn
577887,EEE,2013J,Critical,9.5,130.0,0.0,0.0,8.0,0,Withdrawn
590881,CCC,2014B,Critical,9.5,0.0,0.0,0.0,0.0,0,Withdrawn
573944,EEE,2013J,Critical,9.5,242.0,0.0,0.0,6.0,0,Withdrawn
2546595,DDD,2014J,Critical,9.5,8.0,0.0,0.0,1.0,0,Withdrawn
2524969,DDD,2014J,Critical,9.5,0.0,0.0,0.0,0.0,0,Withdrawn
613390,CCC,2014B,Critical,9.5,0.0,0.0,0.0,0.0,0,Withdrawn
612805,CCC,2014B,Critical,9.5,0.0,0.0,0.0,0.0,0,Withdrawn
565819,BBB,2013J,Critical,9.5,0.0,0.0,0.0,0.0,0,Withdrawn
621619,CCC,2014B,Critical,9.5,8.0,0.0,0.0,1.0,0,Withdrawn
629983,BBB,2014B,Critical,9.5,0.0,0.0,0.0,0.0,0,Withdrawn
691008,DDD,2014J,Critical,9.5,0.0,0.0,0.0,0.0,0,Withdrawn
600753,DDD,2013J,Critical,9.5,0.0,0.0,0.0,0.0,0,Withdrawn
583221,DDD,2013J,Critical,9.5,0.0,0.0,0.0,0.0,0,Withdrawn
2022750,FFF,2014B,Critical,9.5,0.0,0.0,0.0,0.0,0,Withdrawn
587665,BBB,2013J,Critical,9.5,0.0,0.0,0.0,0.0,0,Withdrawn
587623,BBB,2013J,Critical,9.5,0.0,0.0,0.0,0.0,0,Withdrawn
302363,FFF,2014B,Critical,9.5,0.0,0.0,0.0,0.0,0,Withdrawn
197097,FFF,2014B,Critical,9.5,0.0,0.0,0.0,0.0,0,Withdrawn
466430,EEE,2013J,Critical,9.5,0.0,0.0,0.0,0.0,0,Withdrawn
649849,FFF,2014J,Critical,9.5,32.0,0.0,0.0,1.0,0,Withdrawn
556203,FFF,2013B,Critical,9.5,0.0,0.0,0.0,0.0,0,Withdrawn
688285,DDD,2014J,Critical,9.5,0.0,0.0,0.0,0.0,0,Withdrawn
629505,BBB,2014B,Critical,9.5,0.0,0.0,0.0,0.0,0,Withdrawn
586249,FFF,2013J,Critical,9.5,0.0,0.0,0.0,0.0,0,Withdrawn
585389,FFF,2013J,Critical,9.5,0.0,0.0,0.0,0.0,0,Withdrawn
630957,BBB,2014B,Critical,9.5,0.0,0.0,0.0,0.0,0,Withdrawn
685403,DDD,2014J,Critical,9.5,0.0,0.0,0.0,0.0,0,Withdrawn
375312,BBB,2013B,Critical,9.5,0.0,0.0,0.0,0.0,1,Withdrawn
369212,BBB,2013B,Critical,9.5,0.0,0.0,0.0,0.0,1,Withdrawn
2639205,DDD,2014J,Critical,9.5,0.0,0.0,0.0,0.0,0,Withdrawn
608549,CCC,2014B,Critical,9.5,0.0,0.0,0.0,0.0,0,Withdrawn
589630,DDD,2013J,Critical,9.5,0.0,0.0,0.0,0.0,0,Withdrawn
496547,BBB,2014B,Critical,9.5,0.0,0.0,0.0,0.0,1,Withdrawn
586317,DDD,2013J,Critical,9.5,0.0,0.0,0.0,0.0,0,Withdrawn
615487,GGG,2014B,Critical,9.5,0.0,0.0,0.0,0.0,0,Withdrawn
604340,CCC,2014J,Critical,9.5,0.0,0.0,0.0,0.0,0,Withdrawn
553640,GGG,2014B,Critical,9.5,0.0,0.0,0.0,0.0,0,Withdrawn
597192,DDD,2013J,Critical,9.5,0.0,0.0,0.0,0.0,0,Withdrawn
585764,BBB,2013J,Critical,9.5,99.0,0.0,0.0,8.0,0,Withdrawn
507009,BBB,2014B,Critical,9.5,115.0,0.0,0.0,5.0,0,Withdrawn
526420,FFF,2013B,Critical,9.5,0.0,0.0,0.0,0.0,0,Withdrawn
524984,FFF,2013B,Critical,9.5,16.0,0.0,0.0,1.0,0,Withdrawn
1839785,FFF,2013B,Critical,9.5,9.0,0.0,0.0,1.0,0,Withdrawn
645510,BBB,2014J,Critical,9.5,0.0,0.0,0.0,0.0,0,Withdrawn
519500,FFF,2013B,Critical,9.5,0.0,0.0,0.0,0.0,0,Withdrawn
653616,FFF,2014J,Critical,9.5,0.0,0.0,0.0,0.0,0,Withdrawn
342678,BBB,2013J,Critical,9.5,0.0,0.0,0.0,0.0,1,Withdrawn
607607,BBB,2013J,Critical,9.5,8.0,0.0,0.0,1.0,0,Withdrawn
554046,DDD,2013B,Critical,9.5,0.0,0.0,0.0,0.0,0,Withdrawn
651748,GGG,2014J,Critical,9.5,2.0,0.0,0.0,1.0,0,Withdrawn
2570633,BBB,2013B,Critical,9.5,1.0,0.0,0.0,1.0,0,Withdrawn
604952,DDD,2013J,Critical,9.5,84.0,0.0,0.0,9.0,0,Withdrawn
531290,BBB,2014B,Critical,9.5,0.0,0.0,0.0,0.0,0,Withdrawn
603953,DDD,2013J,Critical,9.5,0.0,0.0,0.0,0.0,0,Withdrawn
600859,DDD,2013J,Critical,9.5,68.0,0.0,0.0,10.0,0,Withdrawn
689585,FFF,2014J,Critical,9.5,2.0,0.0,0.0,1.0,0,Withdrawn
689533,FFF,2014J,Critical,9.5,0.0,0.0,0.0,0.0,0,Withdrawn
572054,BBB,2013J,Critical,9.5,0.0,0.0,0.0,0.0,0,Withdrawn
570862,BBB,2013J,Critical,9.5,2.0,0.0,0.0,1.0,0,Withdrawn
678382,DDD,2014J,Critical,9.5,0.0,0.0,0.0,0.0,0,Withdrawn
674419,DDD,2014J,Critical,9.5,88.0,0.0,0.0,9.0,0,Withdrawn
656115,DDD,2014J,Critical,9.5,75.0,0.0,0.0,8.0,0,Withdrawn
627670,BBB,2014B,Critical,9.5,0.0,0.0,0.0,0.0,0,Withdrawn
532928,BBB,2013B,Critical,9.5,224.0,0.0,0.0,3.0,0,Withdrawn
588796,FFF,2013J,Critical,9.5,5.0,0.0,0.0,1.0,0,Withdrawn
627252,BBB,2014B,Critical,9.5,0.0,0.0,0.0,0.0,0,Withdrawn
651963,DDD,2014J,Critical,9.5,1.0,0.0,0.0,1.0,0,Withdrawn
695380,FFF,2014J,Critical,9.5,188.0,0.0,0.0,9.0,0,Withdrawn
620950,BBB,2014B,Critical,9.5,3.0,0.0,0.0,1.0,0,Withdrawn
593532,FFF,2013J,Critical,9.5,30.0,0.0,0.0,1.0,0,Withdrawn
2579683,DDD,2013J,Critical,9.5,96.0,0.0,0.0,8.0,0,Withdrawn
2505413,DDD,2013J,Critical,9.5,0.0,0.0,0.0,0.0,0,Withdrawn
2445016,DDD,2013J,Critical,9.5,0.0,0.0,0.0,0.0,1,Withdrawn
585342,BBB,2013J,Critical,9.5,0.0,0.0,0.0,0.0,0,Withdrawn
584676,BBB,2013J,Critical,9.5,0.0,0.0,0.0,0.0,0,Withdrawn
584534,BBB,2013J,Critical,9.5,0.0,0.0,0.0,0.0,0,Withdrawn
584374,BBB,2013J,Critical,9.5,0.0,0.0,0.0,0.0,0,Withdrawn
558702,BBB,2014B,Critical,9.5,0.0,0.0,0.0,0.0,0,Withdrawn
649394,DDD,2014J,Critical,9.5,5.0,0.0,0.0,1.0,0,Withdrawn
625307,BBB,2014B,Critical,9.5,0.0,0.0,0.0,0.0,0,Withdrawn
530483,BBB,2013B,Critical,9.5,0.0,0.0,0.0,0.0,0,Withdrawn
387276,BBB,2013B,Critical,9.5,0.0,0.0,0.0,0.0,1,Withdrawn
379405,BBB,2013B,Critical,9.5,0.0,0.0,0.0,0.0,0,Withdrawn
566560,DDD,2014J,Critical,9.5,0.0,0.0,0.0,0.0,0,Withdrawn
619265,BBB,2014B,Critical,9.5,0.0,0.0,0.0,0.0,0,Withdrawn
548486,DDD,2014J,Critical,9.5,99.0,0.0,0.0,6.0,1,Withdrawn
400718,BBB,2013B,Critical,9.5,0.0,0.0,0.0,0.0,1,Withdrawn
124847,DDD,2014B,Critical,9.5,0.0,0.0,0.0,0.0,0,Withdrawn
2630796,DDD,2013J,Critical,9.5,0.0,0.0,0.0,0.0,0,Withdrawn
622767,BBB,2014B,Critical,9.5,0.0,0.0,0.0,0.0,0,Withdrawn
624663,BBB,2014B,Critical,9.5,0.0,0.0,0.0,0.0,0,Withdrawn
591411,FFF,2013J,Critical,9.5,16.0,0.0,0.0,1.0,0,Withdrawn
591057,FFF,2013J,Critical,9.5,0.0,0.0,0.0,0.0,0,Withdrawn
640054,DDD,2014J,Critical,9.5,0.0,0.0,0.0,0.0,0,Withdrawn
633525,DDD,2014J,Critical,9.5,0.0,0.0,0.0,0.0,0,Withdrawn
2198356,CCC,2014B,Critical,9.5,0.0,0.0,0.0,0.0,0,Withdrawn
2148297,CCC,2014B,Critical,9.5,2.0,0.0,0.0,1.0,0,Withdrawn
574962,BBB,2013J,Critical,9.5,0.0,0.0,0.0,0.0,0,Withdrawn
592563,FFF,2013J,Critical,9.5,0.0,0.0,0.0,0.0,0,Withdrawn
483343,DDD,2014J,Critical,9.5,0.0,0.0,0.0,0.0,0,Withdrawn
697581,FFF,2014J,Critical,9.5,0.0,0.0,0.0,0.0,0,Withdrawn
697554,FFF,2014J,Critical,9.5,1.0,0.0,0.0,1.0,0,Withdrawn
576985,BBB,2013J,Critical,9.5,0.0,0.0,0.0,0.0,0,Withdrawn
613896,BBB,2014B,Critical,9.5,0.0,0.0,0.0,0.0,0,Withdrawn
444625,DDD,2014J,Critical,9.5,0.0,0.0,0.0,0.0,0,Withdrawn
441354,DDD,2014J,Critical,9.5,16.0,0.0,0.0,1.0,0,Withdrawn
591742,DDD,2014B,Critical,9.5,0.0,0.0,0.0,0.0,0,Withdrawn
572235,DDD,2014B,Critical,9.5,150.0,0.0,0.0,6.0,0,Withdrawn
520230,BBB,2013B,Critical,9.5,0.0,0.0,0.0,0.0,0,Withdrawn
603490,DDD,2014J,Critical,9.5,94.0,0.0,0.0,8.0,0,Withdrawn
315633,DDD,2014B,Critical,9.5,0.0,0.0,0.0,0.0,0,Withdrawn
250058,DDD,2014B,Critical,9.5,0.0,0.0,0.0,0.0,0,Withdrawn
583235,BBB,2013J,Critical,9.5,0.0,0.0,0.0,0.0,0,Withdrawn
244438,DDD,2014B,Critical,9.5,112.0,0.0,0.0,7.0,1,Withdrawn
575272,DDD,2014J,Critical,9.5,0.0,0.0,0.0,0.0,0,Withdrawn
584836,GGG,2013J,Critical,9.5,11.0,0.0,0.0,1.0,0,Withdrawn
606369,FFF,2013J,Critical,9.5,0.0,0.0,0.0,0.0,0,Withdrawn
615047,BBB,2014B,Critical,9.5,0.0,0.0,0.0,0.0,0,Withdrawn
332676,FFF,2014J,Critical,9.5,0.0,0.0,0.0,0.0,1,Withdrawn
319325,DDD,2014J,Critical,9.5,6.0,0.0,0.0,1.0,0,Withdrawn
325518,CCC,2014J,Critical,9.5,132.0,0.0,0.0,7.0,0,Withdrawn
111415,DDD,2014J,Critical,9.5,0.0,0.0,0.0,0.0,1,Withdrawn
101187,DDD,2014J,Critical,9.5,0.0,0.0,0.0,0.0,0,Withdrawn
75309,DDD,2014J,Critical,9.5,0.0,0.0,0.0,0.0,1,Withdrawn
607973,BBB,2014B,Critical,9.5,0.0,0.0,0.0,0.0,0,Withdrawn
613641,BBB,2014B,Critical,9.5,0.0,0.0,0.0,0.0,0,Withdrawn
602997,GGG,2013J,Critical,9.5,119.0,0.0,0.0,5.0,0,Withdrawn
586133,BBB,2014B,Critical,9.5,0.0,0.0,0.0,0.0,0,Withdrawn
513368,BBB,2013B,Critical,9.5,0.0,0.0,0.0,0.0,0,Withdrawn
616816,BBB,2014B,Critical,9.5,0.0,0.0,0.0,0.0,0,Withdrawn
596480,FFF,2013J,Critical,9.5,164.0,0.0,0.0,10.0,0,Withdrawn
2499850,DDD,2014B,Critical,9.5,0.0,0.0,0.0,0.0,1,Withdrawn
535169,DDD,2013B,Critical,9.5,0.0,0.0,0.0,0.0,0,Withdrawn
530137,DDD,2013B,Critical,9.5,0.0,0.0,0.0,0.0,0,Withdrawn
423474,DDD,2013B,Critical,9.5,0.0,0.0,0.0,0.0,0,Withdrawn
518451,DDD,2013B,Critical,9.5,15.0,0.0,0.0,1.0,0,Withdrawn
601491,BBB,2013J,Critical,9.5,0.0,0.0,0.0,0.0,0,Withdrawn
651586,BBB,2014J,Critical,9.5,0.0,0.0,0.0,0.0,0,Withdrawn
651030,BBB,2014J,Critical,9.5,0.0,0.0,0.0,0.0,0,Withdrawn
552614,FFF,2013B,Critical,9.5,0.0,0.0,0.0,0.0,0,Withdrawn
652017,BBB,2014J,Critical,9.5,0.0,0.0,0.0,0.0,0,Withdrawn
652906,BBB,2014J,Critical,9.5,0.0,0.0,0.0,0.0,0,Withdrawn
474966,DDD,2013B,Critical,9.5,107.0,0.0,0.0,8.0,1,Withdrawn
698065,GGG,2014J,Critical,9.5,77.0,0.0,0.0,7.0,0,Withdrawn
623232,FFF,2014B,Critical,9.5,0.0,0.0,0.0,0.0,0,Withdrawn
464615,DDD,2013B,Critical,9.5,0.0,0.0,0.0,0.0,0,Withdrawn
156788,BBB,2013J,Critical,9.5,0.0,0.0,0.0,0.0,0,Withdrawn
656112,BBB,2014J,Critical,9.5,0.0,0.0,0.0,0.0,0,Withdrawn
655878,BBB,2014J,Critical,9.5,0.0,0.0,0.0,0.0,0,Withdrawn
555653,FFF,2013B,Critical,9.5,152.0,0.0,0.0,9.0,0,Withdrawn
555168,FFF,2013B,Critical,9.5,49.0,0.0,0.0,1.0,0,Withdrawn
675116,BBB,2014J,Critical,9.5,0.0,0.0,0.0,0.0,0,Withdrawn
675047,BBB,2014J,Critical,9.5,0.0,0.0,0.0,0.0,0,Withdrawn
674501,BBB,2014J,Critical,9.5,0.0,0.0,0.0,0.0,0,Withdrawn
643085,GGG,2014J,Critical,9.5,0.0,0.0,0.0,0.0,0,Withdrawn
2521574,FFF,2014J,Critical,9.5,0.0,0.0,0.0,0.0,0,Withdrawn
623997,DDD,2014B,Critical,9.5,0.0,0.0,0.0,0.0,0,Withdrawn
623601,DDD,2014B,Critical,9.5,0.0,0.0,0.0,0.0,0,Withdrawn
619908,DDD,2014B,Critical,9.5,0.0,0.0,0.0,0.0,0,Withdrawn
260275,FFF,2014J,Critical,9.5,4.0,0.0,0.0,1.0,0,Withdrawn
648373,FFF,2014J,Critical,9.5,0.0,0.0,0.0,0.0,0,Withdrawn
598836,BBB,2014B,Critical,9.5,3.0,0.0,0.0,1.0,0,Withdrawn
607214,DDD,2014B,Critical,9.5,0.0,0.0,0.0,0.0,0,Withdrawn
555539,FFF,2013B,Critical,9.49,28.0,0.0,0.0,4.0,0,Withdrawn
653244,BBB,2014J,Critical,9.49,48.0,0.0,0.0,2.0,0,Withdrawn
653385,BBB,2014J,Critical,9.49,110.0,1.0,1.0,13.0,0,Withdrawn
251916,FFF,2014J,Critical,9.49,46.0,0.0,0.0,3.0,0,Withdrawn
620793,DDD,2014B,Critical,9.49,35.0,0.0,0.0,3.0,0,Withdrawn
622199,DDD,2014B,Critical,9.49,7.0,0.0,0.0,2.0,0,Withdrawn
606797,BBB,2013J,Critical,9.49,20.0,0.0,0.0,3.0,0,Withdrawn
653249,GGG,2014J,Critical,9.49,27.0,0.0,0.0,3.0,0,Withdrawn
543383,DDD,2013B,Critical,9.49,31.0,0.0,0.0,2.0,0,Withdrawn
2041743,CCC,2014J,Critical,9.49,49.0,0.0,0.0,2.0,0,Withdrawn
235258,BBB,2013J,Critical,9.49,15.0,0.0,0.0,1.0,0,Withdrawn
539774,FFF,2013B,Critical,9.49,336.0,0.0,0.0,10.0,0,Withdrawn
559019,FFF,2013B,Critical,9.49,16.0,0.0,0.0,3.0,0,Withdrawn
600541,BBB,2013J,Critical,9.49,49.0,0.0,0.0,2.0,0,Withdrawn
517362,FFF,2013B,Critical,9.49,237.0,0.0,1.0,12.0,1,Withdrawn
625835,GGG,2014J,Critical,9.49,79.0,0.0,0.0,11.0,0,Withdrawn
638417,BBB,2014J,Critical,9.49,71.0,0.0,0.0,1.0,0,Withdrawn
608173,FFF,2014B,Critical,9.49,223.0,0.0,0.0,11.0,0,Withdrawn
640835,GGG,2014J,Critical,9.49,12.0,0.0,0.0,3.0,0,Withdrawn
237418,DDD,2013J,Critical,9.49,141.0,0.0,0.0,10.0,0,Withdrawn
383608,GGG,2014J,Critical,9.49,9.0,0.0,0.0,2.0,0,Withdrawn
604027,DDD,2014B,Critical,9.49,9.0,0.0,0.0,2.0,1,Withdrawn
447007,BBB,2013B,Critical,9.49,80.0,0.0,0.0,12.0,0,Withdrawn
689352,CCC,2014J,Critical,9.49,3.0,0.0,0.0,2.0,0,Withdrawn
414077,DDD,2013J,Critical,9.49,231.0,0.0,0.0,7.0,0,Withdrawn
2045569,BBB,2014J,Critical,9.49,165.0,1.0,1.0,12.0,0,Withdrawn
674617,FFF,2014J,Critical,9.49,18.0,0.0,0.0,2.0,0,Withdrawn
598395,BBB,2014J,Critical,9.49,6.0,0.0,0.0,2.0,0,Withdrawn
488176,BBB,2013J,Critical,9.49,16.0,0.0,0.0,1.0,0,Withdrawn
555552,BBB,2013B,Critical,9.49,33.0,0.0,0.0,1.0,0,Withdrawn
1986312,GGG,2014B,Critical,9.49,6.0,0.0,0.0,2.0,0,Withdrawn
2313257,AAA,2014J,Critical,9.49,28.0,0.0,0.0,2.0,0,Withdrawn
2574822,GGG,2014B,Critical,9.49,65.0,0.0,0.0,9.0,0,Withdrawn
482635,DDD,2013J,Critical,9.49,75.0,0.0,0.0,2.0,0,Withdrawn
2342045,FFF,2014J,Critical,9.49,296.0,0.0,0.0,9.0,0,Withdrawn
574319,BBB,2013J,Critical,9.49,13.0,0.0,0.0,3.0,0,Withdrawn
601640,FFF,2013J,Critical,9.49,122.0,0.0,0.0,12.0,0,Fail
633233,FFF,2014B,Critical,9.49,49.0,0.0,0.0,1.0,0,Withdrawn
2693772,BBB,2013J,Critical,9.49,20.0,0.0,0.0,1.0,0,Withdrawn
557894,FFF,2014B,Critical,9.49,356.0,0.0,0.0,22.0,1,Withdrawn
400063,CCC,2014B,Critical,9.49,3.0,0.0,0.0,2.0,0,Withdrawn
630024,FFF,2014J,Critical,9.49,16.0,0.0,0.0,4.0,0,Withdrawn
469732,CCC,2014B,Critical,9.49,26.0,0.0,0.0,1.0,0,Withdrawn
500521,DDD,2013J,Critical,9.49,26.0,0.0,0.0,2.0,0,Withdrawn
632235,FFF,2014B,Critical,9.49,229.0,0.0,0.0,10.0,0,Withdrawn
128776,BBB,2013B,Critical,9.49,146.0,0.0,0.0,8.0,1,Withdrawn
505501,FFF,2013J,Critical,9.49,365.0,0.0,0.0,11.0,1,Withdrawn
504057,CCC,2014B,Critical,9.49,173.0,0.0,0.0,11.0,0,Withdrawn
548900,BBB,2013B,Critical,9.49,28.0,0.0,0.0,3.0,0,Withdrawn
648606,CCC,2014J,Critical,9.49,250.0,0.0,0.0,8.0,0,Withdrawn
588495,BBB,2014B,Critical,9.49,4.0,0.0,0.0,2.0,0,Withdrawn
577695,BBB,2013J,Critical,9.49,6.0,0.0,0.0,2.0,0,Withdrawn
621619,EEE,2014B,Critical,9.49,3.0,0.0,0.0,2.0,0,Withdrawn
512725,FFF,2013J,Critical,9.49,12.0,0.0,0.0,3.0,1,Withdrawn
630514,EEE,2014B,Critical,9.49,7.0,0.0,0.0,2.0,0,Withdrawn
545521,BBB,2013B,Critical,9.49,26.0,0.0,0.0,4.0,0,Withdrawn
566704,DDD,2013J,Critical,9.49,121.0,0.0,0.0,11.0,0,Withdrawn
2298316,FFF,2014B,Critical,9.49,352.0,0.0,0.0,10.0,0,Withdrawn
579499,EEE,2013J,Critical,9.49,5.0,0.0,0.0,4.0,0,Withdrawn
502479,EEE,2013J,Critical,9.49,12.0,0.0,0.0,3.0,0,Withdrawn
584628,DDD,2013J,Critical,9.49,98.0,0.0,0.0,10.0,0,Withdrawn
156788,FFF,2014B,Critical,9.49,21.0,0.0,0.0,2.0,0,Withdrawn
587310,DDD,2013J,Critical,9.49,48.0,0.0,0.0,1.0,0,Withdrawn
580824,FFF,2013J,Critical,9.49,173.0,0.0,0.0,14.0,0,Withdrawn
536519,BBB,2013B,Critical,9.49,142.0,0.0,0.0,8.0,0,Withdrawn
688475,FFF,2014J,Critical,9.49,30.0,0.0,0.0,3.0,0,Withdrawn
582665,FFF,2013J,Critical,9.49,3.0,0.0,0.0,2.0,0,Withdrawn
1991049,DDD,2014J,Critical,9.49,10.0,0.0,0.0,3.0,1,Withdrawn
685546,DDD,2014J,Critical,9.49,10.0,0.0,0.0,3.0,0,Withdrawn
688213,DDD,2014J,Critical,9.49,21.0,0.0,0.0,3.0,0,Withdrawn
420745,DDD,2014J,Critical,9.49,11.0,0.0,0.0,2.0,2,Withdrawn
2697608,FFF,2013J,Critical,9.49,26.0,0.0,0.0,3.0,0,Withdrawn
600042,CCC,2014J,Critical,9.49,11.0,0.0,0.0,2.0,0,Withdrawn
629623,CCC,2014B,Critical,9.49,63.0,0.0,0.0,2.0,0,Withdrawn
675052,DDD,2014J,Critical,9.49,29.0,0.0,0.0,1.0,0,Withdrawn
675253,DDD,2014J,Critical,9.49,97.0,0.0,0.0,12.0,0,Withdrawn
679388,DDD,2014J,Critical,9.49,22.0,0.0,0.0,4.0,0,Withdrawn
587912,FFF,2013J,Critical,9.49,61.0,0.0,0.0,4.0,0,Withdrawn
689051,FFF,2014J,Critical,9.49,3.0,0.0,0.0,2.0,0,Withdrawn
630514,CCC,2014B,Critical,9.49,38.0,0.0,0.0,1.0,0,Withdrawn
141182,DDD,2014B,Critical,9.49,12.0,0.0,0.0,2.0,1,Withdrawn
625619,BBB,2014B,Critical,9.49,21.0,0.0,0.0,4.0,0,Withdrawn
633237,DDD,2014J,Critical,9.49,170.0,0.0,0.0,7.0,0,Withdrawn
470555,DDD,2014B,Critical,9.49,149.0,0.0,0.0,10.0,0,Withdrawn
554407,DDD,2014J,Critical,9.49,18.0,0.0,0.0,2.0,0,Withdrawn
507303,BBB,2013B,Critical,9.49,24.0,0.0,0.0,1.0,0,Withdrawn
591015,FFF,2013J,Critical,9.49,29.0,0.0,0.0,2.0,0,Withdrawn
2597673,DDD,2013J,Critical,9.49,24.0,0.0,0.0,4.0,0,Withdrawn
574783,BBB,2013J,Critical,9.49,17.0,0.0,0.0,2.0,0,Withdrawn
409284,DDD,2014B,Critical,9.49,33.0,0.0,0.0,3.0,0,Withdrawn
96945,DDD,2013B,Critical,9.49,9.0,0.0,0.0,2.0,0,Withdrawn
648158,GGG,2014J,Critical,9.49,13.0,0.0,0.0,4.0,0,Withdrawn
653826,BBB,2014J,Critical,9.49,42.0,0.0,0.0,1.0,0,Withdrawn
311117,DDD,2013B,Critical,9.49,402.0,0.0,0.0,24.0,0,Withdrawn
310865,DDD,2013B,Critical,9.49,160.0,0.0,0.0,9.0,1,Withdrawn
686898,GGG,2014J,Critical,9.49,4.0,0.0,0.0,2.0,0,Withdrawn
649161,FFF,2014J,Critical,9.49,6.0,0.0,0.0,2.0,0,Withdrawn
688203,FFF,2014J,Critical,9.48,194.0,0.0,0.0,16.0,0,Withdrawn
595990,EEE,2013J,Critical,9.48,237.0,0.0,0.0,2.0,0,Withdrawn
1108120,BBB,2014B,Critical,9.48,55.0,0.0,0.0,2.0,0,Withdrawn
601392,DDD,2013J,Critical,9.48,56.0,0.0,0.0,4.0,0,Withdrawn
575773,DDD,2013J,Critical,9.48,72.0,0.0,0.0,5.0,0,Withdrawn
686100,FFF,2014J,Critical,9.48,104.0,0.0,0.0,6.0,0,Withdrawn
590881,DDD,2013J,Critical,9.48,45.0,0.0,0.0,7.0,0,Withdrawn
630009,DDD,2014B,Critical,9.48,223.0,0.0,0.0,10.0,0,Withdrawn
627616,DDD,2014B,Critical,9.48,208.0,0.0,0.0,11.0,0,Withdrawn
586282,FFF,2014J,Critical,9.48,214.0,0.0,0.0,17.0,0,Withdrawn
247342,DDD,2014B,Critical,9.48,60.0,0.0,0.0,4.0,0,Withdrawn
629623,EEE,2014B,Critical,9.48,123.0,0.0,0.0,4.0,0,Withdrawn
689352,FFF,2014J,Critical,9.48,16.0,0.0,0.0,6.0,0,Withdrawn
598442,FFF,2014J,Critical,9.48,211.0,0.0,0.0,5.0,0,Withdrawn
628402,BBB,2014B,Critical,9.48,45.0,0.0,0.0,3.0,0,Withdrawn
604912,DDD,2013J,Critical,9.48,87.0,0.0,0.0,5.0,0,Withdrawn
626930,CCC,2014B,Critical,9.48,125.0,0.0,0.0,13.0,0,Withdrawn
329095,FFF,2014J,Critical,9.48,51.0,0.0,0.0,5.0,0,Withdrawn
360278,FFF,2014J,Critical,9.48,224.0,0.0,0.0,5.0,0,Withdrawn
576834,EEE,2013J,Critical,9.48,57.0,0.0,0.0,6.0,0,Withdrawn
525060,CCC,2014J,Critical,9.48,213.0,0.0,0.0,12.0,0,Withdrawn
601270,DDD,2014B,Critical,9.48,103.0,0.0,0.0,4.0,1,Withdrawn
551340,DDD,2014B,Critical,9.48,61.0,0.0,0.0,4.0,0,Withdrawn
491688,FFF,2013J,Critical,9.48,135.0,0.0,0.0,5.0,0,Withdrawn
648440,EEE,2014J,Critical,9.48,92.0,0.0,0.0,4.0,0,Withdrawn
643755,EEE,2014J,Critical,9.48,82.0,0.0,0.0,4.0,0,Withdrawn
635165,FFF,2014J,Critical,9.48,41.0,0.0,0.0,8.0,0,Withdrawn
632773,FFF,2014J,Critical,9.48,154.0,0.0,0.0,3.0,1,Withdrawn
1745145,FFF,2014J,Critical,9.48,118.0,0.0,0.0,4.0,0,Withdrawn
565526,FFF,2014B,Critical,9.48,91.0,0.0,0.0,6.0,0,Withdrawn
1040037,EEE,2014J,Critical,9.48,282.0,0.0,0.0,10.0,0,Withdrawn
296911,FFF,2013B,Critical,9.48,9.0,0.0,0.0,6.0,1,Withdrawn
617401,DDD,2014B,Critical,9.48,57.0,0.0,0.0,4.0,0,Withdrawn
2076177,BBB,2013B,Critical,9.48,68.0,0.0,0.0,5.0,0,Withdrawn
1935774,DDD,2013B,Critical,9.48,68.0,0.0,0.0,15.0,1,Withdrawn
512305,FFF,2013B,Critical,9.48,329.0,0.0,0.0,16.0,1,Withdrawn
684890,BBB,2014J,Critical,9.48,0.0,1.0,1.0,0.0,0,Withdrawn
519600,FFF,2013B,Critical,9.48,48.0,0.0,0.0,6.0,0,Withdrawn
617847,FFF,2014B,Critical,9.48,97.0,0.0,0.0,6.0,0,Withdrawn
617638,FFF,2014B,Critical,9.48,50.0,0.0,0.0,5.0,0,Withdrawn
647312,BBB,2014J,Critical,9.48,213.0,1.0,1.0,12.0,0,Withdrawn
647111,FFF,2014J,Critical,9.48,61.0,0.0,0.0,6.0,0,Withdrawn
649547,FFF,2014J,Critical,9.48,74.0,0.0,0.0,6.0,0,Withdrawn
305812,BBB,2013J,Critical,9.48,97.0,0.0,0.0,3.0,1,Withdrawn
558317,DDD,2013B,Critical,9.48,42.0,0.0,0.0,4.0,0,Withdrawn
554587,DDD,2013B,Critical,9.48,68.0,0.0,0.0,3.0,0,Withdrawn
650656,GGG,2014J,Critical,9.48,68.0,0.0,0.0,4.0,0,Withdrawn
675879,GGG,2014J,Critical,9.48,37.0,0.0,0.0,3.0,0,Withdrawn
697364,GGG,2014J,Critical,9.48,56.0,0.0,0.0,4.0,0,Withdrawn
606333,BBB,2013J,Critical,9.48,26.0,0.0,0.0,4.0,0,Withdrawn
530762,DDD,2013B,Critical,9.48,57.0,0.0,0.0,4.0,0,Withdrawn
2048119,GGG,2013J,Critical,9.47,0.0,0.0,0.0,0.0,0,Withdrawn
599877,DDD,2014J,Critical,9.47,0.0,0.0,0.0,0.0,0,Withdrawn
588383,DDD,2014J,Critical,9.47,0.0,0.0,0.0,0.0,0,Withdrawn
2591014,CCC,2014B,Critical,9.47,0.0,0.0,0.0,0.0,0,Withdrawn
572413,DDD,2014J,Critical,9.47,0.0,0.0,0.0,0.0,0,Withdrawn
620175,BBB,2014B,Critical,9.47,0.0,0.0,0.0,0.0,0,Withdrawn
620047,BBB,2014B,Critical,9.47,0.0,0.0,0.0,0.0,0,Withdrawn
619901,BBB,2014B,Critical,9.47,0.0,0.0,0.0,0.0,0,Withdrawn
626799,DDD,2014J,Critical,9.47,0.0,0.0,0.0,0.0,0,Withdrawn
574727,BBB,2013J,Critical,9.47,0.0,0.0,0.0,0.0,0,Withdrawn
591677,FFF,2013J,Critical,9.47,0.0,0.0,0.0,0.0,0,Withdrawn
624202,BBB,2014B,Critical,9.47,0.0,0.0,0.0,0.0,0,Withdrawn
2213982,CCC,2014B,Critical,9.47,120.0,0.0,0.0,20.0,0,Withdrawn
614499,DDD,2014J,Critical,9.47,0.0,0.0,0.0,0.0,0,Withdrawn
695449,FFF,2014J,Critical,9.47,0.0,0.0,0.0,0.0,0,Withdrawn
622180,BBB,2014B,Critical,9.47,0.0,0.0,0.0,0.0,0,Withdrawn
621890,BBB,2014B,Critical,9.47,0.0,0.0,0.0,0.0,0,Withdrawn
620865,BBB,2014B,Critical,9.47,0.0,0.0,0.0,0.0,0,Withdrawn
368389,FFF,2014J,Critical,9.47,0.0,0.0,0.0,0.0,0,Withdrawn
575207,BBB,2013J,Critical,9.47,0.0,0.0,0.0,0.0,0,Withdrawn
606247,DDD,2014J,Critical,9.47,0.0,0.0,0.0,0.0,0,Withdrawn
352600,DDD,2014B,Critical,9.47,0.0,0.0,0.0,0.0,0,Withdrawn
646020,DDD,2014J,Critical,9.47,0.0,0.0,0.0,0.0,0,Withdrawn
645906,DDD,2014J,Critical,9.47,0.0,0.0,0.0,0.0,0,Withdrawn
645710,DDD,2014J,Critical,9.47,0.0,0.0,0.0,0.0,0,Withdrawn
622645,BBB,2014B,Critical,9.47,0.0,0.0,0.0,0.0,0,Withdrawn
624427,BBB,2014B,Critical,9.47,0.0,0.0,0.0,0.0,0,Withdrawn
591620,FFF,2013J,Critical,9.47,0.0,0.0,0.0,0.0,0,Withdrawn
408872,FFF,2014J,Critical,9.47,0.0,0.0,0.0,0.0,0,Withdrawn
644881,DDD,2014J,Critical,9.47,0.0,0.0,0.0,0.0,0,Withdrawn
1664810,CCC,2014B,Critical,9.47,0.0,0.0,0.0,0.0,0,Withdrawn
519647,BBB,2013B,Critical,9.47,0.0,0.0,0.0,0.0,0,Withdrawn
525543,BBB,2013B,Critical,9.47,0.0,0.0,0.0,0.0,0,Withdrawn
636712,DDD,2014J,Critical,9.47,0.0,0.0,0.0,0.0,0,Withdrawn
616848,BBB,2014B,Critical,9.47,0.0,0.0,0.0,0.0,0,Withdrawn
618957,BBB,2014B,Critical,9.47,0.0,0.0,0.0,0.0,0,Withdrawn
593865,FFF,2013J,Critical,9.47,0.0,0.0,0.0,0.0,0,Withdrawn
547464,DDD,2014J,Critical,9.47,0.0,0.0,0.0,0.0,0,Withdrawn
422752,BBB,2013B,Critical,9.47,140.0,0.0,0.0,3.0,0,Withdrawn
399108,BBB,2013B,Critical,9.47,0.0,0.0,0.0,0.0,0,Withdrawn
398949,BBB,2013B,Critical,9.47,0.0,0.0,0.0,0.0,0,Withdrawn
602004,GGG,2013J,Critical,9.47,0.0,0.0,0.0,0.0,0,Withdrawn
491912,DDD,2014B,Critical,9.47,0.0,0.0,0.0,0.0,1,Withdrawn
570721,BBB,2014B,Critical,9.47,0.0,0.0,0.0,0.0,0,Withdrawn
579448,BBB,2013J,Critical,9.47,0.0,0.0,0.0,0.0,0,Withdrawn
579256,BBB,2013J,Critical,9.47,0.0,0.0,0.0,0.0,0,Withdrawn
584566,BBB,2014B,Critical,9.47,0.0,0.0,0.0,0.0,0,Withdrawn
1938024,CCC,2014B,Critical,9.47,0.0,0.0,0.0,0.0,0,Withdrawn
573409,BBB,2013J,Critical,9.47,0.0,0.0,0.0,0.0,0,Withdrawn
590545,FFF,2013J,Critical,9.47,0.0,0.0,0.0,0.0,0,Withdrawn
625581,BBB,2014B,Critical,9.47,0.0,0.0,0.0,0.0,0,Withdrawn
529767,BBB,2013B,Critical,9.47,0.0,0.0,0.0,0.0,1,Withdrawn
388014,BBB,2013B,Critical,9.47,0.0,0.0,0.0,0.0,0,Withdrawn
377695,BBB,2013B,Critical,9.47,0.0,0.0,0.0,0.0,0,Withdrawn
2305237,FFF,2013J,Critical,9.47,0.0,0.0,0.0,0.0,2,Withdrawn
2292047,FFF,2013J,Critical,9.47,406.0,0.0,0.0,16.0,1,Withdrawn
570133,BBB,2014B,Critical,9.47,0.0,0.0,0.0,0.0,0,Withdrawn
567273,BBB,2014B,Critical,9.47,0.0,0.0,0.0,0.0,0,Withdrawn
564810,BBB,2014B,Critical,9.47,0.0,0.0,0.0,0.0,0,Withdrawn
231980,FFF,2014J,Critical,9.47,0.0,0.0,0.0,0.0,0,Withdrawn
2649310,DDD,2013J,Critical,9.47,0.0,0.0,0.0,0.0,0,Withdrawn
2608420,DDD,2013J,Critical,9.47,0.0,0.0,0.0,0.0,0,Withdrawn
626773,BBB,2014B,Critical,9.47,0.0,0.0,0.0,0.0,0,Withdrawn
652406,DDD,2014J,Critical,9.47,0.0,0.0,0.0,0.0,0,Withdrawn
651651,DDD,2014J,Critical,9.47,0.0,0.0,0.0,0.0,0,Withdrawn
585461,BBB,2013J,Critical,9.47,0.0,0.0,0.0,0.0,0,Withdrawn
585004,BBB,2013J,Critical,9.47,0.0,0.0,0.0,0.0,0,Withdrawn
2366574,FFF,2013J,Critical,9.47,0.0,0.0,0.0,0.0,0,Withdrawn
562267,BBB,2014B,Critical,9.47,0.0,0.0,0.0,0.0,0,Withdrawn
560636,BBB,2014B,Critical,9.47,0.0,0.0,0.0,0.0,0,Withdrawn
2194777,DDD,2013J,Critical,9.47,0.0,0.0,0.0,0.0,0,Withdrawn
401909,GGG,2014B,Critical,9.47,0.0,0.0,0.0,0.0,0,Withdrawn
632903,CCC,2014B,Critical,9.47,0.0,0.0,0.0,0.0,0,Withdrawn
650829,DDD,2014J,Critical,9.47,0.0,0.0,0.0,0.0,0,Withdrawn
634655,CCC,2014B,Critical,9.47,0.0,0.0,0.0,0.0,0,Withdrawn
647953,DDD,2014J,Critical,9.47,0.0,0.0,0.0,0.0,0,Withdrawn
573810,BBB,2013J,Critical,9.47,0.0,0.0,0.0,0.0,0,Withdrawn
573485,BBB,2013J,Critical,9.47,0.0,0.0,0.0,0.0,0,Withdrawn
626549,BBB,2014B,Critical,9.47,0.0,0.0,0.0,0.0,0,Withdrawn
628392,BBB,2014B,Critical,9.47,0.0,0.0,0.0,0.0,0,Withdrawn
628360,BBB,2014B,Critical,9.47,0.0,0.0,0.0,0.0,0,Withdrawn
627748,BBB,2014B,Critical,9.47,0.0,0.0,0.0,0.0,0,Withdrawn
689751,FFF,2014J,Critical,9.47,0.0,0.0,0.0,0.0,0,Withdrawn
689747,FFF,2014J,Critical,9.47,0.0,0.0,0.0,0.0,0,Withdrawn
655254,DDD,2014J,Critical,9.47,0.0,0.0,0.0,0.0,0,Withdrawn
653977,DDD,2014J,Critical,9.47,0.0,0.0,0.0,0.0,0,Withdrawn
653770,DDD,2014J,Critical,9.47,0.0,0.0,0.0,0.0,0,Withdrawn
653723,DDD,2014J,Critical,9.47,0.0,0.0,0.0,0.0,0,Withdrawn
625173,BBB,2014B,Critical,9.47,0.0,0.0,0.0,0.0,0,Withdrawn
589665,FFF,2013J,Critical,9.47,0.0,0.0,0.0,0.0,0,Withdrawn
589196,FFF,2013J,Critical,9.47,0.0,0.0,0.0,0.0,0,Withdrawn
627245,BBB,2014B,Critical,9.47,0.0,0.0,0.0,0.0,0,Withdrawn
534830,BBB,2013B,Critical,9.47,0.0,0.0,0.0,0.0,0,Withdrawn
684215,DDD,2014J,Critical,9.47,0.0,0.0,0.0,0.0,0,Withdrawn
572029,BBB,2013J,Critical,9.47,0.0,0.0,0.0,0.0,0,Withdrawn
571770,BBB,2013J,Critical,9.47,0.0,0.0,0.0,0.0,0,Withdrawn
627256,BBB,2014B,Critical,9.47,0.0,0.0,0.0,0.0,0,Withdrawn
587934,FFF,2013J,Critical,9.47,0.0,0.0,0.0,0.0,0,Withdrawn
629445,CCC,2014B,Critical,9.47,0.0,0.0,0.0,0.0,0,Withdrawn
674219,DDD,2014J,Critical,9.47,0.0,0.0,0.0,0.0,0,Withdrawn
628843,BBB,2014B,Critical,9.47,0.0,0.0,0.0,0.0,0,Withdrawn
628765,BBB,2014B,Critical,9.47,0.0,0.0,0.0,0.0,0,Withdrawn
631082,BBB,2014B,Critical,9.47,0.0,0.0,0.0,0.0,0,Withdrawn
684887,DDD,2014J,Critical,9.47,0.0,0.0,0.0,0.0,0,Withdrawn
684886,DDD,2014J,Critical,9.47,0.0,0.0,0.0,0.0,0,Withdrawn
610106,DDD,2013J,Critical,9.47,73.0,0.0,0.0,7.0,0,Withdrawn
2471302,FFF,2013J,Critical,9.47,0.0,0.0,0.0,0.0,0,Withdrawn
542456,BBB,2014B,Critical,9.47,0.0,0.0,0.0,0.0,0,Withdrawn
602692,DDD,2013J,Critical,9.47,0.0,0.0,0.0,0.0,0,Withdrawn
602806,CCC,2014J,Critical,9.47,0.0,0.0,0.0,0.0,0,Withdrawn
601731,DDD,2013J,Critical,9.47,44.0,0.0,0.0,8.0,0,Withdrawn
600842,DDD,2013J,Critical,9.47,83.0,0.0,0.0,6.0,0,Withdrawn
625884,CCC,2014B,Critical,9.47,0.0,0.0,0.0,0.0,0,Withdrawn
583840,FFF,2013J,Critical,9.47,0.0,0.0,0.0,0.0,0,Withdrawn
583826,FFF,2013J,Critical,9.47,0.0,0.0,0.0,0.0,0,Withdrawn
475566,FFF,2014J,Critical,9.47,0.0,0.0,0.0,0.0,0,Withdrawn
620713,CCC,2014B,Critical,9.47,0.0,0.0,0.0,0.0,0,Withdrawn
597453,DDD,2013J,Critical,9.47,0.0,0.0,0.0,0.0,0,Withdrawn
58221,FFF,2014B,Critical,9.47,0.0,0.0,0.0,0.0,0,Withdrawn
2657185,FFF,2013J,Critical,9.47,0.0,0.0,0.0,0.0,0,Withdrawn
515648,BBB,2014B,Critical,9.47,68.0,0.0,0.0,6.0,1,Withdrawn
594599,DDD,2013J,Critical,9.47,0.0,0.0,0.0,0.0,0,Withdrawn
593075,DDD,2013J,Critical,9.47,0.0,0.0,0.0,0.0,0,Withdrawn
614623,CCC,2014J,Critical,9.47,0.0,0.0,0.0,0.0,0,Withdrawn
622897,CCC,2014B,Critical,9.47,0.0,0.0,0.0,0.0,0,Withdrawn
511869,DDD,2014B,Critical,9.47,0.0,0.0,0.0,0.0,0,Withdrawn
80243,CCC,2014J,Critical,9.47,0.0,0.0,0.0,0.0,0,Withdrawn
696981,FFF,2014J,Critical,9.47,0.0,0.0,0.0,0.0,0,Withdrawn
696276,FFF,2014J,Critical,9.47,0.0,0.0,0.0,0.0,0,Withdrawn
101700,CCC,2014J,Critical,9.47,0.0,0.0,0.0,0.0,0,Withdrawn
618362,BBB,2014B,Critical,9.47,0.0,0.0,0.0,0.0,0,Withdrawn
618292,BBB,2014B,Critical,9.47,0.0,0.0,0.0,0.0,0,Withdrawn
498326,DDD,2014J,Critical,9.47,0.0,0.0,0.0,0.0,0,Withdrawn
492254,DDD,2014J,Critical,9.47,0.0,0.0,0.0,0.0,0,Withdrawn
485612,DDD,2014J,Critical,9.47,135.0,0.0,0.0,17.0,0,Withdrawn
472649,DDD,2014J,Critical,9.47,0.0,0.0,0.0,0.0,0,Withdrawn
697257,FFF,2014J,Critical,9.47,0.0,0.0,0.0,0.0,0,Withdrawn
300848,FFF,2014J,Critical,9.47,0.0,0.0,0.0,0.0,0,Withdrawn
576664,BBB,2013J,Critical,9.47,0.0,0.0,0.0,0.0,0,Withdrawn
568523,BBB,2013J,Critical,9.47,0.0,0.0,0.0,0.0,0,Withdrawn
568293,BBB,2013J,Critical,9.47,0.0,0.0,0.0,0.0,0,Withdrawn
582842,FFF,2013J,Critical,9.47,0.0,0.0,0.0,0.0,0,Withdrawn
634373,BBB,2014B,Critical,9.47,0.0,0.0,0.0,0.0,0,Withdrawn
695473,DDD,2014J,Critical,9.47,0.0,0.0,0.0,0.0,0,Withdrawn
694802,DDD,2014J,Critical,9.47,0.0,0.0,0.0,0.0,0,Withdrawn
694753,DDD,2014J,Critical,9.47,66.0,0.0,0.0,9.0,0,Withdrawn
688442,FFF,2014J,Critical,9.47,356.0,0.0,0.0,17.0,0,Withdrawn
537320,BBB,2013B,Critical,9.47,108.0,0.0,0.0,5.0,0,Withdrawn
693926,DDD,2014J,Critical,9.47,0.0,0.0,0.0,0.0,0,Withdrawn
692664,DDD,2014J,Critical,9.47,0.0,0.0,0.0,0.0,0,Withdrawn
631197,BBB,2014B,Critical,9.47,0.0,0.0,0.0,0.0,0,Withdrawn
535558,BBB,2013B,Critical,9.47,0.0,0.0,0.0,0.0,0,Withdrawn
633599,BBB,2014B,Critical,9.47,0.0,0.0,0.0,0.0,0,Withdrawn
582181,FFF,2013J,Critical,9.47,0.0,0.0,0.0,0.0,0,Withdrawn
581897,FFF,2013J,Critical,9.47,0.0,0.0,0.0,0.0,0,Withdrawn
580755,FFF,2013J,Critical,9.47,0.0,0.0,0.0,0.0,0,Withdrawn
634486,BBB,2014B,Critical,9.47,0.0,0.0,0.0,0.0,0,Withdrawn
580358,FFF,2013J,Critical,9.47,0.0,0.0,0.0,0.0,0,Withdrawn
540122,BBB,2013B,Critical,9.47,0.0,0.0,0.0,0.0,0,Withdrawn
687319,FFF,2014J,Critical,9.47,0.0,0.0,0.0,0.0,0,Withdrawn
611750,CCC,2014B,Critical,9.47,0.0,0.0,0.0,0.0,0,Withdrawn
609828,CCC,2014B,Critical,9.47,0.0,0.0,0.0,0.0,0,Withdrawn
2345307,DDD,2014J,Critical,9.47,205.0,0.0,0.0,15.0,1,Withdrawn
2305237,DDD,2014J,Critical,9.47,195.0,0.0,0.0,15.0,3,Withdrawn
607703,CCC,2014B,Critical,9.47,0.0,0.0,0.0,0.0,0,Withdrawn
590380,DDD,2013J,Critical,9.47,0.0,0.0,0.0,0.0,0,Withdrawn
590235,DDD,2013J,Critical,9.47,0.0,0.0,0.0,0.0,0,Withdrawn
588658,DDD,2013J,Critical,9.47,0.0,0.0,0.0,0.0,0,Withdrawn
621001,CCC,2014J,Critical,9.47,0.0,0.0,0.0,0.0,0,Withdrawn
174155,FFF,2014B,Critical,9.47,0.0,0.0,0.0,0.0,0,Withdrawn
492468,BBB,2014B,Critical,9.47,0.0,0.0,0.0,0.0,0,Withdrawn
491114,BBB,2014B,Critical,9.47,0.0,0.0,0.0,0.0,1,Withdrawn
585929,DDD,2013J,Critical,9.47,0.0,0.0,0.0,0.0,0,Withdrawn
614262,GGG,2014B,Critical,9.47,0.0,0.0,0.0,0.0,0,Withdrawn
607442,CCC,2014B,Critical,9.47,0.0,0.0,0.0,0.0,0,Withdrawn
536670,BBB,2013B,Critical,9.47,0.0,0.0,0.0,0.0,0,Withdrawn
536520,BBB,2013B,Critical,9.47,0.0,0.0,0.0,0.0,0,Withdrawn
392250,EEE,2013J,Critical,9.47,0.0,0.0,0.0,0.0,0,Withdrawn
547266,BBB,2013J,Critical,9.47,0.0,0.0,0.0,0.0,0,Withdrawn
518599,FFF,2014J,Critical,9.47,0.0,0.0,0.0,0.0,0,Withdrawn
576670,FFF,2013J,Critical,9.47,0.0,0.0,0.0,0.0,0,Withdrawn
2438291,BBB,2014B,Critical,9.47,0.0,0.0,0.0,0.0,0,Withdrawn
283811,EEE,2013J,Critical,9.47,0.0,0.0,0.0,0.0,0,Withdrawn
248734,EEE,2013J,Critical,9.47,0.0,0.0,0.0,0.0,0,Withdrawn
603999,CCC,2014B,Critical,9.47,0.0,0.0,0.0,0.0,0,Withdrawn
171107,EEE,2013J,Critical,9.47,0.0,0.0,0.0,0.0,0,Withdrawn
100758,EEE,2013J,Critical,9.47,0.0,0.0,0.0,0.0,0,Withdrawn
607063,CCC,2014B,Critical,9.47,0.0,0.0,0.0,0.0,0,Withdrawn
605130,CCC,2014B,Critical,9.47,0.0,0.0,0.0,0.0,0,Withdrawn
564300,BBB,2013J,Critical,9.47,0.0,0.0,0.0,0.0,0,Withdrawn
2052966,BBB,2014B,Critical,9.47,0.0,0.0,0.0,0.0,2,Withdrawn
2034455,BBB,2014B,Critical,9.47,0.0,0.0,0.0,0.0,0,Withdrawn
2672908,DDD,2014J,Critical,9.47,0.0,0.0,0.0,0.0,0,Withdrawn
575655,FFF,2013J,Critical,9.47,0.0,0.0,0.0,0.0,0,Withdrawn
574737,FFF,2013J,Critical,9.47,0.0,0.0,0.0,0.0,0,Withdrawn
2567352,BBB,2014B,Critical,9.47,0.0,0.0,0.0,0.0,0,Withdrawn
555925,EEE,2013J,Critical,9.47,0.0,0.0,0.0,0.0,0,Withdrawn
614073,GGG,2014B,Critical,9.47,0.0,0.0,0.0,0.0,0,Withdrawn
584305,DDD,2013J,Critical,9.47,0.0,0.0,0.0,0.0,0,Withdrawn
588252,BBB,2013J,Critical,9.47,0.0,0.0,0.0,0.0,0,Withdrawn
323688,FFF,2014B,Critical,9.47,0.0,0.0,0.0,0.0,0,Withdrawn
289180,FFF,2014B,Critical,9.47,0.0,0.0,0.0,0.0,0,Withdrawn
581283,DDD,2013J,Critical,9.47,0.0,0.0,0.0,0.0,0,Withdrawn
580595,DDD,2013J,Critical,9.47,0.0,0.0,0.0,0.0,0,Withdrawn
577558,DDD,2013J,Critical,9.47,0.0,0.0,0.0,0.0,0,Withdrawn
576231,DDD,2013J,Critical,9.47,0.0,0.0,0.0,0.0,0,Withdrawn
520337,EEE,2013J,Critical,9.47,0.0,0.0,0.0,0.0,0,Withdrawn
494383,EEE,2013J,Critical,9.47,0.0,0.0,0.0,0.0,0,Withdrawn
584305,CCC,2014B,Critical,9.47,0.0,0.0,0.0,0.0,0,Withdrawn
588383,EEE,2013J,Critical,9.47,0.0,0.0,0.0,0.0,0,Withdrawn
585056,EEE,2013J,Critical,9.47,0.0,0.0,0.0,0.0,0,Withdrawn
587179,CCC,2014B,Critical,9.47,0.0,0.0,0.0,0.0,0,Withdrawn
572981,FFF,2013J,Critical,9.47,0.0,0.0,0.0,0.0,0,Withdrawn
572910,FFF,2013J,Critical,9.47,0.0,0.0,0.0,0.0,0,Withdrawn
82611,BBB,2014J,Critical,9.47,0.0,0.0,0.0,0.0,0,Withdrawn
74574,BBB,2014J,Critical,9.47,0.0,0.0,0.0,0.0,0,Withdrawn
577603,EEE,2013J,Critical,9.47,0.0,0.0,0.0,0.0,0,Withdrawn
589023,CCC,2014B,Critical,9.47,0.0,0.0,0.0,0.0,0,Withdrawn
576298,EEE,2013J,Critical,9.47,0.0,0.0,0.0,0.0,0,Withdrawn
541709,BBB,2013B,Critical,9.47,0.0,0.0,0.0,0.0,0,Withdrawn
566970,EEE,2013J,Critical,9.47,0.0,0.0,0.0,0.0,0,Withdrawn
577603,CCC,2014B,Critical,9.47,0.0,0.0,0.0,0.0,0,Withdrawn
595453,EEE,2013J,Critical,9.47,0.0,0.0,0.0,0.0,0,Withdrawn
595077,EEE,2013J,Critical,9.47,0.0,0.0,0.0,0.0,0,Withdrawn
685565,FFF,2014J,Critical,9.47,0.0,0.0,0.0,0.0,0,Withdrawn
161811,BBB,2014J,Critical,9.47,0.0,0.0,0.0,0.0,0,Withdrawn
568857,FFF,2013J,Critical,9.47,0.0,0.0,0.0,0.0,0,Withdrawn
577950,FFF,2014J,Critical,9.47,0.0,0.0,0.0,0.0,0,Withdrawn
576140,FFF,2014J,Critical,9.47,1247.0,0.0,0.0,26.0,0,Withdrawn
536409,BBB,2013J,Critical,9.47,0.0,0.0,0.0,0.0,0,Withdrawn
685439,FFF,2014J,Critical,9.47,0.0,0.0,0.0,0.0,0,Withdrawn
685333,FFF,2014J,Critical,9.47,0.0,0.0,0.0,0.0,0,Withdrawn
543199,BBB,2013B,Critical,9.47,0.0,0.0,0.0,0.0,0,Withdrawn
684983,FFF,2014J,Critical,9.47,0.0,0.0,0.0,0.0,0,Withdrawn
588852,EEE,2013J,Critical,9.47,0.0,0.0,0.0,0.0,0,Withdrawn
584749,CCC,2014B,Critical,9.47,0.0,0.0,0.0,0.0,0,Withdrawn
527689,BBB,2013J,Critical,9.47,0.0,0.0,0.0,0.0,0,Withdrawn
575999,DDD,2013J,Critical,9.47,99.0,0.0,0.0,8.0,0,Withdrawn
573970,DDD,2013J,Critical,9.47,0.0,0.0,0.0,0.0,0,Withdrawn
573709,DDD,2013J,Critical,9.47,0.0,0.0,0.0,0.0,0,Withdrawn
573284,DDD,2013J,Critical,9.47,0.0,0.0,0.0,0.0,0,Withdrawn
572698,DDD,2013J,Critical,9.47,0.0,0.0,0.0,0.0,0,Withdrawn
572548,DDD,2013J,Critical,9.47,0.0,0.0,0.0,0.0,0,Withdrawn
589239,BBB,2013J,Critical,9.47,0.0,0.0,0.0,0.0,0,Withdrawn
335996,FFF,2014B,Critical,9.47,0.0,0.0,0.0,0.0,0,Withdrawn
439925,BBB,2014B,Critical,9.47,0.0,0.0,0.0,0.0,0,Withdrawn
420641,BBB,2014B,Critical,9.47,0.0,0.0,0.0,0.0,0,Withdrawn
412156,BBB,2014B,Critical,9.47,0.0,0.0,0.0,0.0,0,Withdrawn
330669,FFF,2014B,Critical,9.47,0.0,0.0,0.0,0.0,1,Withdrawn
572038,DDD,2013J,Critical,9.47,0.0,0.0,0.0,0.0,0,Withdrawn
532570,EEE,2014B,Critical,9.47,0.0,0.0,0.0,0.0,0,Withdrawn
570401,DDD,2013J,Critical,9.47,0.0,0.0,0.0,0.0,0,Withdrawn
421989,FFF,2014B,Critical,9.47,0.0,0.0,0.0,0.0,1,Withdrawn
1290731,FFF,2014B,Critical,9.47,0.0,0.0,0.0,0.0,0,Withdrawn
622387,GGG,2014B,Critical,9.47,0.0,0.0,0.0,0.0,0,Withdrawn
622252,GGG,2014B,Critical,9.47,0.0,0.0,0.0,0.0,0,Withdrawn
563503,DDD,2013J,Critical,9.47,0.0,0.0,0.0,0.0,0,Withdrawn
640662,CCC,2014J,Critical,9.47,0.0,0.0,0.0,0.0,0,Withdrawn
498261,EEE,2014B,Critical,9.47,0.0,0.0,0.0,0.0,0,Withdrawn
684313,FFF,2014J,Critical,9.47,0.0,0.0,0.0,0.0,0,Withdrawn
684014,FFF,2014J,Critical,9.47,0.0,0.0,0.0,0.0,0,Withdrawn
544686,BBB,2013B,Critical,9.47,0.0,0.0,0.0,0.0,0,Withdrawn
609490,EEE,2013J,Critical,9.47,0.0,0.0,0.0,0.0,0,Withdrawn
528642,BBB,2013J,Critical,9.47,0.0,0.0,0.0,0.0,0,Withdrawn
547855,BBB,2013B,Critical,9.47,0.0,0.0,0.0,0.0,0,Withdrawn
681120,FFF,2014J,Critical,9.47,0.0,0.0,0.0,0.0,0,Withdrawn
546954,CCC,2014B,Critical,9.47,0.0,0.0,0.0,0.0,0,Withdrawn
544075,CCC,2014B,Critical,9.47,0.0,0.0,0.0,0.0,0,Withdrawn
523885,BBB,2013J,Critical,9.47,0.0,0.0,0.0,0.0,0,Withdrawn
520153,BBB,2013J,Critical,9.47,0.0,0.0,0.0,0.0,0,Withdrawn
607703,EEE,2014B,Critical,9.47,0.0,0.0,0.0,0.0,0,Withdrawn
606290,EEE,2014B,Critical,9.47,0.0,0.0,0.0,0.0,0,Withdrawn
605136,EEE,2014B,Critical,9.47,0.0,0.0,0.0,0.0,0,Withdrawn
605130,EEE,2014B,Critical,9.47,0.0,0.0,0.0,0.0,0,Withdrawn
593941,EEE,2014B,Critical,9.47,0.0,0.0,0.0,0.0,0,Withdrawn
544491,BBB,2013B,Critical,9.47,0.0,0.0,0.0,0.0,0,Withdrawn
682359,FFF,2014J,Critical,9.47,0.0,0.0,0.0,0.0,0,Withdrawn
592080,EEE,2014B,Critical,9.47,0.0,0.0,0.0,0.0,0,Withdrawn
285992,BBB,2014J,Critical,9.47,0.0,0.0,0.0,0.0,0,Withdrawn
143854,BBB,2013B,Critical,9.47,0.0,0.0,0.0,0.0,0,Withdrawn
509122,CCC,2014B,Critical,9.47,0.0,0.0,0.0,0.0,0,Withdrawn
508848,CCC,2014B,Critical,9.47,0.0,0.0,0.0,0.0,0,Withdrawn
630120,EEE,2014B,Critical,9.47,0.0,0.0,0.0,0.0,0,Withdrawn
629765,EEE,2014B,Critical,9.47,0.0,0.0,0.0,0.0,0,Withdrawn
628686,EEE,2014B,Critical,9.47,0.0,0.0,0.0,0.0,0,Withdrawn
626789,EEE,2014B,Critical,9.47,0.0,0.0,0.0,0.0,0,Withdrawn
621853,EEE,2014B,Critical,9.47,0.0,0.0,0.0,0.0,0,Withdrawn
418502,BBB,2014J,Critical,9.47,0.0,0.0,0.0,0.0,0,Withdrawn
620713,EEE,2014B,Critical,9.47,0.0,0.0,0.0,0.0,0,Withdrawn
545927,BBB,2013B,Critical,9.47,0.0,0.0,0.0,0.0,0,Withdrawn
469803,BBB,2014J,Critical,9.47,0.0,0.0,0.0,0.0,0,Withdrawn
442685,BBB,2014J,Critical,9.47,0.0,0.0,0.0,0.0,0,Withdrawn
500001,CCC,2014B,Critical,9.47,0.0,0.0,0.0,0.0,0,Withdrawn
1683692,EEE,2014B,Critical,9.47,0.0,0.0,0.0,0.0,0,Withdrawn
1664810,EEE,2014B,Critical,9.47,0.0,0.0,0.0,0.0,0,Withdrawn
640443,CCC,2014J,Critical,9.47,0.0,0.0,0.0,0.0,0,Withdrawn
639176,CCC,2014J,Critical,9.47,435.0,0.0,0.0,7.0,0,Withdrawn
559547,DDD,2013J,Critical,9.47,0.0,0.0,0.0,0.0,0,Withdrawn
556821,DDD,2013J,Critical,9.47,0.0,0.0,0.0,0.0,0,Withdrawn
633739,FFF,2014B,Critical,9.47,0.0,0.0,0.0,0.0,0,Withdrawn
592683,BBB,2013J,Critical,9.47,0.0,0.0,0.0,0.0,0,Withdrawn
483195,FFF,2014B,Critical,9.47,0.0,0.0,0.0,0.0,1,Withdrawn
445605,FFF,2014B,Critical,9.47,301.0,0.0,0.0,17.0,0,Withdrawn
341027,BBB,2014B,Critical,9.47,0.0,0.0,0.0,0.0,0,Withdrawn
607646,BBB,2014B,Critical,9.47,0.0,0.0,0.0,0.0,0,Withdrawn
507221,BBB,2013B,Critical,9.47,0.0,0.0,0.0,0.0,0,Withdrawn
445474,DDD,2014J,Critical,9.47,0.0,0.0,0.0,0.0,0,Withdrawn
442191,DDD,2014J,Critical,9.47,0.0,0.0,0.0,0.0,0,Withdrawn
423650,DDD,2014J,Critical,9.47,0.0,0.0,0.0,0.0,0,Withdrawn
421242,DDD,2014J,Critical,9.47,0.0,0.0,0.0,0.0,1,Withdrawn
651610,BBB,2014J,Critical,9.47,0.0,0.0,0.0,0.0,0,Withdrawn
602863,BBB,2013J,Critical,9.47,0.0,0.0,0.0,0.0,0,Withdrawn
591464,GGG,2013J,Critical,9.47,0.0,0.0,0.0,0.0,0,Withdrawn
583348,DDD,2014B,Critical,9.47,0.0,0.0,0.0,0.0,0,Withdrawn
554585,DDD,2014B,Critical,9.47,45.0,0.0,0.0,7.0,0,Withdrawn
679405,GGG,2014J,Critical,9.47,0.0,0.0,0.0,0.0,0,Withdrawn
547860,DDD,2014B,Critical,9.47,0.0,0.0,0.0,0.0,0,Withdrawn
536999,DDD,2014B,Critical,9.47,287.0,0.0,0.0,10.0,1,Withdrawn
340962,BBB,2014B,Critical,9.47,0.0,0.0,0.0,0.0,0,Withdrawn
437303,FFF,2014B,Critical,9.47,0.0,0.0,0.0,0.0,2,Withdrawn
553992,DDD,2013J,Critical,9.47,0.0,0.0,0.0,0.0,0,Withdrawn
645710,CCC,2014J,Critical,9.47,0.0,0.0,0.0,0.0,0,Withdrawn
645481,CCC,2014J,Critical,9.47,0.0,0.0,0.0,0.0,0,Withdrawn
542244,DDD,2013J,Critical,9.47,0.0,0.0,0.0,0.0,0,Withdrawn
104238,BBB,2014B,Critical,9.47,0.0,0.0,0.0,0.0,0,Withdrawn
289993,BBB,2014B,Critical,9.47,0.0,0.0,0.0,0.0,0,Withdrawn
287004,BBB,2014B,Critical,9.47,0.0,0.0,0.0,0.0,0,Withdrawn
270256,BBB,2014B,Critical,9.47,0.0,0.0,0.0,0.0,0,Withdrawn
648625,CCC,2014J,Critical,9.47,0.0,0.0,0.0,0.0,0,Withdrawn
2295254,EEE,2014B,Critical,9.47,0.0,0.0,0.0,0.0,0,Withdrawn
517075,BBB,2013J,Critical,9.47,0.0,0.0,0.0,0.0,0,Withdrawn
476253,BBB,2014J,Critical,9.47,0.0,0.0,0.0,0.0,0,Withdrawn
508227,DDD,2013J,Critical,9.47,0.0,0.0,0.0,0.0,0,Withdrawn
594057,BBB,2013J,Critical,9.47,0.0,0.0,0.0,0.0,0,Withdrawn
632634,FFF,2014B,Critical,9.47,0.0,0.0,0.0,0.0,0,Withdrawn
88580,BBB,2013B,Critical,9.47,0.0,0.0,0.0,0.0,0,Withdrawn
496373,DDD,2013J,Critical,9.47,0.0,0.0,0.0,0.0,0,Withdrawn
474377,CCC,2014B,Critical,9.47,0.0,0.0,0.0,0.0,0,Withdrawn
543845,DDD,2013B,Critical,9.47,0.0,0.0,0.0,0.0,0,Withdrawn
486473,FFF,2013J,Critical,9.47,0.0,0.0,0.0,0.0,1,Withdrawn
496373,BBB,2014J,Critical,9.47,0.0,0.0,0.0,0.0,0,Withdrawn
622910,FFF,2014J,Critical,9.47,151.0,0.0,0.0,9.0,0,Withdrawn
444814,EEE,2014J,Critical,9.47,56.0,0.0,0.0,8.0,0,Withdrawn
549352,BBB,2013B,Critical,9.47,0.0,0.0,0.0,0.0,0,Withdrawn
416426,FFF,2013J,Critical,9.47,0.0,0.0,0.0,0.0,0,Withdrawn
653561,GGG,2014J,Critical,9.47,0.0,0.0,0.0,0.0,0,Withdrawn
389680,CCC,2014B,Critical,9.47,0.0,0.0,0.0,0.0,0,Withdrawn
383015,CCC,2014B,Critical,9.47,0.0,0.0,0.0,0.0,0,Withdrawn
647184,EEE,2014J,Critical,9.47,0.0,0.0,0.0,0.0,0,Withdrawn
645481,EEE,2014J,Critical,9.47,0.0,0.0,0.0,0.0,0,Withdrawn
645151,EEE,2014J,Critical,9.47,0.0,0.0,0.0,0.0,0,Withdrawn
651814,BBB,2014J,Critical,9.47,0.0,0.0,0.0,0.0,0,Withdrawn
680072,FFF,2014J,Critical,9.47,0.0,0.0,0.0,0.0,0,Withdrawn
640443,EEE,2014J,Critical,9.47,0.0,0.0,0.0,0.0,0,Withdrawn
639232,EEE,2014J,Critical,9.47,0.0,0.0,0.0,0.0,0,Withdrawn
604652,FFF,2014J,Critical,9.47,0.0,0.0,0.0,0.0,0,Withdrawn
554999,EEE,2014J,Critical,9.47,210.0,0.0,0.0,17.0,1,Withdrawn
650163,CCC,2014J,Critical,9.47,0.0,0.0,0.0,0.0,0,Withdrawn
650384,EEE,2014J,Critical,9.47,0.0,0.0,0.0,0.0,0,Withdrawn
650334,EEE,2014J,Critical,9.47,0.0,0.0,0.0,0.0,0,Withdrawn
651298,CCC,2014J,Critical,9.47,0.0,0.0,0.0,0.0,0,Withdrawn
492842,DDD,2013J,Critical,9.47,0.0,0.0,0.0,0.0,0,Withdrawn
653062,CCC,2014J,Critical,9.47,0.0,0.0,0.0,0.0,0,Withdrawn
557141,FFF,2014B,Critical,9.47,0.0,0.0,0.0,0.0,0,Withdrawn
544276,FFF,2014B,Critical,9.47,0.0,0.0,0.0,0.0,0,Withdrawn
652406,CCC,2014J,Critical,9.47,0.0,0.0,0.0,0.0,0,Withdrawn
651963,CCC,2014J,Critical,9.47,77.0,0.0,0.0,9.0,0,Withdrawn
651651,CCC,2014J,Critical,9.47,0.0,0.0,0.0,0.0,0,Withdrawn
650223,EEE,2014J,Critical,9.47,0.0,0.0,0.0,0.0,0,Withdrawn
512493,BBB,2014J,Critical,9.47,0.0,0.0,0.0,0.0,0,Withdrawn
505692,BBB,2014J,Critical,9.47,0.0,0.0,0.0,0.0,0,Withdrawn
551891,BBB,2013B,Critical,9.47,0.0,0.0,0.0,0.0,0,Withdrawn
554290,BBB,2013B,Critical,9.47,0.0,0.0,0.0,0.0,0,Withdrawn
677416,EEE,2014J,Critical,9.47,0.0,0.0,0.0,0.0,0,Withdrawn
399863,FFF,2013J,Critical,9.47,58.0,0.0,0.0,8.0,0,Withdrawn
688658,GGG,2014J,Critical,9.47,90.0,0.0,0.0,6.0,0,Withdrawn
626930,DDD,2014B,Critical,9.47,144.0,0.0,0.0,17.0,0,Withdrawn
235175,CCC,2014B,Critical,9.47,0.0,0.0,0.0,0.0,0,Withdrawn
676181,EEE,2014J,Critical,9.47,0.0,0.0,0.0,0.0,0,Withdrawn
656928,EEE,2014J,Critical,9.47,0.0,0.0,0.0,0.0,0,Withdrawn
654579,EEE,2014J,Critical,9.47,0.0,0.0,0.0,0.0,0,Withdrawn
277809,CCC,2014B,Critical,9.47,0.0,0.0,0.0,0.0,0,Withdrawn
677369,FFF,2014J,Critical,9.47,0.0,0.0,0.0,0.0,0,Withdrawn
677027,FFF,2014J,Critical,9.47,0.0,0.0,0.0,0.0,0,Withdrawn
651298,EEE,2014J,Critical,9.47,0.0,0.0,0.0,0.0,0,Withdrawn
611649,BBB,2014B,Critical,9.47,0.0,0.0,0.0,0.0,0,Withdrawn
417157,DDD,2014J,Critical,9.47,0.0,0.0,0.0,0.0,0,Withdrawn
392250,DDD,2014J,Critical,9.47,0.0,0.0,0.0,0.0,0,Withdrawn
1895399,FFF,2014J,Critical,9.47,0.0,0.0,0.0,0.0,0,Withdrawn
502279,BBB,2013B,Critical,9.47,0.0,0.0,0.0,0.0,1,Withdrawn
477488,CCC,2014J,Critical,9.47,0.0,0.0,0.0,0.0,0,Withdrawn
611732,BBB,2014B,Critical,9.47,0.0,0.0,0.0,0.0,0,Withdrawn
616361,BBB,2014B,Critical,9.47,0.0,0.0,0.0,0.0,0,Withdrawn
615018,BBB,2014B,Critical,9.47,0.0,0.0,0.0,0.0,0,Withdrawn
614561,BBB,2014B,Critical,9.47,0.0,0.0,0.0,0.0,0,Withdrawn
51253,DDD,2014J,Critical,9.47,0.0,0.0,0.0,0.0,0,Withdrawn
2683696,DDD,2014B,Critical,9.47,0.0,0.0,0.0,0.0,1,Withdrawn
2371481,FFF,2014J,Critical,9.47,0.0,0.0,0.0,0.0,0,Withdrawn
561798,BBB,2014J,Critical,9.47,0.0,0.0,0.0,0.0,0,Withdrawn
318574,CCC,2014B,Critical,9.47,0.0,0.0,0.0,0.0,0,Withdrawn
369826,FFF,2013J,Critical,9.47,0.0,0.0,0.0,0.0,0,Withdrawn
352083,FFF,2013J,Critical,9.47,0.0,0.0,0.0,0.0,0,Withdrawn
584664,BBB,2014J,Critical,9.47,0.0,0.0,0.0,0.0,0,Withdrawn
653977,CCC,2014J,Critical,9.47,0.0,0.0,0.0,0.0,0,Withdrawn
465418,DDD,2013J,Critical,9.47,0.0,0.0,0.0,0.0,0,Withdrawn
630870,FFF,2014B,Critical,9.47,0.0,0.0,0.0,0.0,0,Withdrawn
477246,CCC,2014J,Critical,9.47,0.0,0.0,0.0,0.0,0,Withdrawn
676736,CCC,2014J,Critical,9.47,0.0,0.0,0.0,0.0,0,Withdrawn
689807,EEE,2014J,Critical,9.47,0.0,0.0,0.0,0.0,0,Withdrawn
88758,CCC,2014B,Critical,9.47,0.0,0.0,0.0,0.0,0,Withdrawn
682554,EEE,2014J,Critical,9.47,270.0,0.0,0.0,3.0,0,Withdrawn
682041,EEE,2014J,Critical,9.47,0.0,0.0,0.0,0.0,0,Withdrawn
595018,BBB,2014J,Critical,9.47,0.0,0.0,0.0,0.0,0,Withdrawn
590867,BBB,2014J,Critical,9.47,50.0,0.0,1.0,7.0,1,Withdrawn
417967,BBB,2013J,Critical,9.47,0.0,0.0,0.0,0.0,0,Withdrawn
638425,FFF,2014J,Critical,9.47,0.0,0.0,0.0,0.0,0,Withdrawn
488192,CCC,2014J,Critical,9.47,0.0,0.0,0.0,0.0,0,Withdrawn
699050,EEE,2014J,Critical,9.47,0.0,0.0,0.0,0.0,0,Withdrawn
699049,EEE,2014J,Critical,9.47,0.0,0.0,0.0,0.0,0,Withdrawn
2603534,BBB,2014J,Critical,9.47,0.0,0.0,0.0,0.0,0,Withdrawn
2464901,BBB,2014J,Critical,9.47,19.0,1.0,1.0,1.0,0,Withdrawn
675829,FFF,2014J,Critical,9.47,0.0,0.0,0.0,0.0,0,Withdrawn
554920,BBB,2013B,Critical,9.47,0.0,0.0,0.0,0.0,0,Withdrawn
694658,EEE,2014J,Critical,9.47,0.0,0.0,0.0,0.0,0,Withdrawn
2684107,BBB,2014J,Critical,9.47,0.0,0.0,0.0,0.0,0,Withdrawn
577934,BBB,2014J,Critical,9.47,0.0,0.0,0.0,0.0,0,Withdrawn
637338,FFF,2014J,Critical,9.47,0.0,0.0,0.0,0.0,0,Withdrawn
636749,FFF,2014J,Critical,9.47,0.0,0.0,0.0,0.0,0,Withdrawn
264924,FFF,2013J,Critical,9.47,0.0,0.0,0.0,0.0,0,Withdrawn
598317,BBB,2014J,Critical,9.47,0.0,0.0,0.0,0.0,0,Withdrawn
674261,FFF,2014J,Critical,9.47,0.0,0.0,0.0,0.0,0,Withdrawn
557338,BBB,2013B,Critical,9.47,0.0,0.0,0.0,0.0,0,Withdrawn
107955,FFF,2013B,Critical,9.47,0.0,0.0,0.0,0.0,0,Withdrawn
36842,FFF,2013B,Critical,9.47,0.0,0.0,0.0,0.0,0,Withdrawn
2566474,EEE,2014J,Critical,9.47,0.0,0.0,0.0,0.0,0,Withdrawn
2051809,BBB,2014J,Critical,9.47,0.0,0.0,0.0,0.0,0,Withdrawn
2285017,BBB,2014J,Critical,9.47,0.0,0.0,0.0,0.0,0,Withdrawn
2239766,BBB,2014J,Critical,9.47,0.0,0.0,0.0,0.0,0,Withdrawn
1895399,EEE,2014J,Critical,9.47,0.0,0.0,0.0,0.0,0,Withdrawn
697868,BBB,2014J,Critical,9.47,0.0,0.0,0.0,0.0,0,Withdrawn
697319,BBB,2014J,Critical,9.47,0.0,0.0,0.0,0.0,0,Withdrawn
229191,FFF,2013J,Critical,9.47,0.0,0.0,0.0,0.0,0,Withdrawn
184925,FFF,2013J,Critical,9.47,0.0,0.0,0.0,0.0,0,Withdrawn
677323,CCC,2014J,Critical,9.47,0.0,0.0,0.0,0.0,0,Withdrawn
419822,DDD,2013J,Critical,9.47,0.0,0.0,0.0,0.0,0,Withdrawn
681704,CCC,2014J,Critical,9.47,0.0,0.0,0.0,0.0,0,Withdrawn
684313,CCC,2014J,Critical,9.47,0.0,0.0,0.0,0.0,0,Withdrawn
683449,CCC,2014J,Critical,9.47,0.0,0.0,0.0,0.0,0,Withdrawn
683203,CCC,2014J,Critical,9.47,0.0,0.0,0.0,0.0,0,Withdrawn
597109,BBB,2013J,Critical,9.47,0.0,0.0,0.0,0.0,0,Withdrawn
627651,FFF,2014B,Critical,9.47,0.0,0.0,0.0,0.0,0,Withdrawn
488382,AAA,2014J,Critical,9.47,0.0,0.0,0.0,0.0,0,Withdrawn
674970,FFF,2014J,Critical,9.47,0.0,0.0,0.0,0.0,0,Withdrawn
674911,FFF,2014J,Critical,9.47,0.0,0.0,0.0,0.0,0,Withdrawn
314219,DDD,2013J,Critical,9.47,0.0,0.0,0.0,0.0,0,Withdrawn
308982,DDD,2013J,Critical,9.47,0.0,0.0,0.0,0.0,1,Withdrawn
298911,DDD,2013J,Critical,9.47,82.0,0.0,0.0,6.0,0,Withdrawn
687319,CCC,2014J,Critical,9.47,0.0,0.0,0.0,0.0,0,Withdrawn
689807,CCC,2014J,Critical,9.47,0.0,0.0,0.0,0.0,0,Withdrawn
257359,DDD,2013J,Critical,9.47,0.0,0.0,0.0,0.0,0,Withdrawn
596637,FFF,2014B,Critical,9.47,0.0,0.0,0.0,0.0,0,Withdrawn
628736,FFF,2014B,Critical,9.47,0.0,0.0,0.0,0.0,0,Withdrawn
693456,CCC,2014J,Critical,9.47,0.0,0.0,0.0,0.0,0,Withdrawn
695051,BBB,2014J,Critical,9.47,0.0,0.0,0.0,0.0,0,Withdrawn
694682,BBB,2014J,Critical,9.47,0.0,0.0,0.0,0.0,0,Withdrawn
694458,BBB,2014J,Critical,9.47,0.0,0.0,0.0,0.0,0,Withdrawn
656519,FFF,2014J,Critical,9.47,0.0,0.0,0.0,0.0,0,Withdrawn
655747,FFF,2014J,Critical,9.47,0.0,0.0,0.0,0.0,0,Withdrawn
620508,DDD,2014B,Critical,9.47,0.0,0.0,0.0,0.0,0,Withdrawn
689952,BBB,2014J,Critical,9.47,0.0,0.0,0.0,0.0,0,Withdrawn
483179,FFF,2013B,Critical,9.47,90.0,0.0,0.0,10.0,1,Withdrawn
692532,BBB,2014J,Critical,9.47,0.0,0.0,0.0,0.0,0,Withdrawn
692528,BBB,2014J,Critical,9.47,0.0,0.0,0.0,0.0,0,Withdrawn
692392,BBB,2014J,Critical,9.47,0.0,0.0,0.0,0.0,0,Withdrawn
691509,BBB,2014J,Critical,9.47,0.0,0.0,0.0,0.0,0,Withdrawn
557729,BBB,2013B,Critical,9.47,0.0,0.0,0.0,0.0,0,Withdrawn
654816,FFF,2014J,Critical,9.47,0.0,0.0,0.0,0.0,0,Withdrawn
654732,FFF,2014J,Critical,9.47,0.0,0.0,0.0,0.0,0,Withdrawn
694222,BBB,2014J,Critical,9.47,0.0,0.0,0.0,0.0,0,Withdrawn
143752,FFF,2013J,Critical,9.47,0.0,0.0,0.0,0.0,0,Withdrawn
620655,BBB,2014J,Critical,9.47,4.0,1.0,1.0,2.0,1,Withdrawn
620135,BBB,2014J,Critical,9.47,0.0,0.0,0.0,0.0,0,Withdrawn
642128,FFF,2014J,Critical,9.47,0.0,0.0,0.0,0.0,0,Withdrawn
648348,FFF,2014J,Critical,9.47,0.0,0.0,0.0,0.0,0,Withdrawn
647799,FFF,2014J,Critical,9.47,0.0,0.0,0.0,0.0,0,Withdrawn
262332,FFF,2014J,Critical,9.47,0.0,0.0,0.0,0.0,0,Withdrawn
513918,CCC,2014J,Critical,9.47,0.0,0.0,0.0,0.0,0,Withdrawn
611988,DDD,2014B,Critical,9.47,0.0,0.0,0.0,0.0,0,Withdrawn
475078,BBB,2013B,Critical,9.47,0.0,0.0,0.0,0.0,1,Withdrawn
603348,BBB,2014B,Critical,9.47,0.0,0.0,0.0,0.0,0,Withdrawn
600259,BBB,2014B,Critical,9.47,0.0,0.0,0.0,0.0,0,Withdrawn
598150,BBB,2014B,Critical,9.47,0.0,0.0,0.0,0.0,0,Withdrawn
606189,FFF,2013J,Critical,9.47,0.0,0.0,0.0,0.0,0,Withdrawn
577215,BBB,2013J,Critical,9.47,0.0,0.0,0.0,0.0,0,Withdrawn
2599201,DDD,2014B,Critical,9.47,0.0,0.0,0.0,0.0,0,Withdrawn
1614808,DDD,2014B,Critical,9.47,0.0,0.0,0.0,0.0,0,Withdrawn
632879,DDD,2014B,Critical,9.47,0.0,0.0,0.0,0.0,0,Withdrawn
1469279,AAA,2014J,Critical,9.47,0.0,0.0,0.0,0.0,0,Withdrawn
654619,FFF,2014J,Critical,9.47,0.0,0.0,0.0,0.0,0,Withdrawn
654289,FFF,2014J,Critical,9.47,0.0,0.0,0.0,0.0,0,Withdrawn
604619,FFF,2013J,Critical,9.47,0.0,0.0,0.0,0.0,0,Withdrawn
637246,GGG,2014J,Critical,9.47,0.0,0.0,0.0,0.0,0,Withdrawn
626875,FFF,2014B,Critical,9.47,0.0,0.0,0.0,0.0,0,Withdrawn
598394,BBB,2013J,Critical,9.47,0.0,0.0,0.0,0.0,0,Withdrawn
611581,FFF,2014B,Critical,9.47,0.0,0.0,0.0,0.0,0,Withdrawn
613273,BBB,2013J,Critical,9.47,0.0,0.0,0.0,0.0,0,Withdrawn
613159,BBB,2013J,Critical,9.47,0.0,0.0,0.0,0.0,0,Withdrawn
492111,FFF,2013B,Critical,9.47,0.0,0.0,0.0,0.0,0,Withdrawn
690825,BBB,2014J,Critical,9.47,0.0,0.0,0.0,0.0,0,Withdrawn
690554,BBB,2014J,Critical,9.47,16.0,1.0,1.0,2.0,0,Withdrawn
113487,FFF,2013J,Critical,9.47,0.0,0.0,0.0,0.0,0,Withdrawn
687578,BBB,2014J,Critical,9.47,0.0,0.0,0.0,0.0,0,Withdrawn
2446784,FFF,2013B,Critical,9.47,0.0,0.0,0.0,0.0,0,Withdrawn
645529,FFF,2014J,Critical,9.47,0.0,0.0,0.0,0.0,0,Withdrawn
364185,BBB,2013J,Critical,9.47,0.0,0.0,0.0,0.0,0,Withdrawn
363151,BBB,2013J,Critical,9.47,0.0,0.0,0.0,0.0,0,Withdrawn
361988,BBB,2013J,Critical,9.47,0.0,0.0,0.0,0.0,0,Withdrawn
687105,BBB,2014J,Critical,9.47,0.0,0.0,0.0,0.0,0,Withdrawn
501411,FFF,2013B,Critical,9.47,0.0,0.0,0.0,0.0,0,Withdrawn
689180,BBB,2014J,Critical,9.47,0.0,0.0,0.0,0.0,0,Withdrawn
688927,BBB,2014J,Critical,9.47,0.0,0.0,0.0,0.0,0,Withdrawn
559291,BBB,2013B,Critical,9.47,0.0,0.0,0.0,0.0,0,Withdrawn
628435,BBB,2014J,Critical,9.47,0.0,0.0,0.0,0.0,0,Withdrawn
636807,BBB,2014J,Critical,9.47,0.0,0.0,0.0,0.0,0,Withdrawn
635716,BBB,2014J,Critical,9.47,0.0,0.0,0.0,0.0,0,Withdrawn
635251,BBB,2014J,Critical,9.47,0.0,0.0,0.0,0.0,0,Withdrawn
355692,BBB,2013J,Critical,9.47,0.0,0.0,0.0,0.0,0,Withdrawn
638818,BBB,2014J,Critical,9.47,0.0,0.0,0.0,0.0,0,Withdrawn
644975,BBB,2014J,Critical,9.47,0.0,0.0,0.0,0.0,0,Withdrawn
2394212,BBB,2013B,Critical,9.47,0.0,0.0,0.0,0.0,0,Withdrawn
2629511,DDD,2013B,Critical,9.47,0.0,0.0,0.0,0.0,0,Withdrawn
608026,BBB,2013J,Critical,9.47,0.0,0.0,0.0,0.0,0,Withdrawn
607888,BBB,2013J,Critical,9.47,0.0,0.0,0.0,0.0,0,Withdrawn
617255,FFF,2014B,Critical,9.47,0.0,0.0,0.0,0.0,0,Withdrawn
617015,FFF,2014B,Critical,9.47,0.0,0.0,0.0,0.0,0,Withdrawn
2535493,DDD,2013B,Critical,9.47,0.0,0.0,0.0,0.0,0,Withdrawn
2141506,DDD,2013B,Critical,9.47,0.0,0.0,0.0,0.0,1,Withdrawn
603575,FFF,2013J,Critical,9.47,0.0,0.0,0.0,0.0,0,Withdrawn
1841753,DDD,2013B,Critical,9.47,0.0,0.0,0.0,0.0,0,Withdrawn
2287671,BBB,2013B,Critical,9.47,0.0,0.0,0.0,0.0,0,Withdrawn
2672114,CCC,2014J,Critical,9.47,0.0,0.0,0.0,0.0,0,Withdrawn
682163,BBB,2014J,Critical,9.47,0.0,0.0,0.0,0.0,0,Withdrawn
680878,BBB,2014J,Critical,9.47,7.0,1.0,1.0,3.0,0,Withdrawn
680732,BBB,2014J,Critical,9.47,0.0,0.0,0.0,0.0,0,Withdrawn
682366,BBB,2014J,Critical,9.47,0.0,0.0,0.0,0.0,0,Withdrawn
2619472,CCC,2014J,Critical,9.47,0.0,0.0,0.0,0.0,0,Withdrawn
684641,BBB,2014J,Critical,9.47,0.0,0.0,0.0,0.0,0,Withdrawn
1936935,FFF,2013B,Critical,9.47,0.0,0.0,0.0,0.0,0,Withdrawn
646636,BBB,2014J,Critical,9.47,0.0,0.0,0.0,0.0,0,Withdrawn
520092,DDD,2013B,Critical,9.47,0.0,0.0,0.0,0.0,0,Withdrawn
686530,BBB,2014J,Critical,9.47,0.0,0.0,0.0,0.0,0,Withdrawn
685599,BBB,2014J,Critical,9.47,0.0,0.0,0.0,0.0,0,Withdrawn
653747,FFF,2014J,Critical,9.47,0.0,0.0,0.0,0.0,0,Withdrawn
653255,FFF,2014J,Critical,9.47,0.0,0.0,0.0,0.0,0,Withdrawn
360101,BBB,2013J,Critical,9.47,0.0,0.0,0.0,0.0,0,Withdrawn
358289,BBB,2013J,Critical,9.47,0.0,0.0,0.0,0.0,0,Withdrawn
678212,BBB,2014J,Critical,9.47,0.0,0.0,0.0,0.0,0,Withdrawn
532476,FFF,2013B,Critical,9.47,0.0,0.0,0.0,0.0,0,Withdrawn
528879,FFF,2013B,Critical,9.47,0.0,0.0,0.0,0.0,0,Withdrawn
646748,GGG,2014J,Critical,9.47,0.0,0.0,0.0,0.0,0,Withdrawn
624959,FFF,2014B,Critical,9.47,0.0,0.0,0.0,0.0,0,Withdrawn
600681,BBB,2013J,Critical,9.47,0.0,0.0,0.0,0.0,0,Withdrawn
600006,BBB,2013J,Critical,9.47,0.0,0.0,0.0,0.0,0,Withdrawn
618684,FFF,2014B,Critical,9.47,0.0,0.0,0.0,0.0,0,Withdrawn
515812,DDD,2013B,Critical,9.47,0.0,0.0,0.0,0.0,0,Withdrawn
603789,BBB,2013J,Critical,9.47,0.0,0.0,0.0,0.0,0,Withdrawn
609107,BBB,2013J,Critical,9.47,0.0,0.0,0.0,0.0,0,Withdrawn
608060,BBB,2013J,Critical,9.47,0.0,0.0,0.0,0.0,0,Withdrawn
643191,GGG,2014J,Critical,9.47,155.0,0.0,0.0,10.0,0,Withdrawn
679568,BBB,2014J,Critical,9.47,0.0,0.0,0.0,0.0,0,Withdrawn
679057,BBB,2014J,Critical,9.47,0.0,0.0,0.0,0.0,0,Withdrawn
678550,BBB,2014J,Critical,9.47,0.0,0.0,0.0,0.0,0,Withdrawn
650398,FFF,2014J,Critical,9.47,0.0,0.0,0.0,0.0,0,Withdrawn
558957,FFF,2013B,Critical,9.47,0.0,0.0,0.0,0.0,0,Withdrawn
648556,BBB,2014J,Critical,9.47,0.0,0.0,0.0,0.0,0,Withdrawn
647864,BBB,2014J,Critical,9.47,0.0,0.0,0.0,0.0,0,Withdrawn
647807,BBB,2014J,Critical,9.47,0.0,0.0,0.0,0.0,0,Withdrawn
647740,BBB,2014J,Critical,9.47,0.0,0.0,0.0,0.0,0,Withdrawn
674280,BBB,2014J,Critical,9.47,0.0,0.0,0.0,0.0,0,Withdrawn
647220,BBB,2014J,Critical,9.47,0.0,0.0,0.0,0.0,0,Withdrawn
656228,BBB,2014J,Critical,9.47,0.0,0.0,0.0,0.0,0,Withdrawn
338878,BBB,2013J,Critical,9.47,0.0,0.0,0.0,0.0,2,Withdrawn
312531,BBB,2013J,Critical,9.47,0.0,0.0,0.0,0.0,2,Withdrawn
650180,FFF,2014J,Critical,9.47,0.0,0.0,0.0,0.0,0,Withdrawn
23632,BBB,2013J,Critical,9.47,0.0,0.0,0.0,0.0,0,Withdrawn
2597027,BBB,2013B,Critical,9.47,0.0,0.0,0.0,0.0,0,Withdrawn
649926,FFF,2014J,Critical,9.47,0.0,0.0,0.0,0.0,0,Withdrawn
545522,FFF,2013B,Critical,9.47,0.0,0.0,0.0,0.0,0,Withdrawn
648203,BBB,2014J,Critical,9.47,0.0,0.0,0.0,0.0,0,Withdrawn
558199,FFF,2013B,Critical,9.47,0.0,0.0,0.0,0.0,0,Withdrawn
557588,FFF,2013B,Critical,9.47,0.0,0.0,0.0,0.0,0,Withdrawn
556927,FFF,2013B,Critical,9.47,0.0,0.0,0.0,0.0,0,Withdrawn
649731,BBB,2014J,Critical,9.47,0.0,0.0,0.0,0.0,0,Withdrawn
72057,BBB,2013J,Critical,9.47,0.0,0.0,0.0,0.0,0,Withdrawn
57369,BBB,2013J,Critical,9.47,0.0,0.0,0.0,0.0,0,Withdrawn
542062,FFF,2013B,Critical,9.47,0.0,0.0,0.0,0.0,0,Withdrawn
676973,BBB,2014J,Critical,9.47,0.0,0.0,0.0,0.0,0,Withdrawn
537728,FFF,2013B,Critical,9.47,0.0,0.0,0.0,0.0,0,Withdrawn
537000,FFF,2013B,Critical,9.47,0.0,0.0,0.0,0.0,0,Withdrawn
677950,BBB,2014J,Critical,9.47,0.0,0.0,0.0,0.0,0,Withdrawn
535761,FFF,2013B,Critical,9.47,0.0,0.0,0.0,0.0,0,Withdrawn
650676,BBB,2014J,Critical,9.47,0.0,0.0,0.0,0.0,0,Withdrawn
572659,CCC,2014J,Critical,9.47,0.0,0.0,0.0,0.0,0,Withdrawn
675161,BBB,2014J,Critical,9.47,0.0,0.0,0.0,0.0,0,Withdrawn
287499,DDD,2014B,Critical,9.47,0.0,0.0,0.0,0.0,0,Withdrawn
557083,DDD,2013B,Critical,9.47,0.0,0.0,0.0,0.0,0,Withdrawn
255622,DDD,2014B,Critical,9.47,0.0,0.0,0.0,0.0,1,Withdrawn
545770,DDD,2013B,Critical,9.47,0.0,0.0,0.0,0.0,0,Withdrawn
574264,BBB,2014B,Critical,9.47,0.0,0.0,0.0,0.0,0,Withdrawn
603052,BBB,2013J,Critical,9.47,0.0,0.0,0.0,0.0,0,Withdrawn
653551,BBB,2014J,Critical,9.47,0.0,0.0,0.0,0.0,0,Withdrawn
553631,FFF,2013B,Critical,9.47,0.0,0.0,0.0,0.0,0,Withdrawn
652558,BBB,2014J,Critical,9.47,0.0,0.0,0.0,0.0,0,Withdrawn
652533,BBB,2014J,Critical,9.47,0.0,0.0,0.0,0.0,0,Withdrawn
548608,FFF,2013B,Critical,9.47,0.0,0.0,0.0,0.0,0,Withdrawn
675885,GGG,2014J,Critical,9.47,0.0,0.0,0.0,0.0,0,Withdrawn
572378,BBB,2014B,Critical,9.47,0.0,0.0,0.0,0.0,0,Withdrawn
485943,DDD,2013B,Critical,9.47,0.0,0.0,0.0,0.0,0,Withdrawn
191491,DDD,2013B,Critical,9.47,0.0,0.0,0.0,0.0,0,Withdrawn
572370,BBB,2014B,Critical,9.47,0.0,0.0,0.0,0.0,0,Withdrawn
623939,FFF,2014B,Critical,9.47,0.0,0.0,0.0,0.0,0,Withdrawn
556134,FFF,2013B,Critical,9.47,0.0,0.0,0.0,0.0,0,Withdrawn
490542,CCC,2014J,Critical,9.47,0.0,0.0,0.0,0.0,0,Withdrawn
582340,CCC,2014J,Critical,9.47,0.0,0.0,0.0,0.0,0,Withdrawn
688663,GGG,2014J,Critical,9.47,0.0,0.0,0.0,0.0,0,Withdrawn
548331,FFF,2013B,Critical,9.47,0.0,0.0,0.0,0.0,0,Withdrawn
654796,BBB,2014J,Critical,9.47,0.0,0.0,0.0,0.0,0,Withdrawn
27457,BBB,2013J,Critical,9.47,0.0,0.0,0.0,0.0,0,Withdrawn
228243,BBB,2013J,Critical,9.47,0.0,0.0,0.0,0.0,0,Withdrawn
280439,BBB,2013J,Critical,9.47,0.0,0.0,0.0,0.0,0,Withdrawn
274577,BBB,2013J,Critical,9.47,0.0,0.0,0.0,0.0,1,Withdrawn
650181,BBB,2014J,Critical,9.47,0.0,0.0,0.0,0.0,0,Withdrawn
650121,BBB,2014J,Critical,9.47,0.0,0.0,0.0,0.0,0,Withdrawn
603471,BBB,2013J,Critical,9.47,0.0,0.0,0.0,0.0,0,Withdrawn
436554,DDD,2013B,Critical,9.47,123.0,0.0,0.0,5.0,1,Withdrawn
432204,DDD,2013B,Critical,9.47,0.0,0.0,0.0,0.0,0,Withdrawn
650257,GGG,2014J,Critical,9.47,0.0,0.0,0.0,0.0,0,Withdrawn
117969,GGG,2014B,Critical,9.47,0.0,0.0,0.0,0.0,0,Withdrawn
653730,BBB,2014J,Critical,9.47,0.0,0.0,0.0,0.0,0,Withdrawn
335264,DDD,2013B,Critical,9.46,264.0,0.0,0.0,5.0,0,Withdrawn
470119,DDD,2013B,Critical,9.46,30.0,0.0,0.0,2.0,0,Withdrawn
551156,FFF,2013B,Critical,9.46,1.0,0.0,0.0,1.0,0,Withdrawn
657351,GGG,2014J,Critical,9.46,126.0,0.0,0.0,7.0,0,Withdrawn
674750,GGG,2014J,Critical,9.46,4.0,0.0,0.0,1.0,0,Withdrawn
604079,BBB,2013J,Critical,9.46,1.0,0.0,0.0,1.0,0,Withdrawn
604610,BBB,2013J,Critical,9.46,12.0,0.0,0.0,2.0,0,Withdrawn
621990,FFF,2014B,Critical,9.46,14.0,0.0,0.0,2.0,0,Withdrawn
622894,FFF,2014B,Critical,9.46,8.0,0.0,0.0,2.0,0,Withdrawn
536999,DDD,2013B,Critical,9.46,9.0,0.0,0.0,2.0,0,Withdrawn
625373,FFF,2014B,Critical,9.46,8.0,0.0,0.0,2.0,0,Withdrawn
625986,FFF,2014B,Critical,9.46,6.0,0.0,0.0,1.0,0,Withdrawn
607080,BBB,2013J,Critical,9.46,6.0,0.0,0.0,1.0,0,Withdrawn
620356,FFF,2014B,Critical,9.46,5.0,0.0,0.0,1.0,0,Withdrawn
2297770,CCC,2014J,Critical,9.46,5.0,0.0,0.0,1.0,0,Withdrawn
548420,DDD,2013B,Critical,9.46,129.0,0.0,0.0,8.0,0,Withdrawn
2063436,CCC,2014J,Critical,9.46,18.0,0.0,0.0,3.0,0,Withdrawn
550521,DDD,2013B,Critical,9.46,28.0,0.0,0.0,3.0,0,Withdrawn
645851,GGG,2014J,Critical,9.46,41.0,0.0,0.0,1.0,0,Withdrawn
609190,BBB,2013J,Critical,9.46,2.0,0.0,0.0,1.0,0,Withdrawn
617824,FFF,2014B,Critical,9.46,17.0,0.0,0.0,3.0,0,Withdrawn
559261,DDD,2013B,Critical,9.46,13.0,0.0,0.0,1.0,0,Withdrawn
610392,BBB,2013J,Critical,9.46,10.0,0.0,0.0,2.0,0,Withdrawn
695976,CCC,2014J,Critical,9.46,3.0,0.0,0.0,3.0,0,Withdrawn
696848,CCC,2014J,Critical,9.46,24.0,0.0,0.0,3.0,0,Withdrawn
598070,AAA,2014J,Critical,9.46,3.0,0.0,0.0,1.0,0,Withdrawn
626174,FFF,2014B,Critical,9.46,11.0,0.0,0.0,2.0,0,Withdrawn
610783,BBB,2013J,Critical,9.46,4.0,0.0,0.0,1.0,0,Withdrawn
690631,CCC,2014J,Critical,9.46,3.0,0.0,0.0,1.0,0,Withdrawn
514526,AAA,2014J,Critical,9.46,45.0,0.0,0.0,3.0,0,Withdrawn
686813,CCC,2014J,Critical,9.46,11.0,0.0,0.0,1.0,0,Withdrawn
682041,CCC,2014J,Critical,9.46,3.0,0.0,0.0,1.0,0,Withdrawn
386912,DDD,2013J,Critical,9.46,2.0,0.0,0.0,1.0,0,Withdrawn
647284,FFF,2014J,Critical,9.46,17.0,0.0,0.0,1.0,0,Withdrawn
678843,CCC,2014J,Critical,9.46,16.0,0.0,0.0,3.0,0,Withdrawn
427248,DDD,2013J,Critical,9.46,317.0,0.0,1.0,26.0,0,Withdrawn
630782,FFF,2014B,Critical,9.46,1.0,0.0,0.0,1.0,0,Withdrawn
657211,CCC,2014J,Critical,9.46,5.0,0.0,0.0,1.0,0,Withdrawn
2518589,BBB,2013J,Critical,9.46,7.0,0.0,0.0,1.0,0,Withdrawn
493147,DDD,2013J,Critical,9.46,12.0,0.0,0.0,2.0,0,Withdrawn
632621,FFF,2014B,Critical,9.46,1.0,0.0,0.0,1.0,0,Withdrawn
594208,BBB,2013J,Critical,9.46,1.0,0.0,0.0,1.0,0,Withdrawn
648833,CCC,2014J,Critical,9.46,22.0,0.0,0.0,2.0,0,Withdrawn
647184,CCC,2014J,Critical,9.46,18.0,0.0,0.0,1.0,0,Withdrawn
530270,DDD,2013J,Critical,9.46,55.0,0.0,0.0,11.0,1,Withdrawn
629387,GGG,2014B,Critical,9.46,26.0,0.0,0.0,1.0,0,Withdrawn
639232,CCC,2014J,Critical,9.46,1.0,0.0,0.0,1.0,0,Withdrawn
642261,CCC,2014J,Critical,9.46,5.0,0.0,0.0,2.0,0,Withdrawn
574029,DDD,2013J,Critical,9.46,35.0,0.0,0.0,2.0,0,Withdrawn
574860,DDD,2013J,Critical,9.46,19.0,0.0,0.0,2.0,0,Withdrawn
125874,BBB,2013J,Critical,9.46,5.0,0.0,0.0,1.0,0,Withdrawn
469664,BBB,2014B,Critical,9.46,13.0,0.0,0.0,1.0,0,Withdrawn
582954,DDD,2013J,Critical,9.46,5.0,0.0,0.0,2.0,0,Fail
612385,GGG,2014B,Critical,9.46,7.0,0.0,0.0,1.0,0,Withdrawn
494948,BBB,2014B,Critical,9.46,5.0,0.0,0.0,1.0,1,Withdrawn
81216,FFF,2014B,Critical,9.46,13.0,0.0,0.0,1.0,0,Withdrawn
588485,DDD,2013J,Critical,9.46,1.0,0.0,0.0,1.0,0,Withdrawn
611852,CCC,2014J,Critical,9.46,1.0,0.0,0.0,1.0,0,Withdrawn
330376,BBB,2013B,Critical,9.46,26.0,0.0,0.0,1.0,2,Withdrawn
600390,GGG,2014B,Critical,9.46,9.0,0.0,0.0,1.0,0,Withdrawn
602616,GGG,2014B,Critical,9.46,1.0,0.0,0.0,1.0,0,Withdrawn
608649,GGG,2014B,Critical,9.46,2.0,0.0,0.0,1.0,0,Withdrawn
598949,DDD,2013J,Critical,9.46,23.0,0.0,0.0,3.0,0,Withdrawn
599101,DDD,2013J,Critical,9.46,23.0,0.0,0.0,3.0,0,Withdrawn
603201,DDD,2013J,Critical,9.46,53.0,0.0,0.0,1.0,0,Withdrawn
656453,BBB,2014J,Critical,9.46,20.0,0.0,0.0,3.0,0,Withdrawn
604392,DDD,2013J,Critical,9.46,3.0,0.0,0.0,1.0,0,Withdrawn
610838,DDD,2013J,Critical,9.46,6.0,0.0,0.0,2.0,0,Withdrawn
1464932,DDD,2013J,Critical,9.46,15.0,0.0,0.0,2.0,0,Withdrawn
592805,CCC,2014J,Critical,9.46,3.0,0.0,0.0,1.0,0,Withdrawn
555603,BBB,2014B,Critical,9.46,13.0,0.0,0.0,2.0,1,Withdrawn
1943681,FFF,2013J,Critical,9.46,104.0,0.0,0.0,2.0,0,Withdrawn
380151,BBB,2013B,Critical,9.46,20.0,0.0,0.0,2.0,0,Withdrawn
288407,DDD,2014B,Critical,9.46,18.0,0.0,0.0,2.0,0,Withdrawn
315723,DDD,2014B,Critical,9.46,5.0,0.0,0.0,1.0,1,Withdrawn
352308,DDD,2014B,Critical,9.46,22.0,0.0,0.0,1.0,0,Withdrawn
574891,CCC,2014J,Critical,9.46,45.0,0.0,0.0,12.0,0,Withdrawn
238301,FFF,2014J,Critical,9.46,5.0,0.0,0.0,2.0,0,Withdrawn
563430,CCC,2014J,Critical,9.46,6.0,0.0,0.0,1.0,0,Withdrawn
518330,DDD,2014B,Critical,9.46,13.0,0.0,0.0,1.0,1,Withdrawn
528822,DDD,2014B,Critical,9.46,24.0,0.0,0.0,2.0,0,Withdrawn
547816,DDD,2014B,Critical,9.46,2.0,0.0,0.0,1.0,1,Withdrawn
556007,DDD,2014B,Critical,9.46,82.0,0.0,0.0,11.0,0,Withdrawn
546400,CCC,2014J,Critical,9.46,1.0,0.0,0.0,1.0,1,Withdrawn
572043,DDD,2014B,Critical,9.46,39.0,0.0,0.0,2.0,0,Withdrawn
586814,GGG,2013J,Critical,9.46,6.0,0.0,0.0,1.0,0,Withdrawn
605131,DDD,2014B,Critical,9.46,15.0,0.0,0.0,2.0,0,Withdrawn
281970,FFF,2014J,Critical,9.46,22.0,0.0,0.0,3.0,0,Withdrawn
543557,GGG,2013J,Critical,9.46,7.0,0.0,0.0,1.0,0,Withdrawn
606335,BBB,2014B,Critical,9.46,1.0,0.0,0.0,1.0,0,Withdrawn
604296,FFF,2013J,Critical,9.46,17.0,0.0,0.0,2.0,0,Withdrawn
624068,DDD,2014B,Critical,9.46,9.0,0.0,0.0,1.0,0,Withdrawn
625613,DDD,2014B,Critical,9.46,39.0,0.0,0.0,2.0,0,Withdrawn
627370,DDD,2014B,Critical,9.46,6.0,0.0,0.0,2.0,0,Withdrawn
630531,DDD,2014B,Critical,9.46,14.0,0.0,0.0,2.0,0,Withdrawn
576046,BBB,2013J,Critical,9.46,5.0,0.0,0.0,1.0,0,Withdrawn
415023,CCC,2014J,Critical,9.46,7.0,0.0,0.0,3.0,0,Withdrawn
360483,CCC,2014J,Critical,9.46,127.0,0.0,0.0,11.0,0,Withdrawn
490110,BBB,2013B,Critical,9.46,6.0,0.0,0.0,1.0,0,Withdrawn
600667,FFF,2013J,Critical,9.46,35.0,0.0,0.0,2.0,0,Withdrawn
578953,BBB,2013J,Critical,9.46,9.0,0.0,0.0,2.0,0,Withdrawn
613512,BBB,2014B,Critical,9.46,5.0,0.0,0.0,1.0,0,Withdrawn
617950,BBB,2014B,Critical,9.46,22.0,0.0,0.0,1.0,0,Withdrawn
577007,BBB,2013J,Critical,9.46,17.0,0.0,0.0,2.0,0,Withdrawn
327664,FFF,2014J,Critical,9.46,13.0,0.0,0.0,2.0,1,Withdrawn
618586,BBB,2014B,Critical,9.46,10.0,0.0,0.0,2.0,0,Withdrawn
597880,FFF,2013J,Critical,9.46,27.0,0.0,0.0,2.0,0,Withdrawn
507576,DDD,2014J,Critical,9.46,14.0,0.0,0.0,1.0,0,Withdrawn
96864,CCC,2014J,Critical,9.46,96.0,0.0,1.0,10.0,0,Withdrawn
529885,DDD,2014J,Critical,9.46,3.0,0.0,0.0,1.0,0,Withdrawn
2621379,CCC,2014B,Critical,9.46,188.0,0.0,0.0,6.0,0,Withdrawn
2569912,CCC,2014B,Critical,9.46,5.0,0.0,0.0,1.0,0,Withdrawn
694272,FFF,2014J,Critical,9.46,28.0,0.0,0.0,2.0,0,Withdrawn
623407,DDD,2014J,Critical,9.46,4.0,0.0,0.0,2.0,0,Withdrawn
692898,FFF,2014J,Critical,9.46,21.0,0.0,0.0,3.0,0,Withdrawn
648833,DDD,2014J,Critical,9.46,3.0,0.0,0.0,1.0,0,Withdrawn
589768,FFF,2013J,Critical,9.46,1.0,0.0,0.0,1.0,0,Withdrawn
654863,DDD,2014J,Critical,9.46,5.0,0.0,0.0,2.0,0,Withdrawn
532742,BBB,2013B,Critical,9.46,8.0,0.0,0.0,2.0,0,Withdrawn
466717,FFF,2014J,Critical,9.46,2.0,0.0,0.0,1.0,0,Withdrawn
690174,FFF,2014J,Critical,9.46,71.0,0.0,0.0,2.0,0,Withdrawn
690631,FFF,2014J,Critical,9.46,1.0,0.0,0.0,1.0,0,Withdrawn
630531,CCC,2014B,Critical,9.46,23.0,0.0,0.0,1.0,0,Withdrawn
674277,DDD,2014J,Critical,9.46,5.0,0.0,0.0,2.0,0,Withdrawn
627160,CCC,2014B,Critical,9.46,17.0,0.0,0.0,1.0,0,Withdrawn
681695,DDD,2014J,Critical,9.46,6.0,0.0,0.0,2.0,0,Withdrawn
684712,DDD,2014J,Critical,9.46,18.0,0.0,0.0,1.0,0,Withdrawn
687715,DDD,2014J,Critical,9.46,1.0,0.0,0.0,1.0,0,Withdrawn
690843,DDD,2014J,Critical,9.46,2.0,0.0,0.0,1.0,0,Withdrawn
620376,CCC,2014B,Critical,9.46,2.0,0.0,0.0,1.0,0,Withdrawn
489048,FFF,2014J,Critical,9.46,58.0,0.0,0.0,2.0,0,Withdrawn
632605,BBB,2014B,Critical,9.46,38.0,1.0,1.0,5.0,0,Withdrawn
560197,FFF,2013B,Critical,9.46,8.0,0.0,0.0,1.0,0,Withdrawn
560443,FFF,2013B,Critical,9.46,23.0,0.0,0.0,2.0,0,Withdrawn
647126,BBB,2014J,Critical,9.46,12.0,0.0,0.0,1.0,0,Withdrawn
620356,CCC,2014B,Critical,9.46,5.0,0.0,0.0,1.0,0,Withdrawn
697730,DDD,2014J,Critical,9.46,9.0,0.0,0.0,1.0,0,Withdrawn
698007,DDD,2014J,Critical,9.46,2.0,0.0,0.0,1.0,0,Withdrawn
1484626,DDD,2014J,Critical,9.46,20.0,0.0,0.0,1.0,0,Withdrawn
580533,FFF,2013J,Critical,9.46,10.0,0.0,0.0,2.0,0,Withdrawn
633052,BBB,2014B,Critical,9.46,96.0,0.0,0.0,10.0,0,Withdrawn
579307,FFF,2013J,Critical,9.46,8.0,0.0,0.0,2.0,0,Withdrawn
110461,EEE,2013J,Critical,9.46,12.0,0.0,0.0,1.0,0,Withdrawn
288769,EEE,2013J,Critical,9.46,2.0,0.0,0.0,1.0,0,Withdrawn
503015,EEE,2013J,Critical,9.46,192.0,0.0,0.0,8.0,0,Withdrawn
574670,EEE,2013J,Critical,9.46,1.0,0.0,0.0,1.0,0,Withdrawn
576301,EEE,2013J,Critical,9.46,9.0,0.0,0.0,1.0,0,Withdrawn
576409,EEE,2013J,Critical,9.46,3.0,0.0,0.0,2.0,0,Withdrawn
70750,BBB,2014J,Critical,9.46,103.0,0.0,0.0,8.0,1,Withdrawn
582170,EEE,2013J,Critical,9.46,7.0,0.0,0.0,1.0,0,Withdrawn
588974,EEE,2013J,Critical,9.46,46.0,0.0,0.0,3.0,0,Withdrawn
563430,FFF,2013J,Critical,9.46,8.0,0.0,0.0,1.0,0,Withdrawn
2670012,EEE,2013J,Critical,9.46,18.0,0.0,0.0,1.0,0,Withdrawn
571365,CCC,2014B,Critical,9.46,24.0,0.0,0.0,2.0,0,Withdrawn
563902,EEE,2014B,Critical,9.46,4.0,0.0,0.0,2.0,0,Withdrawn
682505,FFF,2014J,Critical,9.46,1.0,0.0,0.0,1.0,0,Withdrawn
534047,CCC,2014B,Critical,9.46,10.0,0.0,0.0,2.0,0,Withdrawn
620376,EEE,2014B,Critical,9.46,8.0,0.0,0.0,3.0,0,Withdrawn
532252,CCC,2014B,Critical,9.46,18.0,0.0,0.0,2.0,0,Withdrawn
627160,EEE,2014B,Critical,9.46,18.0,0.0,0.0,2.0,0,Withdrawn
507801,CCC,2014B,Critical,9.46,3.0,0.0,0.0,1.0,0,Withdrawn
440912,BBB,2014J,Critical,9.46,41.0,0.0,0.0,1.0,0,Withdrawn
516165,BBB,2013J,Critical,9.46,2.0,0.0,0.0,1.0,0,Withdrawn
2569912,EEE,2014B,Critical,9.46,6.0,0.0,0.0,1.0,0,Withdrawn
391572,EEE,2014J,Critical,9.46,1.0,0.0,0.0,1.0,0,Withdrawn
623763,FFF,2014J,Critical,9.46,3.0,0.0,0.0,1.0,0,Withdrawn
508414,BBB,2013J,Critical,9.46,5.0,0.0,0.0,3.0,1,Withdrawn
465517,CCC,2014B,Critical,9.46,191.0,0.0,0.0,8.0,0,Withdrawn
604875,EEE,2014J,Critical,9.46,10.0,0.0,0.0,1.0,1,Withdrawn
637601,EEE,2014J,Critical,9.46,257.0,0.0,0.0,6.0,0,Withdrawn
680312,FFF,2014J,Critical,9.46,12.0,0.0,0.0,2.0,0,Withdrawn
646218,EEE,2014J,Critical,9.46,23.0,0.0,0.0,2.0,0,Withdrawn
418129,FFF,2013J,Critical,9.46,20.0,0.0,0.0,2.0,0,Withdrawn
424069,FFF,2013J,Critical,9.46,18.0,0.0,0.0,1.0,0,Withdrawn
519995,BBB,2014J,Critical,9.46,6.0,0.0,0.0,3.0,0,Withdrawn
649332,EEE,2014J,Critical,9.46,12.0,0.0,0.0,2.0,0,Withdrawn
357214,CCC,2014B,Critical,9.46,6.0,0.0,0.0,1.0,0,Withdrawn
314555,CCC,2014B,Critical,9.46,169.0,0.0,0.0,8.0,0,Withdrawn
500625,BBB,2013J,Critical,9.46,19.0,0.0,0.0,2.0,0,Withdrawn
652233,EEE,2014J,Critical,9.46,4.0,0.0,0.0,1.0,0,Withdrawn
552640,BBB,2013B,Critical,9.46,1.0,0.0,0.0,1.0,0,Withdrawn
679539,EEE,2014J,Critical,9.46,7.0,0.0,0.0,2.0,0,Withdrawn
553938,BBB,2013B,Critical,9.46,15.0,0.0,0.0,1.0,0,Withdrawn
554637,BBB,2013B,Critical,9.46,3.0,0.0,0.0,1.0,0,Withdrawn
679883,EEE,2014J,Critical,9.46,1.0,0.0,0.0,1.0,0,Withdrawn
631750,FFF,2014J,Critical,9.46,171.0,0.0,0.0,10.0,0,Withdrawn
2609768,BBB,2014J,Critical,9.46,41.0,0.0,0.0,2.0,0,Withdrawn
699038,EEE,2014J,Critical,9.46,22.0,0.0,0.0,2.0,0,Withdrawn
284742,FFF,2013J,Critical,9.46,46.0,0.0,0.0,2.0,0,Withdrawn
2372573,EEE,2014J,Critical,9.46,24.0,0.0,0.0,2.0,0,Withdrawn
2631935,EEE,2014J,Critical,9.46,28.0,0.0,0.0,3.0,0,Withdrawn
657211,FFF,2014J,Critical,9.46,12.0,0.0,0.0,2.0,0,Withdrawn
698586,BBB,2014J,Critical,9.46,16.0,0.0,0.0,2.0,0,Withdrawn
685861,BBB,2014J,Critical,9.46,3.0,0.0,0.0,1.0,0,Withdrawn
686201,BBB,2014J,Critical,9.46,44.0,0.0,0.0,2.0,0,Withdrawn
520153,FFF,2013B,Critical,9.46,8.0,0.0,0.0,1.0,0,Withdrawn
646455,BBB,2014J,Critical,9.46,1.0,0.0,0.0,1.0,0,Withdrawn
203442,FFF,2013B,Critical,9.46,53.0,0.0,0.0,2.0,0,Withdrawn
606004,BBB,2014J,Critical,9.46,15.0,0.0,0.0,3.0,0,Withdrawn
655720,FFF,2014J,Critical,9.46,3.0,0.0,0.0,1.0,0,Withdrawn
556481,BBB,2013B,Critical,9.46,7.0,0.0,0.0,1.0,0,Withdrawn
688545,BBB,2014J,Critical,9.46,6.0,0.0,0.0,1.0,0,Withdrawn
653848,FFF,2014J,Critical,9.46,1.0,0.0,0.0,1.0,0,Withdrawn
559227,BBB,2013B,Critical,9.46,5.0,0.0,0.0,1.0,0,Withdrawn
645401,FFF,2014J,Critical,9.46,316.0,0.0,0.0,20.0,0,Withdrawn
2532652,FFF,2013B,Critical,9.46,259.0,0.0,0.0,12.0,0,Withdrawn
687977,BBB,2014J,Critical,9.46,12.0,0.0,0.0,1.0,0,Withdrawn
645052,BBB,2014J,Critical,9.46,14.0,0.0,0.0,2.0,0,Withdrawn
684733,GGG,2014J,Critical,9.46,21.0,0.0,0.0,2.0,0,Withdrawn
685096,GGG,2014J,Critical,9.46,12.0,0.0,0.0,2.0,0,Withdrawn
430055,DDD,2013B,Critical,9.46,2.0,0.0,0.0,1.0,0,Withdrawn
342176,DDD,2013B,Critical,9.46,37.0,0.0,0.0,2.0,1,Withdrawn
622897,FFF,2014B,Critical,9.45,159.0,0.0,0.0,3.0,0,Withdrawn
30268,AAA,2013J,Critical,9.45,281.0,0.0,0.0,12.0,0,Withdrawn
53895,DDD,2013B,Critical,9.45,65.0,0.0,0.0,5.0,1,Withdrawn
533829,DDD,2013B,Critical,9.45,84.0,0.0,0.0,4.0,0,Withdrawn
535747,DDD,2013B,Critical,9.45,63.0,0.0,0.0,5.0,0,Withdrawn
649153,GGG,2014J,Critical,9.45,102.0,0.0,0.0,11.0,0,Withdrawn
625667,FFF,2014B,Critical,9.45,80.0,0.0,0.0,3.0,0,Withdrawn
549575,DDD,2013B,Critical,9.45,30.0,0.0,0.0,4.0,0,Withdrawn
652933,BBB,2014J,Critical,9.45,267.0,1.0,1.0,23.0,0,Withdrawn
554729,DDD,2013B,Critical,9.45,63.0,0.0,0.0,2.0,0,Withdrawn
647758,GGG,2014J,Critical,9.45,138.0,0.0,0.0,20.0,0,Withdrawn
560127,DDD,2013B,Critical,9.45,26.0,0.0,0.0,5.0,0,Withdrawn
560384,DDD,2013B,Critical,9.45,66.0,0.0,0.0,4.0,0,Withdrawn
1529458,CCC,2014J,Critical,9.45,469.0,0.0,0.0,13.0,0,Withdrawn
613775,FFF,2014B,Critical,9.45,35.0,0.0,0.0,4.0,0,Withdrawn
626320,FFF,2014B,Critical,9.45,15.0,0.0,0.0,4.0,0,Withdrawn
692179,CCC,2014J,Critical,9.45,181.0,0.0,0.0,11.0,0,Withdrawn
652311,FFF,2014J,Critical,9.45,112.0,0.0,0.0,4.0,0,Withdrawn
318574,DDD,2013J,Critical,9.45,95.0,0.0,0.0,3.0,0,Withdrawn
596641,BBB,2013J,Critical,9.45,30.0,0.0,0.0,3.0,0,Withdrawn
651801,BBB,2014J,Critical,9.45,113.0,0.0,0.0,1.0,0,Withdrawn
679468,CCC,2014J,Critical,9.45,55.0,0.0,0.0,5.0,0,Withdrawn
677887,CCC,2014J,Critical,9.45,210.0,0.0,0.0,12.0,0,Withdrawn
676760,CCC,2014J,Critical,9.45,52.0,0.0,0.0,4.0,0,Withdrawn
656026,CCC,2014J,Critical,9.45,44.0,0.0,0.0,5.0,0,Withdrawn
488550,DDD,2013J,Critical,9.45,211.0,0.0,0.0,21.0,0,Withdrawn
556052,FFF,2014B,Critical,9.45,56.0,0.0,0.0,6.0,0,Withdrawn
653726,CCC,2014J,Critical,9.45,43.0,0.0,0.0,3.0,0,Withdrawn
495762,DDD,2013J,Critical,9.45,26.0,0.0,0.0,4.0,1,Withdrawn
648314,CCC,2014J,Critical,9.45,83.0,0.0,0.0,3.0,0,Withdrawn
523632,DDD,2013J,Critical,9.45,43.0,0.0,0.0,6.0,0,Withdrawn
633558,FFF,2014B,Critical,9.45,34.0,0.0,0.0,5.0,0,Withdrawn
592669,BBB,2013J,Critical,9.45,26.0,0.0,0.0,3.0,0,Withdrawn
505501,FFF,2013B,Critical,9.45,28.0,0.0,0.0,4.0,0,Withdrawn
645407,FFF,2014J,Critical,9.45,34.0,0.0,0.0,6.0,0,Withdrawn
634007,FFF,2014B,Critical,9.45,188.0,0.0,0.0,15.0,0,Withdrawn
558052,DDD,2013J,Critical,9.45,43.0,0.0,0.0,4.0,0,Withdrawn
638426,CCC,2014J,Critical,9.45,275.0,0.0,0.0,10.0,0,Withdrawn
382877,BBB,2014B,Critical,9.45,42.0,0.0,0.0,2.0,0,Withdrawn
547666,FFF,2013B,Critical,9.45,402.0,0.0,0.0,13.0,0,Withdrawn
587179,DDD,2013J,Critical,9.45,31.0,0.0,0.0,4.0,0,Withdrawn
589445,DDD,2013J,Critical,9.45,56.0,0.0,0.0,4.0,0,Withdrawn
2637239,FFF,2013J,Critical,9.45,60.0,0.0,0.0,5.0,0,Withdrawn
599406,DDD,2013J,Critical,9.45,38.0,0.0,0.0,3.0,0,Withdrawn
604398,DDD,2013J,Critical,9.45,104.0,0.0,0.0,3.0,0,Withdrawn
2321492,DDD,2013J,Critical,9.45,54.0,0.0,0.0,4.0,0,Withdrawn
553000,BBB,2014B,Critical,9.45,35.0,0.0,0.0,3.0,0,Withdrawn
166607,FFF,2014J,Critical,9.45,32.0,0.0,0.0,7.0,0,Withdrawn
161878,DDD,2014B,Critical,9.45,36.0,0.0,0.0,5.0,0,Withdrawn
641565,FFF,2014J,Critical,9.45,71.0,0.0,0.0,5.0,0,Withdrawn
691272,BBB,2014J,Critical,9.45,49.0,0.0,0.0,5.0,0,Withdrawn
373795,DDD,2014B,Critical,9.45,71.0,0.0,0.0,4.0,0,Withdrawn
579259,BBB,2013J,Critical,9.45,67.0,0.0,0.0,2.0,0,Withdrawn
501890,DDD,2014B,Critical,9.45,73.0,0.0,0.0,4.0,0,Withdrawn
563951,CCC,2014J,Critical,9.45,246.0,0.0,0.0,8.0,0,Withdrawn
508872,DDD,2014B,Critical,9.45,67.0,0.0,0.0,14.0,0,Withdrawn
608211,FFF,2013J,Critical,9.45,19.0,0.0,0.0,6.0,0,Withdrawn
556489,FFF,2013B,Critical,9.45,96.0,0.0,0.0,3.0,0,Withdrawn
607063,DDD,2014B,Critical,9.45,30.0,0.0,0.0,3.0,0,Withdrawn
605145,FFF,2013J,Critical,9.45,24.0,0.0,0.0,5.0,0,Withdrawn
467835,BBB,2013B,Critical,9.45,58.0,0.0,0.0,4.0,0,Withdrawn
619015,DDD,2014B,Critical,9.45,47.0,0.0,0.0,2.0,0,Withdrawn
622281,DDD,2014B,Critical,9.45,62.0,0.0,0.0,4.0,0,Withdrawn
622672,DDD,2014B,Critical,9.45,54.0,0.0,0.0,4.0,0,Withdrawn
622873,DDD,2014B,Critical,9.45,150.0,0.0,0.0,9.0,0,Withdrawn
106690,FFF,2013J,Critical,9.45,188.0,0.0,0.0,3.0,0,Withdrawn
628947,DDD,2014B,Critical,9.45,183.0,0.0,0.0,9.0,0,Withdrawn
602406,FFF,2013J,Critical,9.45,15.0,0.0,0.0,4.0,0,Withdrawn
357820,CCC,2014J,Critical,9.45,41.0,0.0,0.0,3.0,0,Withdrawn
900936,FFF,2014J,Critical,9.45,48.0,0.0,0.0,4.0,0,Withdrawn
493826,DDD,2014J,Critical,9.45,365.0,0.0,0.0,37.0,0,Withdrawn
514365,BBB,2013B,Critical,9.45,57.0,0.0,0.0,2.0,0,Withdrawn
2682834,CCC,2014B,Critical,9.45,98.0,0.0,0.0,3.0,0,Withdrawn
575337,DDD,2014J,Critical,9.45,43.0,0.0,0.0,5.0,1,Withdrawn
678702,BBB,2014J,Critical,9.45,65.0,0.0,0.0,2.0,0,Withdrawn
694669,FFF,2014J,Critical,9.45,253.0,0.0,0.0,27.0,0,Withdrawn
612615,DDD,2014J,Critical,9.45,25.0,0.0,0.0,5.0,0,Withdrawn
514951,BBB,2013B,Critical,9.45,58.0,0.0,0.0,5.0,0,Withdrawn
688752,FFF,2014J,Critical,9.45,29.0,0.0,0.0,4.0,0,Withdrawn
626712,CCC,2014B,Critical,9.45,17.0,0.0,0.0,4.0,0,Withdrawn
586011,FFF,2013J,Critical,9.45,71.0,0.0,0.0,6.0,0,Withdrawn
654677,FFF,2014J,Critical,9.45,65.0,0.0,0.0,6.0,0,Withdrawn
694225,DDD,2014J,Critical,9.45,133.0,0.0,0.0,10.0,0,Withdrawn
2337919,DDD,2014J,Critical,9.45,28.0,0.0,0.0,4.0,0,Withdrawn
2574453,DDD,2014J,Critical,9.45,70.0,0.0,0.0,15.0,0,Withdrawn
40508,EEE,2013J,Critical,9.45,91.0,0.0,0.0,5.0,0,Withdrawn
514040,EEE,2013J,Critical,9.45,360.0,0.0,0.0,8.0,0,Withdrawn
518805,EEE,2013J,Critical,9.45,133.0,0.0,0.0,1.0,0,Withdrawn
569745,FFF,2014J,Critical,9.45,89.0,0.0,0.0,5.0,0,Withdrawn
562315,EEE,2013J,Critical,9.45,65.0,0.0,0.0,3.0,0,Withdrawn
541061,BBB,2013B,Critical,9.45,45.0,0.0,0.0,4.0,0,Withdrawn
592876,CCC,2014B,Critical,9.45,37.0,0.0,0.0,3.0,0,Withdrawn
53236,BBB,2014J,Critical,9.45,43.0,0.0,0.0,5.0,1,Withdrawn
571079,FFF,2013J,Critical,9.45,72.0,0.0,0.0,4.0,0,Withdrawn
685802,FFF,2014J,Critical,9.45,59.0,0.0,0.0,6.0,0,Withdrawn
601223,EEE,2013J,Critical,9.45,108.0,0.0,0.0,3.0,0,Withdrawn
607442,EEE,2013J,Critical,9.45,104.0,0.0,0.0,2.0,0,Withdrawn
267774,BBB,2014J,Critical,9.45,36.0,0.0,0.0,4.0,0,Withdrawn
574564,CCC,2014B,Critical,9.45,145.0,0.0,0.0,2.0,0,Withdrawn
2541992,EEE,2013J,Critical,9.45,385.0,0.0,0.0,9.0,0,Withdrawn
293670,EEE,2014B,Critical,9.45,54.0,0.0,0.0,5.0,0,Withdrawn
545337,BBB,2013B,Critical,9.45,136.0,0.0,0.0,10.0,0,Withdrawn
650791,FFF,2014J,Critical,9.45,77.0,0.0,0.0,4.0,0,Withdrawn
2540746,BBB,2013B,Critical,9.45,38.0,0.0,0.0,5.0,0,Withdrawn
651473,FFF,2014J,Critical,9.45,122.0,0.0,0.0,4.0,0,Withdrawn
499768,FFF,2013J,Critical,9.45,125.0,0.0,0.0,3.0,0,Withdrawn
549143,BBB,2013B,Critical,9.45,72.0,0.0,0.0,4.0,0,Withdrawn
634655,EEE,2014J,Critical,9.45,44.0,0.0,0.0,3.0,0,Withdrawn
678346,FFF,2014J,Critical,9.45,71.0,0.0,0.0,5.0,0,Withdrawn
678769,FFF,2014J,Critical,9.45,96.0,0.0,0.0,3.0,0,Withdrawn
679119,FFF,2014J,Critical,9.45,59.0,0.0,0.0,4.0,0,Withdrawn
642802,BBB,2014J,Critical,9.45,52.0,0.0,0.0,2.0,0,Withdrawn
683054,BBB,2014J,Critical,9.45,43.0,0.0,0.0,3.0,0,Withdrawn
683301,BBB,2014J,Critical,9.45,35.0,0.0,0.0,4.0,0,Withdrawn
683768,BBB,2014J,Critical,9.45,41.0,0.0,0.0,4.0,0,Withdrawn
694448,BBB,2014J,Critical,9.45,81.0,0.0,0.0,3.0,0,Withdrawn
674296,EEE,2014J,Critical,9.45,85.0,0.0,0.0,5.0,0,Withdrawn
675391,EEE,2014J,Critical,9.45,96.0,0.0,0.0,5.0,0,Withdrawn
675853,EEE,2014J,Critical,9.45,163.0,0.0,0.0,15.0,0,Withdrawn
387941,FFF,2013J,Critical,9.45,129.0,0.0,0.0,5.0,0,Withdrawn
677772,EEE,2014J,Critical,9.45,30.0,0.0,0.0,6.0,0,Withdrawn
680678,EEE,2014J,Critical,9.45,187.0,0.0,0.0,11.0,0,Withdrawn
690470,EEE,2014J,Critical,9.45,43.0,0.0,0.0,4.0,0,Withdrawn
694081,EEE,2014J,Critical,9.45,55.0,0.0,0.0,4.0,0,Withdrawn
675818,FFF,2014J,Critical,9.45,92.0,0.0,0.0,5.0,0,Withdrawn
2454351,BBB,2014J,Critical,9.45,58.0,0.0,0.0,3.0,0,Withdrawn
296100,FFF,2013J,Critical,9.45,47.0,0.0,0.0,6.0,0,Withdrawn
695356,BBB,2014J,Critical,9.45,36.0,0.0,0.0,3.0,0,Withdrawn
687143,GGG,2014J,Critical,9.45,11.0,0.0,0.0,4.0,0,Withdrawn
656150,FFF,2014J,Critical,9.44,379.0,0.0,0.0,4.0,0,Withdrawn
402808,EEE,2013J,Critical,9.44,274.0,0.0,0.0,15.0,0,Withdrawn
644191,GGG,2014J,Critical,9.44,82.0,0.0,0.0,5.0,0,Withdrawn
675165,BBB,2014J,Critical,9.44,12.0,1.0,1.0,2.0,0,Withdrawn
674983,GGG,2014J,Critical,9.44,169.0,0.0,0.0,11.0,0,Withdrawn
639190,DDD,2014J,Critical,9.44,50.0,0.0,0.0,7.0,0,Withdrawn
593348,EEE,2013J,Critical,9.44,83.0,0.0,0.0,8.0,0,Withdrawn
1876461,DDD,2014J,Critical,9.44,112.0,0.0,0.0,6.0,0,Withdrawn
264281,BBB,2014J,Critical,9.44,350.0,0.0,0.0,17.0,0,Withdrawn
548043,FFF,2013B,Critical,9.44,129.0,0.0,0.0,6.0,0,Withdrawn
509535,FFF,2013B,Critical,9.44,112.0,0.0,0.0,7.0,0,Withdrawn
645800,FFF,2014J,Critical,9.44,133.0,0.0,0.0,7.0,0,Withdrawn
566712,DDD,2014J,Critical,9.44,43.0,0.0,0.0,9.0,0,Withdrawn
577934,DDD,2014J,Critical,9.44,70.0,0.0,0.0,6.0,0,Withdrawn
470121,FFF,2014J,Critical,9.44,145.0,0.0,0.0,6.0,0,Withdrawn
583147,DDD,2014J,Critical,9.44,131.0,0.0,0.0,15.0,1,Withdrawn
2517778,CCC,2014B,Critical,9.44,370.0,0.0,1.0,9.0,0,Withdrawn
610834,DDD,2013J,Critical,9.44,114.0,0.0,0.0,4.0,0,Withdrawn
681961,BBB,2014J,Critical,9.44,92.0,1.0,1.0,8.0,0,Withdrawn
624651,DDD,2014B,Critical,9.44,83.0,0.0,0.0,7.0,0,Withdrawn
605939,GGG,2013J,Critical,9.44,39.0,0.0,0.0,7.0,0,Withdrawn
287715,FFF,2014J,Critical,9.44,147.0,0.0,0.0,7.0,0,Withdrawn
547897,DDD,2013B,Critical,9.44,93.0,0.0,0.0,8.0,0,Withdrawn
116174,CCC,2014B,Critical,9.44,76.0,0.0,0.0,7.0,0,Withdrawn
334504,DDD,2014B,Critical,9.44,129.0,0.0,0.0,5.0,2,Withdrawn
535228,FFF,2013B,Critical,9.44,46.0,0.0,0.0,8.0,0,Withdrawn
587434,BBB,2014J,Critical,9.44,153.0,1.0,1.0,7.0,0,Withdrawn
678107,BBB,2014J,Critical,9.44,137.0,1.0,1.0,8.0,0,Withdrawn
594996,FFF,2013J,Critical,9.44,134.0,0.0,0.0,6.0,0,Withdrawn
594933,FFF,2013J,Critical,9.44,163.0,0.0,0.0,6.0,0,Withdrawn
592581,EEE,2013J,Critical,9.44,245.0,0.0,0.0,3.0,0,Withdrawn
680074,EEE,2014J,Critical,9.44,88.0,0.0,0.0,6.0,0,Withdrawn
681852,EEE,2014J,Critical,9.44,153.0,0.0,0.0,6.0,0,Withdrawn
678005,FFF,2014J,Critical,9.44,310.0,0.0,0.0,16.0,0,Withdrawn
546400,EEE,2014B,Critical,9.44,26.0,0.0,0.0,7.0,1,Withdrawn
2622634,FFF,2013J,Critical,9.44,203.0,0.0,0.0,7.0,0,Withdrawn
486777,DDD,2013J,Critical,9.44,56.0,0.0,0.0,7.0,0,Withdrawn
650838,CCC,2014J,Critical,9.44,137.0,0.0,0.0,5.0,0,Withdrawn
651325,CCC,2014J,Critical,9.44,107.0,0.0,0.0,7.0,0,Withdrawn
567168,FFF,2014B,Critical,9.44,217.0,0.0,0.0,7.0,0,Withdrawn
634108,DDD,2014B,Critical,9.44,98.0,0.0,0.0,4.0,0,Withdrawn
2352039,DDD,2014B,Critical,9.44,254.0,0.0,0.0,32.0,1,Withdrawn
2610581,DDD,2014B,Critical,9.44,93.0,0.0,0.0,5.0,0,Withdrawn
598430,DDD,2013J,Critical,9.44,59.0,0.0,0.0,6.0,0,Withdrawn
631038,CCC,2014B,Critical,9.44,70.0,0.0,0.0,8.0,0,Withdrawn
690656,FFF,2014J,Critical,9.44,167.0,0.0,0.0,7.0,0,Withdrawn
442954,CCC,2014B,Critical,9.44,62.0,0.0,0.0,7.0,0,Withdrawn
537691,DDD,2013J,Critical,9.44,92.0,0.0,0.0,7.0,0,Withdrawn
551172,BBB,2013B,Critical,9.44,128.0,0.0,0.0,5.0,0,Withdrawn
589212,DDD,2013J,Critical,9.44,53.0,0.0,0.0,6.0,0,Withdrawn
689290,FFF,2014J,Critical,9.44,99.0,0.0,0.0,7.0,0,Withdrawn
584749,FFF,2013J,Critical,9.44,78.0,0.0,0.0,7.0,0,Withdrawn
585290,FFF,2013J,Critical,9.44,121.0,0.0,0.0,9.0,0,Withdrawn
353660,CCC,2014J,Critical,9.44,82.0,0.0,0.0,8.0,1,Withdrawn
680612,DDD,2014J,Critical,9.44,95.0,0.0,0.0,5.0,0,Withdrawn
503159,BBB,2014J,Critical,9.44,315.0,0.0,0.0,8.0,0,Withdrawn
476868,CCC,2014B,Critical,9.44,117.0,0.0,0.0,6.0,0,Withdrawn
547609,FFF,2013B,Critical,9.44,17.0,0.0,0.0,8.0,0,Withdrawn
572620,DDD,2013J,Critical,9.44,25.0,0.0,0.0,7.0,0,Withdrawn
591661,FFF,2013J,Critical,9.44,76.0,0.0,0.0,7.0,0,Withdrawn
693114,FFF,2014J,Critical,9.44,101.0,0.0,0.0,7.0,0,Withdrawn
2369962,DDD,2014J,Critical,9.43,0.0,0.0,0.0,0.0,0,Withdrawn
686869,FFF,2014J,Critical,9.43,15.0,0.0,0.0,1.0,0,Withdrawn
539041,BBB,2013B,Critical,9.43,0.0,0.0,0.0,0.0,1,Withdrawn
599232,BBB,2014J,Critical,9.43,0.0,0.0,0.0,0.0,0,Withdrawn
653034,BBB,2014J,Critical,9.43,70.0,1.0,1.0,3.0,0,Withdrawn
698490,BBB,2014J,Critical,9.43,0.0,0.0,0.0,0.0,0,Withdrawn
1559365,FFF,2013B,Critical,9.43,0.0,0.0,0.0,0.0,1,Withdrawn
646580,BBB,2014J,Critical,9.43,0.0,0.0,0.0,0.0,0,Withdrawn
564190,GGG,2013J,Critical,9.43,0.0,0.0,0.0,0.0,0,Withdrawn
566603,GGG,2013J,Critical,9.43,0.0,0.0,0.0,0.0,0,Withdrawn
612111,DDD,2014B,Critical,9.43,0.0,0.0,0.0,0.0,0,Withdrawn
531667,FFF,2013B,Critical,9.43,0.0,0.0,0.0,0.0,0,Withdrawn
2617650,BBB,2013B,Critical,9.43,0.0,0.0,0.0,0.0,1,Withdrawn
650285,FFF,2014J,Critical,9.43,0.0,0.0,0.0,0.0,0,Withdrawn
554999,EEE,2013J,Critical,9.43,76.0,0.0,0.0,11.0,0,Withdrawn
558954,DDD,2013B,Critical,9.43,0.0,0.0,0.0,0.0,0,Withdrawn
1741838,DDD,2013B,Critical,9.43,396.0,0.0,0.0,10.0,0,Withdrawn
622925,BBB,2014B,Critical,9.43,0.0,0.0,0.0,0.0,0,Withdrawn
645738,DDD,2014J,Critical,9.43,0.0,0.0,0.0,0.0,0,Withdrawn
691563,FFF,2014J,Critical,9.43,0.0,0.0,0.0,0.0,0,Withdrawn
625202,BBB,2014B,Critical,9.43,0.0,0.0,0.0,0.0,0,Withdrawn
625493,BBB,2014B,Critical,9.43,0.0,0.0,0.0,0.0,0,Withdrawn
607068,FFF,2013J,Critical,9.43,18.0,0.0,0.0,2.0,0,Withdrawn
503400,CCC,2014J,Critical,9.43,19.0,0.0,0.0,2.0,0,Withdrawn
616388,DDD,2014B,Critical,9.43,0.0,0.0,0.0,0.0,0,Withdrawn
619524,CCC,2014B,Critical,9.43,0.0,0.0,0.0,0.0,0,Withdrawn
566306,EEE,2013J,Critical,9.43,0.0,0.0,0.0,0.0,0,Withdrawn
540953,BBB,2013B,Critical,9.43,7.0,0.0,0.0,2.0,0,Withdrawn
571732,BBB,2014B,Critical,9.43,0.0,0.0,0.0,0.0,1,Withdrawn
498438,DDD,2014B,Critical,9.43,0.0,0.0,0.0,0.0,0,Withdrawn
402660,BBB,2013B,Critical,9.43,0.0,0.0,0.0,0.0,0,Withdrawn
415548,BBB,2013B,Critical,9.43,0.0,0.0,0.0,0.0,1,Withdrawn
572659,EEE,2013J,Critical,9.43,179.0,0.0,0.0,9.0,0,Withdrawn
592284,CCC,2014B,Critical,9.43,0.0,0.0,1.0,0.0,0,Withdrawn
575208,EEE,2013J,Critical,9.43,3.0,0.0,0.0,1.0,0,Withdrawn
58520,BBB,2014J,Critical,9.43,0.0,0.0,0.0,0.0,0,Withdrawn
696253,CCC,2014J,Critical,9.43,2.0,0.0,0.0,1.0,0,Withdrawn
697490,CCC,2014J,Critical,9.43,148.0,0.0,0.0,8.0,0,Withdrawn
697511,CCC,2014J,Critical,9.43,29.0,0.0,0.0,2.0,0,Withdrawn
584595,BBB,2014J,Critical,9.43,0.0,0.0,0.0,0.0,0,Withdrawn
618843,FFF,2014B,Critical,9.43,11.0,0.0,0.0,1.0,0,Withdrawn
625043,FFF,2014B,Critical,9.43,482.0,0.0,0.0,4.0,0,Withdrawn
571994,FFF,2013J,Critical,9.43,0.0,0.0,0.0,0.0,0,Withdrawn
406753,DDD,2014B,Critical,9.43,28.0,0.0,0.0,1.0,0,Withdrawn
581492,BBB,2013J,Critical,9.43,0.0,0.0,0.0,0.0,0,Withdrawn
633900,BBB,2014B,Critical,9.43,0.0,0.0,0.0,0.0,0,Withdrawn
583033,FFF,2013J,Critical,9.43,0.0,0.0,0.0,0.0,0,Withdrawn
543683,DDD,2013B,Critical,9.43,74.0,0.0,0.0,9.0,0,Withdrawn
622256,DDD,2014B,Critical,9.43,0.0,0.0,0.0,0.0,0,Withdrawn
687953,EEE,2014J,Critical,9.43,0.0,0.0,0.0,0.0,0,Withdrawn
689618,EEE,2014J,Critical,9.43,0.0,0.0,0.0,0.0,0,Withdrawn
567922,AAA,2014J,Critical,9.43,0.0,0.0,0.0,0.0,0,Withdrawn
613176,BBB,2013J,Critical,9.43,0.0,0.0,0.0,0.0,0,Withdrawn
636718,GGG,2014J,Critical,9.43,118.0,0.0,0.0,4.0,0,Withdrawn
680829,EEE,2014J,Critical,9.43,161.0,0.0,0.0,7.0,0,Withdrawn
2034000,DDD,2013B,Critical,9.43,0.0,0.0,0.0,0.0,0,Withdrawn
555338,BBB,2013B,Critical,9.43,0.0,0.0,0.0,0.0,0,Withdrawn
555707,BBB,2013B,Critical,9.43,0.0,0.0,0.0,0.0,0,Withdrawn
625751,BBB,2014B,Critical,9.43,0.0,0.0,0.0,0.0,0,Withdrawn
2530985,CCC,2014B,Critical,9.43,0.0,0.0,0.0,0.0,0,Withdrawn
584444,EEE,2013J,Critical,9.43,11.0,0.0,0.0,1.0,0,Withdrawn
106383,BBB,2014J,Critical,9.43,0.0,0.0,0.0,0.0,0,Withdrawn
569070,FFF,2013J,Critical,9.43,0.0,0.0,0.0,0.0,0,Withdrawn
571702,FFF,2013J,Critical,9.43,10.0,0.0,0.0,1.0,0,Withdrawn
635425,BBB,2014J,Critical,9.43,0.0,0.0,0.0,0.0,0,Withdrawn
2650929,FFF,2013B,Critical,9.43,0.0,0.0,0.0,0.0,0,Withdrawn
582963,BBB,2013J,Critical,9.43,6.0,0.0,0.0,1.0,0,Withdrawn
691867,BBB,2014J,Critical,9.43,29.0,0.0,0.0,1.0,0,Withdrawn
628858,DDD,2014B,Critical,9.43,0.0,0.0,0.0,0.0,0,Withdrawn
629442,DDD,2014B,Critical,9.43,0.0,0.0,0.0,0.0,0,Withdrawn
629713,DDD,2014B,Critical,9.43,0.0,0.0,0.0,0.0,0,Withdrawn
394956,BBB,2013B,Critical,9.43,53.0,0.0,0.0,10.0,1,Withdrawn
685750,EEE,2014J,Critical,9.43,2.0,0.0,0.0,1.0,0,Withdrawn
108275,DDD,2013J,Critical,9.43,0.0,0.0,0.0,0.0,1,Withdrawn
160178,DDD,2013J,Critical,9.43,0.0,0.0,0.0,0.0,0,Withdrawn
691056,CCC,2014J,Critical,9.43,2.0,0.0,0.0,2.0,0,Withdrawn
687978,BBB,2014J,Critical,9.43,19.0,1.0,1.0,3.0,0,Withdrawn
38187,GGG,2014B,Critical,9.43,0.0,0.0,0.0,0.0,0,Withdrawn
647964,BBB,2014J,Critical,9.43,0.0,0.0,0.0,0.0,0,Withdrawn
646120,FFF,2014J,Critical,9.43,0.0,0.0,0.0,0.0,0,Withdrawn
687953,CCC,2014J,Critical,9.43,0.0,0.0,0.0,0.0,0,Withdrawn
676194,FFF,2014J,Critical,9.43,1.0,0.0,0.0,1.0,0,Withdrawn
553526,BBB,2013B,Critical,9.43,0.0,0.0,0.0,0.0,0,Withdrawn
585911,CCC,2014J,Critical,9.43,0.0,0.0,0.0,0.0,0,Withdrawn
75309,DDD,2014B,Critical,9.43,1.0,0.0,0.0,1.0,0,Withdrawn
622722,BBB,2014J,Critical,9.43,0.0,0.0,0.0,0.0,0,Withdrawn
694329,BBB,2014J,Critical,9.43,0.0,0.0,0.0,0.0,0,Withdrawn
581328,CCC,2014B,Critical,9.43,40.0,0.0,0.0,12.0,0,Withdrawn
201655,BBB,2014J,Critical,9.43,0.0,0.0,0.0,0.0,0,Withdrawn
205978,BBB,2014J,Critical,9.43,0.0,0.0,0.0,0.0,0,Withdrawn
491607,GGG,2014B,Critical,9.43,0.0,0.0,0.0,0.0,0,Withdrawn
2636921,FFF,2014B,Critical,9.43,470.0,0.0,0.0,16.0,0,Withdrawn
1931370,FFF,2013J,Critical,9.43,1.0,0.0,0.0,1.0,0,Withdrawn
571702,CCC,2014B,Critical,9.43,0.0,0.0,0.0,0.0,0,Withdrawn
69239,EEE,2014B,Critical,9.43,0.0,0.0,0.0,0.0,0,Withdrawn
339353,EEE,2014B,Critical,9.43,0.0,0.0,0.0,0.0,1,Withdrawn
1833308,DDD,2013J,Critical,9.43,0.0,0.0,0.0,0.0,0,Withdrawn
359170,BBB,2013B,Critical,9.43,0.0,0.0,0.0,0.0,0,Withdrawn
685750,CCC,2014J,Critical,9.43,8.0,0.0,0.0,2.0,0,Withdrawn
685802,CCC,2014J,Critical,9.43,103.0,0.0,0.0,9.0,0,Withdrawn
686071,CCC,2014J,Critical,9.43,0.0,0.0,0.0,0.0,0,Withdrawn
678811,EEE,2014J,Critical,9.43,0.0,0.0,0.0,0.0,0,Withdrawn
560161,BBB,2013B,Critical,9.43,0.0,0.0,0.0,0.0,0,Withdrawn
691040,DDD,2014J,Critical,9.43,2.0,0.0,0.0,2.0,0,Withdrawn
475699,FFF,2014J,Critical,9.43,0.0,0.0,0.0,0.0,1,Withdrawn
584362,FFF,2013J,Critical,9.43,0.0,0.0,0.0,0.0,0,Withdrawn
630037,BBB,2014B,Critical,9.43,0.0,0.0,0.0,0.0,0,Withdrawn
485352,BBB,2013B,Critical,9.43,0.0,0.0,0.0,0.0,0,Withdrawn
2702660,FFF,2014J,Critical,9.43,0.0,0.0,0.0,0.0,0,Withdrawn
630556,DDD,2014B,Critical,9.43,140.0,0.0,0.0,5.0,0,Withdrawn
632975,DDD,2014B,Critical,9.43,0.0,0.0,0.0,0.0,0,Withdrawn
440288,FFF,2013B,Critical,9.43,13.0,0.0,0.0,1.0,0,Withdrawn
545514,BBB,2013B,Critical,9.43,0.0,0.0,0.0,0.0,0,Withdrawn
564444,CCC,2014B,Critical,9.43,0.0,0.0,0.0,0.0,0,Withdrawn
648966,DDD,2014J,Critical,9.43,0.0,0.0,0.0,0.0,0,Withdrawn
650074,DDD,2014J,Critical,9.43,1.0,0.0,0.0,1.0,0,Withdrawn
650414,DDD,2014J,Critical,9.43,46.0,0.0,0.0,10.0,0,Withdrawn
627228,BBB,2014B,Critical,9.43,0.0,0.0,0.0,0.0,0,Withdrawn
588360,FFF,2013J,Critical,9.43,0.0,0.0,0.0,0.0,0,Withdrawn
545127,DDD,2014J,Critical,9.43,5.0,0.0,0.0,1.0,0,Withdrawn
594881,FFF,2013J,Critical,9.43,0.0,0.0,0.0,0.0,0,Withdrawn
654333,BBB,2014J,Critical,9.43,0.0,0.0,0.0,0.0,0,Withdrawn
420745,DDD,2013J,Critical,9.43,0.0,0.0,0.0,0.0,1,Withdrawn
678811,CCC,2014J,Critical,9.43,0.0,0.0,0.0,0.0,0,Withdrawn
651361,EEE,2014J,Critical,9.43,0.0,0.0,0.0,0.0,0,Withdrawn
651371,EEE,2014J,Critical,9.43,0.0,0.0,0.0,0.0,0,Withdrawn
656512,FFF,2014J,Critical,9.43,0.0,0.0,0.0,0.0,0,Withdrawn
678044,FFF,2014J,Critical,9.43,173.0,0.0,0.0,10.0,0,Withdrawn
133269,BBB,2013J,Critical,9.43,0.0,0.0,0.0,0.0,0,Withdrawn
622038,FFF,2014B,Critical,9.43,0.0,0.0,0.0,0.0,0,Withdrawn
437747,DDD,2013B,Critical,9.43,0.0,0.0,0.0,0.0,0,Withdrawn
610695,EEE,2013J,Critical,9.43,796.0,0.0,0.0,17.0,0,Withdrawn
611565,EEE,2013J,Critical,9.43,0.0,0.0,0.0,0.0,0,Withdrawn
548080,FFF,2013J,Critical,9.43,0.0,0.0,0.0,0.0,0,Withdrawn
551373,FFF,2013J,Critical,9.43,0.0,0.0,0.0,0.0,0,Withdrawn
557849,CCC,2014B,Critical,9.43,0.0,0.0,0.0,0.0,0,Withdrawn
573072,EEE,2014B,Critical,9.43,0.0,0.0,0.0,0.0,0,Withdrawn
546015,BBB,2013B,Critical,9.43,0.0,0.0,0.0,0.0,0,Withdrawn
554888,FFF,2013B,Critical,9.43,374.0,0.0,0.0,9.0,0,Withdrawn
545600,FFF,2013B,Critical,9.43,0.0,0.0,0.0,0.0,0,Withdrawn
656129,BBB,2014J,Critical,9.43,0.0,0.0,0.0,0.0,0,Withdrawn
103594,FFF,2014J,Critical,9.43,0.0,0.0,0.0,0.0,0,Withdrawn
655953,CCC,2014J,Critical,9.43,0.0,0.0,0.0,0.0,0,Withdrawn
653296,DDD,2014J,Critical,9.43,5.0,0.0,0.0,1.0,0,Withdrawn
654938,DDD,2014J,Critical,9.43,101.0,0.0,0.0,7.0,0,Withdrawn
441170,FFF,2014J,Critical,9.43,0.0,0.0,0.0,0.0,1,Withdrawn
465245,FFF,2014J,Critical,9.43,0.0,0.0,0.0,0.0,0,Withdrawn
616809,BBB,2014B,Critical,9.43,0.0,0.0,0.0,0.0,0,Withdrawn
500339,DDD,2014J,Critical,9.43,0.0,0.0,0.0,0.0,1,Withdrawn
530807,DDD,2014J,Critical,9.43,0.0,0.0,0.0,0.0,0,Withdrawn
509334,BBB,2013B,Critical,9.43,0.0,0.0,0.0,0.0,0,Withdrawn
696253,FFF,2014J,Critical,9.43,5.0,0.0,0.0,2.0,0,Withdrawn
527505,FFF,2013B,Critical,9.43,54.0,0.0,0.0,1.0,0,Withdrawn
561773,BBB,2014J,Critical,9.43,0.0,0.0,0.0,0.0,0,Withdrawn
677963,GGG,2014J,Critical,9.43,0.0,0.0,0.0,0.0,0,Withdrawn
489150,DDD,2013J,Critical,9.43,0.0,0.0,0.0,0.0,1,Withdrawn
650414,CCC,2014J,Critical,9.43,129.0,0.0,0.0,9.0,0,Withdrawn
678714,GGG,2014J,Critical,9.43,90.0,0.0,0.0,8.0,0,Withdrawn
2716795,DDD,2014J,Critical,9.43,0.0,0.0,0.0,0.0,0,Withdrawn
352152,FFF,2013B,Critical,9.43,515.0,0.0,0.0,7.0,0,Withdrawn
111383,EEE,2013J,Critical,9.43,0.0,0.0,0.0,0.0,0,Withdrawn
109907,FFF,2014J,Critical,9.43,0.0,0.0,0.0,0.0,0,Withdrawn
2414552,FFF,2013J,Critical,9.43,0.0,0.0,0.0,0.0,0,Withdrawn
688128,DDD,2014J,Critical,9.43,8.0,0.0,0.0,1.0,0,Withdrawn
623619,CCC,2014B,Critical,9.43,0.0,0.0,0.0,0.0,0,Withdrawn
576943,FFF,2013J,Critical,9.43,0.0,0.0,0.0,0.0,0,Withdrawn
64246,BBB,2013J,Critical,9.43,0.0,0.0,0.0,0.0,0,Withdrawn
191998,FFF,2013B,Critical,9.43,148.0,0.0,0.0,12.0,0,Withdrawn
2446778,DDD,2014B,Critical,9.43,81.0,0.0,1.0,8.0,2,Withdrawn
610494,BBB,2014J,Critical,9.43,85.0,1.0,1.0,14.0,1,Withdrawn
586445,FFF,2013J,Critical,9.43,0.0,0.0,0.0,0.0,0,Withdrawn
341235,BBB,2013B,Critical,9.43,0.0,0.0,0.0,0.0,0,Withdrawn
568296,DDD,2013J,Critical,9.43,0.0,0.0,0.0,0.0,0,Withdrawn
632773,FFF,2014B,Critical,9.43,1.0,0.0,0.0,1.0,0,Withdrawn
123379,BBB,2013B,Critical,9.43,0.0,0.0,0.0,0.0,1,Withdrawn
684982,BBB,2014J,Critical,9.43,0.0,0.0,0.0,0.0,0,Withdrawn
683172,BBB,2014J,Critical,9.43,0.0,0.0,0.0,0.0,0,Withdrawn
544435,BBB,2013B,Critical,9.43,0.0,0.0,0.0,0.0,0,Withdrawn
603684,DDD,2013J,Critical,9.43,5.0,0.0,0.0,1.0,0,Withdrawn
603850,DDD,2013J,Critical,9.43,139.0,0.0,0.0,9.0,0,Withdrawn
545485,FFF,2013B,Critical,9.43,0.0,0.0,0.0,0.0,0,Withdrawn
228513,BBB,2013J,Critical,9.43,0.0,0.0,0.0,0.0,2,Withdrawn
525694,FFF,2013J,Critical,9.43,0.0,0.0,0.0,0.0,1,Withdrawn
525781,FFF,2013J,Critical,9.43,0.0,0.0,0.0,0.0,0,Withdrawn
619887,EEE,2014B,Critical,9.43,0.0,0.0,0.0,0.0,0,Withdrawn
587120,BBB,2013J,Critical,9.43,0.0,0.0,0.0,0.0,0,Withdrawn
611465,CCC,2014J,Critical,9.43,0.0,0.0,0.0,0.0,1,Withdrawn
681168,GGG,2014J,Critical,9.43,46.0,0.0,0.0,10.0,0,Withdrawn
657161,DDD,2014J,Critical,9.43,0.0,0.0,0.0,0.0,0,Withdrawn
447393,DDD,2014J,Critical,9.43,0.0,0.0,0.0,0.0,2,Withdrawn
466956,DDD,2014J,Critical,9.43,0.0,0.0,0.0,0.0,0,Withdrawn
618054,BBB,2014B,Critical,9.43,0.0,0.0,0.0,0.0,0,Withdrawn
618870,BBB,2014B,Critical,9.43,0.0,0.0,0.0,0.0,0,Withdrawn
651371,CCC,2014J,Critical,9.43,0.0,0.0,0.0,0.0,0,Withdrawn
500785,DDD,2013J,Critical,9.43,17.0,0.0,0.0,2.0,0,Withdrawn
508431,BBB,2014J,Critical,9.43,15.0,0.0,0.0,1.0,0,Withdrawn
596978,DDD,2013J,Critical,9.43,0.0,0.0,0.0,0.0,0,Withdrawn
597308,DDD,2013J,Critical,9.43,0.0,0.0,0.0,0.0,0,Withdrawn
597504,DDD,2013J,Critical,9.43,0.0,0.0,0.0,0.0,0,Withdrawn
597561,DDD,2013J,Critical,9.43,0.0,0.0,0.0,0.0,0,Withdrawn
577474,GGG,2014B,Critical,9.43,0.0,0.0,0.0,0.0,0,Withdrawn
655417,FFF,2014J,Critical,9.43,0.0,0.0,0.0,0.0,0,Withdrawn
692625,BBB,2014J,Critical,9.43,0.0,0.0,0.0,0.0,0,Withdrawn
693127,BBB,2014J,Critical,9.43,12.0,0.0,0.0,1.0,0,Withdrawn
693269,BBB,2014J,Critical,9.43,0.0,0.0,0.0,0.0,0,Withdrawn
600955,FFF,2013J,Critical,9.43,0.0,0.0,0.0,0.0,0,Withdrawn
590464,DDD,2013J,Critical,9.43,0.0,0.0,0.0,0.0,0,Withdrawn
484292,FFF,2014B,Critical,9.43,0.0,0.0,0.0,0.0,2,Withdrawn
271346,BBB,2014B,Critical,9.43,0.0,0.0,0.0,0.0,2,Withdrawn
503024,FFF,2014B,Critical,9.43,0.0,0.0,0.0,0.0,0,Withdrawn
646747,EEE,2014J,Critical,9.43,0.0,0.0,0.0,0.0,0,Withdrawn
392289,CCC,2014B,Critical,9.43,0.0,0.0,0.0,0.0,0,Withdrawn
630289,FFF,2014J,Critical,9.43,0.0,0.0,0.0,0.0,0,Withdrawn
649248,CCC,2014J,Critical,9.43,0.0,0.0,0.0,0.0,0,Withdrawn
647947,CCC,2014J,Critical,9.43,131.0,0.0,0.0,9.0,0,Withdrawn
619887,FFF,2014B,Critical,9.43,13.0,0.0,0.0,1.0,0,Withdrawn
511238,BBB,2014B,Critical,9.43,0.0,0.0,0.0,0.0,0,Withdrawn
2322813,FFF,2014B,Critical,9.43,17.0,0.0,0.0,2.0,0,Withdrawn
586890,BBB,2013J,Critical,9.43,0.0,0.0,0.0,0.0,0,Withdrawn
623407,CCC,2014J,Critical,9.43,251.0,0.0,0.0,4.0,0,Withdrawn
623523,CCC,2014J,Critical,9.43,0.0,0.0,0.0,0.0,0,Withdrawn
530270,CCC,2014B,Critical,9.43,0.0,0.0,0.0,0.0,0,Withdrawn
527403,DDD,2013B,Critical,9.43,0.0,0.0,0.0,0.0,0,Withdrawn
465194,CCC,2014B,Critical,9.43,0.0,0.0,0.0,0.0,0,Withdrawn
646747,CCC,2014J,Critical,9.43,0.0,0.0,0.0,0.0,0,Withdrawn
614405,BBB,2014J,Critical,9.43,0.0,0.0,0.0,0.0,0,Withdrawn
555636,DDD,2013J,Critical,9.43,0.0,0.0,0.0,0.0,0,Withdrawn
514495,DDD,2013J,Critical,9.43,0.0,0.0,0.0,0.0,0,Withdrawn
420428,CCC,2014B,Critical,9.43,0.0,0.0,0.0,0.0,0,Withdrawn
697065,BBB,2014J,Critical,9.43,0.0,0.0,0.0,0.0,0,Withdrawn
116174,FFF,2014B,Critical,9.43,181.0,0.0,0.0,9.0,0,Withdrawn
576869,DDD,2014B,Critical,9.43,0.0,0.0,0.0,0.0,0,Withdrawn
630416,EEE,2014B,Critical,9.43,11.0,0.0,0.0,2.0,0,Withdrawn
587851,BBB,2013J,Critical,9.43,0.0,0.0,0.0,0.0,0,Withdrawn
584517,DDD,2013J,Critical,9.43,33.0,0.0,0.0,1.0,0,Withdrawn
269289,BBB,2013B,Critical,9.43,0.0,0.0,0.0,0.0,2,Withdrawn
618580,GGG,2014B,Critical,9.43,0.0,0.0,0.0,0.0,0,Withdrawn
480531,FFF,2014B,Critical,9.43,0.0,0.0,0.0,0.0,0,Withdrawn
629209,CCC,2014B,Critical,9.43,0.0,0.0,0.0,0.0,0,Withdrawn
677270,DDD,2014J,Critical,9.43,15.0,0.0,0.0,2.0,0,Withdrawn
679427,DDD,2014J,Critical,9.43,145.0,0.0,0.0,8.0,0,Withdrawn
597931,FFF,2013J,Critical,9.43,339.0,0.0,0.0,7.0,0,Withdrawn
611465,FFF,2014J,Critical,9.43,0.0,0.0,0.0,0.0,1,Withdrawn
502621,BBB,2013J,Critical,9.43,0.0,0.0,0.0,0.0,0,Withdrawn
584883,DDD,2013J,Critical,9.43,0.0,0.0,0.0,0.0,0,Withdrawn
577673,FFF,2013J,Critical,9.43,0.0,0.0,0.0,0.0,0,Withdrawn
479595,GGG,2013J,Critical,9.43,0.0,0.0,0.0,0.0,0,Withdrawn
548797,DDD,2013B,Critical,9.43,281.0,0.0,0.0,15.0,0,Withdrawn
69239,DDD,2014J,Critical,9.43,0.0,0.0,0.0,0.0,0,Withdrawn
591638,FFF,2013J,Critical,9.43,0.0,0.0,0.0,0.0,0,Withdrawn
288762,DDD,2014J,Critical,9.43,0.0,0.0,0.0,0.0,0,Withdrawn
698237,FFF,2014J,Critical,9.43,0.0,0.0,0.0,0.0,0,Withdrawn
677744,BBB,2014J,Critical,9.43,0.0,0.0,0.0,0.0,0,Withdrawn
680846,DDD,2014J,Critical,9.43,0.0,0.0,0.0,0.0,0,Withdrawn
574591,BBB,2013J,Critical,9.43,0.0,0.0,0.0,0.0,0,Withdrawn
504066,BBB,2014J,Critical,9.43,0.0,0.0,0.0,0.0,0,Withdrawn
557320,DDD,2013J,Critical,9.43,4.0,0.0,0.0,1.0,0,Withdrawn
566445,DDD,2013J,Critical,9.43,0.0,0.0,0.0,0.0,0,Withdrawn
493067,FFF,2013J,Critical,9.43,0.0,0.0,0.0,0.0,1,Withdrawn
1855249,FFF,2013B,Critical,9.43,0.0,0.0,0.0,0.0,2,Withdrawn
560953,EEE,2014J,Critical,9.43,23.0,0.0,0.0,2.0,0,Withdrawn
447374,FFF,2013J,Critical,9.43,0.0,0.0,0.0,0.0,0,Withdrawn
488242,BBB,2014J,Critical,9.43,0.0,0.0,0.0,0.0,0,Withdrawn
305824,BBB,2014B,Critical,9.43,0.0,0.0,0.0,0.0,2,Withdrawn
577401,DDD,2013J,Critical,9.43,85.0,0.0,0.0,9.0,0,Withdrawn
2534033,BBB,2013B,Critical,9.43,0.0,0.0,0.0,0.0,1,Withdrawn
655992,BBB,2014J,Critical,9.43,0.0,0.0,0.0,0.0,0,Withdrawn
649247,BBB,2014J,Critical,9.43,0.0,0.0,0.0,0.0,0,Withdrawn
513997,CCC,2014B,Critical,9.43,0.0,0.0,0.0,0.0,0,Withdrawn
516055,BBB,2013J,Critical,9.43,0.0,0.0,0.0,0.0,0,Withdrawn
516214,BBB,2013J,Critical,9.43,158.0,0.0,0.0,6.0,0,Withdrawn
1878160,EEE,2014B,Critical,9.43,0.0,0.0,0.0,0.0,1,Withdrawn
2188680,CCC,2014B,Critical,9.43,20.0,0.0,0.0,1.0,0,Withdrawn
247653,EEE,2014J,Critical,9.43,49.0,0.0,0.0,10.0,0,Withdrawn
256215,BBB,2013B,Critical,9.43,0.0,0.0,0.0,0.0,0,Withdrawn
412387,FFF,2014B,Critical,9.43,197.0,0.0,0.0,10.0,0,Withdrawn
426782,FFF,2014B,Critical,9.43,0.0,0.0,0.0,0.0,0,Withdrawn
484158,BBB,2014J,Critical,9.43,0.0,0.0,0.0,0.0,0,Withdrawn
681052,FFF,2014J,Critical,9.43,0.0,0.0,0.0,0.0,0,Withdrawn
388252,EEE,2014J,Critical,9.43,0.0,0.0,0.0,0.0,1,Withdrawn
355205,EEE,2013J,Critical,9.43,0.0,0.0,0.0,0.0,0,Withdrawn
586620,FFF,2013J,Critical,9.43,3.0,0.0,0.0,1.0,0,Withdrawn
614270,BBB,2014B,Critical,9.43,0.0,0.0,0.0,0.0,0,Withdrawn
177186,EEE,2014J,Critical,9.43,9.0,0.0,0.0,2.0,0,Withdrawn
519491,DDD,2013B,Critical,9.43,0.0,0.0,0.0,0.0,0,Withdrawn
527081,DDD,2013B,Critical,9.43,431.0,0.0,0.0,23.0,1,Withdrawn
623548,BBB,2014B,Critical,9.43,0.0,0.0,0.0,0.0,0,Withdrawn
606426,BBB,2013J,Critical,9.43,0.0,0.0,0.0,0.0,0,Withdrawn
400208,EEE,2013J,Critical,9.43,1.0,0.0,0.0,1.0,0,Withdrawn
2239862,GGG,2014J,Critical,9.43,0.0,0.0,0.0,0.0,0,Withdrawn
1763015,AAA,2013J,Critical,9.43,420.0,0.0,0.0,3.0,0,Withdrawn
2542724,AAA,2013J,Critical,9.43,228.0,0.0,0.0,9.0,0,Withdrawn
331104,FFF,2013B,Critical,9.43,0.0,0.0,0.0,0.0,0,Withdrawn
558146,BBB,2013B,Critical,9.43,1.0,0.0,0.0,1.0,0,Withdrawn
558231,BBB,2013B,Critical,9.43,0.0,0.0,0.0,0.0,0,Withdrawn
529384,DDD,2013B,Critical,9.43,0.0,0.0,0.0,0.0,0,Withdrawn
531888,DDD,2013B,Critical,9.43,150.0,0.0,0.0,8.0,0,Withdrawn
630775,DDD,2014J,Critical,9.43,4.0,0.0,0.0,2.0,0,Withdrawn
635986,DDD,2014J,Critical,9.43,175.0,0.0,0.0,5.0,0,Withdrawn
674502,BBB,2014J,Critical,9.43,0.0,0.0,0.0,0.0,0,Withdrawn
514819,BBB,2013B,Critical,9.43,0.0,0.0,0.0,0.0,0,Withdrawn
620791,BBB,2014B,Critical,9.43,0.0,0.0,0.0,0.0,0,Withdrawn
141766,DDD,2013B,Critical,9.43,7.0,0.0,0.0,1.0,1,Withdrawn
605914,BBB,2013J,Critical,9.43,0.0,0.0,0.0,0.0,0,Withdrawn
347210,DDD,2013B,Critical,9.42,175.0,0.0,0.0,9.0,0,Withdrawn
623568,FFF,2014B,Critical,9.42,193.0,0.0,0.0,13.0,0,Withdrawn
677184,GGG,2014J,Critical,9.42,122.0,0.0,0.0,7.0,0,Withdrawn
57359,DDD,2013B,Critical,9.42,217.0,0.0,0.0,10.0,0,Withdrawn
582251,FFF,2013J,Critical,9.42,216.0,0.0,0.0,14.0,0,Withdrawn
484305,CCC,2014B,Critical,9.42,195.0,0.0,0.0,10.0,0,Withdrawn
432484,EEE,2014J,Critical,9.42,223.0,0.0,0.0,10.0,0,Withdrawn
302363,EEE,2014J,Critical,9.42,543.0,0.0,0.0,14.0,0,Withdrawn
426701,DDD,2013B,Critical,9.42,30.0,0.0,0.0,3.0,0,Withdrawn
574181,DDD,2013J,Critical,9.42,31.0,0.0,0.0,4.0,0,Withdrawn
359590,EEE,2013J,Critical,9.42,264.0,0.0,0.0,11.0,0,Withdrawn
646470,GGG,2014J,Critical,9.42,32.0,0.0,0.0,3.0,0,Withdrawn
1719166,CCC,2014J,Critical,9.42,158.0,0.0,0.0,10.0,0,Withdrawn
610016,GGG,2013J,Critical,9.42,45.0,0.0,0.0,2.0,0,Withdrawn
268343,FFF,2013J,Critical,9.42,226.0,0.0,0.0,14.0,0,Withdrawn
657184,FFF,2014J,Critical,9.42,120.0,0.0,0.0,3.0,0,Withdrawn
2488965,DDD,2014J,Critical,9.42,39.0,0.0,0.0,2.0,0,Withdrawn
531235,BBB,2013B,Critical,9.42,36.0,0.0,0.0,3.0,0,Withdrawn
487494,CCC,2014B,Critical,9.42,17.0,0.0,0.0,4.0,0,Withdrawn
698233,FFF,2014J,Critical,9.42,5.0,0.0,0.0,3.0,0,Withdrawn
689582,FFF,2014J,Critical,9.42,77.0,0.0,0.0,5.0,0,Withdrawn
236017,DDD,2014J,Critical,9.42,88.0,0.0,0.0,12.0,0,Withdrawn
507320,BBB,2013B,Critical,9.42,94.0,0.0,0.0,2.0,0,Withdrawn
234957,CCC,2014J,Critical,9.42,25.0,0.0,0.0,15.0,0,Withdrawn
438135,DDD,2014J,Critical,9.42,116.0,0.0,0.0,12.0,0,Withdrawn
626660,BBB,2014J,Critical,9.42,27.0,0.0,0.0,4.0,0,Withdrawn
627119,BBB,2014J,Critical,9.42,179.0,1.0,1.0,12.0,1,Withdrawn
689173,BBB,2014J,Critical,9.42,49.0,0.0,0.0,2.0,0,Withdrawn
588197,DDD,2013J,Critical,9.42,515.0,0.0,0.0,18.0,0,Withdrawn
286442,FFF,2013J,Critical,9.42,50.0,0.0,0.0,3.0,0,Withdrawn
600254,BBB,2013J,Critical,9.42,36.0,0.0,0.0,2.0,0,Withdrawn
616166,DDD,2014B,Critical,9.42,10.0,0.0,0.0,4.0,0,Withdrawn
608535,FFF,2013J,Critical,9.42,22.0,0.0,0.0,3.0,0,Withdrawn
623418,GGG,2014B,Critical,9.42,27.0,0.0,0.0,3.0,0,Withdrawn
518194,DDD,2013J,Critical,9.42,126.0,0.0,0.0,10.0,0,Withdrawn
624050,EEE,2014B,Critical,9.42,23.0,0.0,0.0,4.0,0,Withdrawn
644934,FFF,2014J,Critical,9.42,253.0,0.0,0.0,12.0,0,Withdrawn
625884,EEE,2014B,Critical,9.42,312.0,0.0,0.0,7.0,0,Withdrawn
684572,FFF,2014J,Critical,9.42,642.0,0.0,0.0,18.0,0,Withdrawn
2643034,DDD,2013B,Critical,9.42,341.0,0.0,0.0,18.0,1,Withdrawn
647947,DDD,2014J,Critical,9.42,155.0,0.0,0.0,8.0,0,Withdrawn
675656,DDD,2014J,Critical,9.42,53.0,0.0,0.0,4.0,0,Withdrawn
234004,FFF,2013J,Critical,9.42,44.0,0.0,0.0,5.0,0,Fail
570970,BBB,2013J,Critical,9.42,30.0,0.0,0.0,3.0,0,Withdrawn
593157,FFF,2013J,Critical,9.42,362.0,0.0,0.0,9.0,0,Withdrawn
595673,FFF,2014J,Critical,9.42,4.0,0.0,0.0,3.0,0,Withdrawn
601270,DDD,2013J,Critical,9.42,50.0,0.0,0.0,1.0,0,Withdrawn
618784,BBB,2014B,Critical,9.42,22.0,0.0,0.0,5.0,0,Withdrawn
315082,DDD,2013J,Critical,9.42,37.0,0.0,0.0,3.0,0,Fail
309258,DDD,2013J,Critical,9.42,173.0,0.0,0.0,10.0,1,Withdrawn
654202,EEE,2014J,Critical,9.42,21.0,0.0,0.0,4.0,0,Withdrawn
644883,BBB,2014J,Critical,9.42,38.0,1.0,1.0,6.0,0,Withdrawn
693983,BBB,2014J,Critical,9.42,142.0,0.0,0.0,11.0,0,Withdrawn
532473,GGG,2014B,Critical,9.42,100.0,0.0,0.0,9.0,0,Withdrawn
371113,EEE,2014B,Critical,9.42,29.0,0.0,0.0,5.0,0,Withdrawn
691056,FFF,2014J,Critical,9.42,22.0,0.0,0.0,3.0,0,Withdrawn
689816,DDD,2014J,Critical,9.42,24.0,0.0,0.0,5.0,0,Withdrawn
689977,FFF,2014J,Critical,9.42,43.0,0.0,0.0,5.0,0,Withdrawn
650074,CCC,2014J,Critical,9.42,6.0,0.0,0.0,3.0,0,Withdrawn
602781,FFF,2013J,Critical,9.42,38.0,0.0,0.0,4.0,0,Withdrawn
617341,CCC,2014J,Critical,9.42,46.0,0.0,0.0,5.0,0,Withdrawn
598362,FFF,2014B,Critical,9.42,767.0,0.0,0.0,15.0,0,Withdrawn
2586748,FFF,2013B,Critical,9.42,24.0,0.0,0.0,3.0,0,Withdrawn
655492,FFF,2014J,Critical,9.42,42.0,0.0,0.0,5.0,0,Withdrawn
682319,EEE,2014J,Critical,9.42,153.0,0.0,0.0,14.0,0,Withdrawn
2633981,CCC,2014J,Critical,9.42,245.0,0.0,0.0,7.0,1,Withdrawn
445230,BBB,2013J,Critical,9.42,117.0,0.0,0.0,10.0,0,Withdrawn
677643,FFF,2014J,Critical,9.42,92.0,0.0,0.0,3.0,0,Withdrawn
371113,CCC,2014B,Critical,9.42,25.0,0.0,0.0,5.0,0,Withdrawn
677782,FFF,2014J,Critical,9.42,254.0,0.0,0.0,13.0,0,Withdrawn
651481,DDD,2014J,Critical,9.42,45.0,0.0,0.0,13.0,0,Withdrawn
638575,BBB,2014J,Critical,9.42,17.0,0.0,0.0,3.0,0,Withdrawn
364920,CCC,2014B,Critical,9.42,6.0,0.0,0.0,4.0,0,Withdrawn
256532,CCC,2014B,Critical,9.42,22.0,0.0,0.0,3.0,0,Withdrawn
480914,GGG,2014J,Critical,9.42,8.0,0.0,1.0,2.0,0,Withdrawn
649200,EEE,2014J,Critical,9.42,221.0,0.0,0.0,10.0,0,Withdrawn
649389,FFF,2014J,Critical,9.42,31.0,0.0,0.0,3.0,0,Withdrawn
686003,DDD,2014J,Critical,9.42,14.0,0.0,0.0,4.0,0,Withdrawn
596112,BBB,2013J,Critical,9.42,52.0,0.0,0.0,3.0,0,Withdrawn
100621,CCC,2014B,Critical,9.41,59.0,0.0,0.0,7.0,0,Withdrawn
556077,BBB,2013B,Critical,9.41,149.0,0.0,0.0,12.0,0,Withdrawn
2192113,BBB,2014J,Critical,9.41,146.0,1.0,1.0,16.0,1,Withdrawn
577721,FFF,2013J,Critical,9.41,67.0,0.0,0.0,7.0,0,Withdrawn
542134,CCC,2014J,Critical,9.41,87.0,0.0,0.0,5.0,0,Withdrawn
146455,FFF,2013B,Critical,9.41,91.0,0.0,0.0,8.0,0,Withdrawn
330937,EEE,2013J,Critical,9.41,200.0,0.0,0.0,14.0,0,Withdrawn
576827,DDD,2014B,Critical,9.41,180.0,0.0,0.0,12.0,0,Withdrawn
2639339,DDD,2014J,Critical,9.41,42.0,0.0,0.0,5.0,0,Withdrawn
693047,DDD,2014J,Critical,9.41,101.0,0.0,0.0,16.0,0,Withdrawn
588445,BBB,2013J,Critical,9.41,44.0,0.0,0.0,5.0,0,Withdrawn
2517826,DDD,2013B,Critical,9.41,59.0,0.0,0.0,5.0,0,Withdrawn
603873,FFF,2013J,Critical,9.41,309.0,0.0,0.0,16.0,0,Withdrawn
564444,EEE,2013J,Critical,9.41,250.0,0.0,0.0,3.0,0,Withdrawn
332257,BBB,2013J,Critical,9.41,54.0,0.0,0.0,6.0,1,Withdrawn
103891,DDD,2014J,Critical,9.41,83.0,0.0,0.0,6.0,1,Withdrawn
654923,BBB,2014J,Critical,9.41,5.0,1.0,1.0,1.0,0,Withdrawn
1619251,CCC,2014B,Critical,9.41,87.0,0.0,0.0,6.0,0,Withdrawn
553170,DDD,2013J,Critical,9.41,152.0,0.0,0.0,14.0,0,Withdrawn
594880,DDD,2013J,Critical,9.41,149.0,0.0,0.0,14.0,0,Withdrawn
641169,FFF,2014J,Critical,9.41,137.0,0.0,0.0,6.0,0,Withdrawn
694548,EEE,2014J,Critical,9.41,117.0,0.0,1.0,6.0,0,Withdrawn
633859,CCC,2014B,Critical,9.41,198.0,0.0,0.0,14.0,0,Withdrawn
1903131,DDD,2013J,Critical,9.41,287.0,0.0,0.0,9.0,0,Withdrawn
330994,CCC,2014B,Critical,9.41,48.0,0.0,0.0,6.0,0,Withdrawn
593443,BBB,2013J,Critical,9.41,237.0,0.0,0.0,8.0,0,Withdrawn
686462,EEE,2014J,Critical,9.41,97.0,0.0,0.0,5.0,0,Withdrawn
687747,FFF,2014J,Critical,9.41,93.0,0.0,0.0,7.0,0,Withdrawn
466582,FFF,2013B,Critical,9.41,388.0,0.0,0.0,14.0,0,Withdrawn
71897,FFF,2013J,Critical,9.41,261.0,0.0,0.0,17.0,0,Withdrawn
509416,DDD,2013J,Critical,9.41,55.0,0.0,0.0,5.0,0,Withdrawn
608591,EEE,2013J,Critical,9.41,902.0,0.0,0.0,22.0,0,Withdrawn
591845,DDD,2013J,Critical,9.41,34.0,0.0,0.0,7.0,0,Withdrawn
610494,BBB,2014B,Critical,9.41,0.0,1.0,1.0,0.0,0,Withdrawn
686003,CCC,2014J,Critical,9.41,86.0,0.0,0.0,4.0,0,Withdrawn
328377,FFF,2014J,Critical,9.41,457.0,0.0,0.0,14.0,1,Withdrawn
420650,DDD,2013J,Critical,9.41,138.0,0.0,0.0,13.0,0,Withdrawn
677270,CCC,2014J,Critical,9.41,151.0,0.0,0.0,2.0,0,Withdrawn
678852,EEE,2014J,Critical,9.41,396.0,0.0,0.0,11.0,0,Withdrawn
2272630,BBB,2013J,Critical,9.41,154.0,0.0,0.0,13.0,0,Withdrawn
425919,CCC,2014J,Critical,9.41,54.0,0.0,0.0,6.0,0,Withdrawn
504689,BBB,2013B,Critical,9.41,47.0,0.0,0.0,5.0,0,Withdrawn
92103,GGG,2014J,Critical,9.41,114.0,0.0,0.0,13.0,0,Withdrawn
652706,FFF,2014J,Critical,9.41,201.0,0.0,0.0,4.0,0,Withdrawn
654202,CCC,2014J,Critical,9.41,93.0,0.0,0.0,4.0,0,Withdrawn
624740,FFF,2014J,Critical,9.41,85.0,0.0,0.0,6.0,0,Withdrawn
164708,EEE,2014J,Critical,9.41,283.0,0.0,0.0,12.0,0,Withdrawn
528642,DDD,2013B,Critical,9.41,134.0,0.0,0.0,15.0,0,Withdrawn
1449171,FFF,2014J,Critical,9.41,373.0,0.0,0.0,15.0,0,Withdrawn
627520,CCC,2014B,Critical,9.41,136.0,4.0,2.0,9.0,0,Withdrawn
685923,GGG,2014J,Critical,9.4,91.0,0.0,0.0,7.0,0,Withdrawn
605505,BBB,2013J,Critical,9.4,129.0,0.0,0.0,16.0,0,Withdrawn
2355744,CCC,2014B,Critical,9.4,0.0,0.0,0.0,0.0,0,Withdrawn
695416,FFF,2014J,Critical,9.4,0.0,0.0,0.0,0.0,0,Withdrawn
648110,GGG,2014J,Critical,9.4,87.0,0.0,1.0,5.0,0,Withdrawn
2142662,CCC,2014B,Critical,9.4,174.0,0.0,0.0,16.0,0,Withdrawn
574674,BBB,2013J,Critical,9.4,0.0,0.0,0.0,0.0,0,Withdrawn
624341,BBB,2014B,Critical,9.4,0.0,0.0,0.0,0.0,0,Withdrawn
2113446,FFF,2014J,Critical,9.4,0.0,0.0,0.0,0.0,0,Withdrawn
574146,BBB,2013J,Critical,9.4,0.0,0.0,0.0,0.0,0,Withdrawn
571794,BBB,2013J,Critical,9.4,0.0,0.0,0.0,0.0,0,Withdrawn
697148,BBB,2014J,Critical,9.4,0.0,0.0,0.0,0.0,0,Withdrawn
619205,FFF,2014B,Critical,9.4,0.0,0.0,0.0,0.0,0,Withdrawn
612337,BBB,2014J,Critical,9.4,121.0,1.0,1.0,11.0,0,Withdrawn
610437,BBB,2014J,Critical,9.4,0.0,0.0,0.0,0.0,0,Withdrawn
605383,BBB,2014J,Critical,9.4,19.0,1.0,1.0,3.0,0,Withdrawn
642731,BBB,2014J,Critical,9.4,0.0,0.0,0.0,0.0,0,Withdrawn
534074,CCC,2014J,Critical,9.4,86.0,0.0,0.0,8.0,1,Withdrawn
531674,CCC,2014J,Critical,9.4,0.0,0.0,0.0,0.0,0,Withdrawn
591100,DDD,2014B,Critical,9.4,0.0,0.0,0.0,0.0,0,Withdrawn
227811,EEE,2013J,Critical,9.4,0.0,0.0,0.0,0.0,0,Withdrawn
32553,EEE,2013J,Critical,9.4,0.0,0.0,0.0,0.0,0,Withdrawn
693352,BBB,2014J,Critical,9.4,0.0,0.0,0.0,0.0,0,Withdrawn
694951,BBB,2014J,Critical,9.4,0.0,0.0,0.0,0.0,0,Withdrawn
491912,DDD,2013J,Critical,9.4,0.0,0.0,0.0,0.0,0,Withdrawn
683315,BBB,2014J,Critical,9.4,0.0,0.0,0.0,0.0,0,Withdrawn
597557,FFF,2013J,Critical,9.4,1.0,0.0,0.0,1.0,0,Withdrawn
445459,FFF,2014J,Critical,9.4,28.0,0.0,0.0,1.0,0,Withdrawn
656878,CCC,2014J,Critical,9.4,0.0,0.0,0.0,0.0,0,Withdrawn
238825,BBB,2013J,Critical,9.4,0.0,0.0,0.0,0.0,0,Withdrawn
491570,EEE,2014B,Critical,9.4,140.0,0.0,0.0,7.0,0,Withdrawn
651831,BBB,2014J,Critical,9.4,1.0,0.0,0.0,1.0,0,Withdrawn
677828,FFF,2014J,Critical,9.4,7.0,0.0,0.0,1.0,0,Withdrawn
2573570,BBB,2013J,Critical,9.4,0.0,0.0,0.0,0.0,0,Withdrawn
524379,FFF,2014B,Critical,9.4,0.0,0.0,0.0,0.0,1,Withdrawn
72070,BBB,2013B,Critical,9.4,0.0,0.0,0.0,0.0,0,Withdrawn
649720,EEE,2014J,Critical,9.4,170.0,0.0,0.0,7.0,0,Withdrawn
374055,CCC,2014B,Critical,9.4,2.0,0.0,0.0,1.0,0,Withdrawn
603124,GGG,2014B,Critical,9.4,0.0,0.0,0.0,0.0,0,Withdrawn
676093,BBB,2014J,Critical,9.4,0.0,0.0,0.0,0.0,0,Withdrawn
2410687,FFF,2013J,Critical,9.4,0.0,0.0,0.0,0.0,0,Withdrawn
594812,BBB,2013J,Critical,9.4,190.0,0.0,0.0,12.0,0,Withdrawn
558284,FFF,2014B,Critical,9.4,507.0,0.0,0.0,13.0,1,Withdrawn
499373,BBB,2013J,Critical,9.4,222.0,0.0,0.0,11.0,0,Withdrawn
682212,CCC,2014J,Critical,9.4,0.0,0.0,0.0,0.0,0,Withdrawn
683465,BBB,2014J,Critical,9.4,0.0,0.0,0.0,0.0,0,Withdrawn
626840,BBB,2014B,Critical,9.4,0.0,0.0,0.0,0.0,0,Withdrawn
654214,BBB,2014J,Critical,9.4,4.0,1.0,1.0,2.0,0,Withdrawn
649886,BBB,2014J,Critical,9.4,0.0,0.0,0.0,0.0,0,Withdrawn
604375,BBB,2014B,Critical,9.4,0.0,0.0,0.0,0.0,0,Withdrawn
631518,BBB,2014B,Critical,9.4,0.0,0.0,0.0,0.0,0,Withdrawn
639659,BBB,2014J,Critical,9.4,0.0,0.0,0.0,0.0,0,Withdrawn
677507,EEE,2014J,Critical,9.4,292.0,0.0,0.0,17.0,0,Withdrawn
380161,FFF,2013J,Critical,9.4,0.0,0.0,0.0,0.0,0,Withdrawn
581672,BBB,2014J,Critical,9.4,0.0,0.0,0.0,0.0,1,Withdrawn
596103,BBB,2013J,Critical,9.4,0.0,0.0,0.0,0.0,0,Withdrawn
587248,FFF,2014B,Critical,9.4,0.0,0.0,0.0,0.0,1,Withdrawn
168845,GGG,2014B,Critical,9.4,0.0,0.0,0.0,0.0,0,Withdrawn
609381,DDD,2013J,Critical,9.4,99.0,0.0,0.0,9.0,0,Withdrawn
28149,DDD,2014B,Critical,9.4,0.0,0.0,0.0,0.0,0,Withdrawn
2683696,DDD,2013J,Critical,9.4,0.0,0.0,0.0,0.0,0,Withdrawn
319461,FFF,2014J,Critical,9.4,493.0,0.0,0.0,15.0,0,Withdrawn
674361,DDD,2014J,Critical,9.4,0.0,0.0,0.0,0.0,0,Withdrawn
629893,CCC,2014B,Critical,9.4,0.0,0.0,0.0,0.0,0,Withdrawn
586975,BBB,2013J,Critical,9.4,0.0,0.0,0.0,0.0,0,Withdrawn
602706,DDD,2013J,Critical,9.4,0.0,0.0,0.0,0.0,0,Withdrawn
517571,FFF,2013J,Critical,9.4,14.0,0.0,0.0,1.0,1,Withdrawn
600879,EEE,2014B,Critical,9.4,0.0,0.0,0.0,0.0,1,Withdrawn
682617,FFF,2014J,Critical,9.4,0.0,0.0,0.0,0.0,0,Withdrawn
650192,EEE,2014J,Critical,9.4,0.0,0.0,0.0,0.0,0,Withdrawn
593571,BBB,2013J,Critical,9.4,0.0,0.0,0.0,0.0,0,Withdrawn
592124,CCC,2014J,Critical,9.4,1.0,0.0,0.0,1.0,0,Withdrawn
598821,EEE,2013J,Critical,9.4,58.0,0.0,0.0,12.0,0,Withdrawn
617671,BBB,2014J,Critical,9.4,0.0,0.0,0.0,0.0,0,Withdrawn
642013,FFF,2014J,Critical,9.4,0.0,0.0,0.0,0.0,0,Withdrawn
606303,EEE,2013J,Critical,9.4,0.0,0.0,0.0,0.0,0,Withdrawn
605926,EEE,2013J,Critical,9.4,0.0,0.0,0.0,0.0,0,Withdrawn
178654,CCC,2014B,Critical,9.4,0.0,0.0,0.0,0.0,0,Withdrawn
552056,BBB,2013B,Critical,9.4,0.0,0.0,0.0,0.0,0,Withdrawn
551762,BBB,2013B,Critical,9.4,0.0,0.0,0.0,0.0,0,Withdrawn
551655,BBB,2013B,Critical,9.4,94.0,0.0,0.0,8.0,0,Withdrawn
554362,BBB,2013B,Critical,9.4,0.0,0.0,0.0,0.0,0,Withdrawn
676320,FFF,2014J,Critical,9.4,0.0,0.0,0.0,0.0,0,Withdrawn
153687,CCC,2014B,Critical,9.4,0.0,0.0,0.0,0.0,0,Withdrawn
2265234,BBB,2013B,Critical,9.4,83.0,0.0,0.0,7.0,0,Withdrawn
1988213,BBB,2013J,Critical,9.4,0.0,0.0,0.0,0.0,0,Withdrawn
1934047,BBB,2013J,Critical,9.4,0.0,0.0,0.0,0.0,0,Withdrawn
50619,DDD,2014B,Critical,9.4,0.0,0.0,0.0,0.0,0,Withdrawn
690181,DDD,2014J,Critical,9.4,305.0,0.0,0.0,9.0,0,Withdrawn
648640,BBB,2014J,Critical,9.4,0.0,0.0,0.0,0.0,0,Withdrawn
601783,FFF,2013J,Critical,9.4,0.0,0.0,0.0,0.0,0,Withdrawn
601217,FFF,2013J,Critical,9.4,1.0,0.0,0.0,1.0,0,Withdrawn
591178,EEE,2013J,Critical,9.4,0.0,0.0,0.0,0.0,0,Withdrawn
620434,EEE,2014B,Critical,9.4,0.0,0.0,0.0,0.0,0,Withdrawn
547472,BBB,2013B,Critical,9.4,0.0,0.0,0.0,0.0,0,Withdrawn
646722,EEE,2014J,Critical,9.4,0.0,0.0,0.0,0.0,0,Withdrawn
643269,EEE,2014J,Critical,9.4,0.0,0.0,0.0,0.0,0,Withdrawn
189986,BBB,2014B,Critical,9.4,0.0,0.0,0.0,0.0,0,Withdrawn
284589,BBB,2014B,Critical,9.4,0.0,0.0,0.0,0.0,0,Withdrawn
577449,BBB,2013J,Critical,9.4,0.0,0.0,0.0,0.0,0,Withdrawn
495377,BBB,2013B,Critical,9.4,0.0,0.0,0.0,0.0,0,Withdrawn
568572,GGG,2014B,Critical,9.4,0.0,0.0,0.0,0.0,0,Withdrawn
590466,FFF,2013J,Critical,9.4,0.0,0.0,0.0,0.0,0,Withdrawn
2440133,GGG,2013J,Critical,9.4,0.0,0.0,0.0,0.0,0,Withdrawn
688000,BBB,2014J,Critical,9.4,0.0,0.0,0.0,0.0,0,Withdrawn
227167,DDD,2013J,Critical,9.4,7.0,0.0,0.0,1.0,0,Withdrawn
685991,EEE,2014J,Critical,9.4,0.0,0.0,0.0,0.0,0,Withdrawn
635191,FFF,2014J,Critical,9.4,332.0,0.0,0.0,17.0,0,Withdrawn
227833,CCC,2014B,Critical,9.4,0.0,0.0,0.0,0.0,0,Withdrawn
601248,EEE,2013J,Critical,9.4,382.0,0.0,0.0,16.0,0,Withdrawn
642560,FFF,2014J,Critical,9.4,2.0,0.0,0.0,1.0,0,Withdrawn
688005,FFF,2014J,Critical,9.4,0.0,0.0,0.0,0.0,0,Withdrawn
550842,BBB,2013B,Critical,9.4,0.0,0.0,0.0,0.0,0,Withdrawn
678397,FFF,2014J,Critical,9.4,10.0,0.0,0.0,1.0,0,Withdrawn
602745,EEE,2014J,Critical,9.4,16.0,0.0,0.0,1.0,0,Withdrawn
174321,BBB,2013B,Critical,9.4,0.0,0.0,0.0,0.0,1,Withdrawn
567926,EEE,2014J,Critical,9.4,0.0,0.0,0.0,0.0,0,Withdrawn
398071,BBB,2014J,Critical,9.4,0.0,0.0,0.0,0.0,0,Withdrawn
2517983,FFF,2014B,Critical,9.4,0.0,0.0,0.0,0.0,1,Withdrawn
487226,BBB,2014B,Critical,9.4,0.0,0.0,0.0,0.0,1,Withdrawn
592299,DDD,2013J,Critical,9.4,0.0,0.0,0.0,0.0,0,Withdrawn
508469,FFF,2013J,Critical,9.4,0.0,0.0,0.0,0.0,0,Withdrawn
583021,BBB,2013J,Critical,9.4,0.0,0.0,0.0,0.0,0,Withdrawn
1902283,FFF,2013J,Critical,9.4,0.0,0.0,0.0,0.0,0,Withdrawn
636064,BBB,2014J,Critical,9.4,0.0,0.0,0.0,0.0,0,Withdrawn
2628246,FFF,2013B,Critical,9.4,8.0,0.0,0.0,1.0,0,Withdrawn
588059,CCC,2014B,Critical,9.4,0.0,0.0,0.0,0.0,0,Withdrawn
539414,BBB,2013J,Critical,9.4,2.0,0.0,0.0,1.0,0,Withdrawn
560823,FFF,2014J,Critical,9.4,14.0,0.0,0.0,1.0,1,Withdrawn
263022,DDD,2014B,Critical,9.4,0.0,0.0,0.0,0.0,0,Withdrawn
626321,DDD,2014B,Critical,9.4,92.0,0.0,0.0,9.0,0,Withdrawn
583604,DDD,2014J,Critical,9.4,13.0,0.0,0.0,1.0,0,Withdrawn
2631547,CCC,2014B,Critical,9.4,0.0,0.0,0.0,0.0,0,Withdrawn
559882,DDD,2014J,Critical,9.4,0.0,0.0,0.0,0.0,0,Withdrawn
572770,BBB,2013J,Critical,9.4,0.0,0.0,0.0,0.0,0,Withdrawn
639995,GGG,2014J,Critical,9.4,0.0,0.0,0.0,0.0,0,Withdrawn
599606,BBB,2013J,Critical,9.4,0.0,0.0,0.0,0.0,0,Withdrawn
608440,AAA,2014J,Critical,9.4,187.0,0.0,0.0,6.0,0,Withdrawn
689944,EEE,2014J,Critical,9.4,0.0,0.0,0.0,0.0,0,Withdrawn
623834,DDD,2014B,Critical,9.4,38.0,0.0,0.0,9.0,0,Withdrawn
698252,DDD,2014J,Critical,9.4,116.0,0.0,0.0,8.0,0,Withdrawn
567925,BBB,2013J,Critical,9.4,0.0,0.0,0.0,0.0,0,Withdrawn
562675,EEE,2013J,Critical,9.4,0.0,0.0,0.0,0.0,0,Withdrawn
505499,BBB,2013B,Critical,9.4,0.0,0.0,0.0,0.0,0,Withdrawn
583147,DDD,2013J,Critical,9.4,99.0,0.0,0.0,9.0,0,Withdrawn
582288,DDD,2013J,Critical,9.4,2.0,0.0,0.0,1.0,0,Withdrawn
588969,BBB,2013J,Critical,9.4,0.0,0.0,0.0,0.0,0,Withdrawn
629893,EEE,2014B,Critical,9.4,0.0,0.0,0.0,0.0,0,Withdrawn
521601,CCC,2014B,Critical,9.4,69.0,0.0,0.0,10.0,0,Withdrawn
193803,FFF,2014B,Critical,9.4,211.0,0.0,0.0,8.0,2,Withdrawn
610335,FFF,2013J,Critical,9.4,0.0,0.0,0.0,0.0,0,Withdrawn
609367,FFF,2013J,Critical,9.4,22.0,0.0,0.0,1.0,0,Withdrawn
421242,DDD,2014B,Critical,9.4,0.0,0.0,0.0,0.0,0,Withdrawn
2292824,BBB,2014J,Critical,9.4,0.0,0.0,0.0,0.0,0,Withdrawn
2264569,BBB,2014J,Critical,9.4,73.0,1.0,1.0,11.0,0,Withdrawn
330669,FFF,2013J,Critical,9.4,0.0,0.0,0.0,0.0,0,Withdrawn
310899,FFF,2013J,Critical,9.4,0.0,0.0,0.0,0.0,0,Withdrawn
616557,FFF,2014B,Critical,9.4,0.0,0.0,0.0,0.0,0,Withdrawn
2603061,BBB,2014J,Critical,9.4,0.0,0.0,0.0,0.0,0,Withdrawn
541985,BBB,2013B,Critical,9.4,13.0,0.0,0.0,1.0,0,Withdrawn
540767,BBB,2013B,Critical,9.4,0.0,0.0,0.0,0.0,0,Withdrawn
685807,FFF,2014J,Critical,9.4,0.0,0.0,0.0,0.0,0,Withdrawn
580654,BBB,2013J,Critical,9.4,0.0,0.0,0.0,0.0,0,Withdrawn
604946,FFF,2013J,Critical,9.4,407.0,0.0,0.0,16.0,0,Withdrawn
606155,BBB,2014B,Critical,9.4,0.0,0.0,0.0,0.0,0,Withdrawn
614879,DDD,2014B,Critical,9.4,0.0,0.0,0.0,0.0,0,Withdrawn
1811098,DDD,2014J,Critical,9.4,0.0,0.0,0.0,0.0,0,Withdrawn
1373661,DDD,2014J,Critical,9.4,0.0,0.0,0.0,0.0,0,Withdrawn
608348,FFF,2013J,Critical,9.4,1.0,0.0,0.0,1.0,0,Withdrawn
593465,BBB,2014B,Critical,9.4,0.0,0.0,0.0,0.0,0,Withdrawn
589300,BBB,2014B,Critical,9.4,0.0,0.0,0.0,0.0,0,Withdrawn
518265,DDD,2014B,Critical,9.4,7.0,0.0,0.0,1.0,0,Withdrawn
531689,BBB,2013B,Critical,9.4,0.0,0.0,0.0,0.0,0,Withdrawn
531481,BBB,2013B,Critical,9.4,0.0,0.0,0.0,0.0,1,Withdrawn
681016,BBB,2014J,Critical,9.4,0.0,0.0,0.0,0.0,0,Withdrawn
651608,FFF,2014J,Critical,9.4,0.0,0.0,0.0,0.0,0,Withdrawn
299485,BBB,2014B,Critical,9.4,0.0,0.0,0.0,0.0,0,Withdrawn
482554,FFF,2013J,Critical,9.4,0.0,0.0,0.0,0.0,0,Withdrawn
565662,DDD,2013J,Critical,9.4,0.0,0.0,0.0,0.0,0,Withdrawn
643269,CCC,2014J,Critical,9.4,0.0,0.0,0.0,0.0,0,Withdrawn
592889,BBB,2013J,Critical,9.4,0.0,0.0,0.0,0.0,0,Withdrawn
236150,DDD,2014J,Critical,9.4,0.0,0.0,0.0,0.0,1,Withdrawn
535303,BBB,2013B,Critical,9.4,0.0,0.0,0.0,0.0,0,Withdrawn
577049,BBB,2013J,Critical,9.4,0.0,0.0,0.0,0.0,0,Withdrawn
646689,DDD,2014J,Critical,9.4,106.0,0.0,0.0,7.0,0,Withdrawn
2576298,CCC,2014B,Critical,9.4,0.0,0.0,0.0,0.0,0,Withdrawn
561787,EEE,2013J,Critical,9.4,7.0,0.0,0.0,1.0,0,Withdrawn
555020,EEE,2013J,Critical,9.4,0.0,0.0,0.0,0.0,0,Withdrawn
2693974,BBB,2013B,Critical,9.4,0.0,0.0,0.0,0.0,0,Withdrawn
679747,BBB,2014J,Critical,9.4,0.0,0.0,0.0,0.0,0,Withdrawn
681166,BBB,2014J,Critical,9.4,0.0,0.0,0.0,0.0,0,Withdrawn
569381,GGG,2013J,Critical,9.4,0.0,0.0,0.0,0.0,0,Withdrawn
2610170,BBB,2014J,Critical,9.4,0.0,0.0,0.0,0.0,0,Withdrawn
556739,DDD,2013B,Critical,9.4,65.0,0.0,0.0,8.0,0,Withdrawn
552041,FFF,2013B,Critical,9.4,0.0,0.0,0.0,0.0,0,Withdrawn
652803,BBB,2014J,Critical,9.4,20.0,1.0,1.0,3.0,0,Withdrawn
652744,BBB,2014J,Critical,9.4,0.0,0.0,0.0,0.0,0,Withdrawn
657118,FFF,2014J,Critical,9.4,2.0,0.0,0.0,1.0,0,Withdrawn
606911,FFF,2013J,Critical,9.4,581.0,0.0,0.0,14.0,0,Withdrawn
650052,FFF,2014J,Critical,9.4,0.0,0.0,0.0,0.0,0,Withdrawn
649278,BBB,2014J,Critical,9.4,0.0,0.0,0.0,0.0,0,Withdrawn
493743,EEE,2013J,Critical,9.4,0.0,0.0,0.0,0.0,0,Withdrawn
470674,EEE,2013J,Critical,9.4,0.0,0.0,0.0,0.0,0,Withdrawn
1874403,FFF,2013B,Critical,9.4,915.0,0.0,0.0,34.0,1,Withdrawn
625812,FFF,2014B,Critical,9.4,572.0,0.0,0.0,13.0,0,Withdrawn
523156,BBB,2013B,Critical,9.4,8.0,0.0,0.0,1.0,0,Withdrawn
520049,BBB,2013B,Critical,9.4,0.0,0.0,0.0,0.0,0,Withdrawn
576031,DDD,2013J,Critical,9.4,4.0,0.0,0.0,1.0,0,Withdrawn
572900,DDD,2013J,Critical,9.4,0.0,0.0,0.0,0.0,0,Withdrawn
491001,BBB,2014J,Critical,9.4,0.0,0.0,0.0,0.0,0,Withdrawn
504899,FFF,2013J,Critical,9.4,0.0,0.0,0.0,0.0,0,Withdrawn
381525,BBB,2014B,Critical,9.4,0.0,0.0,0.0,0.0,0,Withdrawn
265405,BBB,2013B,Critical,9.4,0.0,0.0,0.0,0.0,1,Withdrawn
479714,CCC,2014B,Critical,9.4,0.0,0.0,0.0,0.0,0,Withdrawn
394010,BBB,2014B,Critical,9.4,0.0,0.0,0.0,0.0,0,Withdrawn
518330,CCC,2014B,Critical,9.4,0.0,0.0,0.0,0.0,0,Withdrawn
629283,EEE,2014B,Critical,9.4,367.0,0.0,0.0,13.0,0,Withdrawn
655414,BBB,2014J,Critical,9.4,0.0,0.0,0.0,0.0,0,Withdrawn
605676,DDD,2014J,Critical,9.4,9.0,0.0,0.0,1.0,0,Withdrawn
2501127,EEE,2014J,Critical,9.4,0.0,0.0,0.0,0.0,0,Withdrawn
547787,DDD,2013B,Critical,9.4,9.0,0.0,0.0,1.0,0,Withdrawn
2038885,DDD,2014J,Critical,9.4,181.0,0.0,0.0,15.0,0,Withdrawn
606612,FFF,2013J,Critical,9.4,29.0,0.0,0.0,1.0,0,Withdrawn
579361,FFF,2013J,Critical,9.4,0.0,0.0,0.0,0.0,0,Withdrawn
2246708,BBB,2014B,Critical,9.4,0.0,0.0,0.0,0.0,0,Withdrawn
591822,GGG,2013J,Critical,9.4,0.0,0.0,0.0,0.0,0,Withdrawn
585384,DDD,2014B,Critical,9.4,0.0,0.0,0.0,0.0,1,Withdrawn
581409,DDD,2014B,Critical,9.4,0.0,0.0,0.0,0.0,1,Withdrawn
606663,CCC,2014B,Critical,9.4,0.0,0.0,0.0,0.0,0,Withdrawn
605926,CCC,2014B,Critical,9.4,0.0,0.0,0.0,0.0,0,Withdrawn
574276,BBB,2013J,Critical,9.4,0.0,0.0,0.0,0.0,0,Withdrawn
228049,BBB,2013B,Critical,9.4,14.0,0.0,0.0,1.0,0,Withdrawn
416000,DDD,2013B,Critical,9.4,0.0,0.0,0.0,0.0,1,Withdrawn
241971,DDD,2013B,Critical,9.4,0.0,0.0,0.0,0.0,0,Withdrawn
682891,GGG,2014J,Critical,9.4,56.0,0.0,0.0,7.0,0,Withdrawn
656441,FFF,2014J,Critical,9.4,2.0,0.0,0.0,1.0,0,Withdrawn
632911,BBB,2014B,Critical,9.4,0.0,0.0,0.0,0.0,0,Withdrawn
612561,BBB,2014B,Critical,9.4,0.0,0.0,0.0,0.0,0,Withdrawn
697337,BBB,2014J,Critical,9.39,14.0,0.0,0.0,2.0,0,Withdrawn
650544,FFF,2014J,Critical,9.39,80.0,0.0,0.0,4.0,0,Withdrawn
642222,DDD,2014J,Critical,9.39,357.0,0.0,0.0,12.0,0,Withdrawn
521249,DDD,2014B,Critical,9.39,18.0,0.0,0.0,1.0,0,Withdrawn
544352,DDD,2013B,Critical,9.39,70.0,0.0,0.0,2.0,0,Withdrawn
539775,EEE,2013J,Critical,9.39,42.0,0.0,0.0,3.0,0,Withdrawn
2003628,BBB,2014J,Critical,9.39,21.0,0.0,0.0,2.0,0,Withdrawn
556988,BBB,2013B,Critical,9.39,129.0,0.0,0.0,10.0,0,Withdrawn
691253,FFF,2014J,Critical,9.39,27.0,0.0,0.0,4.0,0,Withdrawn
553864,DDD,2013B,Critical,9.39,128.0,0.0,0.0,10.0,0,Withdrawn
597242,DDD,2014B,Critical,9.39,683.0,0.0,0.0,20.0,1,Withdrawn
297382,DDD,2013J,Critical,9.39,32.0,0.0,0.0,3.0,0,Withdrawn
628010,FFF,2014B,Critical,9.39,20.0,0.0,0.0,2.0,0,Withdrawn
132191,CCC,2014B,Critical,9.39,79.0,0.0,0.0,14.0,0,Withdrawn
686339,EEE,2014J,Critical,9.39,38.0,0.0,0.0,4.0,0,Withdrawn
611905,FFF,2014B,Critical,9.39,34.0,0.0,2.0,3.0,0,Withdrawn
647824,DDD,2014J,Critical,9.39,7.0,0.0,0.0,4.0,0,Withdrawn
2191819,DDD,2013B,Critical,9.39,16.0,0.0,0.0,3.0,0,Withdrawn
610609,DDD,2014B,Critical,9.39,3.0,0.0,0.0,2.0,0,Withdrawn
654258,CCC,2014J,Critical,9.39,6.0,0.0,0.0,2.0,0,Withdrawn
385681,FFF,2013B,Critical,9.39,103.0,0.0,0.0,3.0,0,Withdrawn
284593,BBB,2014B,Critical,9.39,14.0,0.0,0.0,4.0,0,Withdrawn
644064,EEE,2014J,Critical,9.39,85.0,0.0,0.0,1.0,0,Withdrawn
439669,CCC,2014B,Critical,9.39,47.0,0.0,0.0,3.0,0,Withdrawn
617350,DDD,2014B,Critical,9.39,154.0,0.0,0.0,8.0,0,Withdrawn
618913,DDD,2014B,Critical,9.39,20.0,0.0,0.0,1.0,0,Withdrawn
367045,DDD,2014B,Critical,9.39,16.0,0.0,0.0,2.0,1,Withdrawn
554215,DDD,2014J,Critical,9.39,24.0,0.0,0.0,2.0,0,Withdrawn
675972,EEE,2014J,Critical,9.39,356.0,0.0,0.0,17.0,0,Withdrawn
2497090,FFF,2014J,Critical,9.39,46.0,0.0,0.0,3.0,0,Withdrawn
305945,BBB,2013B,Critical,9.39,12.0,0.0,0.0,2.0,0,Withdrawn
2209846,FFF,2014B,Critical,9.39,653.0,0.0,0.0,14.0,0,Withdrawn
560185,BBB,2013B,Critical,9.39,262.0,0.0,0.0,16.0,0,Withdrawn
548106,BBB,2013B,Critical,9.39,54.0,0.0,0.0,2.0,0,Withdrawn
547816,CCC,2014B,Critical,9.39,22.0,0.0,0.0,1.0,0,Withdrawn
534671,BBB,2013B,Critical,9.39,47.0,0.0,0.0,1.0,0,Withdrawn
688187,FFF,2014J,Critical,9.39,18.0,0.0,0.0,2.0,0,Withdrawn
685512,FFF,2014J,Critical,9.39,32.0,0.0,0.0,4.0,0,Withdrawn
2422639,BBB,2013B,Critical,9.39,26.0,0.0,0.0,1.0,0,Withdrawn
681182,DDD,2014J,Critical,9.39,224.0,0.0,0.0,18.0,0,Withdrawn
654620,FFF,2014J,Critical,9.39,49.0,0.0,0.0,4.0,0,Withdrawn
589216,BBB,2013J,Critical,9.39,32.0,0.0,0.0,2.0,0,Withdrawn
383828,BBB,2013B,Critical,9.39,29.0,0.0,0.0,3.0,1,Withdrawn
646689,CCC,2014J,Critical,9.39,240.0,0.0,0.0,9.0,0,Withdrawn
599114,FFF,2013J,Critical,9.39,66.0,0.0,0.0,2.0,0,Withdrawn
622029,FFF,2014J,Critical,9.39,167.0,0.0,0.0,12.0,0,Withdrawn
481092,FFF,2013J,Critical,9.39,102.0,0.0,0.0,2.0,0,Withdrawn
620106,DDD,2014B,Critical,9.39,34.0,0.0,0.0,1.0,0,Withdrawn
697841,DDD,2014J,Critical,9.39,21.0,0.0,0.0,2.0,0,Withdrawn
620393,DDD,2014B,Critical,9.39,252.0,0.0,0.0,27.0,0,Withdrawn
588706,EEE,2013J,Critical,9.39,10.0,0.0,0.0,2.0,0,Withdrawn
564970,DDD,2014B,Critical,9.39,13.0,0.0,0.0,3.0,0,Withdrawn
620486,BBB,2014B,Critical,9.39,15.0,0.0,0.0,1.0,0,Withdrawn
547979,BBB,2013J,Critical,9.39,12.0,0.0,0.0,2.0,0,Withdrawn
631295,DDD,2014J,Critical,9.39,110.0,0.0,0.0,23.0,1,Withdrawn
561674,BBB,2013J,Critical,9.39,14.0,0.0,0.0,2.0,0,Withdrawn
524968,BBB,2013B,Critical,9.39,18.0,0.0,0.0,2.0,0,Withdrawn
554988,EEE,2014B,Critical,9.39,311.0,0.0,0.0,17.0,0,Withdrawn
585021,FFF,2014J,Critical,9.39,25.0,0.0,0.0,3.0,0,Withdrawn
690780,DDD,2014J,Critical,9.39,129.0,0.0,0.0,9.0,0,Withdrawn
349145,DDD,2013B,Critical,9.39,28.0,0.0,0.0,2.0,1,Withdrawn
178935,GGG,2014B,Critical,9.39,12.0,0.0,0.0,1.0,0,Withdrawn
694339,BBB,2014J,Critical,9.39,35.0,1.0,1.0,6.0,0,Withdrawn
487494,EEE,2014B,Critical,9.39,265.0,0.0,0.0,8.0,0,Withdrawn
689999,DDD,2014J,Critical,9.39,26.0,0.0,0.0,3.0,0,Withdrawn
604875,EEE,2013J,Critical,9.39,32.0,0.0,0.0,2.0,0,Withdrawn
546400,CCC,2014B,Critical,9.39,26.0,0.0,0.0,4.0,0,Withdrawn
599262,DDD,2013J,Critical,9.39,30.0,0.0,0.0,2.0,0,Withdrawn
602585,CCC,2014J,Critical,9.39,9.0,0.0,0.0,5.0,1,Withdrawn
162901,DDD,2014B,Critical,9.39,29.0,0.0,0.0,2.0,0,Withdrawn
519945,BBB,2013J,Critical,9.39,17.0,0.0,0.0,3.0,0,Withdrawn
645787,FFF,2014J,Critical,9.39,257.0,0.0,0.0,11.0,0,Withdrawn
605005,DDD,2013J,Critical,9.39,195.0,0.0,0.0,9.0,0,Withdrawn
2593175,FFF,2014B,Critical,9.39,19.0,0.0,0.0,2.0,0,Withdrawn
524851,CCC,2014J,Critical,9.38,51.0,0.0,0.0,6.0,0,Withdrawn
2608143,GGG,2014J,Critical,9.38,37.0,0.0,0.0,4.0,0,Withdrawn
608750,CCC,2014B,Critical,9.38,23.0,0.0,0.0,6.0,0,Withdrawn
2612725,EEE,2014J,Critical,9.38,77.0,0.0,0.0,6.0,1,Withdrawn
2147889,CCC,2014J,Critical,9.38,63.0,0.0,0.0,5.0,0,Withdrawn
598283,DDD,2014J,Critical,9.38,169.0,0.0,0.0,22.0,0,Withdrawn
409794,DDD,2013J,Critical,9.38,18.0,0.0,0.0,5.0,0,Withdrawn
579178,DDD,2014B,Critical,9.38,185.0,0.0,0.0,22.0,0,Withdrawn
588059,DDD,2014B,Critical,9.38,111.0,0.0,0.0,3.0,0,Withdrawn
632533,GGG,2014B,Critical,9.38,173.0,0.0,0.0,8.0,0,Withdrawn
2620432,BBB,2013J,Critical,9.38,49.0,0.0,0.0,4.0,0,Withdrawn
534827,DDD,2014J,Critical,9.38,178.0,0.0,0.0,10.0,0,Withdrawn
563990,EEE,2013J,Critical,9.38,168.0,0.0,0.0,4.0,0,Withdrawn
604449,FFF,2013J,Critical,9.38,511.0,0.0,0.0,12.0,0,Withdrawn
493055,DDD,2014B,Critical,9.38,566.0,0.0,0.0,28.0,0,Withdrawn
608453,FFF,2013J,Critical,9.38,82.0,0.0,0.0,7.0,0,Withdrawn
571868,BBB,2014J,Critical,9.38,43.0,0.0,0.0,5.0,1,Withdrawn
678613,EEE,2014J,Critical,9.38,308.0,0.0,0.0,11.0,0,Withdrawn
654933,EEE,2014J,Critical,9.38,1331.0,0.0,0.0,42.0,0,Withdrawn
549139,EEE,2013J,Critical,9.38,68.0,0.0,0.0,4.0,0,Withdrawn
627383,FFF,2014B,Critical,9.38,119.0,0.0,0.0,6.0,0,Withdrawn
647321,FFF,2014J,Critical,9.38,282.0,0.0,0.0,2.0,0,Withdrawn
583833,EEE,2013J,Critical,9.38,34.0,0.0,0.0,6.0,0,Withdrawn
697215,FFF,2014J,Critical,9.38,578.0,0.0,0.0,22.0,0,Withdrawn
435294,FFF,2014J,Critical,9.38,80.0,0.0,0.0,5.0,0,Withdrawn
595894,DDD,2013J,Critical,9.38,51.0,0.0,0.0,6.0,0,Withdrawn
608821,CCC,2014J,Critical,9.38,105.0,0.0,0.0,2.0,0,Withdrawn
629628,EEE,2014B,Critical,9.38,90.0,0.0,1.0,4.0,0,Withdrawn
656122,BBB,2014J,Critical,9.38,283.0,0.0,1.0,18.0,0,Withdrawn
696546,DDD,2014J,Critical,9.38,28.0,0.0,0.0,5.0,0,Withdrawn
361842,DDD,2014B,Critical,9.38,42.0,0.0,0.0,5.0,0,Withdrawn
2389837,FFF,2013J,Critical,9.38,428.0,0.0,0.0,11.0,1,Withdrawn
624765,CCC,2014B,Critical,9.38,49.0,0.0,0.0,6.0,0,Withdrawn
592233,FFF,2014J,Critical,9.38,82.0,0.0,0.0,5.0,0,Withdrawn
2555893,FFF,2013J,Critical,9.38,182.0,0.0,0.0,5.0,0,Withdrawn
607928,DDD,2013J,Critical,9.38,146.0,0.0,0.0,12.0,0,Withdrawn
650964,BBB,2014J,Critical,9.38,61.0,0.0,0.0,3.0,0,Withdrawn
688849,DDD,2014J,Critical,9.38,22.0,0.0,0.0,5.0,0,Withdrawn
491885,DDD,2013B,Critical,9.38,72.0,0.0,0.0,6.0,1,Withdrawn
605691,BBB,2013J,Critical,9.38,29.0,0.0,0.0,4.0,0,Withdrawn
614912,DDD,2014J,Critical,9.38,32.0,0.0,0.0,6.0,0,Withdrawn
502903,DDD,2013B,Critical,9.37,0.0,0.0,0.0,0.0,1,Withdrawn
421221,DDD,2013B,Critical,9.37,0.0,0.0,0.0,0.0,0,Withdrawn
623651,BBB,2014B,Critical,9.37,0.0,0.0,0.0,0.0,0,Withdrawn
593511,FFF,2013J,Critical,9.37,0.0,0.0,0.0,0.0,0,Withdrawn
593337,GGG,2013J,Critical,9.37,0.0,0.0,0.0,0.0,0,Withdrawn
441423,BBB,2013B,Critical,9.37,0.0,0.0,0.0,0.0,0,Withdrawn
2698109,DDD,2014J,Critical,9.37,0.0,0.0,0.0,0.0,0,Withdrawn
101414,EEE,2013J,Critical,9.37,0.0,0.0,0.0,0.0,0,Withdrawn
231673,EEE,2013J,Critical,9.37,0.0,0.0,0.0,0.0,0,Withdrawn
588749,DDD,2014B,Critical,9.37,216.0,0.0,0.0,14.0,0,Withdrawn
564944,DDD,2014B,Critical,9.37,0.0,0.0,0.0,0.0,0,Withdrawn
2437062,BBB,2014B,Critical,9.37,0.0,0.0,0.0,0.0,0,Withdrawn
555789,BBB,2013J,Critical,9.37,0.0,0.0,0.0,0.0,0,Withdrawn
530901,DDD,2013B,Critical,9.37,0.0,0.0,0.0,0.0,0,Withdrawn
539302,DDD,2013B,Critical,9.37,0.0,0.0,0.0,0.0,0,Withdrawn
624631,DDD,2014J,Critical,9.37,0.0,0.0,0.0,0.0,0,Withdrawn
625013,DDD,2014J,Critical,9.37,0.0,0.0,0.0,0.0,0,Withdrawn
1877732,CCC,2014B,Critical,9.37,0.0,0.0,0.0,0.0,0,Withdrawn
517701,BBB,2013B,Critical,9.37,46.0,0.0,0.0,8.0,1,Withdrawn
621885,BBB,2014B,Critical,9.37,0.0,0.0,0.0,0.0,0,Withdrawn
603296,BBB,2013J,Critical,9.37,0.0,0.0,0.0,0.0,0,Withdrawn
464596,DDD,2013B,Critical,9.37,0.0,0.0,0.0,0.0,0,Withdrawn
563945,BBB,2014B,Critical,9.37,0.0,0.0,0.0,0.0,0,Withdrawn
573665,CCC,2014B,Critical,9.37,0.0,0.0,0.0,0.0,0,Withdrawn
571276,CCC,2014B,Critical,9.37,0.0,0.0,0.0,0.0,0,Withdrawn
608848,DDD,2013J,Critical,9.37,0.0,0.0,0.0,0.0,0,Withdrawn
364323,BBB,2013B,Critical,9.37,0.0,0.0,0.0,0.0,0,Withdrawn
603888,BBB,2014B,Critical,9.37,0.0,0.0,0.0,0.0,0,Withdrawn
631560,DDD,2014B,Critical,9.37,0.0,0.0,0.0,0.0,0,Withdrawn
606719,DDD,2013J,Critical,9.37,0.0,0.0,0.0,0.0,0,Withdrawn
292813,BBB,2014J,Critical,9.37,0.0,0.0,0.0,0.0,1,Withdrawn
264842,BBB,2013J,Critical,9.37,0.0,0.0,0.0,0.0,0,Withdrawn
675246,BBB,2014J,Critical,9.37,0.0,0.0,0.0,0.0,0,Withdrawn
74169,BBB,2013J,Critical,9.37,0.0,0.0,0.0,0.0,0,Withdrawn
629538,BBB,2014B,Critical,9.37,58.0,0.0,0.0,7.0,0,Withdrawn
685661,DDD,2014J,Critical,9.37,0.0,0.0,0.0,0.0,0,Withdrawn
612124,EEE,2014B,Critical,9.37,0.0,0.0,0.0,0.0,0,Withdrawn
517922,BBB,2013J,Critical,9.37,0.0,0.0,0.0,0.0,0,Withdrawn
2237783,GGG,2013J,Critical,9.37,0.0,0.0,0.0,0.0,0,Withdrawn
237969,DDD,2014B,Critical,9.37,0.0,0.0,0.0,0.0,0,Withdrawn
576513,BBB,2013J,Critical,9.37,0.0,0.0,0.0,0.0,0,Withdrawn
630920,BBB,2014B,Critical,9.37,0.0,0.0,0.0,0.0,0,Withdrawn
647999,BBB,2014J,Critical,9.37,0.0,0.0,0.0,0.0,0,Withdrawn
645638,FFF,2014J,Critical,9.37,0.0,0.0,0.0,0.0,0,Withdrawn
1941149,FFF,2013J,Critical,9.37,0.0,0.0,0.0,0.0,0,Withdrawn
605262,EEE,2013J,Critical,9.37,0.0,0.0,0.0,0.0,0,Withdrawn
152037,FFF,2013J,Critical,9.37,0.0,0.0,0.0,0.0,0,Withdrawn
2352039,DDD,2013J,Critical,9.37,393.0,0.0,0.0,29.0,0,Withdrawn
2383169,FFF,2013J,Critical,9.37,0.0,0.0,0.0,0.0,0,Withdrawn
562146,BBB,2013B,Critical,9.37,0.0,0.0,0.0,0.0,0,Withdrawn
693116,BBB,2014J,Critical,9.37,0.0,0.0,0.0,0.0,0,Withdrawn
2621984,DDD,2014B,Critical,9.37,0.0,0.0,0.0,0.0,0,Withdrawn
599776,FFF,2013J,Critical,9.37,0.0,0.0,0.0,0.0,0,Withdrawn
2486215,FFF,2014J,Critical,9.37,0.0,0.0,0.0,0.0,0,Withdrawn
534922,BBB,2013B,Critical,9.37,0.0,0.0,0.0,0.0,0,Withdrawn
535272,BBB,2013B,Critical,9.37,0.0,0.0,0.0,0.0,0,Withdrawn
681397,FFF,2014J,Critical,9.37,531.0,0.0,0.0,13.0,0,Withdrawn
587155,BBB,2013J,Critical,9.37,0.0,0.0,0.0,0.0,0,Withdrawn
510112,FFF,2013J,Critical,9.37,0.0,0.0,0.0,0.0,0,Withdrawn
628993,EEE,2014B,Critical,9.37,0.0,0.0,0.0,0.0,0,Withdrawn
499952,BBB,2014B,Critical,9.37,0.0,0.0,0.0,0.0,0,Withdrawn
633859,EEE,2014B,Critical,9.37,546.0,0.0,0.0,19.0,0,Withdrawn
634083,EEE,2014B,Critical,9.37,0.0,0.0,0.0,0.0,0,Withdrawn
650952,FFF,2014J,Critical,9.37,0.0,0.0,0.0,0.0,0,Withdrawn
680959,BBB,2014J,Critical,9.37,0.0,0.0,0.0,0.0,0,Withdrawn
515209,BBB,2013J,Critical,9.37,0.0,0.0,0.0,0.0,0,Withdrawn
2384615,EEE,2014B,Critical,9.37,0.0,0.0,0.0,0.0,1,Withdrawn
2619011,EEE,2014B,Critical,9.37,0.0,0.0,0.0,0.0,0,Withdrawn
1559959,FFF,2013J,Critical,9.37,0.0,0.0,0.0,0.0,1,Withdrawn
1891977,FFF,2013J,Critical,9.37,0.0,0.0,0.0,0.0,0,Withdrawn
695956,DDD,2014J,Critical,9.37,532.0,0.0,0.0,11.0,0,Withdrawn
465281,CCC,2014J,Critical,9.37,0.0,0.0,0.0,0.0,0,Withdrawn
2613827,FFF,2014J,Critical,9.37,0.0,0.0,0.0,0.0,1,Withdrawn
575794,BBB,2013J,Critical,9.37,0.0,0.0,0.0,0.0,0,Withdrawn
599520,EEE,2013J,Critical,9.37,0.0,0.0,0.0,0.0,0,Withdrawn
601157,EEE,2013J,Critical,9.37,657.0,0.0,0.0,18.0,0,Withdrawn
601370,EEE,2013J,Critical,9.37,214.0,0.0,0.0,7.0,0,Withdrawn
602659,EEE,2013J,Critical,9.37,0.0,0.0,0.0,0.0,0,Withdrawn
103891,DDD,2014B,Critical,9.37,0.0,0.0,0.0,0.0,0,Withdrawn
589234,BBB,2013J,Critical,9.37,0.0,0.0,0.0,0.0,0,Withdrawn
573307,DDD,2013J,Critical,9.37,0.0,0.0,0.0,0.0,0,Withdrawn
573541,DDD,2013J,Critical,9.37,0.0,0.0,0.0,0.0,0,Withdrawn
627277,BBB,2014B,Critical,9.37,0.0,0.0,0.0,0.0,0,Withdrawn
425467,FFF,2014J,Critical,9.37,0.0,0.0,0.0,0.0,0,Withdrawn
1629444,FFF,2014J,Critical,9.37,0.0,0.0,0.0,0.0,0,Withdrawn
1929219,FFF,2014J,Critical,9.37,0.0,0.0,0.0,0.0,1,Withdrawn
174512,EEE,2014J,Critical,9.37,0.0,0.0,0.0,0.0,1,Withdrawn
548990,BBB,2013B,Critical,9.37,0.0,0.0,0.0,0.0,0,Withdrawn
590713,BBB,2013J,Critical,9.37,0.0,0.0,0.0,0.0,0,Withdrawn
640330,BBB,2014J,Critical,9.37,0.0,0.0,0.0,0.0,0,Withdrawn
624199,GGG,2014B,Critical,9.37,109.0,0.0,0.0,14.0,0,Withdrawn
489309,CCC,2014B,Critical,9.37,588.0,0.0,0.0,12.0,0,Withdrawn
560102,BBB,2013B,Critical,9.37,0.0,0.0,0.0,0.0,0,Withdrawn
689350,BBB,2014J,Critical,9.37,0.0,0.0,0.0,0.0,0,Withdrawn
680715,FFF,2014J,Critical,9.37,0.0,0.0,0.0,0.0,0,Withdrawn
629628,CCC,2014B,Critical,9.37,137.0,0.0,1.0,6.0,0,Withdrawn
679234,DDD,2014J,Critical,9.37,0.0,0.0,0.0,0.0,0,Withdrawn
402829,DDD,2014J,Critical,9.37,0.0,0.0,0.0,0.0,0,Withdrawn
626746,BBB,2014B,Critical,9.37,0.0,0.0,0.0,0.0,0,Withdrawn
606293,FFF,2014J,Critical,9.37,0.0,0.0,0.0,0.0,0,Withdrawn
510650,BBB,2013J,Critical,9.37,0.0,0.0,0.0,0.0,0,Withdrawn
629421,EEE,2014J,Critical,9.37,0.0,0.0,0.0,0.0,1,Withdrawn
634428,BBB,2014B,Critical,9.37,0.0,0.0,0.0,0.0,0,Withdrawn
471374,CCC,2014J,Critical,9.37,0.0,0.0,0.0,0.0,0,Withdrawn
624492,DDD,2014B,Critical,9.37,0.0,0.0,0.0,0.0,0,Withdrawn
583429,BBB,2013J,Critical,9.37,0.0,0.0,0.0,0.0,0,Withdrawn
583967,BBB,2013J,Critical,9.37,0.0,0.0,0.0,0.0,0,Withdrawn
260367,DDD,2014B,Critical,9.37,0.0,0.0,0.0,0.0,0,Withdrawn
565474,FFF,2014J,Critical,9.37,0.0,0.0,0.0,0.0,0,Withdrawn
588694,CCC,2014B,Critical,9.37,0.0,0.0,0.0,0.0,0,Withdrawn
581047,EEE,2013J,Critical,9.37,0.0,0.0,0.0,0.0,0,Withdrawn
588694,EEE,2013J,Critical,9.37,0.0,0.0,0.0,0.0,0,Withdrawn
93925,BBB,2014B,Critical,9.37,0.0,0.0,0.0,0.0,0,Withdrawn
631554,GGG,2014B,Critical,9.37,0.0,0.0,0.0,0.0,0,Withdrawn
645462,EEE,2014J,Critical,9.37,0.0,0.0,0.0,0.0,0,Withdrawn
645867,EEE,2014J,Critical,9.37,0.0,0.0,0.0,0.0,0,Withdrawn
650070,CCC,2014J,Critical,9.37,0.0,0.0,0.0,0.0,0,Withdrawn
648605,CCC,2014J,Critical,9.37,0.0,0.0,0.0,0.0,0,Withdrawn
628993,CCC,2014B,Critical,9.37,0.0,0.0,0.0,0.0,0,Withdrawn
592972,BBB,2013J,Critical,9.37,147.0,0.0,0.0,13.0,0,Withdrawn
339353,CCC,2014B,Critical,9.37,0.0,0.0,0.0,0.0,0,Withdrawn
650544,CCC,2014J,Critical,9.37,75.0,0.0,0.0,7.0,0,Withdrawn
695035,BBB,2014J,Critical,9.37,0.0,0.0,0.0,0.0,0,Withdrawn
676366,CCC,2014J,Critical,9.37,0.0,0.0,0.0,0.0,0,Withdrawn
596095,BBB,2013J,Critical,9.37,0.0,0.0,0.0,0.0,0,Withdrawn
676884,CCC,2014J,Critical,9.37,0.0,0.0,0.0,0.0,0,Withdrawn
650137,EEE,2014J,Critical,9.37,0.0,0.0,0.0,0.0,0,Withdrawn
653771,DDD,2014J,Critical,9.37,0.0,0.0,0.0,0.0,0,Withdrawn
689761,FFF,2014J,Critical,9.37,0.0,0.0,0.0,0.0,0,Withdrawn
441020,FFF,2014J,Critical,9.37,0.0,0.0,0.0,0.0,0,Withdrawn
628327,BBB,2014B,Critical,9.37,0.0,0.0,0.0,0.0,0,Withdrawn
525353,FFF,2013B,Critical,9.37,0.0,0.0,0.0,0.0,0,Withdrawn
532794,BBB,2014J,Critical,9.37,0.0,0.0,0.0,0.0,0,Withdrawn
493672,BBB,2013J,Critical,9.37,0.0,0.0,0.0,0.0,0,Withdrawn
654913,BBB,2014J,Critical,9.37,0.0,0.0,0.0,0.0,0,Withdrawn
596602,BBB,2014B,Critical,9.37,0.0,0.0,0.0,0.0,0,Withdrawn
616874,DDD,2014B,Critical,9.37,0.0,0.0,0.0,0.0,0,Withdrawn
568751,EEE,2013J,Critical,9.37,0.0,0.0,0.0,0.0,0,Withdrawn
571754,EEE,2013J,Critical,9.37,0.0,0.0,0.0,0.0,0,Withdrawn
582443,BBB,2013J,Critical,9.37,0.0,0.0,0.0,0.0,0,Withdrawn
579300,BBB,2013J,Critical,9.37,0.0,0.0,0.0,0.0,0,Withdrawn
497405,DDD,2014B,Critical,9.37,43.0,0.0,0.0,7.0,1,Withdrawn
589023,EEE,2013J,Critical,9.37,390.0,0.0,0.0,26.0,0,Withdrawn
579098,EEE,2013J,Critical,9.37,0.0,0.0,0.0,0.0,0,Withdrawn
695695,BBB,2014J,Critical,9.37,0.0,0.0,0.0,0.0,0,Withdrawn
696634,BBB,2014J,Critical,9.37,0.0,0.0,0.0,0.0,0,Withdrawn
268127,CCC,2014B,Critical,9.37,0.0,0.0,0.0,0.0,0,Withdrawn
676930,FFF,2014J,Critical,9.37,0.0,0.0,0.0,0.0,0,Withdrawn
696664,FFF,2014J,Critical,9.37,0.0,0.0,0.0,0.0,0,Withdrawn
594341,FFF,2013J,Critical,9.37,0.0,0.0,0.0,0.0,0,Withdrawn
595359,FFF,2013J,Critical,9.37,0.0,0.0,0.0,0.0,0,Withdrawn
378969,GGG,2014J,Critical,9.37,0.0,0.0,0.0,0.0,0,Withdrawn
580717,GGG,2014J,Critical,9.37,0.0,0.0,0.0,0.0,0,Withdrawn
2075264,BBB,2013J,Critical,9.37,0.0,0.0,0.0,0.0,1,Withdrawn
372619,FFF,2013J,Critical,9.37,0.0,0.0,0.0,0.0,0,Withdrawn
642836,BBB,2014J,Critical,9.37,0.0,0.0,0.0,0.0,0,Withdrawn
676324,FFF,2014J,Critical,9.37,0.0,0.0,0.0,0.0,0,Withdrawn
572626,BBB,2013J,Critical,9.37,0.0,0.0,0.0,0.0,0,Withdrawn
573683,BBB,2013J,Critical,9.37,0.0,0.0,0.0,0.0,0,Withdrawn
634083,CCC,2014B,Critical,9.37,0.0,0.0,0.0,0.0,0,Withdrawn
488908,BBB,2013J,Critical,9.37,0.0,0.0,0.0,0.0,1,Withdrawn
675669,FFF,2014J,Critical,9.37,0.0,0.0,0.0,0.0,0,Withdrawn
566153,GGG,2013J,Critical,9.37,0.0,0.0,0.0,0.0,0,Withdrawn
581606,GGG,2013J,Critical,9.37,206.0,0.0,0.0,19.0,0,Withdrawn
609267,DDD,2014B,Critical,9.37,0.0,0.0,0.0,0.0,0,Withdrawn
681964,BBB,2014J,Critical,9.37,0.0,0.0,0.0,0.0,0,Withdrawn
531251,FFF,2013B,Critical,9.37,0.0,0.0,0.0,0.0,0,Withdrawn
531866,FFF,2013B,Critical,9.37,0.0,0.0,0.0,0.0,0,Withdrawn
581333,BBB,2014B,Critical,9.37,0.0,0.0,0.0,0.0,0,Withdrawn
522690,DDD,2014B,Critical,9.37,0.0,0.0,0.0,0.0,1,Withdrawn
536794,DDD,2014B,Critical,9.37,0.0,0.0,0.0,0.0,0,Withdrawn
549785,DDD,2014B,Critical,9.37,0.0,0.0,0.0,0.0,0,Withdrawn
648820,BBB,2014J,Critical,9.37,0.0,0.0,0.0,0.0,0,Withdrawn
574232,FFF,2013J,Critical,9.37,0.0,0.0,0.0,0.0,0,Withdrawn
2690719,BBB,2014B,Critical,9.37,0.0,0.0,0.0,0.0,0,Withdrawn
608038,BBB,2013J,Critical,9.37,0.0,0.0,0.0,0.0,0,Withdrawn
2614272,DDD,2013B,Critical,9.37,0.0,0.0,0.0,0.0,0,Withdrawn
2093092,BBB,2014J,Critical,9.37,0.0,0.0,0.0,0.0,0,Withdrawn
623104,BBB,2014B,Critical,9.37,0.0,0.0,0.0,0.0,0,Withdrawn
529118,BBB,2013B,Critical,9.37,0.0,0.0,0.0,0.0,1,Withdrawn
1600062,CCC,2014B,Critical,9.37,0.0,0.0,0.0,0.0,0,Withdrawn
674764,FFF,2014J,Critical,9.37,0.0,0.0,0.0,0.0,0,Withdrawn
444729,BBB,2013J,Critical,9.37,0.0,0.0,0.0,0.0,1,Withdrawn
1881041,CCC,2014J,Critical,9.37,0.0,0.0,0.0,0.0,0,Withdrawn
638414,FFF,2014J,Critical,9.37,0.0,0.0,0.0,0.0,0,Withdrawn
686266,BBB,2014J,Critical,9.37,0.0,0.0,0.0,0.0,0,Withdrawn
646770,BBB,2014J,Critical,9.37,0.0,0.0,0.0,0.0,0,Withdrawn
339353,EEE,2013J,Critical,9.37,0.0,0.0,0.0,0.0,0,Withdrawn
2600000,DDD,2014J,Critical,9.37,0.0,0.0,0.0,0.0,0,Withdrawn
599382,BBB,2014B,Critical,9.37,0.0,0.0,0.0,0.0,0,Withdrawn
649209,BBB,2014J,Critical,9.37,0.0,0.0,0.0,0.0,0,Withdrawn
481934,EEE,2013J,Critical,9.37,0.0,0.0,0.0,0.0,0,Withdrawn
599547,CCC,2014B,Critical,9.37,0.0,0.0,0.0,0.0,0,Withdrawn
649351,BBB,2014J,Critical,9.37,0.0,0.0,0.0,0.0,0,Withdrawn
2348143,DDD,2014J,Critical,9.37,0.0,0.0,0.0,0.0,0,Withdrawn
612124,CCC,2014B,Critical,9.37,0.0,0.0,0.0,0.0,0,Withdrawn
547440,GGG,2013J,Critical,9.37,0.0,0.0,0.0,0.0,0,Withdrawn
1649896,CCC,2014B,Critical,9.37,0.0,0.0,0.0,0.0,0,Withdrawn
643021,DDD,2014J,Critical,9.37,0.0,0.0,0.0,0.0,0,Withdrawn
1398821,CCC,2014B,Critical,9.37,0.0,0.0,0.0,0.0,0,Withdrawn
384331,FFF,2014J,Critical,9.37,0.0,0.0,0.0,0.0,0,Withdrawn
2408651,CCC,2014B,Critical,9.37,0.0,0.0,0.0,0.0,0,Withdrawn
606627,BBB,2013J,Critical,9.37,215.0,0.0,0.0,10.0,0,Withdrawn
618848,FFF,2014B,Critical,9.37,0.0,0.0,0.0,0.0,0,Withdrawn
2454119,CCC,2014J,Critical,9.37,36.0,0.0,0.0,8.0,0,Withdrawn
656102,FFF,2014J,Critical,9.37,0.0,0.0,0.0,0.0,0,Withdrawn
648605,FFF,2014J,Critical,9.37,0.0,0.0,0.0,0.0,0,Withdrawn
1917808,GGG,2014J,Critical,9.36,11.0,0.0,0.0,1.0,0,Withdrawn
632889,EEE,2014B,Critical,9.36,10.0,0.0,0.0,3.0,0,Withdrawn
567176,DDD,2013J,Critical,9.36,457.0,0.0,0.0,33.0,0,Withdrawn
681393,FFF,2014J,Critical,9.36,41.0,0.0,0.0,2.0,0,Withdrawn
498225,CCC,2014B,Critical,9.36,16.0,0.0,0.0,2.0,0,Withdrawn
590177,DDD,2013J,Critical,9.36,19.0,0.0,0.0,2.0,0,Withdrawn
534074,CCC,2014B,Critical,9.36,3.0,0.0,0.0,2.0,0,Withdrawn
490299,BBB,2014J,Critical,9.36,45.0,1.0,1.0,6.0,0,Withdrawn
625207,EEE,2014B,Critical,9.36,0.0,10.0,1.0,0.0,0,Withdrawn
573665,EEE,2014B,Critical,9.36,10.0,0.0,0.0,1.0,0,Withdrawn
558284,FFF,2013J,Critical,9.36,277.0,0.0,0.0,11.0,0,Withdrawn
656412,BBB,2014J,Critical,9.36,20.0,0.0,0.0,2.0,0,Withdrawn
682098,FFF,2014J,Critical,9.36,45.0,0.0,0.0,2.0,0,Withdrawn
597924,DDD,2013J,Critical,9.36,81.0,0.0,0.0,12.0,0,Withdrawn
650746,BBB,2014J,Critical,9.36,38.0,0.0,0.0,1.0,0,Withdrawn
603669,DDD,2013J,Critical,9.36,42.0,0.0,0.0,2.0,0,Withdrawn
501422,EEE,2014J,Critical,9.36,172.0,0.0,0.0,11.0,0,Withdrawn
514218,DDD,2013J,Critical,9.36,2.0,0.0,0.0,2.0,1,Withdrawn
511636,DDD,2013J,Critical,9.36,279.0,0.0,0.0,26.0,0,Withdrawn
533449,BBB,2013J,Critical,9.36,11.0,0.0,0.0,3.0,0,Withdrawn
365288,BBB,2013J,Critical,9.36,9.0,0.0,0.0,1.0,0,Fail
97486,EEE,2014B,Critical,9.36,6.0,0.0,0.0,1.0,0,Withdrawn
2614546,EEE,2013J,Critical,9.36,1363.0,0.0,0.0,50.0,0,Withdrawn
607515,DDD,2013J,Critical,9.36,135.0,0.0,0.0,10.0,0,Withdrawn
604546,DDD,2013J,Critical,9.36,37.0,0.0,0.0,1.0,0,Withdrawn
611213,FFF,2013J,Critical,9.36,2.0,0.0,0.0,1.0,0,Withdrawn
582983,EEE,2013J,Critical,9.36,8.0,0.0,0.0,1.0,0,Withdrawn
688710,BBB,2014J,Critical,9.36,1.0,0.0,0.0,1.0,0,Withdrawn
520307,FFF,2013B,Critical,9.36,206.0,0.0,0.0,10.0,1,Withdrawn
529390,FFF,2014B,Critical,9.36,3.0,0.0,0.0,1.0,1,Withdrawn
375688,CCC,2014B,Critical,9.36,133.0,0.0,0.0,10.0,0,Withdrawn
2501578,DDD,2013J,Critical,9.36,31.0,0.0,0.0,2.0,0,Withdrawn
2409396,DDD,2013J,Critical,9.36,11.0,0.0,0.0,3.0,0,Withdrawn
1859407,FFF,2013J,Critical,9.36,6.0,0.0,0.0,1.0,0,Withdrawn
687146,CCC,2014J,Critical,9.36,49.0,0.0,0.0,1.0,0,Withdrawn
618963,DDD,2014B,Critical,9.36,280.0,0.0,0.0,13.0,0,Withdrawn
500339,CCC,2014J,Critical,9.36,20.0,0.0,0.0,2.0,0,Withdrawn
319479,DDD,2013J,Critical,9.36,99.0,0.0,0.0,9.0,0,Withdrawn
467179,BBB,2013J,Critical,9.36,122.0,0.0,0.0,9.0,0,Withdrawn
546747,DDD,2013B,Critical,9.36,3.0,0.0,0.0,1.0,0,Withdrawn
631051,CCC,2014B,Critical,9.36,4.0,0.0,0.0,1.0,0,Withdrawn
581772,FFF,2014B,Critical,9.36,9.0,0.0,0.0,1.0,1,Withdrawn
617925,CCC,2014B,Critical,9.36,225.0,0.0,0.0,6.0,0,Withdrawn
580771,FFF,2013J,Critical,9.36,23.0,0.0,0.0,1.0,0,Withdrawn
679325,CCC,2014J,Critical,9.36,2.0,0.0,0.0,1.0,0,Withdrawn
597402,FFF,2013J,Critical,9.36,9.0,0.0,0.0,2.0,0,Withdrawn
651174,DDD,2014J,Critical,9.36,8.0,0.0,0.0,1.0,0,Withdrawn
589267,FFF,2013J,Critical,9.36,50.0,0.0,0.0,3.0,0,Withdrawn
632889,CCC,2014B,Critical,9.36,1.0,0.0,0.0,1.0,0,Withdrawn
559882,FFF,2014J,Critical,9.36,356.0,0.0,0.0,8.0,0,Withdrawn
518906,EEE,2013J,Critical,9.36,3.0,0.0,0.0,1.0,0,Withdrawn
557089,FFF,2013B,Critical,9.36,82.0,0.0,0.0,3.0,0,Withdrawn
529503,EEE,2013J,Critical,9.36,686.0,0.0,0.0,8.0,0,Withdrawn
573252,BBB,2014J,Critical,9.36,27.0,1.0,1.0,4.0,0,Withdrawn
678953,BBB,2014J,Critical,9.36,34.0,1.0,1.0,6.0,0,Withdrawn
683792,BBB,2014J,Critical,9.36,50.0,1.0,1.0,4.0,0,Withdrawn
595234,BBB,2013J,Critical,9.36,5.0,0.0,0.0,2.0,0,Withdrawn
627316,BBB,2014B,Critical,9.36,15.0,0.0,0.0,1.0,0,Withdrawn
282498,DDD,2014J,Critical,9.36,1.0,0.0,0.0,1.0,0,Withdrawn
558817,DDD,2013B,Critical,9.36,11.0,0.0,0.0,2.0,0,Withdrawn
678262,DDD,2014J,Critical,9.36,107.0,0.0,0.0,9.0,0,Withdrawn
417974,DDD,2013B,Critical,9.36,203.0,0.0,0.0,19.0,2,Withdrawn
593791,BBB,2014J,Critical,9.36,32.0,0.0,0.0,2.0,0,Withdrawn
1407549,CCC,2014J,Critical,9.36,8.0,0.0,0.0,3.0,1,Withdrawn
464755,FFF,2013B,Critical,9.36,663.0,0.0,0.0,27.0,0,Withdrawn
257970,FFF,2013J,Critical,9.36,15.0,0.0,0.0,3.0,1,Withdrawn
688964,FFF,2014J,Critical,9.36,8.0,0.0,0.0,2.0,0,Withdrawn
626173,CCC,2014B,Critical,9.36,220.0,0.0,0.0,8.0,0,Withdrawn
692897,BBB,2014J,Critical,9.36,235.0,1.0,1.0,9.0,0,Withdrawn
486650,BBB,2013B,Critical,9.36,24.0,0.0,0.0,2.0,0,Withdrawn
696796,EEE,2014J,Critical,9.36,370.0,0.0,0.0,27.0,0,Withdrawn
272704,FFF,2014J,Critical,9.36,1.0,0.0,0.0,1.0,0,Withdrawn
623099,DDD,2014B,Critical,9.36,144.0,0.0,0.0,9.0,0,Withdrawn
97486,CCC,2014B,Critical,9.36,7.0,0.0,0.0,3.0,0,Withdrawn
1175060,DDD,2014B,Critical,9.36,37.0,0.0,0.0,1.0,0,Withdrawn
241792,FFF,2013J,Critical,9.36,666.0,0.0,0.0,15.0,0,Withdrawn
69489,DDD,2013J,Critical,9.36,106.0,0.0,0.0,11.0,1,Withdrawn
690235,BBB,2014J,Critical,9.36,4.0,0.0,0.0,2.0,0,Withdrawn
620935,CCC,2014B,Critical,9.36,6.0,0.0,0.0,2.0,0,Withdrawn
688271,CCC,2014J,Critical,9.36,43.0,0.0,0.0,2.0,0,Withdrawn
564562,EEE,2014J,Critical,9.35,69.0,0.0,0.0,5.0,0,Withdrawn
516673,FFF,2013J,Critical,9.35,160.0,0.0,0.0,5.0,1,Withdrawn
581818,DDD,2013J,Critical,9.35,123.0,0.0,0.0,14.0,0,Withdrawn
654958,BBB,2014J,Critical,9.35,27.0,0.0,0.0,4.0,0,Withdrawn
625121,EEE,2014B,Critical,9.35,50.0,0.0,0.0,6.0,0,Withdrawn
518029,BBB,2013J,Critical,9.35,74.0,0.0,0.0,15.0,1,Withdrawn
543571,CCC,2014B,Critical,9.35,37.0,0.0,0.0,4.0,0,Withdrawn
1877732,DDD,2013J,Critical,9.35,47.0,0.0,0.0,3.0,0,Withdrawn
511958,DDD,2013B,Critical,9.35,163.0,0.0,0.0,11.0,0,Withdrawn
574820,FFF,2013J,Critical,9.35,132.0,0.0,0.0,3.0,0,Withdrawn
686358,FFF,2014J,Critical,9.35,200.0,0.0,0.0,16.0,0,Withdrawn
2245011,FFF,2013B,Critical,9.35,86.0,0.0,0.0,4.0,1,Withdrawn
633102,FFF,2014B,Critical,9.35,129.0,0.0,0.0,2.0,0,Withdrawn
641866,FFF,2014J,Critical,9.35,38.0,0.0,0.0,4.0,0,Withdrawn
234031,FFF,2014J,Critical,9.35,37.0,0.0,0.0,4.0,0,Withdrawn
602037,EEE,2013J,Critical,9.35,377.0,0.0,0.0,10.0,0,Withdrawn
128723,FFF,2013J,Critical,9.35,76.0,0.0,0.0,4.0,0,Withdrawn
608170,DDD,2013J,Critical,9.35,34.0,0.0,0.0,4.0,0,Withdrawn
523834,DDD,2013J,Critical,9.35,178.0,0.0,0.0,12.0,0,Withdrawn
680222,FFF,2014J,Critical,9.35,139.0,0.0,2.0,15.0,0,Withdrawn
610606,DDD,2013J,Critical,9.35,65.0,0.0,0.0,4.0,0,Withdrawn
1462676,CCC,2014B,Critical,9.35,30.0,0.0,0.0,4.0,0,Withdrawn
540422,DDD,2013B,Critical,9.35,514.0,0.0,0.0,23.0,0,Withdrawn
532000,BBB,2013B,Critical,9.35,201.0,0.0,0.0,8.0,1,Withdrawn
654001,BBB,2014J,Critical,9.35,33.0,0.0,0.0,4.0,0,Withdrawn
677776,EEE,2014J,Critical,9.35,225.0,0.0,0.0,12.0,0,Withdrawn
683220,CCC,2014J,Critical,9.35,181.0,0.0,0.0,12.0,0,Withdrawn
651915,EEE,2014J,Critical,9.35,20.0,0.0,0.0,5.0,0,Withdrawn
1808407,DDD,2014J,Critical,9.35,34.0,0.0,0.0,6.0,0,Withdrawn
2192113,BBB,2013J,Critical,9.35,166.0,1.0,1.0,11.0,0,Withdrawn
567213,FFF,2014J,Critical,9.35,40.0,0.0,0.0,5.0,1,Withdrawn
441024,CCC,2014J,Critical,9.35,32.0,0.0,0.0,5.0,0,Withdrawn
687822,BBB,2014J,Critical,9.35,77.0,0.0,0.0,4.0,0,Withdrawn
625121,CCC,2014B,Critical,9.35,85.0,0.0,0.0,4.0,0,Withdrawn
656677,FFF,2014J,Critical,9.35,29.0,0.0,0.0,4.0,0,Withdrawn
688656,DDD,2014J,Critical,9.35,45.0,0.0,0.0,4.0,0,Withdrawn
548893,FFF,2013B,Critical,9.35,155.0,0.0,0.0,5.0,0,Withdrawn
483309,BBB,2013B,Critical,9.35,13.0,0.0,0.0,4.0,0,Withdrawn
418851,DDD,2014J,Critical,9.35,64.0,0.0,0.0,4.0,0,Withdrawn
621909,FFF,2014B,Critical,9.35,93.0,0.0,0.0,5.0,0,Withdrawn
679275,GGG,2014J,Critical,9.35,37.0,0.0,0.0,3.0,0,Withdrawn
545565,FFF,2013B,Critical,9.34,129.0,0.0,0.0,8.0,0,Withdrawn
570278,EEE,2014J,Critical,9.34,424.0,0.0,0.0,11.0,0,Withdrawn
570177,BBB,2013J,Critical,9.34,42.0,0.0,0.0,6.0,0,Withdrawn
573600,EEE,2014J,Critical,9.34,106.0,0.0,0.0,6.0,0,Withdrawn
632633,GGG,2014B,Critical,9.34,56.0,0.0,0.0,4.0,0,Withdrawn
2652532,FFF,2014J,Critical,9.34,198.0,0.0,0.0,5.0,1,Withdrawn
643712,GGG,2014J,Critical,9.34,67.0,0.0,0.0,4.0,0,Withdrawn
2588296,DDD,2014B,Critical,9.34,61.0,0.0,0.0,5.0,0,Withdrawn
1411562,FFF,2013B,Critical,9.34,716.0,0.0,0.0,12.0,0,Withdrawn
636323,GGG,2014J,Critical,9.34,527.0,0.0,0.0,22.0,0,Withdrawn
697893,BBB,2014J,Critical,9.34,127.0,1.0,1.0,9.0,0,Withdrawn
2188680,EEE,2014B,Critical,9.34,630.0,0.0,0.0,16.0,0,Withdrawn
526426,DDD,2013B,Critical,9.34,75.0,0.0,0.0,6.0,0,Withdrawn
679688,FFF,2014J,Critical,9.34,745.0,0.0,0.0,21.0,0,Withdrawn
631051,EEE,2014B,Critical,9.34,76.0,0.0,0.0,6.0,0,Withdrawn
555422,DDD,2013J,Critical,9.34,93.0,0.0,0.0,7.0,0,Withdrawn
641192,DDD,2014J,Critical,9.34,82.0,0.0,0.0,7.0,0,Withdrawn
622538,BBB,2014B,Critical,9.34,71.0,0.0,0.0,5.0,0,Withdrawn
582992,FFF,2013J,Critical,9.34,124.0,0.0,0.0,8.0,0,Withdrawn
393698,FFF,2013J,Critical,9.34,123.0,0.0,0.0,8.0,0,Withdrawn
96291,BBB,2013B,Critical,9.34,103.0,0.0,0.0,4.0,0,Withdrawn
2298402,FFF,2013J,Critical,9.34,216.0,0.0,0.0,5.0,0,Withdrawn
1532921,FFF,2013J,Critical,9.34,55.0,0.0,0.0,8.0,0,Withdrawn
637474,FFF,2014J,Critical,9.34,1060.0,0.0,0.0,29.0,0,Withdrawn
594755,EEE,2013J,Critical,9.34,190.0,0.0,0.0,5.0,0,Withdrawn
599982,EEE,2013J,Critical,9.34,158.0,0.0,0.0,7.0,0,Withdrawn
562494,BBB,2013B,Critical,9.34,67.0,0.0,0.0,7.0,0,Withdrawn
268883,DDD,2014B,Critical,9.34,270.0,0.0,0.0,10.0,1,Withdrawn
255140,CCC,2014B,Critical,9.34,83.0,0.0,0.0,7.0,0,Withdrawn
353660,CCC,2014B,Critical,9.34,137.0,0.0,0.0,16.0,0,Withdrawn
607705,DDD,2014B,Critical,9.34,67.0,0.0,0.0,5.0,0,Withdrawn
602891,CCC,2014B,Critical,9.34,63.0,0.0,0.0,9.0,0,Withdrawn
595594,BBB,2013J,Critical,9.34,59.0,0.0,0.0,7.0,0,Withdrawn
652667,EEE,2014J,Critical,9.34,73.0,0.0,0.0,6.0,0,Withdrawn
2376717,CCC,2014J,Critical,9.34,83.0,0.0,0.0,7.0,0,Withdrawn
551764,FFF,2013B,Critical,9.34,109.0,0.0,0.0,7.0,0,Withdrawn
534588,BBB,2014J,Critical,9.34,114.0,1.0,1.0,7.0,1,Withdrawn
594510,FFF,2013J,Critical,9.34,99.0,0.0,0.0,8.0,0,Withdrawn
680222,CCC,2014J,Critical,9.34,213.0,0.0,2.0,13.0,0,Withdrawn
624034,EEE,2014B,Critical,9.33,172.0,0.0,0.0,7.0,0,Withdrawn
473444,BBB,2014J,Critical,9.33,0.0,0.0,0.0,0.0,0,Withdrawn
567246,DDD,2013J,Critical,9.33,1.0,0.0,0.0,1.0,0,Withdrawn
648863,FFF,2014J,Critical,9.33,4.0,0.0,0.0,1.0,0,Withdrawn
631657,EEE,2014B,Critical,9.33,0.0,0.0,0.0,0.0,0,Withdrawn
624718,FFF,2014B,Critical,9.33,165.0,0.0,0.0,11.0,0,Withdrawn
2108914,BBB,2014J,Critical,9.33,0.0,0.0,0.0,0.0,0,Withdrawn
646889,GGG,2014J,Critical,9.33,0.0,0.0,0.0,0.0,0,Withdrawn
1639743,CCC,2014J,Critical,9.33,0.0,0.0,0.0,0.0,0,Withdrawn
486550,BBB,2013J,Critical,9.33,0.0,0.0,0.0,0.0,0,Withdrawn
577992,BBB,2013J,Critical,9.33,0.0,0.0,0.0,0.0,0,Withdrawn
2268069,FFF,2014J,Critical,9.33,0.0,0.0,0.0,0.0,0,Withdrawn
534713,BBB,2013B,Critical,9.33,0.0,0.0,0.0,0.0,0,Withdrawn
626518,CCC,2014B,Critical,9.33,0.0,0.0,0.0,0.0,0,Withdrawn
628762,BBB,2014B,Critical,9.33,87.0,0.0,0.0,8.0,0,Withdrawn
46048,EEE,2014J,Critical,9.33,12.0,0.0,0.0,1.0,0,Withdrawn
331622,EEE,2014J,Critical,9.33,11.0,0.0,0.0,1.0,0,Withdrawn
589810,BBB,2013J,Critical,9.33,0.0,0.0,0.0,0.0,0,Withdrawn
634979,FFF,2014B,Critical,9.33,265.0,0.0,0.0,10.0,0,Withdrawn
585384,DDD,2013J,Critical,9.33,0.0,0.0,0.0,0.0,0,Withdrawn
328734,AAA,2014J,Critical,9.33,0.0,0.0,0.0,0.0,0,Withdrawn
387954,AAA,2014J,Critical,9.33,532.0,0.0,0.0,14.0,0,Withdrawn
654960,FFF,2014J,Critical,9.33,0.0,0.0,0.0,0.0,0,Withdrawn
557997,BBB,2013B,Critical,9.33,0.0,0.0,0.0,0.0,0,Withdrawn
495875,BBB,2013B,Critical,9.33,0.0,0.0,0.0,0.0,0,Withdrawn
600564,FFF,2013J,Critical,9.33,23.0,0.0,0.0,2.0,0,Withdrawn
69489,CCC,2014B,Critical,9.33,0.0,0.0,0.0,0.0,0,Withdrawn
506288,FFF,2013J,Critical,9.33,188.0,0.0,0.0,9.0,0,Withdrawn
592173,DDD,2013J,Critical,9.33,0.0,0.0,0.0,0.0,0,Withdrawn
595720,DDD,2013J,Critical,9.33,628.0,0.0,0.0,23.0,0,Withdrawn
511469,BBB,2014B,Critical,9.33,0.0,0.0,0.0,0.0,0,Withdrawn
2360071,FFF,2014B,Critical,9.33,15.0,0.0,0.0,1.0,0,Withdrawn
586450,BBB,2013J,Critical,9.33,0.0,0.0,0.0,0.0,0,Withdrawn
549622,BBB,2013B,Critical,9.33,2.0,0.0,0.0,1.0,0,Withdrawn
681063,FFF,2014J,Critical,9.33,0.0,0.0,0.0,0.0,0,Withdrawn
641795,BBB,2014J,Critical,9.33,5.0,0.0,0.0,1.0,0,Withdrawn
624940,GGG,2014B,Critical,9.33,0.0,0.0,0.0,0.0,0,Withdrawn
525596,FFF,2013J,Critical,9.33,33.0,0.0,0.0,2.0,0,Withdrawn
536454,FFF,2013B,Critical,9.33,0.0,0.0,0.0,0.0,0,Withdrawn
675673,BBB,2014J,Critical,9.33,0.0,0.0,0.0,0.0,0,Withdrawn
677039,BBB,2014J,Critical,9.33,0.0,0.0,0.0,0.0,0,Withdrawn
2151748,DDD,2014B,Critical,9.33,386.0,0.0,0.0,31.0,0,Withdrawn
625207,CCC,2014B,Critical,9.33,133.0,10.0,1.0,8.0,0,Withdrawn
185451,CCC,2014J,Critical,9.33,0.0,0.0,0.0,0.0,0,Withdrawn
618360,BBB,2014B,Critical,9.33,0.0,0.0,0.0,0.0,0,Withdrawn
547442,FFF,2013J,Critical,9.33,0.0,0.0,0.0,0.0,0,Withdrawn
547593,FFF,2013J,Critical,9.33,30.0,0.0,0.0,1.0,0,Withdrawn
616976,EEE,2014B,Critical,9.33,0.0,0.0,0.0,0.0,0,Withdrawn
618768,EEE,2014B,Critical,9.33,0.0,0.0,0.0,0.0,0,Withdrawn
597754,DDD,2013J,Critical,9.33,43.0,0.0,0.0,1.0,0,Withdrawn
576658,GGG,2014B,Critical,9.33,0.0,0.0,0.0,0.0,0,Withdrawn
599007,FFF,2014J,Critical,9.33,68.0,0.0,0.0,1.0,0,Withdrawn
604078,EEE,2014B,Critical,9.33,0.0,0.0,0.0,0.0,0,Withdrawn
608694,EEE,2014B,Critical,9.33,0.0,0.0,0.0,0.0,0,Withdrawn
677230,BBB,2014J,Critical,9.33,0.0,0.0,0.0,0.0,0,Withdrawn
257369,DDD,2013B,Critical,9.33,0.0,0.0,0.0,0.0,0,Withdrawn
236150,FFF,2013J,Critical,9.33,0.0,0.0,0.0,0.0,0,Withdrawn
2443165,EEE,2014J,Critical,9.33,179.0,0.0,0.0,8.0,0,Withdrawn
548819,FFF,2013B,Critical,9.33,15.0,0.0,0.0,1.0,0,Withdrawn
648698,FFF,2014J,Critical,9.33,0.0,0.0,0.0,0.0,0,Withdrawn
652366,BBB,2014J,Critical,9.33,0.0,0.0,0.0,0.0,0,Withdrawn
75469,CCC,2014B,Critical,9.33,0.0,0.0,0.0,0.0,0,Withdrawn
2627493,BBB,2014J,Critical,9.33,0.0,0.0,0.0,0.0,0,Withdrawn
558395,BBB,2013B,Critical,9.33,0.0,0.0,0.0,0.0,0,Withdrawn
2502882,CCC,2014J,Critical,9.33,0.0,0.0,0.0,0.0,0,Withdrawn
497047,EEE,2014B,Critical,9.33,0.0,0.0,0.0,0.0,0,Withdrawn
536996,EEE,2014B,Critical,9.33,28.0,0.0,0.0,2.0,0,Withdrawn
547268,BBB,2014B,Critical,9.33,0.0,0.0,0.0,0.0,0,Withdrawn
604729,DDD,2013J,Critical,9.33,0.0,0.0,0.0,0.0,0,Withdrawn
551500,FFF,2013J,Critical,9.33,0.0,0.0,0.0,0.0,0,Withdrawn
558309,FFF,2013J,Critical,9.33,16.0,0.0,0.0,2.0,0,Withdrawn
626281,FFF,2014B,Critical,9.33,0.0,0.0,0.0,0.0,0,Withdrawn
599475,BBB,2013J,Critical,9.33,0.0,0.0,0.0,0.0,0,Withdrawn
471374,FFF,2014J,Critical,9.33,67.0,0.0,0.0,13.0,0,Withdrawn
638621,GGG,2014J,Critical,9.33,0.0,0.0,0.0,0.0,0,Withdrawn
639533,GGG,2014J,Critical,9.33,0.0,0.0,0.0,0.0,0,Withdrawn
573922,EEE,2014J,Critical,9.33,0.0,0.0,0.0,0.0,0,Withdrawn
560772,FFF,2013J,Critical,9.33,5.0,0.0,0.0,2.0,0,Withdrawn
146125,CCC,2014B,Critical,9.33,0.0,0.0,0.0,0.0,0,Withdrawn
687283,EEE,2014J,Critical,9.33,0.0,0.0,0.0,0.0,0,Withdrawn
479892,FFF,2013B,Critical,9.33,318.0,0.0,0.0,10.0,0,Withdrawn
387378,BBB,2013J,Critical,9.33,0.0,0.0,0.0,0.0,0,Withdrawn
643379,FFF,2014J,Critical,9.33,0.0,0.0,0.0,0.0,0,Withdrawn
610589,BBB,2014B,Critical,9.33,0.0,0.0,0.0,0.0,0,Withdrawn
630134,BBB,2014B,Critical,9.33,0.0,0.0,0.0,0.0,0,Withdrawn
647993,BBB,2014J,Critical,9.33,0.0,0.0,0.0,0.0,0,Withdrawn
645045,EEE,2014J,Critical,9.33,0.0,0.0,0.0,0.0,0,Withdrawn
679337,FFF,2014J,Critical,9.33,305.0,0.0,0.0,7.0,0,Withdrawn
634339,FFF,2014B,Critical,9.33,0.0,0.0,0.0,0.0,0,Withdrawn
422341,EEE,2014B,Critical,9.33,16.0,0.0,0.0,1.0,0,Withdrawn
625229,FFF,2014B,Critical,9.33,0.0,0.0,0.0,0.0,0,Withdrawn
646027,DDD,2014J,Critical,9.33,0.0,0.0,0.0,0.0,0,Withdrawn
646755,DDD,2014J,Critical,9.33,0.0,0.0,0.0,0.0,0,Withdrawn
687795,FFF,2014J,Critical,9.33,0.0,0.0,0.0,0.0,0,Withdrawn
688251,FFF,2014J,Critical,9.33,1.0,0.0,0.0,1.0,0,Withdrawn
691367,BBB,2014J,Critical,9.33,0.0,0.0,0.0,0.0,0,Withdrawn
250456,DDD,2013J,Critical,9.33,0.0,0.0,0.0,0.0,0,Withdrawn
515370,FFF,2013B,Critical,9.33,0.0,0.0,0.0,0.0,0,Withdrawn
554249,BBB,2013B,Critical,9.33,0.0,0.0,0.0,0.0,0,Withdrawn
634396,BBB,2014B,Critical,9.33,0.0,0.0,0.0,0.0,0,Withdrawn
562769,BBB,2014J,Critical,9.33,0.0,0.0,0.0,0.0,0,Withdrawn
622498,BBB,2014B,Critical,9.33,0.0,0.0,0.0,0.0,0,Withdrawn
604161,BBB,2013J,Critical,9.33,36.0,0.0,0.0,1.0,0,Withdrawn
442618,GGG,2014B,Critical,9.33,24.0,0.0,0.0,1.0,0,Withdrawn
408762,FFF,2013B,Critical,9.33,0.0,0.0,0.0,0.0,0,Withdrawn
559599,FFF,2013J,Critical,9.33,0.0,0.0,0.0,0.0,0,Withdrawn
549839,BBB,2014J,Critical,9.33,0.0,0.0,0.0,0.0,0,Withdrawn
360547,CCC,2014B,Critical,9.33,39.0,0.0,0.0,10.0,0,Withdrawn
582679,FFF,2013J,Critical,9.33,0.0,0.0,0.0,0.0,0,Withdrawn
582690,FFF,2013J,Critical,9.33,0.0,0.0,0.0,0.0,0,Withdrawn
577930,DDD,2013J,Critical,9.33,0.0,0.0,0.0,0.0,0,Withdrawn
680614,EEE,2014J,Critical,9.33,176.0,0.0,0.0,10.0,0,Withdrawn
584274,BBB,2014J,Critical,9.33,0.0,0.0,0.0,0.0,0,Withdrawn
578285,DDD,2013J,Critical,9.33,0.0,0.0,0.0,0.0,0,Withdrawn
533737,BBB,2013B,Critical,9.33,6.0,0.0,0.0,1.0,0,Withdrawn
628142,BBB,2014B,Critical,9.33,0.0,0.0,0.0,0.0,0,Withdrawn
648888,DDD,2014J,Critical,9.33,0.0,0.0,0.0,0.0,0,Withdrawn
646613,FFF,2014J,Critical,9.33,0.0,0.0,0.0,0.0,0,Withdrawn
161837,FFF,2014J,Critical,9.33,0.0,0.0,0.0,0.0,0,Withdrawn
650353,FFF,2014J,Critical,9.33,0.0,0.0,0.0,0.0,0,Withdrawn
191235,GGG,2014B,Critical,9.33,0.0,0.0,0.0,0.0,0,Withdrawn
2613225,CCC,2014J,Critical,9.33,1.0,0.0,0.0,1.0,0,Withdrawn
647920,DDD,2014J,Critical,9.33,2.0,0.0,0.0,1.0,0,Withdrawn
592344,DDD,2014J,Critical,9.33,97.0,0.0,0.0,9.0,0,Withdrawn
650464,FFF,2014J,Critical,9.33,25.0,0.0,0.0,2.0,0,Withdrawn
644885,FFF,2014J,Critical,9.33,0.0,0.0,0.0,0.0,0,Withdrawn
652945,CCC,2014J,Critical,9.33,0.0,0.0,0.0,0.0,0,Withdrawn
2444102,BBB,2013B,Critical,9.33,0.0,0.0,0.0,0.0,0,Withdrawn
674814,FFF,2014J,Critical,9.33,0.0,0.0,0.0,0.0,0,Withdrawn
646906,BBB,2014J,Critical,9.33,0.0,0.0,0.0,0.0,0,Withdrawn
628341,BBB,2014B,Critical,9.33,0.0,0.0,0.0,0.0,0,Withdrawn
688776,CCC,2014J,Critical,9.33,0.0,0.0,0.0,0.0,0,Withdrawn
544177,BBB,2014J,Critical,9.33,0.0,0.0,0.0,0.0,0,Withdrawn
621935,BBB,2014J,Critical,9.33,0.0,0.0,0.0,0.0,0,Withdrawn
148931,FFF,2013J,Critical,9.33,306.0,0.0,0.0,9.0,0,Withdrawn
651697,FFF,2014J,Critical,9.33,0.0,0.0,0.0,0.0,0,Withdrawn
599547,EEE,2013J,Critical,9.33,132.0,0.0,0.0,10.0,0,Withdrawn
438210,BBB,2013B,Critical,9.33,9.0,0.0,0.0,2.0,0,Withdrawn
563063,BBB,2013J,Critical,9.33,0.0,0.0,0.0,0.0,0,Withdrawn
2644664,FFF,2013B,Critical,9.33,0.0,0.0,0.0,0.0,0,Withdrawn
583065,BBB,2013J,Critical,9.33,0.0,0.0,0.0,0.0,0,Withdrawn
687283,CCC,2014J,Critical,9.33,0.0,0.0,0.0,0.0,0,Withdrawn
1871306,DDD,2014J,Critical,9.33,20.0,0.0,0.0,2.0,0,Withdrawn
370129,GGG,2014J,Critical,9.33,77.0,0.0,0.0,7.0,0,Withdrawn
654888,EEE,2014J,Critical,9.33,0.0,0.0,0.0,0.0,0,Withdrawn
655383,EEE,2014J,Critical,9.33,0.0,0.0,0.0,0.0,0,Withdrawn
600879,CCC,2014B,Critical,9.33,0.0,0.0,0.0,0.0,0,Withdrawn
586587,EEE,2013J,Critical,9.33,0.0,0.0,0.0,0.0,0,Withdrawn
1986974,GGG,2013J,Critical,9.33,0.0,0.0,0.0,0.0,0,Withdrawn
589555,EEE,2013J,Critical,9.33,16.0,0.0,0.0,2.0,0,Withdrawn
625834,BBB,2014B,Critical,9.33,0.0,0.0,0.0,0.0,0,Withdrawn
626330,BBB,2014B,Critical,9.33,0.0,0.0,0.0,0.0,0,Withdrawn
692273,FFF,2014J,Critical,9.33,0.0,0.0,0.0,0.0,0,Withdrawn
647468,DDD,2014J,Critical,9.33,0.0,0.0,0.0,0.0,0,Withdrawn
2011327,GGG,2014B,Critical,9.33,0.0,0.0,0.0,0.0,0,Withdrawn
478692,DDD,2013J,Critical,9.33,0.0,0.0,0.0,0.0,0,Withdrawn
592158,CCC,2014B,Critical,9.33,360.0,0.0,1.0,24.0,0,Withdrawn
675178,BBB,2014J,Critical,9.33,0.0,0.0,0.0,0.0,0,Withdrawn
2355701,DDD,2014J,Critical,9.33,83.0,0.0,0.0,10.0,0,Withdrawn
610129,DDD,2014B,Critical,9.33,0.0,0.0,0.0,0.0,0,Withdrawn
576557,FFF,2014B,Critical,9.33,0.0,0.0,0.0,0.0,0,Withdrawn
577795,FFF,2014B,Critical,9.33,0.0,0.0,0.0,0.0,0,Withdrawn
2075158,BBB,2013J,Critical,9.33,0.0,0.0,0.0,0.0,0,Withdrawn
628666,FFF,2014B,Critical,9.33,0.0,0.0,0.0,0.0,0,Withdrawn
367045,DDD,2013J,Critical,9.33,2.0,0.0,0.0,2.0,0,Withdrawn
604078,CCC,2014B,Critical,9.33,0.0,0.0,0.0,0.0,0,Withdrawn
683993,BBB,2014J,Critical,9.33,0.0,0.0,0.0,0.0,0,Withdrawn
684607,BBB,2014J,Critical,9.33,0.0,0.0,0.0,0.0,0,Withdrawn
654888,CCC,2014J,Critical,9.33,1.0,0.0,0.0,1.0,0,Withdrawn
654960,CCC,2014J,Critical,9.33,0.0,0.0,0.0,0.0,0,Withdrawn
685920,FFF,2014J,Critical,9.33,0.0,0.0,0.0,0.0,0,Withdrawn
581672,BBB,2013J,Critical,9.33,0.0,0.0,0.0,0.0,0,Withdrawn
473406,DDD,2014B,Critical,9.33,83.0,0.0,0.0,8.0,1,Withdrawn
537263,BBB,2013B,Critical,9.33,0.0,0.0,0.0,0.0,0,Withdrawn
2595526,DDD,2014J,Critical,9.33,5.0,0.0,0.0,2.0,0,Withdrawn
578259,FFF,2013J,Critical,9.33,0.0,0.0,0.0,0.0,0,Withdrawn
560490,BBB,2013J,Critical,9.33,0.0,0.0,0.0,0.0,0,Withdrawn
604480,DDD,2014B,Critical,9.33,0.0,0.0,0.0,0.0,0,Withdrawn
604480,CCC,2014B,Critical,9.33,0.0,0.0,0.0,0.0,0,Withdrawn
313070,GGG,2013J,Critical,9.33,0.0,0.0,0.0,0.0,0,Withdrawn
693620,BBB,2014J,Critical,9.33,4.0,0.0,0.0,1.0,0,Withdrawn
597023,GGG,2013J,Critical,9.33,8.0,0.0,0.0,2.0,0,Withdrawn
595287,BBB,2013J,Critical,9.33,0.0,0.0,0.0,0.0,0,Withdrawn
695411,BBB,2014J,Critical,9.33,0.0,0.0,0.0,0.0,0,Withdrawn
630950,FFF,2014B,Critical,9.33,0.0,0.0,0.0,0.0,0,Withdrawn
635017,GGG,2014B,Critical,9.33,0.0,0.0,0.0,0.0,0,Withdrawn
397297,FFF,2013B,Critical,9.33,0.0,0.0,0.0,0.0,0,Withdrawn
601280,GGG,2013J,Critical,9.33,0.0,0.0,0.0,0.0,0,Withdrawn
603241,DDD,2014B,Critical,9.33,0.0,0.0,0.0,0.0,0,Withdrawn
520854,CCC,2014J,Critical,9.33,16.0,0.0,0.0,1.0,0,Withdrawn
680698,DDD,2014J,Critical,9.33,1.0,0.0,0.0,1.0,0,Withdrawn
370920,DDD,2013J,Critical,9.33,3.0,0.0,0.0,1.0,0,Withdrawn
185597,BBB,2013J,Critical,9.33,0.0,0.0,0.0,0.0,0,Withdrawn
616414,BBB,2014B,Critical,9.33,12.0,0.0,0.0,1.0,0,Withdrawn
652531,DDD,2014J,Critical,9.33,0.0,0.0,0.0,0.0,0,Withdrawn
674814,CCC,2014J,Critical,9.33,0.0,0.0,0.0,0.0,0,Withdrawn
556836,EEE,2013J,Critical,9.33,0.0,0.0,0.0,0.0,0,Withdrawn
573922,FFF,2013J,Critical,9.33,0.0,0.0,0.0,0.0,0,Withdrawn
574305,FFF,2013J,Critical,9.33,0.0,0.0,0.0,0.0,0,Withdrawn
2632243,BBB,2014B,Critical,9.33,0.0,0.0,0.0,0.0,0,Withdrawn
509100,DDD,2014B,Critical,9.33,0.0,0.0,0.0,0.0,0,Withdrawn
588096,BBB,2014B,Critical,9.33,0.0,0.0,0.0,0.0,0,Withdrawn
576040,DDD,2013J,Critical,9.33,0.0,0.0,0.0,0.0,0,Withdrawn
604298,BBB,2013J,Critical,9.33,0.0,0.0,0.0,0.0,0,Withdrawn
620430,FFF,2014B,Critical,9.33,3.0,0.0,0.0,1.0,0,Withdrawn
623224,DDD,2014J,Critical,9.33,0.0,0.0,0.0,0.0,0,Withdrawn
623914,BBB,2014B,Critical,9.33,0.0,0.0,0.0,0.0,0,Withdrawn
611977,BBB,2014B,Critical,9.33,0.0,0.0,0.0,0.0,0,Withdrawn
587349,BBB,2013J,Critical,9.33,0.0,0.0,0.0,0.0,0,Withdrawn
497047,CCC,2014B,Critical,9.33,0.0,0.0,0.0,0.0,0,Withdrawn
349777,FFF,2014J,Critical,9.33,10.0,0.0,0.0,1.0,0,Withdrawn
693223,FFF,2014J,Critical,9.33,0.0,0.0,0.0,0.0,0,Withdrawn
638657,DDD,2014J,Critical,9.33,0.0,0.0,0.0,0.0,0,Withdrawn
360752,FFF,2014J,Critical,9.33,1.0,0.0,0.0,1.0,0,Withdrawn
621607,BBB,2014B,Critical,9.33,16.0,0.0,0.0,1.0,0,Withdrawn
2329539,CCC,2014B,Critical,9.33,146.0,0.0,0.0,8.0,0,Withdrawn
387652,DDD,2013B,Critical,9.33,0.0,0.0,0.0,0.0,0,Withdrawn
695982,BBB,2014J,Critical,9.33,22.0,0.0,0.0,1.0,0,Withdrawn
656970,GGG,2014J,Critical,9.33,0.0,0.0,0.0,0.0,0,Withdrawn
569157,BBB,2014J,Critical,9.33,0.0,0.0,0.0,0.0,0,Withdrawn
350361,DDD,2014J,Critical,9.33,0.0,0.0,0.0,0.0,0,Withdrawn
588539,FFF,2013J,Critical,9.33,0.0,0.0,0.0,0.0,0,Withdrawn
326056,FFF,2013J,Critical,9.33,5.0,0.0,0.0,1.0,0,Withdrawn
631657,CCC,2014B,Critical,9.33,0.0,0.0,0.0,0.0,0,Withdrawn
650090,BBB,2014J,Critical,9.33,0.0,0.0,0.0,0.0,0,Withdrawn
647594,FFF,2014J,Critical,9.33,0.0,0.0,0.0,0.0,0,Withdrawn
2552149,BBB,2014B,Critical,9.33,0.0,0.0,0.0,0.0,0,Withdrawn
553556,BBB,2013J,Critical,9.33,0.0,0.0,0.0,0.0,0,Withdrawn
491758,BBB,2013J,Critical,9.33,0.0,0.0,0.0,0.0,0,Withdrawn
414663,BBB,2014J,Critical,9.33,0.0,0.0,0.0,0.0,0,Withdrawn
680698,CCC,2014J,Critical,9.33,1.0,0.0,0.0,1.0,0,Withdrawn
678975,BBB,2014J,Critical,9.33,0.0,0.0,0.0,0.0,0,Withdrawn
556836,DDD,2014B,Critical,9.33,0.0,0.0,0.0,0.0,0,Withdrawn
651086,EEE,2014J,Critical,9.33,0.0,0.0,0.0,0.0,0,Withdrawn
2149225,AAA,2013J,Critical,9.32,319.0,0.0,0.0,8.0,0,Withdrawn
569891,DDD,2013J,Critical,9.32,13.0,0.0,0.0,4.0,0,Withdrawn
235121,CCC,2014J,Critical,9.32,51.0,0.0,0.0,16.0,0,Withdrawn
553576,DDD,2014J,Critical,9.32,92.0,0.0,0.0,13.0,0,Withdrawn
626872,BBB,2014B,Critical,9.32,61.0,0.0,0.0,2.0,0,Withdrawn
2388492,EEE,2014B,Critical,9.32,198.0,0.0,0.0,9.0,0,Withdrawn
497405,DDD,2013B,Critical,9.32,35.0,0.0,0.0,3.0,0,Withdrawn
649028,FFF,2014J,Critical,9.32,288.0,0.0,0.0,13.0,0,Withdrawn
490327,EEE,2013J,Critical,9.32,19.0,0.0,0.0,4.0,0,Withdrawn
525523,FFF,2014J,Critical,9.32,75.0,0.0,0.0,4.0,0,Withdrawn
681844,CCC,2014J,Critical,9.32,172.0,0.0,0.0,11.0,0,Withdrawn
584089,DDD,2014B,Critical,9.32,24.0,0.0,0.0,3.0,0,Withdrawn
270764,EEE,2014J,Critical,9.32,38.0,0.0,0.0,4.0,0,Withdrawn
547303,BBB,2013B,Critical,9.32,25.0,0.0,0.0,2.0,0,Withdrawn
553627,DDD,2013B,Critical,9.32,41.0,0.0,0.0,3.0,0,Withdrawn
388252,EEE,2013J,Critical,9.32,194.0,0.0,0.0,11.0,0,Withdrawn
231697,DDD,2014J,Critical,9.32,24.0,0.0,0.0,3.0,0,Withdrawn
696595,BBB,2014J,Critical,9.32,69.0,1.0,1.0,5.0,0,Withdrawn
601122,GGG,2013J,Critical,9.32,29.0,0.0,0.0,3.0,0,Withdrawn
253250,BBB,2013B,Critical,9.32,1162.0,0.0,0.0,24.0,1,Withdrawn
475699,FFF,2013J,Critical,9.32,282.0,0.0,0.0,11.0,0,Withdrawn
656825,EEE,2014J,Critical,9.32,44.0,0.0,0.0,5.0,0,Withdrawn
1812797,DDD,2014J,Critical,9.32,12.0,0.0,0.0,4.0,0,Withdrawn
331622,CCC,2014J,Critical,9.32,13.0,0.0,0.0,3.0,0,Withdrawn
561740,EEE,2013J,Critical,9.32,139.0,0.0,0.0,12.0,0,Withdrawn
682565,CCC,2014J,Critical,9.32,8.0,0.0,0.0,6.0,0,Withdrawn
603357,EEE,2013J,Critical,9.32,287.0,0.0,0.0,10.0,0,Withdrawn
593930,BBB,2013J,Critical,9.32,33.0,0.0,0.0,3.0,0,Withdrawn
623332,DDD,2014B,Critical,9.32,23.0,0.0,0.0,2.0,0,Withdrawn
1209065,DDD,2014J,Critical,9.32,110.0,0.0,0.0,11.0,0,Withdrawn
2357168,DDD,2014B,Critical,9.32,361.0,0.0,0.0,10.0,0,Withdrawn
599994,FFF,2013J,Critical,9.32,147.0,0.0,1.0,3.0,0,Withdrawn
2356049,FFF,2013J,Critical,9.32,19.0,0.0,0.0,3.0,0,Withdrawn
582749,FFF,2014J,Critical,9.32,117.0,0.0,0.0,2.0,0,Withdrawn
653292,GGG,2014J,Critical,9.32,117.0,0.0,0.0,7.0,0,Withdrawn
536503,FFF,2013B,Critical,9.32,82.0,0.0,0.0,5.0,0,Withdrawn
690600,DDD,2014J,Critical,9.32,417.0,0.0,0.0,32.0,0,Withdrawn
610817,DDD,2013J,Critical,9.32,54.0,0.0,0.0,2.0,0,Withdrawn
689554,GGG,2014J,Critical,9.32,52.0,0.0,0.0,2.0,0,Withdrawn
690240,DDD,2014J,Critical,9.32,190.0,0.0,0.0,21.0,0,Withdrawn
124387,DDD,2013J,Critical,9.32,56.0,0.0,0.0,4.0,0,Withdrawn
643024,FFF,2014J,Critical,9.32,166.0,0.0,0.0,13.0,0,Withdrawn
2595526,CCC,2014J,Critical,9.32,15.0,0.0,0.0,4.0,0,Withdrawn
549505,FFF,2013B,Critical,9.32,27.0,0.0,0.0,4.0,0,Withdrawn
612979,DDD,2014J,Critical,9.32,8.0,0.0,0.0,3.0,0,Withdrawn
577736,DDD,2013J,Critical,9.32,42.0,0.0,0.0,4.0,0,Withdrawn
546164,FFF,2013B,Critical,9.32,381.0,0.0,1.0,21.0,0,Withdrawn
628312,AAA,2014J,Critical,9.32,77.0,0.0,0.0,2.0,0,Withdrawn
382408,DDD,2013B,Critical,9.32,55.0,0.0,0.0,4.0,0,Withdrawn
2374376,CCC,2014B,Critical,9.31,106.0,0.0,0.0,3.0,0,Withdrawn
644163,EEE,2014J,Critical,9.31,143.0,0.0,0.0,6.0,0,Withdrawn
350164,DDD,2013J,Critical,9.31,190.0,0.0,0.0,12.0,0,Withdrawn
2329539,EEE,2014B,Critical,9.31,222.0,0.0,0.0,12.0,0,Withdrawn
2424697,CCC,2014J,Critical,9.31,233.0,0.0,0.0,11.0,0,Withdrawn
443300,FFF,2013J,Critical,9.31,117.0,0.0,0.0,7.0,0,Withdrawn
574638,FFF,2014J,Critical,9.31,413.0,0.0,0.0,13.0,0,Withdrawn
2447469,FFF,2013J,Critical,9.31,240.0,0.0,0.0,15.0,0,Withdrawn
598939,FFF,2014J,Critical,9.31,1633.0,0.0,0.0,28.0,0,Withdrawn
552030,DDD,2013B,Critical,9.31,40.0,0.0,0.0,7.0,0,Withdrawn
581584,DDD,2013J,Critical,9.31,62.0,0.0,0.0,7.0,0,Withdrawn
305539,AAA,2013J,Critical,9.31,68.0,0.0,0.0,6.0,0,Withdrawn
413629,DDD,2014B,Critical,9.31,332.0,0.0,0.0,17.0,0,Withdrawn
411730,DDD,2013J,Critical,9.31,154.0,0.0,0.0,14.0,0,Withdrawn
651974,BBB,2014J,Critical,9.3,127.0,0.0,0.0,6.0,0,Withdrawn
693333,BBB,2014J,Critical,9.3,0.0,0.0,0.0,0.0,0,Withdrawn
589017,FFF,2013J,Critical,9.3,0.0,0.0,0.0,0.0,0,Withdrawn
382086,FFF,2013B,Critical,9.3,0.0,0.0,0.0,0.0,0,Withdrawn
686760,FFF,2014J,Critical,9.3,2.0,0.0,0.0,1.0,0,Withdrawn
421754,DDD,2014B,Critical,9.3,95.0,0.0,0.0,9.0,0,Withdrawn
656535,CCC,2014J,Critical,9.3,0.0,0.0,0.0,0.0,0,Withdrawn
427276,FFF,2014B,Critical,9.3,0.0,0.0,0.0,0.0,0,Withdrawn
503401,FFF,2013J,Critical,9.3,0.0,0.0,0.0,0.0,0,Withdrawn
2421428,BBB,2014B,Critical,9.3,0.0,0.0,0.0,0.0,0,Withdrawn
278773,BBB,2013J,Critical,9.3,0.0,0.0,0.0,0.0,0,Withdrawn
594603,FFF,2013J,Critical,9.3,0.0,0.0,0.0,0.0,0,Withdrawn
620364,FFF,2014B,Critical,9.3,0.0,0.0,0.0,0.0,0,Withdrawn
435536,DDD,2014J,Critical,9.3,0.0,0.0,0.0,0.0,0,Withdrawn
574998,BBB,2013J,Critical,9.3,0.0,0.0,0.0,0.0,0,Withdrawn
2324976,AAA,2013J,Critical,9.3,0.0,0.0,0.0,0.0,0,Withdrawn
623586,DDD,2014J,Critical,9.3,0.0,0.0,0.0,0.0,0,Withdrawn
676690,GGG,2014J,Critical,9.3,0.0,0.0,0.0,0.0,0,Withdrawn
405961,AAA,2013J,Critical,9.3,0.0,0.0,0.0,0.0,0,Withdrawn
629421,EEE,2014B,Critical,9.3,0.0,0.0,0.0,0.0,0,Withdrawn
292923,AAA,2013J,Critical,9.3,0.0,0.0,0.0,0.0,0,Withdrawn
573110,EEE,2013J,Critical,9.3,0.0,0.0,0.0,0.0,0,Withdrawn
611351,GGG,2014B,Critical,9.3,0.0,0.0,0.0,0.0,0,Withdrawn
588242,DDD,2013J,Critical,9.3,0.0,0.0,0.0,0.0,0,Withdrawn
606205,CCC,2014B,Critical,9.3,0.0,0.0,0.0,0.0,0,Withdrawn
605108,FFF,2013J,Critical,9.3,0.0,0.0,0.0,0.0,0,Withdrawn
606417,CCC,2014B,Critical,9.3,0.0,0.0,0.0,0.0,0,Withdrawn
595791,BBB,2013J,Critical,9.3,3.0,0.0,0.0,1.0,0,Withdrawn
491792,DDD,2014B,Critical,9.3,0.0,0.0,0.0,0.0,0,Withdrawn
536471,BBB,2013B,Critical,9.3,0.0,0.0,0.0,0.0,0,Withdrawn
2522312,BBB,2013J,Critical,9.3,0.0,0.0,0.0,0.0,0,Withdrawn
473406,DDD,2013J,Critical,9.3,0.0,0.0,0.0,0.0,0,Withdrawn
379785,BBB,2014B,Critical,9.3,0.0,0.0,0.0,0.0,0,Withdrawn
1976004,CCC,2014J,Critical,9.3,1.0,0.0,0.0,1.0,0,Withdrawn
651384,EEE,2014J,Critical,9.3,1.0,0.0,0.0,1.0,0,Withdrawn
357595,DDD,2013B,Critical,9.3,0.0,0.0,0.0,0.0,0,Withdrawn
165498,BBB,2014J,Critical,9.3,164.0,0.0,0.0,6.0,0,Withdrawn
655293,CCC,2014J,Critical,9.3,73.0,0.0,0.0,10.0,0,Withdrawn
2648206,BBB,2013J,Critical,9.3,0.0,0.0,0.0,0.0,0,Withdrawn
309515,CCC,2014B,Critical,9.3,0.0,0.0,0.0,0.0,0,Withdrawn
522862,FFF,2013B,Critical,9.3,303.0,0.0,0.0,18.0,1,Withdrawn
1929219,FFF,2013J,Critical,9.3,0.0,0.0,0.0,0.0,0,Withdrawn
584223,BBB,2013J,Critical,9.3,0.0,0.0,0.0,0.0,0,Withdrawn
686877,CCC,2014J,Critical,9.3,0.0,0.0,0.0,0.0,0,Withdrawn
688297,CCC,2014J,Critical,9.3,0.0,0.0,0.0,0.0,0,Withdrawn
1794309,DDD,2014J,Critical,9.3,0.0,0.0,0.0,0.0,0,Withdrawn
613873,CCC,2014B,Critical,9.3,0.0,0.0,0.0,0.0,0,Withdrawn
613617,DDD,2014B,Critical,9.3,0.0,0.0,0.0,0.0,0,Withdrawn
655634,EEE,2014J,Critical,9.3,0.0,0.0,0.0,0.0,0,Withdrawn
1676594,AAA,2014J,Critical,9.3,177.0,0.0,0.0,7.0,0,Withdrawn
656535,EEE,2014J,Critical,9.3,1.0,0.0,0.0,1.0,0,Withdrawn
610449,BBB,2013J,Critical,9.3,0.0,0.0,0.0,0.0,0,Withdrawn
576481,EEE,2013J,Critical,9.3,1.0,0.0,0.0,1.0,0,Withdrawn
678109,BBB,2014J,Critical,9.3,0.0,0.0,0.0,0.0,0,Withdrawn
680938,FFF,2014J,Critical,9.3,207.0,0.0,0.0,9.0,0,Withdrawn
625079,GGG,2014B,Critical,9.3,0.0,0.0,0.0,0.0,0,Withdrawn
1829051,CCC,2014J,Critical,9.3,0.0,0.0,0.0,0.0,0,Withdrawn
643278,CCC,2014J,Critical,9.3,0.0,0.0,0.0,0.0,0,Withdrawn
586112,FFF,2013J,Critical,9.3,0.0,0.0,0.0,0.0,0,Withdrawn
685033,DDD,2014J,Critical,9.3,1.0,0.0,0.0,1.0,0,Withdrawn
573244,EEE,2013J,Critical,9.3,0.0,0.0,0.0,0.0,0,Withdrawn
590699,CCC,2014B,Critical,9.3,139.0,0.0,0.0,6.0,0,Withdrawn
573547,EEE,2013J,Critical,9.3,4.0,0.0,0.0,1.0,0,Withdrawn
608606,FFF,2013J,Critical,9.3,0.0,0.0,0.0,0.0,0,Withdrawn
347257,CCC,2014B,Critical,9.3,0.0,0.0,0.0,0.0,0,Withdrawn
576996,BBB,2013J,Critical,9.3,98.0,0.0,0.0,7.0,0,Withdrawn
617140,BBB,2014B,Critical,9.3,0.0,0.0,0.0,0.0,0,Withdrawn
132055,BBB,2014J,Critical,9.3,0.0,0.0,0.0,0.0,0,Withdrawn
687256,BBB,2014J,Critical,9.3,10.0,1.0,1.0,3.0,0,Withdrawn
504741,FFF,2013B,Critical,9.3,0.0,0.0,0.0,0.0,0,Withdrawn
597391,FFF,2014J,Critical,9.3,1.0,0.0,0.0,1.0,0,Withdrawn
2488714,BBB,2013J,Critical,9.3,0.0,0.0,0.0,0.0,0,Withdrawn
614907,FFF,2014B,Critical,9.3,106.0,0.0,0.0,11.0,0,Withdrawn
554783,BBB,2013B,Critical,9.3,804.0,0.0,0.0,22.0,0,Withdrawn
2698591,BBB,2014J,Critical,9.3,0.0,0.0,0.0,0.0,0,Withdrawn
692542,BBB,2014J,Critical,9.3,0.0,0.0,0.0,0.0,0,Withdrawn
622333,DDD,2014B,Critical,9.3,0.0,0.0,0.0,0.0,0,Withdrawn
565518,BBB,2013J,Critical,9.3,0.0,0.0,0.0,0.0,0,Withdrawn
551237,BBB,2014J,Critical,9.3,209.0,1.0,1.0,8.0,0,Withdrawn
630538,GGG,2014B,Critical,9.3,0.0,0.0,0.0,0.0,0,Withdrawn
2009558,BBB,2013J,Critical,9.3,0.0,0.0,0.0,0.0,0,Withdrawn
543231,DDD,2013B,Critical,9.3,237.0,0.0,0.0,14.0,0,Withdrawn
194377,CCC,2014B,Critical,9.3,0.0,0.0,0.0,0.0,0,Withdrawn
593266,BBB,2013J,Critical,9.3,0.0,0.0,0.0,0.0,0,Withdrawn
1407549,CCC,2014B,Critical,9.3,0.0,0.0,0.0,0.0,0,Withdrawn
600978,EEE,2013J,Critical,9.3,5.0,0.0,0.0,1.0,0,Withdrawn
605388,BBB,2014B,Critical,9.3,0.0,0.0,0.0,0.0,0,Withdrawn
580328,BBB,2013J,Critical,9.3,135.0,0.0,0.0,5.0,0,Withdrawn
689264,CCC,2014J,Critical,9.3,0.0,0.0,0.0,0.0,0,Withdrawn
161286,DDD,2014B,Critical,9.3,0.0,0.0,0.0,0.0,0,Withdrawn
2481657,BBB,2013J,Critical,9.3,0.0,0.0,0.0,0.0,0,Withdrawn
646445,BBB,2014J,Critical,9.3,0.0,0.0,0.0,0.0,0,Withdrawn
692189,FFF,2014J,Critical,9.3,0.0,0.0,0.0,0.0,0,Withdrawn
542760,BBB,2013B,Critical,9.3,0.0,0.0,0.0,0.0,0,Withdrawn
650662,GGG,2014J,Critical,9.3,0.0,0.0,0.0,0.0,0,Withdrawn
606607,BBB,2013J,Critical,9.3,0.0,0.0,0.0,0.0,0,Withdrawn
281785,FFF,2013B,Critical,9.3,0.0,0.0,0.0,0.0,0,Withdrawn
193803,FFF,2013B,Critical,9.3,5.0,0.0,0.0,1.0,0,Withdrawn
699493,BBB,2014J,Critical,9.3,15.0,0.0,0.0,1.0,0,Withdrawn
590632,DDD,2014J,Critical,9.3,8.0,0.0,0.0,1.0,0,Withdrawn
574068,FFF,2014J,Critical,9.3,218.0,0.0,0.0,7.0,0,Withdrawn
685913,EEE,2014J,Critical,9.3,0.0,0.0,0.0,0.0,0,Withdrawn
52494,DDD,2013J,Critical,9.3,0.0,0.0,0.0,0.0,0,Withdrawn
686877,EEE,2014J,Critical,9.3,0.0,0.0,0.0,0.0,0,Withdrawn
690329,BBB,2014J,Critical,9.3,0.0,0.0,0.0,0.0,0,Withdrawn
2410364,DDD,2013J,Critical,9.3,0.0,0.0,0.0,0.0,0,Withdrawn
2384615,EEE,2013J,Critical,9.3,0.0,0.0,0.0,0.0,0,Withdrawn
648429,EEE,2014J,Critical,9.3,1.0,0.0,0.0,1.0,0,Withdrawn
625511,BBB,2014B,Critical,9.3,0.0,0.0,0.0,0.0,0,Withdrawn
688297,FFF,2014J,Critical,9.3,0.0,0.0,0.0,0.0,0,Withdrawn
627690,DDD,2014B,Critical,9.3,0.0,0.0,0.0,0.0,0,Withdrawn
649300,GGG,2014J,Critical,9.3,6.0,0.0,0.0,1.0,0,Withdrawn
1932526,GGG,2013J,Critical,9.3,63.0,0.0,0.0,8.0,0,Withdrawn
1615575,GGG,2013J,Critical,9.3,0.0,0.0,0.0,0.0,0,Withdrawn
551117,EEE,2014J,Critical,9.3,188.0,0.0,0.0,5.0,0,Withdrawn
571932,FFF,2014J,Critical,9.3,1.0,0.0,0.0,1.0,0,Withdrawn
2586313,FFF,2013J,Critical,9.3,0.0,0.0,0.0,0.0,0,Withdrawn
270191,BBB,2014J,Critical,9.3,0.0,0.0,0.0,0.0,0,Withdrawn
555178,FFF,2013B,Critical,9.3,2.0,0.0,0.0,1.0,0,Withdrawn
603749,DDD,2013J,Critical,9.3,0.0,0.0,0.0,0.0,0,Withdrawn
1796059,DDD,2013J,Critical,9.3,8.0,0.0,0.0,1.0,0,Withdrawn
437432,CCC,2014B,Critical,9.3,0.0,0.0,0.0,0.0,0,Withdrawn
564841,CCC,2014B,Critical,9.3,0.0,0.0,0.0,0.0,0,Withdrawn
524730,DDD,2013J,Critical,9.3,0.0,0.0,0.0,0.0,0,Withdrawn
539128,FFF,2013B,Critical,9.3,0.0,0.0,0.0,0.0,0,Withdrawn
494191,FFF,2013J,Critical,9.3,0.0,0.0,0.0,0.0,0,Withdrawn
54772,FFF,2014J,Critical,9.3,0.0,0.0,0.0,0.0,0,Withdrawn
623233,GGG,2014B,Critical,9.3,0.0,0.0,0.0,0.0,0,Withdrawn
596774,FFF,2013J,Critical,9.3,0.0,0.0,0.0,0.0,0,Withdrawn
676420,BBB,2014J,Critical,9.3,138.0,1.0,1.0,11.0,0,Withdrawn
676376,BBB,2014J,Critical,9.3,0.0,0.0,0.0,0.0,0,Withdrawn
2384615,CCC,2014B,Critical,9.3,0.0,0.0,0.0,0.0,0,Withdrawn
648317,BBB,2014J,Critical,9.3,0.0,0.0,0.0,0.0,0,Withdrawn
629991,BBB,2014B,Critical,9.3,0.0,0.0,0.0,0.0,0,Withdrawn
502452,BBB,2013J,Critical,9.3,0.0,0.0,0.0,0.0,0,Withdrawn
442823,CCC,2014J,Critical,9.3,0.0,0.0,0.0,0.0,0,Withdrawn
442530,CCC,2014B,Critical,9.3,0.0,0.0,0.0,0.0,0,Withdrawn
678328,BBB,2014J,Critical,9.3,0.0,0.0,0.0,0.0,0,Withdrawn
544796,BBB,2013B,Critical,9.3,0.0,0.0,0.0,0.0,0,Withdrawn
174512,EEE,2014B,Critical,9.3,0.0,0.0,0.0,0.0,0,Withdrawn
3733,DDD,2013J,Critical,9.3,0.0,0.0,0.0,0.0,0,Withdrawn
696716,BBB,2014J,Critical,9.3,127.0,1.0,1.0,9.0,0,Withdrawn
648840,FFF,2014J,Critical,9.3,26.0,0.0,0.0,1.0,0,Withdrawn
688805,DDD,2014J,Critical,9.3,0.0,0.0,0.0,0.0,0,Withdrawn
376117,BBB,2014J,Critical,9.3,2.0,0.0,0.0,1.0,0,Withdrawn
558212,BBB,2013B,Critical,9.3,0.0,0.0,0.0,0.0,0,Withdrawn
612338,FFF,2014B,Critical,9.3,0.0,0.0,0.0,0.0,0,Withdrawn
1494901,FFF,2013B,Critical,9.3,0.0,0.0,0.0,0.0,0,Withdrawn
347257,FFF,2014B,Critical,9.3,0.0,0.0,0.0,0.0,0,Withdrawn
574665,DDD,2013J,Critical,9.3,0.0,0.0,0.0,0.0,0,Withdrawn
575337,DDD,2013J,Critical,9.3,236.0,0.0,0.0,27.0,0,Withdrawn
72451,DDD,2013B,Critical,9.3,0.0,0.0,0.0,0.0,0,Withdrawn
588194,BBB,2013J,Critical,9.3,0.0,0.0,0.0,0.0,0,Withdrawn
424659,BBB,2014B,Critical,9.3,0.0,0.0,0.0,0.0,0,Withdrawn
638358,DDD,2014J,Critical,9.3,0.0,0.0,0.0,0.0,0,Withdrawn
509680,DDD,2013B,Critical,9.3,2.0,0.0,0.0,1.0,0,Withdrawn
570319,DDD,2013J,Critical,9.3,0.0,0.0,0.0,0.0,0,Withdrawn
400729,BBB,2014B,Critical,9.3,0.0,0.0,0.0,0.0,0,Withdrawn
697204,FFF,2014J,Critical,9.3,0.0,0.0,0.0,0.0,0,Withdrawn
674201,BBB,2014J,Critical,9.3,179.0,1.0,1.0,7.0,0,Withdrawn
2475034,BBB,2013B,Critical,9.3,0.0,0.0,0.0,0.0,0,Withdrawn
2480865,BBB,2013B,Critical,9.3,0.0,0.0,0.0,0.0,0,Withdrawn
618531,DDD,2014J,Critical,9.3,1.0,0.0,0.0,1.0,0,Withdrawn
650400,FFF,2014J,Critical,9.3,0.0,0.0,0.0,0.0,0,Withdrawn
402489,DDD,2013B,Critical,9.29,20.0,0.0,0.0,2.0,0,Withdrawn
411001,DDD,2013B,Critical,9.29,151.0,0.0,0.0,11.0,0,Withdrawn
578544,DDD,2013J,Critical,9.29,21.0,0.0,0.0,2.0,0,Withdrawn
623326,FFF,2014B,Critical,9.29,167.0,0.0,0.0,13.0,0,Withdrawn
506380,CCC,2014B,Critical,9.29,7.0,0.0,0.0,4.0,0,Withdrawn
652731,BBB,2014J,Critical,9.29,11.0,0.0,0.0,3.0,0,Withdrawn
575423,BBB,2013J,Critical,9.29,83.0,0.0,0.0,12.0,0,Withdrawn
475631,BBB,2014B,Critical,9.29,18.0,0.0,0.0,1.0,0,Withdrawn
656459,DDD,2014J,Critical,9.29,178.0,0.0,0.0,7.0,0,Withdrawn
2446778,CCC,2014B,Critical,9.29,152.0,0.0,1.0,8.0,0,Withdrawn
633477,DDD,2014B,Critical,9.29,126.0,0.0,0.0,11.0,0,Withdrawn
514218,DDD,2013B,Critical,9.29,26.0,0.0,0.0,3.0,0,Withdrawn
2649121,FFF,2014J,Critical,9.29,19.0,0.0,0.0,3.0,0,Withdrawn
690118,DDD,2014J,Critical,9.29,163.0,0.0,0.0,8.0,0,Withdrawn
619863,FFF,2014J,Critical,9.29,7.0,0.0,0.0,2.0,0,Withdrawn
2612725,CCC,2014J,Critical,9.29,286.0,0.0,0.0,6.0,0,Withdrawn
440297,CCC,2014B,Critical,9.29,11.0,0.0,0.0,4.0,0,Withdrawn
681095,EEE,2014J,Critical,9.29,19.0,0.0,0.0,3.0,0,Withdrawn
627457,EEE,2014J,Critical,9.29,20.0,0.0,0.0,3.0,0,Withdrawn
579046,BBB,2013J,Critical,9.29,18.0,0.0,0.0,4.0,0,Withdrawn
2585395,DDD,2013J,Critical,9.29,105.0,0.0,0.0,11.0,0,Withdrawn
693863,DDD,2014J,Critical,9.29,4.0,0.0,0.0,3.0,0,Withdrawn
648754,BBB,2014J,Critical,9.29,27.0,1.0,1.0,5.0,0,Withdrawn
634480,FFF,2014B,Critical,9.29,406.0,0.0,0.0,8.0,0,Withdrawn
686313,DDD,2014J,Critical,9.29,5.0,0.0,0.0,2.0,0,Withdrawn
550610,FFF,2013B,Critical,9.29,18.0,0.0,0.0,2.0,0,Withdrawn
348602,DDD,2014J,Critical,9.29,9.0,0.0,0.0,2.0,0,Withdrawn
624056,FFF,2014B,Critical,9.29,131.0,0.0,0.0,2.0,0,Withdrawn
507031,FFF,2014J,Critical,9.29,41.0,0.0,0.0,4.0,0,Withdrawn
443701,EEE,2014J,Critical,9.29,20.0,0.0,0.0,2.0,0,Withdrawn
289529,DDD,2013J,Critical,9.29,25.0,0.0,0.0,2.0,0,Withdrawn
681210,DDD,2014J,Critical,9.29,449.0,0.0,0.0,6.0,0,Withdrawn
596137,EEE,2013J,Critical,9.29,269.0,0.0,0.0,7.0,0,Withdrawn
611345,BBB,2013J,Critical,9.29,15.0,0.0,0.0,2.0,0,Withdrawn
586510,FFF,2013J,Critical,9.29,25.0,0.0,0.0,2.0,0,Withdrawn
633401,FFF,2014B,Critical,9.29,125.0,0.0,0.0,3.0,0,Withdrawn
554482,BBB,2013B,Critical,9.29,6.0,0.0,0.0,2.0,0,Withdrawn
624743,BBB,2014B,Critical,9.29,29.0,0.0,0.0,2.0,0,Withdrawn
629228,FFF,2014B,Critical,9.29,75.0,0.0,0.0,2.0,0,Withdrawn
628262,DDD,2014B,Critical,9.29,162.0,0.0,0.0,9.0,0,Withdrawn
677551,GGG,2014J,Critical,9.29,10.0,0.0,0.0,4.0,0,Withdrawn
678090,FFF,2014J,Critical,9.29,3.0,0.0,0.0,3.0,0,Withdrawn
444925,EEE,2013J,Critical,9.29,247.0,0.0,0.0,10.0,0,Withdrawn
544071,CCC,2014J,Critical,9.29,7.0,0.0,0.0,2.0,0,Withdrawn
649444,BBB,2014J,Critical,9.29,145.0,1.0,1.0,12.0,0,Withdrawn
620389,BBB,2014B,Critical,9.29,27.0,0.0,0.0,3.0,0,Withdrawn
577454,FFF,2013J,Critical,9.29,30.0,0.0,0.0,2.0,0,Withdrawn
537321,FFF,2014J,Critical,9.29,9.0,0.0,0.0,2.0,0,Withdrawn
680714,FFF,2014J,Critical,9.29,123.0,0.0,0.0,12.0,0,Withdrawn
586823,DDD,2013J,Critical,9.29,33.0,0.0,0.0,3.0,0,Withdrawn
555297,DDD,2013B,Critical,9.29,155.0,0.0,1.0,9.0,0,Withdrawn
281252,DDD,2014J,Critical,9.29,20.0,0.0,0.0,2.0,0,Withdrawn
679726,BBB,2014J,Critical,9.29,25.0,0.0,0.0,1.0,0,Withdrawn
678090,CCC,2014J,Critical,9.29,4.0,0.0,0.0,2.0,0,Withdrawn
587099,DDD,2013J,Critical,9.29,22.0,0.0,0.0,2.0,0,Withdrawn
678737,DDD,2014J,Critical,9.29,25.0,0.0,0.0,3.0,0,Withdrawn
694380,BBB,2014J,Critical,9.29,253.0,1.0,1.0,9.0,0,Withdrawn
577679,FFF,2014B,Critical,9.29,11.0,0.0,0.0,3.0,0,Withdrawn
547252,DDD,2013B,Critical,9.28,572.0,0.0,0.0,24.0,0,Withdrawn
99609,DDD,2014J,Critical,9.28,139.0,0.0,0.0,11.0,0,Withdrawn
236150,DDD,2013J,Critical,9.28,198.0,0.0,0.0,10.0,0,Withdrawn
582154,FFF,2013J,Critical,9.28,72.0,0.0,0.0,6.0,0,Withdrawn
504393,BBB,2014B,Critical,9.28,57.0,0.0,0.0,3.0,0,Withdrawn
2296908,BBB,2013J,Critical,9.28,76.0,0.0,0.0,3.0,0,Withdrawn
583438,DDD,2013J,Critical,9.28,59.0,0.0,0.0,5.0,0,Withdrawn
674469,DDD,2014J,Critical,9.28,61.0,0.0,0.0,5.0,0,Withdrawn
526659,DDD,2013J,Critical,9.28,338.0,0.0,0.0,17.0,0,Withdrawn
271346,BBB,2013J,Critical,9.28,195.0,0.0,0.0,19.0,1,Withdrawn
2305237,DDD,2014B,Critical,9.28,662.0,0.0,0.0,35.0,2,Withdrawn
600616,DDD,2014J,Critical,9.28,188.0,0.0,0.0,11.0,0,Withdrawn
541369,FFF,2013B,Critical,9.28,76.0,0.0,0.0,7.0,0,Withdrawn
402596,GGG,2014J,Critical,9.28,97.0,0.0,0.0,14.0,0,Withdrawn
686390,FFF,2014J,Critical,9.28,96.0,0.0,0.0,7.0,0,Withdrawn
634796,FFF,2014B,Critical,9.28,88.0,0.0,0.0,7.0,0,Withdrawn
365239,DDD,2013J,Critical,9.28,401.0,0.0,0.0,40.0,0,Withdrawn
352641,DDD,2013J,Critical,9.28,180.0,0.0,0.0,11.0,0,Withdrawn
602585,CCC,2014B,Critical,9.28,125.0,0.0,0.0,16.0,0,Withdrawn
1730611,DDD,2013B,Critical,9.28,288.0,0.0,0.0,21.0,1,Withdrawn
124018,FFF,2014B,Critical,9.28,82.0,0.0,0.0,6.0,0,Withdrawn
1901165,DDD,2013B,Critical,9.28,67.0,0.0,0.0,4.0,0,Withdrawn
500339,DDD,2013J,Critical,9.28,199.0,0.0,0.0,22.0,0,Withdrawn
490164,DDD,2013J,Critical,9.28,31.0,0.0,0.0,6.0,0,Withdrawn
566675,FFF,2013J,Critical,9.28,88.0,0.0,0.0,6.0,0,Withdrawn
682565,FFF,2014J,Critical,9.28,285.0,0.0,0.0,15.0,0,Withdrawn
655910,DDD,2014J,Critical,9.28,95.0,0.0,0.0,15.0,0,Withdrawn
482556,BBB,2013J,Critical,9.27,76.0,0.0,0.0,5.0,0,Withdrawn
546396,FFF,2013B,Critical,9.27,731.0,3.0,2.0,35.0,0,Withdrawn
650637,FFF,2014J,Critical,9.27,499.0,0.0,0.0,15.0,0,Withdrawn
2595968,DDD,2013J,Critical,9.27,83.0,0.0,0.0,7.0,0,Withdrawn
590699,EEE,2014B,Critical,9.27,272.0,0.0,0.0,13.0,0,Withdrawn
602413,DDD,2013J,Critical,9.27,150.0,0.0,0.0,15.0,0,Withdrawn
524379,FFF,2013J,Critical,9.27,366.0,0.0,0.0,15.0,0,Withdrawn
676368,DDD,2014J,Critical,9.27,88.0,0.0,0.0,6.0,0,Withdrawn
470253,CCC,2014J,Critical,9.27,113.0,0.0,0.0,7.0,0,Withdrawn
506092,FFF,2013B,Critical,9.27,171.0,0.0,0.0,7.0,0,Withdrawn
612050,BBB,2013J,Critical,9.27,79.0,0.0,0.0,5.0,0,Withdrawn
2471812,DDD,2014J,Critical,9.27,62.0,0.0,0.0,7.0,0,Withdrawn
595895,FFF,2013J,Critical,9.27,152.0,0.0,0.0,8.0,0,Withdrawn
616684,DDD,2014B,Critical,9.27,93.0,0.0,0.0,6.0,0,Withdrawn
2630087,AAA,2014J,Critical,9.27,90.0,0.0,0.0,7.0,0,Withdrawn
383388,FFF,2013B,Critical,9.27,259.0,0.0,0.0,8.0,0,Withdrawn
519879,CCC,2014J,Critical,9.27,105.0,0.0,0.0,7.0,0,Withdrawn
528700,CCC,2014J,Critical,9.27,216.0,0.0,0.0,15.0,0,Withdrawn
354858,AAA,2013J,Critical,9.27,198.0,0.0,0.0,7.0,0,Withdrawn
556290,BBB,2014J,Critical,9.26,144.0,1.0,1.0,10.0,0,Withdrawn
244902,CCC,2014B,Critical,9.26,134.0,0.0,1.0,7.0,0,Withdrawn
507031,CCC,2014J,Critical,9.26,66.0,0.0,0.0,12.0,0,Withdrawn
146125,EEE,2013J,Critical,9.26,588.0,0.0,0.0,13.0,0,Withdrawn
686093,BBB,2014J,Critical,9.26,705.0,1.0,1.0,23.0,0,Withdrawn
651879,FFF,2014J,Critical,9.26,279.0,0.0,0.0,9.0,0,Withdrawn
550657,DDD,2013B,Critical,9.26,199.0,0.0,0.0,18.0,0,Withdrawn
90651,FFF,2014J,Critical,9.26,195.0,0.0,0.0,12.0,0,Withdrawn
555051,EEE,2014J,Critical,9.26,142.0,0.0,0.0,11.0,0,Withdrawn
568447,FFF,2014J,Critical,9.26,144.0,0.0,0.0,11.0,0,Withdrawn
437432,FFF,2013B,Critical,9.26,193.0,0.0,0.0,13.0,0,Withdrawn
609860,BBB,2013J,Critical,9.26,293.0,0.0,0.0,10.0,0,Withdrawn
698020,FFF,2014J,Critical,9.26,637.0,8.0,1.0,19.0,0,Withdrawn
648834,EEE,2014J,Critical,9.26,460.0,0.0,0.0,13.0,0,Withdrawn
684736,BBB,2014J,Critical,9.26,47.0,1.0,1.0,5.0,0,Withdrawn
645160,CCC,2014J,Critical,9.26,56.0,11.0,1.0,4.0,0,Withdrawn
648652,EEE,2014J,Critical,9.26,318.0,0.0,0.0,16.0,0,Withdrawn
675922,BBB,2014J,Critical,9.25,106.0,1.0,1.0,6.0,0,Withdrawn
532859,DDD,2013J,Critical,9.25,76.0,10.0,1.0,13.0,0,Withdrawn
561467,AAA,2014J,Critical,9.25,453.0,0.0,0.0,19.0,0,Withdrawn
679000,DDD,2014J,Critical,9.25,526.0,0.0,0.0,30.0,0,Withdrawn
234827,DDD,2013J,Critical,9.25,80.0,0.0,0.0,13.0,0,Withdrawn
376701,CCC,2014B,Critical,9.24,280.0,10.0,1.0,10.0,0,Withdrawn
626798,DDD,2014B,Critical,9.24,71.0,15.0,1.0,5.0,0,Withdrawn
684579,FFF,2014J,Critical,9.24,188.0,0.0,0.0,30.0,0,Withdrawn
601407,EEE,2013J,Critical,9.24,167.0,14.0,1.0,10.0,0,Withdrawn
651639,FFF,2014J,Critical,9.24,451.0,0.0,0.0,13.0,0,Withdrawn
544071,EEE,2014J,Critical,9.24,323.0,0.0,0.0,11.0,0,Withdrawn
676642,DDD,2014J,Critical,9.24,62.0,0.0,1.0,7.0,0,Withdrawn
637325,CCC,2014J,Critical,9.23,147.0,6.0,1.0,11.0,0,Withdrawn
2113778,CCC,2014B,Critical,9.23,253.0,0.0,0.0,15.0,0,Withdrawn
2066504,CCC,2014B,Critical,9.23,62.0,12.0,1.0,8.0,0,Withdrawn
600273,GGG,2013J,Critical,9.23,169.0,0.0,0.0,12.0,0,Withdrawn
442530,DDD,2013J,Critical,9.23,268.0,0.0,0.0,14.0,0,Withdrawn
593071,CCC,2014B,Critical,9.23,215.0,0.0,0.0,17.0,0,Withdrawn
654071,BBB,2014J,Critical,9.23,317.0,1.0,1.0,14.0,0,Withdrawn
550377,FFF,2013B,Critical,9.23,637.0,0.0,0.0,28.0,0,Withdrawn
522690,DDD,2013J,Critical,9.23,214.0,0.0,0.0,18.0,0,Withdrawn
74290,CCC,2014J,Critical,9.22,47.0,10.0,2.0,13.0,1,Withdrawn
685123,DDD,2014J,Critical,9.22,190.0,0.0,0.0,20.0,0,Withdrawn
205417,DDD,2013J,Critical,9.21,286.0,0.0,0.0,31.0,0,Withdrawn
634789,GGG,2014B,Critical,9.21,234.0,0.0,0.0,16.0,0,Withdrawn
522004,CCC,2014J,Critical,9.21,275.0,6.5,2.0,12.0,0,Withdrawn
592407,CCC,2014B,Critical,9.2,97.0,10.0,1.0,8.0,0,Withdrawn
622499,DDD,2014B,Critical,9.19,350.0,10.0,2.0,33.0,0,Withdrawn
589722,EEE,2014B,Critical,9.19,36.0,10.0,1.0,3.0,0,Withdrawn
1744800,CCC,2014J,Critical,9.19,193.0,11.0,1.0,26.0,1,Withdrawn
1537796,FFF,2014J,Critical,9.19,618.0,0.0,0.0,29.0,0,Withdrawn
529153,CCC,2014B,Critical,9.19,206.0,10.0,1.0,8.0,0,Withdrawn
502466,CCC,2014B,Critical,9.18,0.0,19.0,1.0,0.0,0,Withdrawn
315322,CCC,2014B,Critical,9.16,261.0,7.0,3.0,37.0,0,Withdrawn
502353,CCC,2014J,Critical,9.16,215.0,5.0,2.0,18.0,0,Withdrawn
589722,CCC,2014B,Critical,9.16,230.0,10.0,1.0,6.0,0,Withdrawn
620918,EEE,2014B,Critical,9.16,8.0,20.0,1.0,2.0,0,Withdrawn
2326041,CCC,2014J,Critical,9.15,1500.0,0.0,0.0,27.0,0,Withdrawn
620918,CCC,2014B,Critical,9.15,96.0,20.0,1.0,3.0,0,Withdrawn
542172,BBB,2013B,Critical,9.14,115.0,18.0,2.0,5.0,0,Withdrawn
546809,DDD,2013J,Critical,9.14,71.0,20.0,1.0,7.0,0,Withdrawn
625928,CCC,2014J,Critical,9.14,290.0,9.0,2.0,19.0,0,Withdrawn
1459010,DDD,2014J,Critical,9.14,1911.0,0.0,0.0,30.0,0,Withdrawn
337048,DDD,2014J,Critical,9.13,47.0,29.0,2.0,6.0,4,Withdrawn
184627,FFF,2014J,Critical,9.13,433.0,32.0,1.0,14.0,4,Withdrawn
74290,CCC,2014B,Critical,9.13,224.0,10.0,2.0,17.0,0,Withdrawn
522682,CCC,2014B,Critical,9.12,54.0,20.0,1.0,14.0,0,Withdrawn
544942,DDD,2013B,Critical,9.11,263.0,16.0,2.0,26.0,0,Withdrawn
600975,CCC,2014B,Critical,9.1,144.0,10.0,1.0,17.0,0,Withdrawn
248252,CCC,2014B,Critical,9.1,0.0,23.0,1.0,0.0,0,Withdrawn
621807,CCC,2014B,Critical,9.1,289.0,20.0,1.0,13.0,0,Withdrawn
552590,CCC,2014B,Critical,9.09,252.0,9.33,3.0,20.0,0,Withdrawn
2546792,DDD,2013B,Critical,9.08,82.0,19.0,1.0,10.0,0,Withdrawn
2546792,DDD,2013J,Critical,9.07,271.0,19.0,1.0,30.0,1,Withdrawn
598493,DDD,2014J,Critical,9.07,161.0,10.0,1.0,13.0,0,Withdrawn
678578,BBB,2014J,Critical,9.07,78.0,10.0,2.0,5.0,0,Withdrawn
633243,FFF,2014B,Critical,9.06,224.0,20.0,1.0,9.0,0,Withdrawn
432718,CCC,2014B,Critical,9.06,146.0,10.0,1.0,7.0,0,Withdrawn
184627,FFF,2013J,Critical,9.06,261.0,32.0,1.0,20.0,3,Withdrawn
2473058,CCC,2014J,Critical,9.05,26.0,20.0,1.0,4.0,1,Withdrawn
612287,EEE,2014B,Critical,9.05,120.0,20.0,1.0,3.0,0,Withdrawn
154697,DDD,2014B,Critical,9.05,71.0,24.0,1.0,8.0,4,Withdrawn
257110,DDD,2013B,Critical,9.05,31.0,17.0,1.0,3.0,0,Withdrawn
612287,CCC,2014B,Critical,9.05,90.0,20.0,1.0,3.0,0,Withdrawn
580768,CCC,2014B,Critical,9.05,160.0,21.0,2.0,17.0,0,Withdrawn
448370,CCC,2014J,Critical,9.05,82.0,11.0,1.0,7.0,0,Withdrawn
248252,DDD,2013J,Critical,9.04,239.0,23.0,1.0,12.0,0,Withdrawn
335401,CCC,2014J,Critical,9.03,109.0,22.0,1.0,7.0,0,Withdrawn
2366701,DDD,2014B,Critical,9.03,27.0,22.0,3.0,6.0,2,Withdrawn
337048,DDD,2013B,Critical,9.02,0.0,29.0,2.0,0.0,2,Withdrawn
538069,DDD,2013B,Critical,9.02,126.0,9.0,1.0,20.0,0,Withdrawn
633243,CCC,2014B,Critical,9.01,270.0,20.0,1.0,22.0,0,Withdrawn
554444,DDD,2014B,Critical,9.0,176.0,20.0,2.0,15.0,1,Withdrawn
478744,DDD,2013J,Critical,8.99,121.0,25.0,1.0,8.0,2,Withdrawn
554444,CCC,2014J,Critical,8.99,34.0,20.0,2.0,2.0,0,Withdrawn
615321,CCC,2014B,Critical,8.98,72.0,20.0,1.0,5.0,0,Withdrawn
585525,DDD,2013J,Critical,8.98,93.0,24.0,1.0,9.0,0,Withdrawn
2366701,DDD,2013J,Critical,8.98,1.0,22.0,3.0,1.0,1,Withdrawn
619472,CCC,2014J,Critical,8.97,57.0,22.0,1.0,7.0,0,Withdrawn
2473058,CCC,2014B,Critical,8.96,145.0,20.0,1.0,10.0,0,Withdrawn
614952,CCC,2014B,Critical,8.95,175.0,20.0,2.0,10.0,0,Withdrawn
502466,DDD,2013J,Critical,8.95,798.0,19.0,1.0,50.0,0,Withdrawn
69494,CCC,2014B,Critical,8.95,601.0,12.4,5.0,34.0,0,Withdrawn
168243,DDD,2013B,Critical,8.95,161.0,30.0,2.0,10.0,2,Withdrawn
516685,CCC,2014B,Critical,8.95,350.0,20.0,1.0,18.0,0,Withdrawn
285085,DDD,2013J,Critical,8.95,121.0,19.67,3.0,14.0,0,Withdrawn
692753,DDD,2014J,Critical,8.94,149.0,15.0,1.0,14.0,0,Withdrawn
66047,DDD,2013J,Critical,8.94,52.0,43.0,1.0,8.0,4,Withdrawn
539695,CCC,2014B,Critical,8.94,0.0,26.0,1.0,0.0,0,Withdrawn
609946,DDD,2014B,Critical,8.94,141.0,29.0,1.0,10.0,0,Withdrawn
478744,DDD,2013B,Critical,8.93,76.0,25.0,1.0,9.0,1,Withdrawn
570514,CCC,2014B,Critical,8.93,1177.0,15.0,2.0,42.0,0,Withdrawn
119729,CCC,2014B,Critical,8.93,573.0,10.0,1.0,27.0,0,Withdrawn
657091,EEE,2014J,Critical,8.92,302.0,16.0,1.0,23.0,0,Withdrawn
522129,DDD,2014B,Critical,8.92,117.0,22.0,1.0,8.0,1,Withdrawn
490738,DDD,2013J,Critical,8.91,128.0,12.5,2.0,19.0,0,Withdrawn
466158,DDD,2014B,Critical,8.91,0.0,25.67,6.0,0.0,2,Withdrawn
614952,EEE,2014B,Critical,8.91,322.0,20.0,2.0,20.0,0,Withdrawn
531075,CCC,2014B,Critical,8.91,0.0,22.0,5.0,0.0,0,Withdrawn
2474849,AAA,2014J,Critical,8.91,142.0,35.0,1.0,5.0,1,Withdrawn
597839,DDD,2014B,Critical,8.91,553.0,14.0,4.0,69.0,0,Withdrawn
2168833,AAA,2014J,Critical,8.91,20.0,24.0,1.0,3.0,0,Withdrawn
650961,BBB,2014J,Critical,8.9,71.0,21.5,2.0,9.0,0,Withdrawn
624944,DDD,2014B,Critical,8.9,171.0,26.0,1.0,20.0,0,Withdrawn
2609574,BBB,2014B,Critical,8.89,45.0,27.0,2.0,8.0,0,Withdrawn
445921,CCC,2014J,Critical,8.89,270.0,22.0,1.0,14.0,0,Withdrawn
529525,DDD,2013B,Critical,8.89,84.0,27.0,1.0,11.0,1,Withdrawn
543421,DDD,2013B,Critical,8.88,53.0,23.0,1.0,8.0,0,Withdrawn
597744,BBB,2014J,Critical,8.88,175.0,32.33,3.0,5.0,1,Withdrawn
559999,FFF,2013J,Critical,8.88,969.0,28.0,1.0,30.0,0,Withdrawn
293989,BBB,2014J,Critical,8.87,277.0,23.0,2.0,12.0,0,Withdrawn
634176,FFF,2014B,Critical,8.87,110.0,30.0,1.0,9.0,0,Withdrawn
2110039,DDD,2014B,Critical,8.87,166.0,30.0,1.0,14.0,1,Withdrawn
73584,BBB,2014J,Critical,8.87,243.0,28.0,2.0,12.0,1,Withdrawn
99088,BBB,2014J,Critical,8.87,359.0,29.67,3.0,17.0,2,Withdrawn
634176,CCC,2014B,Critical,8.87,88.0,30.0,1.0,6.0,0,Withdrawn
73664,CCC,2014J,Critical,8.86,38.0,25.0,2.0,12.0,0,Withdrawn
465399,DDD,2013J,Critical,8.86,0.0,37.0,1.0,0.0,3,Withdrawn
526547,CCC,2014B,Critical,8.86,151.0,30.0,1.0,7.0,0,Withdrawn
530936,CCC,2014B,Critical,8.86,251.0,16.0,3.0,21.0,0,Withdrawn
610402,DDD,2013J,Critical,8.86,210.0,28.0,3.0,19.0,0,Withdrawn
2547032,DDD,2013J,Critical,8.85,181.0,32.0,3.0,17.0,1,Withdrawn
497536,CCC,2014J,Critical,8.85,195.0,33.0,1.0,13.0,0,Withdrawn
572414,DDD,2014J,Critical,8.85,46.0,32.5,2.0,8.0,2,Withdrawn
444541,DDD,2013J,Critical,8.85,167.0,33.0,1.0,14.0,0,Withdrawn
597744,BBB,2014B,Critical,8.85,0.0,32.33,3.0,0.0,0,Withdrawn
540920,DDD,2013B,Critical,8.85,133.0,27.5,2.0,17.0,0,Withdrawn
628733,DDD,2014J,Critical,8.85,41.0,35.0,1.0,5.0,1,Withdrawn
466158,DDD,2013J,Critical,8.84,0.0,25.67,6.0,0.0,1,Withdrawn
546139,CCC,2014J,Critical,8.84,228.0,25.0,3.0,23.0,0,Withdrawn
467776,DDD,2013J,Critical,8.84,201.0,18.0,1.0,14.0,0,Withdrawn
625517,CCC,2014B,Critical,8.84,178.0,30.0,1.0,13.0,0,Withdrawn
649607,CCC,2014J,Critical,8.84,253.0,25.0,2.0,13.0,0,Withdrawn
609681,DDD,2014J,Critical,8.84,0.0,36.0,1.0,0.0,2,Withdrawn
141823,BBB,2013B,Critical,8.84,276.0,29.0,2.0,25.0,0,Withdrawn
568307,CCC,2014J,Critical,8.84,290.0,24.33,3.0,14.0,0,Withdrawn
613441,CCC,2014B,Critical,8.84,141.0,20.0,1.0,5.0,0,Withdrawn
645248,BBB,2014J,Critical,8.83,293.0,21.5,2.0,12.0,0,Withdrawn
625901,EEE,2014B,Critical,8.83,319.0,27.0,1.0,12.0,0,Withdrawn
478025,CCC,2014B,Critical,8.83,214.0,30.0,1.0,17.0,0,Withdrawn
532683,DDD,2013J,Critical,8.83,47.0,20.33,3.0,6.0,0,Withdrawn
540759,DDD,2013B,Critical,8.82,751.0,27.0,3.0,20.0,0,Withdrawn
69494,CCC,2014J,Critical,8.82,1448.0,12.4,5.0,78.0,1,Withdrawn
2110039,CCC,2014B,Critical,8.82,134.0,30.0,1.0,10.0,0,Withdrawn
399203,DDD,2013J,Critical,8.81,195.0,27.67,3.0,15.0,1,Withdrawn
386849,DDD,2014B,Critical,8.81,245.0,40.0,1.0,21.0,4,Withdrawn
599795,FFF,2013J,Critical,8.81,303.0,20.0,4.0,23.0,0,Withdrawn
628706,CCC,2014J,Critical,8.8,143.0,22.5,2.0,22.0,0,Withdrawn
609489,CCC,2014B,Critical,8.8,369.0,28.0,2.0,13.0,0,Withdrawn
138709,DDD,2013J,Critical,8.8,187.0,33.0,1.0,5.0,1,Withdrawn
541184,FFF,2014J,Critical,8.8,209.0,30.0,1.0,6.0,0,Withdrawn
641684,CCC,2014J,Critical,8.8,241.0,28.5,2.0,12.0,0,Withdrawn
32327,BBB,2014J,Critical,8.8,699.0,31.0,2.0,30.0,2,Withdrawn
541838,BBB,2013B,Critical,8.8,48.0,37.0,1.0,6.0,0,Withdrawn
2299682,FFF,2013J,Critical,8.8,326.0,20.0,2.0,16.0,0,Withdrawn
637939,CCC,2014J,Critical,8.79,0.0,33.25,4.0,0.0,0,Withdrawn
562100,DDD,2014J,Critical,8.79,339.0,24.2,6.0,26.0,1,Withdrawn
162984,DDD,2013B,Critical,8.79,93.0,40.0,1.0,11.0,2,Withdrawn
552908,DDD,2014B,Critical,8.79,431.0,27.33,3.0,34.0,1,Withdrawn
675094,BBB,2014J,Critical,8.79,290.0,25.5,2.0,20.0,0,Withdrawn
2030241,CCC,2014J,Critical,8.79,0.0,23.33,3.0,0.0,0,Withdrawn
494728,DDD,2013J,Critical,8.79,150.0,29.67,3.0,21.0,1,Withdrawn
572816,FFF,2013J,Critical,8.79,29.0,33.0,1.0,3.0,0,Withdrawn
678801,BBB,2014J,Critical,8.79,27.0,29.5,2.0,3.0,0,Withdrawn
528420,DDD,2013B,Critical,8.79,661.0,24.5,2.0,19.0,0,Withdrawn
549009,BBB,2013B,Critical,8.79,58.0,25.25,4.0,8.0,0,Withdrawn
616862,DDD,2014J,Critical,8.79,126.0,35.0,1.0,10.0,1,Withdrawn
627435,CCC,2014B,Critical,8.78,472.0,30.0,1.0,14.0,0,Withdrawn
539408,CCC,2014J,Critical,8.78,375.0,33.0,1.0,10.0,0,Withdrawn
468657,DDD,2013J,Critical,8.78,173.0,43.0,1.0,12.0,2,Withdrawn
605313,DDD,2014J,Critical,8.78,7.0,37.0,1.0,2.0,1,Withdrawn
515936,CCC,2014B,Critical,8.78,362.0,27.0,3.0,48.0,0,Withdrawn
638504,CCC,2014J,Critical,8.78,339.0,22.0,1.0,16.0,0,Withdrawn
499683,CCC,2014J,Critical,8.78,278.0,33.0,1.0,11.0,0,Withdrawn
572414,DDD,2014B,Critical,8.78,94.0,32.5,2.0,6.0,1,Withdrawn
380710,FFF,2013J,Critical,8.77,447.0,32.0,1.0,25.0,0,Withdrawn
502640,EEE,2014B,Critical,8.77,371.0,29.0,1.0,17.0,0,Withdrawn
311151,FFF,2013J,Critical,8.77,227.0,38.0,1.0,8.0,2,Withdrawn
631527,DDD,2014B,Critical,8.77,315.0,25.0,2.0,31.0,0,Withdrawn
83453,CCC,2014B,Critical,8.76,382.0,30.0,1.0,13.0,0,Withdrawn
694416,GGG,2014J,Critical,8.76,26.0,35.67,3.0,5.0,0,Withdrawn
606513,DDD,2013J,Critical,8.76,219.0,24.5,4.0,16.0,0,Withdrawn
466714,DDD,2014J,Critical,8.76,1.0,34.5,6.0,1.0,3,Withdrawn
618682,DDD,2014B,Critical,8.76,337.0,26.0,1.0,14.0,0,Withdrawn
594164,DDD,2014J,Critical,8.76,0.0,34.67,6.0,0.0,1,Withdrawn
572816,CCC,2014J,Critical,8.76,120.0,33.0,1.0,11.0,0,Withdrawn
541184,CCC,2014B,Critical,8.76,315.0,30.0,1.0,13.0,0,Withdrawn
330723,FFF,2013J,Critical,8.76,269.0,28.75,4.0,17.0,1,Withdrawn
480928,CCC,2014B,Critical,8.75,224.0,21.5,2.0,11.0,0,Withdrawn
562929,DDD,2013J,Critical,8.75,394.0,25.0,1.0,14.0,0,Withdrawn
497584,DDD,2013B,Critical,8.75,80.0,34.0,1.0,8.0,0,Withdrawn
598089,DDD,2013J,Critical,8.75,315.0,32.0,1.0,15.0,0,Withdrawn
624730,CCC,2014J,Critical,8.75,134.0,28.6,5.0,8.0,1,Withdrawn
465399,DDD,2013B,Critical,8.75,86.0,37.0,1.0,11.0,2,Withdrawn
610622,DDD,2014J,Critical,8.75,42.0,37.5,2.0,10.0,0,Withdrawn
517726,DDD,2013B,Critical,8.75,54.0,43.0,1.0,6.0,1,Withdrawn
358578,CCC,2014J,Critical,8.74,269.0,33.0,1.0,14.0,0,Withdrawn
2672734,FFF,2013B,Critical,8.74,792.0,30.0,1.0,20.0,0,Withdrawn
2101566,CCC,2014J,Critical,8.74,466.0,33.0,1.0,20.0,0,Withdrawn
606036,CCC,2014J,Critical,8.74,199.0,33.0,1.0,6.0,0,Withdrawn
609681,DDD,2014B,Critical,8.74,62.0,36.0,1.0,9.0,1,Withdrawn
188524,FFF,2013J,Critical,8.74,203.0,41.0,3.0,19.0,2,Withdrawn
334333,AAA,2013J,Critical,8.73,303.0,36.0,1.0,33.0,0,Withdrawn
307932,DDD,2013B,Critical,8.73,232.0,19.67,3.0,15.0,0,Withdrawn
547876,FFF,2013B,Critical,8.73,299.0,36.0,1.0,12.0,0,Withdrawn
698432,BBB,2014J,Critical,8.73,423.0,27.67,3.0,32.0,0,Withdrawn
653177,EEE,2014J,Critical,8.73,82.0,33.33,3.0,10.0,0,Withdrawn
619006,CCC,2014B,Critical,8.73,156.0,26.0,3.0,9.0,0,Withdrawn
687030,BBB,2014J,Critical,8.73,150.0,30.5,2.0,14.0,0,Withdrawn
137150,DDD,2014B,Critical,8.73,151.0,34.0,2.0,12.0,0,Withdrawn
426137,DDD,2014B,Critical,8.73,107.0,36.67,3.0,7.0,2,Withdrawn
145770,DDD,2014B,Critical,8.73,42.0,41.0,1.0,4.0,0,Withdrawn
583128,FFF,2013J,Critical,8.73,547.0,31.33,3.0,39.0,0,Withdrawn
610622,CCC,2014J,Critical,8.72,136.0,37.5,2.0,15.0,0,Withdrawn
656175,DDD,2014J,Critical,8.72,136.0,35.0,2.0,10.0,0,Withdrawn
2213814,BBB,2014J,Critical,8.72,88.0,39.5,2.0,4.0,0,Withdrawn
624354,CCC,2014B,Critical,8.72,0.0,23.14,7.0,0.0,0,Withdrawn
654755,EEE,2014J,Critical,8.72,60.0,35.5,2.0,9.0,0,Withdrawn
640658,EEE,2014J,Critical,8.72,246.0,30.0,1.0,21.0,0,Withdrawn
412268,CCC,2014B,Critical,8.72,787.0,30.0,1.0,25.0,0,Withdrawn
599615,DDD,2013J,Critical,8.71,100.0,34.0,1.0,11.0,0,Withdrawn
475443,DDD,2014J,Critical,8.71,51.0,37.0,2.0,3.0,1,Withdrawn
640291,BBB,2014J,Critical,8.71,662.0,25.5,2.0,32.0,0,Withdrawn
551595,DDD,2014J,Critical,8.71,148.0,37.5,2.0,19.0,0,Withdrawn
131609,DDD,2013B,Critical,8.71,454.0,30.0,1.0,26.0,0,Withdrawn
648127,BBB,2014J,Critical,8.71,610.0,27.5,2.0,21.0,0,Withdrawn
636420,DDD,2014J,Critical,8.7,105.0,33.0,1.0,20.0,0,Withdrawn
656549,BBB,2014J,Critical,8.7,257.0,22.2,5.0,26.0,0,Withdrawn
555368,CCC,2014B,Critical,8.7,398.0,38.0,2.0,12.0,0,Withdrawn
480928,EEE,2014B,Critical,8.7,385.0,21.5,2.0,23.0,0,Withdrawn
654755,CCC,2014J,Critical,8.7,128.0,35.5,2.0,14.0,0,Withdrawn
653177,CCC,2014J,Critical,8.7,250.0,33.33,3.0,12.0,0,Withdrawn
648852,EEE,2014J,Critical,8.7,898.0,25.5,2.0,41.0,0,Withdrawn
612283,CCC,2014J,Critical,8.7,152.0,30.67,3.0,13.0,0,Withdrawn
691411,BBB,2014J,Critical,8.7,331.0,30.5,2.0,27.0,0,Withdrawn
590828,DDD,2013J,Critical,8.7,236.0,34.0,2.0,19.0,0,Withdrawn
606914,BBB,2014J,Critical,8.7,37.0,35.0,3.0,8.0,0,Withdrawn
690430,BBB,2014J,Critical,8.7,651.0,28.0,2.0,30.0,0,Withdrawn
522924,CCC,2014J,Critical,8.7,433.0,32.0,2.0,28.0,0,Withdrawn
610228,DDD,2014B,Critical,8.7,526.0,26.0,1.0,52.0,0,Withdrawn
634820,FFF,2014B,Critical,8.69,660.0,22.0,4.0,58.0,0,Withdrawn
415187,DDD,2013J,Critical,8.69,97.0,32.0,1.0,7.0,0,Withdrawn
695516,BBB,2014J,Critical,8.69,223.0,33.5,2.0,14.0,0,Withdrawn
688117,CCC,2014J,Critical,8.69,380.0,33.0,2.0,29.0,0,Withdrawn
485439,BBB,2014J,Critical,8.69,189.0,41.25,4.0,17.0,2,Withdrawn
619006,EEE,2014B,Critical,8.69,384.0,26.0,3.0,17.0,0,Withdrawn
616862,DDD,2014B,Critical,8.69,183.0,35.0,1.0,19.0,0,Withdrawn
2242383,EEE,2014J,Critical,8.68,90.0,33.0,1.0,6.0,0,Withdrawn
487267,DDD,2013B,Critical,8.68,537.0,35.0,2.0,33.0,0,Withdrawn
640289,BBB,2014J,Critical,8.68,433.0,23.67,3.0,18.0,0,Withdrawn
2008262,CCC,2014B,Critical,8.68,181.0,37.0,2.0,8.0,0,Withdrawn
678213,BBB,2014J,Critical,8.68,400.0,31.0,3.0,26.0,0,Withdrawn
856294,CCC,2014B,Critical,8.68,1111.0,20.0,1.0,26.0,0,Withdrawn
570113,CCC,2014B,Critical,8.67,136.0,40.0,1.0,5.0,0,Withdrawn
655408,CCC,2014J,Critical,8.67,282.0,33.0,1.0,16.0,0,Withdrawn
648928,BBB,2014J,Critical,8.67,57.0,28.5,2.0,4.0,0,Withdrawn
648868,CCC,2014J,Critical,8.67,204.0,33.0,1.0,7.0,0,Withdrawn
2046628,DDD,2014J,Critical,8.67,171.0,41.0,2.0,6.0,3,Withdrawn
295893,CCC,2014B,Critical,8.67,541.0,24.4,5.0,28.0,0,Withdrawn
674758,BBB,2014J,Critical,8.67,46.0,28.5,2.0,4.0,0,Withdrawn
520824,EEE,2014J,Critical,8.67,47.0,44.0,1.0,5.0,1,Withdrawn
641275,FFF,2014J,Critical,8.67,197.0,31.0,2.0,12.0,0,Withdrawn
373790,DDD,2014B,Critical,8.66,62.0,34.5,2.0,14.0,0,Withdrawn
695584,DDD,2014J,Critical,8.66,91.0,27.5,2.0,13.0,0,Withdrawn
111548,DDD,2013J,Critical,8.66,542.0,22.5,4.0,41.0,1,Withdrawn
2030241,DDD,2014J,Critical,8.66,359.0,23.33,3.0,30.0,0,Withdrawn
129198,CCC,2014J,Critical,8.66,20.0,44.0,1.0,7.0,1,Withdrawn
150121,FFF,2013J,Critical,8.66,0.0,50.0,2.0,0.0,3,Withdrawn
269065,DDD,2013J,Critical,8.66,436.0,31.0,1.0,38.0,0,Withdrawn
656682,DDD,2014J,Critical,8.66,162.0,30.0,1.0,18.0,0,Withdrawn
618279,CCC,2014B,Critical,8.66,316.0,38.0,3.0,16.0,0,Withdrawn
475443,CCC,2014B,Critical,8.66,0.0,37.0,2.0,0.0,0,Withdrawn
138709,DDD,2013B,Critical,8.65,515.0,33.0,1.0,25.0,0,Withdrawn
584455,DDD,2013J,Critical,8.65,197.0,42.0,1.0,17.0,0,Withdrawn
584082,DDD,2013J,Critical,8.65,219.0,37.0,1.0,17.0,0,Withdrawn
497989,DDD,2014J,Critical,8.65,152.0,40.0,1.0,11.0,0,Withdrawn
508601,DDD,2013J,Critical,8.65,635.0,35.0,1.0,27.0,0,Withdrawn
544296,DDD,2013B,Critical,8.65,148.0,43.0,1.0,15.0,0,Withdrawn
472348,BBB,2013B,Critical,8.65,122.0,38.0,2.0,14.0,1,Withdrawn
2274929,CCC,2014J,Critical,8.65,130.0,44.0,1.0,8.0,0,Withdrawn
485439,BBB,2013J,Critical,8.65,148.0,41.25,4.0,8.0,1,Withdrawn
627427,BBB,2014B,Critical,8.65,175.0,31.4,5.0,16.0,0,Withdrawn
1993672,BBB,2013J,Critical,8.65,217.0,48.8,5.0,10.0,4,Withdrawn
611275,BBB,2014J,Critical,8.65,244.0,27.5,2.0,10.0,0,Withdrawn
678278,BBB,2014J,Critical,8.64,389.0,33.25,4.0,13.0,0,Withdrawn
131695,CCC,2014B,Critical,8.64,0.0,46.0,1.0,0.0,0,Withdrawn
560659,FFF,2014J,Critical,8.64,4.0,40.67,3.0,3.0,1,Withdrawn
2426442,BBB,2014J,Critical,8.64,211.0,35.5,2.0,8.0,0,Withdrawn
562100,DDD,2013J,Critical,8.64,582.0,24.2,6.0,47.0,0,Withdrawn
634957,EEE,2014J,Critical,8.64,266.0,40.0,1.0,14.0,0,Withdrawn
695369,CCC,2014J,Critical,8.63,413.0,39.5,2.0,24.0,0,Withdrawn
622804,CCC,2014B,Critical,8.63,94.0,40.0,1.0,8.0,0,Withdrawn
2436873,FFF,2013B,Critical,8.63,1433.0,32.67,3.0,32.0,0,Withdrawn
2305957,DDD,2014B,Critical,8.63,38.0,49.0,1.0,5.0,1,Withdrawn
290371,DDD,2013J,Critical,8.63,254.0,36.0,1.0,19.0,0,Withdrawn
524276,CCC,2014J,Critical,8.63,128.0,29.0,2.0,3.0,0,Withdrawn
638036,BBB,2014J,Critical,8.63,554.0,34.5,2.0,26.0,0,Withdrawn
484355,DDD,2013J,Critical,8.63,476.0,34.33,3.0,31.0,1,Withdrawn
2242383,CCC,2014J,Critical,8.63,190.0,33.0,1.0,21.0,0,Withdrawn
2288599,DDD,2013J,Critical,8.63,142.0,45.0,1.0,6.0,0,Withdrawn
426137,DDD,2013B,Critical,8.63,276.0,36.67,3.0,12.0,1,Withdrawn
605313,DDD,2013J,Critical,8.63,191.0,37.0,1.0,25.0,0,Withdrawn
624957,CCC,2014J,Critical,8.62,365.0,27.75,4.0,28.0,0,Withdrawn
613161,BBB,2014B,Critical,8.62,17.0,38.0,1.0,6.0,0,Withdrawn
38711,BBB,2014J,Critical,8.62,169.0,38.75,4.0,14.0,0,Withdrawn
131695,DDD,2014B,Critical,8.62,223.0,46.0,1.0,23.0,1,Withdrawn
466714,DDD,2014B,Critical,8.62,165.0,34.5,6.0,21.0,2,Withdrawn
526699,DDD,2014J,Critical,8.62,118.0,45.0,2.0,8.0,2,Withdrawn
623829,DDD,2014B,Critical,8.62,282.0,36.0,1.0,18.0,0,Withdrawn
695369,FFF,2014J,Critical,8.62,472.0,39.5,2.0,36.0,0,Withdrawn
636420,CCC,2014J,Critical,8.62,568.0,33.0,1.0,36.0,0,Withdrawn
2526537,FFF,2013J,Critical,8.61,1520.0,18.25,4.0,98.0,0,Withdrawn
601316,BBB,2014J,Critical,8.61,142.0,40.5,2.0,9.0,1,Withdrawn
533874,FFF,2013B,Critical,8.61,592.0,34.0,5.0,38.0,0,Withdrawn
607062,BBB,2013J,Critical,8.61,0.0,37.2,5.0,0.0,0,Withdrawn
399203,DDD,2014B,Critical,8.61,1156.0,27.67,3.0,65.0,2,Withdrawn
612283,DDD,2014B,Critical,8.61,359.0,30.67,3.0,31.0,0,Withdrawn
1839386,AAA,2014J,Critical,8.61,207.0,40.0,1.0,15.0,0,Withdrawn
629056,CCC,2014J,Critical,8.6,513.0,35.0,2.0,89.0,1,Withdrawn
279883,CCC,2014J,Critical,8.6,19.0,49.0,2.0,4.0,1,Withdrawn
2273119,AAA,2014J,Critical,8.6,105.0,38.33,3.0,6.0,0,Withdrawn
586543,FFF,2013J,Critical,8.6,192.0,38.0,2.0,10.0,0,Withdrawn
279883,DDD,2013J,Critical,8.6,63.0,49.0,2.0,4.0,1,Withdrawn
286449,DDD,2013J,Critical,8.59,114.0,55.0,2.0,8.0,5,Withdrawn
679760,DDD,2014J,Critical,8.59,50.0,40.0,1.0,12.0,0,Withdrawn
612935,DDD,2014B,Critical,8.59,146.0,46.0,1.0,13.0,0,Withdrawn
647711,BBB,2014J,Critical,8.59,751.0,28.67,3.0,34.0,0,Withdrawn
601316,BBB,2014B,Critical,8.59,0.0,40.5,2.0,0.0,0,Withdrawn
683299,GGG,2014J,Critical,8.59,208.0,45.0,1.0,12.0,0,Withdrawn
628141,CCC,2014B,Critical,8.59,0.0,45.33,3.0,0.0,0,Withdrawn
426137,FFF,2013J,Critical,8.59,205.0,36.67,3.0,10.0,0,Withdrawn
200278,FFF,2013J,Critical,8.59,250.0,40.0,1.0,12.0,0,Withdrawn
2312620,AAA,2013J,Critical,8.59,1129.0,32.0,3.0,44.0,0,Withdrawn
599741,DDD,2013J,Critical,8.59,164.0,33.0,1.0,12.0,0,Withdrawn
612822,CCC,2014B,Critical,8.58,0.0,47.5,2.0,0.0,0,Withdrawn
355591,BBB,2013J,Critical,8.58,0.0,46.0,2.0,0.0,1,Withdrawn
2540424,FFF,2014B,Critical,8.58,158.0,39.5,4.0,15.0,1,Withdrawn
526699,DDD,2013B,Critical,8.58,47.0,45.0,2.0,3.0,1,Withdrawn
342303,FFF,2014B,Critical,8.58,561.0,40.0,2.0,32.0,1,Withdrawn
555151,DDD,2013B,Critical,8.58,129.0,37.0,2.0,11.0,0,Withdrawn
385120,CCC,2014B,Critical,8.58,722.0,29.33,6.0,53.0,0,Withdrawn
470637,DDD,2013B,Critical,8.58,313.0,27.12,8.0,33.0,1,Withdrawn
633341,DDD,2014B,Critical,8.58,407.0,26.0,3.0,37.0,0,Withdrawn
606006,FFF,2013J,Critical,8.57,892.0,34.0,5.0,46.0,0,Withdrawn
674467,GGG,2014J,Critical,8.57,117.0,40.0,1.0,14.0,0,Withdrawn
493879,DDD,2013J,Critical,8.57,92.0,41.0,1.0,10.0,1,Withdrawn
2463282,FFF,2014J,Critical,8.57,40.0,40.0,3.0,8.0,2,Withdrawn
564643,DDD,2014J,Critical,8.57,178.0,45.0,2.0,14.0,1,Withdrawn
2305957,DDD,2013J,Critical,8.57,53.0,49.0,1.0,4.0,0,Withdrawn
507812,DDD,2014B,Critical,8.57,136.0,36.0,1.0,10.0,0,Withdrawn
681277,FFF,2014J,Critical,8.56,228.0,43.0,2.0,13.0,0,Withdrawn
697909,BBB,2014J,Critical,8.56,97.0,34.5,2.0,13.0,0,Withdrawn
578150,DDD,2013J,Critical,8.56,447.0,32.67,3.0,34.0,0,Withdrawn
101217,FFF,2013J,Critical,8.56,332.0,41.0,2.0,24.0,1,Withdrawn
636492,FFF,2014J,Critical,8.56,366.0,46.0,1.0,23.0,0,Withdrawn
311474,DDD,2013J,Critical,8.56,99.0,37.5,2.0,15.0,0,Withdrawn
337748,AAA,2014J,Critical,8.56,93.0,44.0,1.0,6.0,0,Withdrawn
629906,CCC,2014B,Critical,8.56,346.0,42.0,4.0,7.0,0,Withdrawn
573197,CCC,2014B,Critical,8.56,193.0,39.0,2.0,12.0,0,Withdrawn
59541,CCC,2014B,Critical,8.56,441.0,40.0,1.0,10.0,0,Withdrawn
640265,BBB,2014J,Critical,8.55,930.0,27.5,2.0,38.0,0,Withdrawn
121056,GGG,2013J,Critical,8.55,17.0,45.0,1.0,3.0,0,Withdrawn
622844,DDD,2014B,Critical,8.55,527.0,34.0,1.0,46.0,0,Withdrawn
689346,CCC,2014J,Critical,8.55,5.0,46.67,3.0,2.0,0,Withdrawn
647784,FFF,2014J,Critical,8.55,468.0,38.5,2.0,21.0,0,Withdrawn
2540424,FFF,2013J,Critical,8.55,115.0,39.5,4.0,6.0,0,Withdrawn
520824,EEE,2014B,Critical,8.55,318.0,44.0,1.0,15.0,0,Withdrawn
551774,DDD,2013J,Critical,8.55,148.0,33.0,2.0,11.0,0,Withdrawn
641992,BBB,2014J,Critical,8.55,452.0,38.5,2.0,18.0,0,Withdrawn
536736,DDD,2014J,Critical,8.55,1.0,44.0,1.0,1.0,0,Withdrawn
555953,CCC,2014B,Critical,8.55,187.0,40.0,1.0,33.0,0,Withdrawn
620220,BBB,2014B,Critical,8.55,102.0,40.0,1.0,11.0,0,Withdrawn
486378,CCC,2014B,Critical,8.55,72.0,40.0,1.0,13.0,0,Withdrawn
550183,DDD,2013B,Critical,8.55,142.0,40.5,2.0,8.0,0,Withdrawn
2604660,DDD,2013B,Critical,8.55,404.0,39.75,4.0,26.0,1,Withdrawn
129638,CCC,2014B,Critical,8.55,921.0,33.0,2.0,47.0,0,Withdrawn
534962,FFF,2013B,Critical,8.54,960.0,36.0,2.0,34.0,0,Withdrawn
394082,DDD,2013B,Critical,8.54,197.0,39.5,4.0,16.0,1,Withdrawn
304893,DDD,2013B,Critical,8.54,181.0,29.14,7.0,29.0,0,Withdrawn
632722,BBB,2014J,Critical,8.54,314.0,35.0,3.0,28.0,0,Withdrawn
352679,DDD,2014B,Critical,8.54,71.0,40.0,1.0,7.0,1,Withdrawn
644101,BBB,2014J,Critical,8.54,212.0,41.0,3.0,13.0,0,Withdrawn
383785,DDD,2013J,Critical,8.54,274.0,42.0,1.0,19.0,0,Withdrawn
693468,DDD,2014J,Critical,8.54,57.0,42.5,2.0,12.0,0,Withdrawn
512335,FFF,2014J,Critical,8.54,11.0,47.0,4.0,2.0,4,Withdrawn
2375259,CCC,2014B,Critical,8.54,539.0,40.0,1.0,15.0,0,Withdrawn
554712,DDD,2014B,Critical,8.54,494.0,31.25,4.0,35.0,0,Withdrawn
560459,FFF,2013B,Critical,8.54,553.0,35.8,5.0,17.0,0,Withdrawn
300594,CCC,2014B,Critical,8.54,293.0,32.0,2.0,32.0,0,Withdrawn
34662,BBB,2014J,Critical,8.54,218.0,34.5,2.0,26.0,0,Withdrawn
365060,BBB,2013J,Critical,8.53,178.0,49.0,1.0,8.0,2,Withdrawn
543663,DDD,2013B,Critical,8.53,256.0,45.5,2.0,22.0,0,Withdrawn
679255,DDD,2014J,Critical,8.53,234.0,35.0,3.0,23.0,0,Withdrawn
604704,DDD,2014B,Critical,8.53,328.0,44.0,1.0,27.0,1,Withdrawn
527958,CCC,2014J,Critical,8.53,366.0,33.2,5.0,33.0,0,Withdrawn
564643,DDD,2014B,Critical,8.53,55.0,45.0,2.0,10.0,0,Withdrawn
183331,CCC,2014B,Critical,8.53,98.0,42.8,5.0,8.0,0,Withdrawn
536825,CCC,2014J,Critical,8.53,126.0,44.0,1.0,4.0,0,Withdrawn
444847,DDD,2013J,Critical,8.53,74.0,38.0,1.0,13.0,0,Withdrawn
506498,FFF,2013J,Critical,8.53,203.0,51.0,2.0,12.0,1,Withdrawn
552327,DDD,2013B,Critical,8.53,120.0,43.0,1.0,9.0,0,Withdrawn
681125,DDD,2014J,Critical,8.53,148.0,35.0,3.0,26.0,0,Withdrawn
494329,DDD,2014B,Critical,8.53,438.0,41.0,3.0,31.0,0,Withdrawn
649001,EEE,2014J,Critical,8.53,183.0,39.0,4.0,25.0,0,Withdrawn
577905,BBB,2013J,Critical,8.53,4.0,49.5,2.0,2.0,0,Withdrawn
536736,CCC,2014J,Critical,8.52,265.0,44.0,1.0,3.0,0,Withdrawn
574627,DDD,2013J,Critical,8.52,101.0,39.0,1.0,8.0,0,Withdrawn
1560205,CCC,2014B,Critical,8.52,600.0,40.0,1.0,17.0,0,Withdrawn
597761,FFF,2013J,Critical,8.52,0.0,47.0,2.0,0.0,0,Withdrawn
653031,DDD,2014J,Critical,8.52,312.0,45.0,2.0,25.0,0,Withdrawn
647684,CCC,2014J,Critical,8.52,119.0,44.0,1.0,6.0,0,Withdrawn
500522,DDD,2013B,Critical,8.52,391.0,29.2,5.0,30.0,0,Withdrawn
629632,CCC,2014B,Critical,8.52,32.0,38.0,5.0,1.0,0,Withdrawn
651004,BBB,2014J,Critical,8.52,221.0,48.0,1.0,20.0,0,Withdrawn
572371,BBB,2014J,Critical,8.52,341.0,34.5,4.0,24.0,0,Withdrawn
614025,DDD,2014B,Critical,8.52,218.0,33.0,1.0,20.0,0,Withdrawn
445785,DDD,2013J,Critical,8.52,323.0,41.0,2.0,32.0,0,Withdrawn
586561,BBB,2014J,Critical,8.51,184.0,50.0,1.0,10.0,0,Withdrawn
268733,AAA,2013J,Critical,8.51,188.0,43.0,2.0,18.0,0,Withdrawn
543417,CCC,2014J,Critical,8.51,31.0,42.25,8.0,8.0,1,Withdrawn
397292,FFF,2013J,Critical,8.51,165.0,48.0,3.0,7.0,0,Withdrawn
249704,DDD,2013J,Critical,8.51,327.0,40.33,3.0,39.0,1,Withdrawn
676783,CCC,2014J,Critical,8.51,294.0,45.0,3.0,21.0,0,Withdrawn
279883,CCC,2014B,Critical,8.51,85.0,49.0,2.0,11.0,0,Withdrawn
124711,EEE,2014J,Critical,8.51,69.0,44.0,1.0,13.0,0,Withdrawn
655230,BBB,2014J,Critical,8.51,327.0,39.5,4.0,19.0,0,Withdrawn
643525,GGG,2014J,Critical,8.51,100.0,50.0,1.0,14.0,0,Withdrawn
596829,FFF,2013J,Critical,8.51,570.0,36.67,3.0,44.0,0,Withdrawn
493879,DDD,2014B,Critical,8.51,573.0,41.0,1.0,32.0,2,Withdrawn
696807,DDD,2014J,Critical,8.5,698.0,35.0,1.0,37.0,0,Withdrawn
614650,DDD,2014B,Critical,8.5,633.0,35.0,1.0,29.0,0,Withdrawn
588166,BBB,2014J,Critical,8.5,179.0,39.0,3.0,20.0,0,Withdrawn
589154,BBB,2013J,Critical,8.5,33.0,49.0,1.0,5.0,0,Withdrawn
560423,DDD,2013J,Critical,8.5,145.0,42.5,2.0,12.0,0,Withdrawn
595356,EEE,2014B,Critical,8.5,349.0,42.0,3.0,21.0,1,Withdrawn
279883,FFF,2014J,Critical,8.5,302.0,49.0,2.0,11.0,0,Withdrawn
560659,FFF,2013J,Critical,8.5,199.0,40.67,3.0,26.0,0,Withdrawn
648058,EEE,2014J,Critical,8.5,157.0,46.0,1.0,10.0,0,Withdrawn
597166,CCC,2014J,Critical,8.5,181.0,44.0,1.0,13.0,0,Withdrawn
597166,EEE,2014J,Critical,8.5,318.0,44.0,1.0,10.0,0,Withdrawn
575990,BBB,2014B,Critical,8.5,38.0,46.0,1.0,3.0,0,Withdrawn
605228,FFF,2014B,Critical,8.5,149.0,36.6,5.0,6.0,1,Withdrawn
466158,DDD,2013B,Critical,8.49,1053.0,25.67,6.0,64.0,0,Withdrawn
440857,DDD,2013B,Critical,8.49,322.0,42.67,3.0,19.0,1,Withdrawn
124711,CCC,2014J,Critical,8.49,196.0,44.0,1.0,17.0,0,Withdrawn
513356,DDD,2014J,Critical,8.49,0.0,48.25,4.0,0.0,2,Withdrawn
2065691,AAA,2013J,Critical,8.49,1430.0,35.67,3.0,34.0,0,Withdrawn
648519,BBB,2014J,Critical,8.49,183.0,36.5,2.0,8.0,0,Withdrawn
491077,FFF,2014J,Critical,8.49,575.0,48.5,2.0,63.0,2,Withdrawn
508775,CCC,2014J,Critical,8.49,947.0,33.0,1.0,45.0,0,Withdrawn
446357,BBB,2013B,Critical,8.49,57.0,53.0,1.0,4.0,0,Withdrawn
587037,BBB,2014J,Critical,8.49,100.0,35.5,2.0,17.0,0,Withdrawn
494911,CCC,2014J,Critical,8.49,59.0,44.0,1.0,7.0,0,Withdrawn
2327710,CCC,2014B,Critical,8.49,1173.0,30.0,1.0,33.0,0,Withdrawn
617771,DDD,2014B,Critical,8.49,144.0,45.0,1.0,9.0,0,Withdrawn
689346,DDD,2014J,Critical,8.49,166.0,46.67,3.0,19.0,0,Withdrawn
563157,BBB,2013B,Critical,8.49,58.0,42.0,4.0,6.0,0,Withdrawn
386189,CCC,2014B,Critical,8.49,110.0,33.0,2.0,23.0,0,Withdrawn
355034,DDD,2014J,Critical,8.49,157.0,50.0,1.0,19.0,0,Withdrawn
649001,CCC,2014J,Critical,8.49,349.0,39.0,4.0,32.0,0,Withdrawn
425755,FFF,2013B,Critical,8.49,917.0,38.0,2.0,38.0,0,Withdrawn
542657,FFF,2013B,Critical,8.49,1820.0,38.0,1.0,61.0,0,Withdrawn
549337,DDD,2013J,Critical,8.49,159.0,41.0,2.0,12.0,0,Withdrawn
694536,FFF,2014J,Critical,8.48,18.0,44.0,1.0,3.0,0,Withdrawn
560459,FFF,2014J,Critical,8.48,1323.0,35.8,5.0,49.0,1,Withdrawn
577659,BBB,2013J,Critical,8.48,117.0,43.5,2.0,10.0,0,Withdrawn
505142,DDD,2013J,Critical,8.48,173.0,49.0,2.0,19.0,0,Withdrawn
2353766,DDD,2013B,Critical,8.48,86.0,50.0,1.0,3.0,0,Withdrawn
497080,CCC,2014B,Critical,8.48,135.0,33.5,2.0,24.0,0,Withdrawn
561503,DDD,2014B,Critical,8.48,558.0,35.5,2.0,48.0,0,Withdrawn
1439723,CCC,2014J,Critical,8.48,749.0,25.33,3.0,60.0,0,Withdrawn
2046628,DDD,2014B,Critical,8.48,676.0,41.0,2.0,27.0,2,Withdrawn
636243,CCC,2014J,Critical,8.48,50.0,47.5,2.0,9.0,0,Withdrawn
552666,CCC,2014J,Critical,8.47,394.0,38.33,3.0,20.0,0,Withdrawn
694914,CCC,2014J,Critical,8.47,481.0,44.0,1.0,14.0,0,Withdrawn
692384,BBB,2014J,Critical,8.47,643.0,35.67,3.0,35.0,0,Withdrawn
392692,FFF,2013J,Critical,8.47,318.0,62.0,1.0,14.0,3,Withdrawn
1845093,DDD,2014B,Critical,8.47,0.0,56.0,4.0,0.0,2,Withdrawn
54391,CCC,2014B,Critical,8.47,179.0,44.5,2.0,8.0,0,Withdrawn
46812,DDD,2014J,Critical,8.47,141.0,55.0,1.0,15.0,1,Withdrawn
466714,CCC,2014B,Critical,8.47,205.0,34.5,6.0,24.0,0,Withdrawn
593594,DDD,2013J,Critical,8.47,285.0,43.0,2.0,36.0,0,Withdrawn
484675,FFF,2014B,Critical,8.47,1298.0,42.0,5.0,63.0,2,Withdrawn
646547,CCC,2014J,Critical,8.47,0.0,51.33,3.0,0.0,0,Withdrawn
544651,FFF,2013B,Critical,8.47,306.0,46.0,1.0,9.0,0,Withdrawn
288990,BBB,2013B,Critical,8.47,87.0,45.0,4.0,4.0,1,Withdrawn
634523,CCC,2014B,Critical,8.47,182.0,40.0,1.0,5.0,0,Withdrawn
569749,DDD,2014J,Critical,8.47,234.0,40.0,1.0,24.0,0,Withdrawn
694536,CCC,2014J,Critical,8.46,100.0,44.0,1.0,4.0,0,Withdrawn
473640,DDD,2013B,Critical,8.46,1510.0,21.86,7.0,109.0,0,Withdrawn
561823,CCC,2014B,Critical,8.46,66.0,43.0,3.0,11.0,0,Withdrawn
373846,BBB,2014J,Critical,8.46,1028.0,39.5,2.0,27.0,1,Withdrawn
605882,BBB,2013J,Critical,8.46,6.0,55.0,1.0,2.0,0,Withdrawn
584038,DDD,2014J,Critical,8.46,354.0,42.67,3.0,25.0,0,Withdrawn
1993672,BBB,2013B,Critical,8.46,891.0,48.8,5.0,26.0,3,Withdrawn
548650,DDD,2013B,Critical,8.46,188.0,41.5,2.0,18.0,0,Withdrawn
521109,FFF,2013B,Critical,8.46,163.0,48.25,4.0,9.0,1,Withdrawn
619851,DDD,2014J,Critical,8.46,364.0,42.0,1.0,8.0,1,Withdrawn
575213,DDD,2013J,Critical,8.46,153.0,45.5,2.0,16.0,0,Withdrawn
695879,FFF,2014J,Critical,8.46,215.0,48.0,1.0,13.0,0,Withdrawn
596029,CCC,2014B,Critical,8.46,0.0,52.0,1.0,0.0,0,Withdrawn
583288,EEE,2014J,Critical,8.45,376.0,48.67,3.0,15.0,0,Withdrawn
475443,DDD,2013B,Critical,8.45,726.0,37.0,2.0,49.0,0,Withdrawn
411381,EEE,2013J,Critical,8.45,15.0,40.5,2.0,1.0,0,Withdrawn
588464,CCC,2014B,Critical,8.45,228.0,37.75,4.0,10.0,0,Withdrawn
444474,DDD,2014B,Critical,8.45,90.0,42.0,2.0,8.0,1,Withdrawn
683487,DDD,2014J,Critical,8.45,320.0,50.0,1.0,26.0,0,Withdrawn
652832,FFF,2014J,Critical,8.45,176.0,44.0,1.0,10.0,0,Withdrawn
535707,DDD,2013J,Critical,8.45,397.0,40.25,5.0,20.0,1,Withdrawn
599942,CCC,2014B,Critical,8.45,117.0,50.33,3.0,10.0,0,Withdrawn
465577,CCC,2014J,Critical,8.45,976.0,37.5,2.0,37.0,0,Withdrawn
426094,DDD,2013B,Critical,8.45,160.0,50.0,1.0,10.0,1,Withdrawn
601753,CCC,2014J,Critical,8.45,748.0,44.0,1.0,22.0,0,Withdrawn
624921,DDD,2014B,Critical,8.45,249.0,39.0,3.0,23.0,0,Withdrawn
322184,BBB,2014J,Critical,8.45,831.0,43.33,3.0,25.0,0,Withdrawn
503872,CCC,2014B,Critical,8.45,129.0,34.2,5.0,15.0,0,Withdrawn
484174,CCC,2014B,Critical,8.44,570.0,41.33,3.0,36.0,0,Withdrawn
1644266,DDD,2013J,Critical,8.44,244.0,37.67,3.0,25.0,0,Withdrawn
2463282,FFF,2014B,Critical,8.44,191.0,40.0,3.0,29.0,1,Withdrawn
521109,FFF,2013J,Critical,8.44,646.0,48.25,4.0,33.0,2,Withdrawn
691257,CCC,2014J,Critical,8.44,126.0,50.0,3.0,15.0,0,Withdrawn
232078,DDD,2013J,Critical,8.44,443.0,38.25,4.0,23.0,0,Withdrawn
629163,FFF,2014B,Critical,8.44,530.0,37.25,4.0,39.0,0,Withdrawn
583288,CCC,2014J,Critical,8.44,267.0,48.67,3.0,19.0,0,Withdrawn
600130,DDD,2014B,Critical,8.44,131.0,55.0,2.0,15.0,1,Withdrawn
441393,DDD,2014B,Critical,8.44,442.0,51.0,1.0,18.0,0,Withdrawn
2544678,DDD,2014B,Critical,8.44,205.0,39.0,2.0,16.0,0,Withdrawn
605228,FFF,2013J,Critical,8.44,126.0,36.6,5.0,3.0,0,Withdrawn
597761,FFF,2014B,Critical,8.44,842.0,47.0,2.0,37.0,1,Withdrawn
1879272,DDD,2013B,Critical,8.44,160.0,36.33,3.0,16.0,0,Withdrawn
510868,BBB,2013J,Critical,8.44,6.0,45.75,4.0,2.0,0,Withdrawn
572909,CCC,2014B,Critical,8.44,0.0,48.0,1.0,0.0,0,Withdrawn
648120,BBB,2014J,Critical,8.44,166.0,36.5,2.0,12.0,0,Withdrawn
505595,BBB,2013J,Critical,8.44,52.0,46.17,6.0,5.0,2,Withdrawn
2435965,DDD,2013B,Critical,8.43,240.0,53.0,2.0,18.0,2,Withdrawn
622362,FFF,2014J,Critical,8.43,250.0,54.0,1.0,15.0,0,Withdrawn
557504,DDD,2013B,Critical,8.43,68.0,46.5,2.0,9.0,0,Withdrawn
612822,DDD,2014B,Critical,8.43,356.0,47.5,2.0,36.0,0,Withdrawn
595356,CCC,2014B,Critical,8.43,362.0,42.0,3.0,19.0,0,Withdrawn
609797,DDD,2013J,Critical,8.43,172.0,41.6,5.0,15.0,0,Withdrawn
486737,CCC,2014B,Critical,8.43,1064.0,40.0,1.0,35.0,0,Withdrawn
598731,GGG,2013J,Critical,8.43,92.0,55.0,1.0,6.0,0,Withdrawn
2046628,DDD,2013B,Critical,8.43,352.0,41.0,2.0,16.0,0,Withdrawn
2413037,CCC,2014J,Critical,8.43,1563.0,30.2,5.0,88.0,0,Withdrawn
505151,BBB,2014B,Critical,8.43,182.0,44.0,5.0,30.0,0,Withdrawn
650515,DDD,2014J,Critical,8.43,302.0,38.75,4.0,40.0,0,Withdrawn
1106724,CCC,2014B,Critical,8.43,289.0,40.0,1.0,15.0,0,Withdrawn
535486,DDD,2013B,Critical,8.43,142.0,51.0,1.0,11.0,0,Withdrawn
571950,CCC,2014J,Critical,8.43,0.0,51.25,4.0,0.0,0,Withdrawn
634693,DDD,2014J,Critical,8.43,592.0,34.0,2.0,40.0,0,Withdrawn
633256,CCC,2014B,Critical,8.43,603.0,29.6,5.0,74.0,0,Withdrawn
406416,BBB,2013B,Critical,8.42,116.0,50.0,2.0,9.0,0,Withdrawn
1346966,DDD,2013J,Critical,8.42,19.0,50.0,1.0,2.0,0,Withdrawn
2546976,DDD,2013J,Critical,8.42,154.0,46.0,2.0,12.0,0,Withdrawn
624093,DDD,2014B,Critical,8.42,283.0,45.0,1.0,13.0,0,Withdrawn
559735,DDD,2013J,Critical,8.42,70.0,39.67,3.0,13.0,0,Withdrawn
493822,CCC,2014B,Critical,8.42,739.0,41.5,2.0,49.0,0,Withdrawn
2656282,DDD,2013B,Critical,8.42,405.0,43.67,3.0,21.0,0,Withdrawn
596614,EEE,2014J,Critical,8.42,4.0,48.5,2.0,1.0,1,Withdrawn
696316,BBB,2014J,Critical,8.42,229.0,43.67,3.0,14.0,0,Withdrawn
392691,FFF,2013B,Critical,8.42,1391.0,42.0,2.0,30.0,0,Withdrawn
505595,BBB,2014J,Critical,8.42,327.0,46.17,6.0,23.0,3,Withdrawn
555709,FFF,2013B,Critical,8.42,1114.0,38.0,5.0,45.0,0,Withdrawn
691257,DDD,2014J,Critical,8.42,126.0,50.0,3.0,21.0,0,Withdrawn
534428,BBB,2014B,Critical,8.42,0.0,46.8,5.0,0.0,0,Withdrawn
650354,BBB,2014J,Critical,8.42,70.0,46.0,3.0,5.0,0,Withdrawn
560326,EEE,2013J,Critical,8.42,423.0,47.0,1.0,16.0,0,Withdrawn
1678014,CCC,2014B,Critical,8.41,183.0,40.0,1.0,14.0,0,Withdrawn
642764,DDD,2014J,Critical,8.41,359.0,45.0,1.0,25.0,0,Withdrawn
577148,CCC,2014J,Critical,8.41,94.0,49.2,5.0,8.0,0,Withdrawn
508446,DDD,2014B,Critical,8.41,337.0,50.0,2.0,25.0,0,Withdrawn
569807,FFF,2013J,Critical,8.41,192.0,51.0,2.0,10.0,0,Withdrawn
632856,CCC,2014B,Critical,8.41,471.0,39.17,6.0,28.0,0,Withdrawn
574642,GGG,2014J,Critical,8.41,149.0,56.0,2.0,13.0,1,Withdrawn
413702,EEE,2013J,Critical,8.41,314.0,46.0,1.0,15.0,0,Withdrawn
582827,CCC,2014B,Critical,8.41,80.0,41.83,6.0,12.0,0,Withdrawn
308391,CCC,2014B,Critical,8.41,33.0,52.0,1.0,5.0,0,Withdrawn
491170,CCC,2014B,Critical,8.41,376.0,37.8,5.0,30.0,0,Withdrawn
91040,CCC,2014J,Critical,8.41,446.0,42.5,4.0,32.0,0,Withdrawn
624266,EEE,2014B,Critical,8.41,101.0,49.0,1.0,11.0,0,Withdrawn
617309,EEE,2014B,Critical,8.4,0.0,53.0,1.0,0.0,0,Withdrawn
160401,DDD,2013B,Critical,8.4,86.0,47.0,1.0,6.0,1,Withdrawn
1828112,CCC,2014B,Critical,8.4,202.0,50.0,1.0,3.0,0,Withdrawn
552580,FFF,2013B,Critical,8.4,333.0,45.0,2.0,18.0,0,Withdrawn
575251,BBB,2014B,Critical,8.4,83.0,52.33,3.0,11.0,0,Withdrawn
629686,FFF,2014J,Critical,8.4,206.0,48.0,1.0,10.0,0,Withdrawn
1551895,CCC,2014B,Critical,8.4,185.0,50.0,1.0,16.0,0,Withdrawn
131235,DDD,2013B,Critical,8.4,744.0,37.0,2.0,30.0,0,Withdrawn
654464,EEE,2014J,Critical,8.4,122.0,52.0,1.0,7.0,0,Withdrawn
578418,BBB,2014J,Critical,8.4,408.0,43.75,4.0,22.0,0,Withdrawn
695964,FFF,2014J,Critical,8.4,155.0,50.0,1.0,7.0,0,Withdrawn
70771,CCC,2014B,Critical,8.4,181.0,50.0,1.0,6.0,0,Withdrawn
35747,FFF,2014J,Critical,8.4,653.0,54.0,1.0,21.0,0,Withdrawn
646004,BBB,2014J,Critical,8.39,289.0,47.0,3.0,21.0,0,Withdrawn
653506,CCC,2014J,Critical,8.39,18.0,48.0,3.0,3.0,0,Withdrawn
547378,DDD,2013J,Critical,8.39,189.0,57.0,1.0,27.0,1,Withdrawn
632856,DDD,2014B,Critical,8.39,359.0,39.17,6.0,36.0,0,Withdrawn
599711,DDD,2013J,Critical,8.39,730.0,32.0,2.0,64.0,0,Withdrawn
566872,CCC,2014B,Critical,8.39,176.0,47.0,2.0,16.0,0,Withdrawn
406937,CCC,2014B,Critical,8.39,287.0,40.0,1.0,15.0,0,Withdrawn
552656,BBB,2014B,Critical,8.39,1008.0,40.0,1.0,23.0,0,Withdrawn
469389,DDD,2013J,Critical,8.39,559.0,39.5,2.0,18.0,0,Withdrawn
419924,BBB,2014J,Critical,8.39,1047.0,44.67,3.0,25.0,0,Withdrawn
334794,BBB,2013B,Critical,8.39,124.0,53.0,1.0,11.0,0,Withdrawn
543417,CCC,2014B,Critical,8.39,226.0,42.25,8.0,19.0,0,Withdrawn
388750,CCC,2014B,Critical,8.39,276.0,38.0,2.0,18.0,0,Withdrawn
487570,CCC,2014J,Critical,8.39,214.0,44.0,1.0,15.0,1,Withdrawn
678057,BBB,2014J,Critical,8.39,1496.0,31.6,5.0,49.0,0,Withdrawn
228909,BBB,2014J,Critical,8.38,575.0,42.0,3.0,23.0,0,Withdrawn
487570,CCC,2014B,Critical,8.38,0.0,44.0,1.0,0.0,0,Withdrawn
557232,FFF,2013J,Critical,8.38,1529.0,33.33,3.0,62.0,0,Withdrawn
513356,DDD,2013J,Critical,8.38,124.0,48.25,4.0,12.0,1,Withdrawn
308391,EEE,2014B,Critical,8.38,240.0,52.0,1.0,10.0,0,Withdrawn
85241,FFF,2014J,Critical,8.38,204.0,48.0,1.0,16.0,0,Withdrawn
525877,BBB,2013J,Critical,8.38,274.0,54.33,4.0,29.0,2,Withdrawn
504602,DDD,2013B,Critical,8.38,119.0,54.0,1.0,10.0,0,Withdrawn
576423,FFF,2014J,Critical,8.38,9.0,48.6,5.0,1.0,1,Withdrawn
366267,DDD,2013J,Critical,8.38,33.0,56.5,2.0,4.0,1,Withdrawn
1986081,CCC,2014J,Critical,8.38,571.0,44.0,1.0,19.0,0,Withdrawn
607060,CCC,2014B,Critical,8.38,0.0,44.0,1.0,0.0,0,Withdrawn
651728,DDD,2014J,Critical,8.38,247.0,38.0,5.0,28.0,0,Withdrawn
546403,DDD,2013J,Critical,8.38,0.0,45.6,5.0,0.0,1,Withdrawn
694476,BBB,2014J,Critical,8.38,428.0,42.33,3.0,38.0,0,Withdrawn
624350,BBB,2014B,Critical,8.38,41.0,52.0,1.0,2.0,0,Withdrawn
473640,DDD,2013J,Critical,8.38,1458.0,21.86,7.0,154.0,1,Withdrawn
524374,DDD,2013B,Critical,8.38,96.0,47.0,1.0,11.0,0,Withdrawn
397149,CCC,2014B,Critical,8.38,10.0,46.75,4.0,2.0,0,Withdrawn
696234,CCC,2014J,Critical,8.37,124.0,44.0,1.0,12.0,0,Withdrawn
558342,EEE,2014J,Critical,8.37,0.0,58.0,2.0,0.0,2,Withdrawn
468672,DDD,2013B,Critical,8.37,373.0,46.5,4.0,20.0,1,Withdrawn
416860,CCC,2014B,Critical,8.37,446.0,31.6,10.0,45.0,0,Withdrawn
636243,DDD,2014J,Critical,8.37,184.0,47.5,2.0,41.0,0,Withdrawn
552740,FFF,2013B,Critical,8.37,490.0,47.0,2.0,23.0,0,Withdrawn
602898,BBB,2014B,Critical,8.37,131.0,49.0,1.0,10.0,0,Withdrawn
696234,DDD,2014J,Critical,8.37,38.0,44.0,1.0,15.0,0,Withdrawn
490530,DDD,2013J,Critical,8.37,84.0,61.0,1.0,13.0,1,Withdrawn
586444,DDD,2014J,Critical,8.37,638.0,34.33,6.0,54.0,0,Withdrawn
311042,BBB,2013B,Critical,8.37,59.0,65.0,1.0,8.0,3,Withdrawn
349247,FFF,2013J,Critical,8.37,118.0,52.0,1.0,5.0,0,Withdrawn
322844,CCC,2014J,Critical,8.36,667.0,36.6,5.0,49.0,0,Withdrawn
646314,DDD,2014J,Critical,8.36,126.0,55.0,1.0,8.0,0,Withdrawn
1591013,CCC,2014B,Critical,8.36,462.0,40.0,1.0,33.0,0,Withdrawn
641845,DDD,2014J,Critical,8.36,110.0,55.0,1.0,9.0,0,Withdrawn
629762,FFF,2014B,Critical,8.36,344.0,52.0,1.0,18.0,0,Withdrawn
619851,DDD,2014B,Critical,8.36,152.0,42.0,1.0,26.0,0,Withdrawn
2405801,CCC,2014J,Critical,8.36,205.0,44.0,1.0,3.0,0,Withdrawn
505595,BBB,2013B,Critical,8.36,75.0,46.17,6.0,11.0,1,Withdrawn
129198,CCC,2014B,Critical,8.36,1496.0,44.0,1.0,39.0,0,Withdrawn
608923,CCC,2014B,Critical,8.36,6.0,49.0,7.0,2.0,0,Withdrawn
421301,DDD,2013J,Critical,8.36,497.0,40.0,1.0,53.0,0,Withdrawn
2387725,FFF,2013J,Critical,8.36,1279.0,39.67,3.0,51.0,0,Withdrawn
2609069,CCC,2014J,Critical,8.36,29.0,46.0,1.0,6.0,0,Withdrawn
2588294,CCC,2014J,Critical,8.36,217.0,44.0,1.0,13.0,0,Withdrawn
633676,FFF,2014B,Critical,8.35,458.0,46.0,2.0,37.0,0,Withdrawn
647432,EEE,2014J,Critical,8.35,295.0,57.0,1.0,18.0,0,Withdrawn
2046628,DDD,2013J,Critical,8.35,1067.0,41.0,2.0,36.0,1,Withdrawn
504034,DDD,2014J,Critical,8.35,4.0,62.0,2.0,1.0,1,Withdrawn
467753,CCC,2014J,Critical,8.35,57.0,51.0,4.0,4.0,1,Withdrawn
581914,CCC,2014J,Critical,8.35,13.0,55.25,4.0,2.0,0,Withdrawn
597814,DDD,2014J,Critical,8.35,122.0,50.0,1.0,10.0,0,Withdrawn
572279,CCC,2014B,Critical,8.35,47.0,51.0,3.0,6.0,0,Withdrawn
571950,FFF,2014J,Critical,8.35,348.0,51.25,4.0,23.0,0,Withdrawn
1033968,DDD,2014J,Critical,8.35,3.0,60.0,5.0,1.0,2,Withdrawn
637514,FFF,2014J,Critical,8.35,421.0,46.0,4.0,25.0,0,Withdrawn
443923,BBB,2013J,Critical,8.35,44.0,56.0,1.0,8.0,0,Withdrawn
400942,DDD,2013J,Critical,8.35,404.0,40.83,6.0,40.0,1,Withdrawn
432968,DDD,2013J,Critical,8.35,456.0,42.2,5.0,27.0,0,Withdrawn
632719,DDD,2014J,Critical,8.35,85.0,50.0,2.0,14.0,0,Withdrawn
415151,DDD,2013J,Critical,8.35,322.0,49.5,2.0,31.0,1,Withdrawn
1774071,CCC,2014B,Critical,8.35,1053.0,33.33,3.0,51.0,0,Withdrawn
679271,CCC,2014J,Critical,8.35,135.0,41.0,2.0,16.0,0,Withdrawn
654282,DDD,2014J,Critical,8.35,334.0,55.0,1.0,24.0,0,Withdrawn
546293,DDD,2013B,Critical,8.35,123.0,45.0,5.0,11.0,0,Withdrawn
588537,DDD,2013J,Critical,8.35,324.0,49.0,1.0,23.0,0,Withdrawn
587576,DDD,2014B,Critical,8.35,61.0,42.62,8.0,12.0,1,Withdrawn
25572,DDD,2014J,Critical,8.35,113.0,55.0,2.0,23.0,2,Withdrawn
416860,CCC,2014J,Critical,8.35,821.0,31.6,10.0,67.0,1,Withdrawn
643690,CCC,2014J,Critical,8.35,215.0,49.5,2.0,13.0,0,Withdrawn
330952,CCC,2014J,Critical,8.34,80.0,56.0,1.0,10.0,0,Withdrawn
609089,DDD,2014B,Critical,8.34,179.0,49.0,1.0,8.0,1,Withdrawn
549401,EEE,2014B,Critical,8.34,388.0,50.0,1.0,20.0,0,Withdrawn
617331,EEE,2014B,Critical,8.34,140.0,60.0,1.0,4.0,0,Withdrawn
508829,DDD,2014J,Critical,8.34,123.0,37.29,7.0,17.0,0,Withdrawn
409540,CCC,2014B,Critical,8.34,288.0,50.0,2.0,20.0,0,Withdrawn
47855,BBB,2013J,Critical,8.34,12.0,45.91,11.0,6.0,3,Withdrawn
495324,BBB,2014B,Critical,8.34,88.0,59.0,1.0,10.0,2,Withdrawn
523427,GGG,2014B,Critical,8.34,56.0,60.0,1.0,5.0,0,Withdrawn
2373648,CCC,2014J,Critical,8.34,170.0,56.0,1.0,8.0,0,Withdrawn
627581,CCC,2014J,Critical,8.34,126.0,37.44,9.0,16.0,0,Withdrawn
549677,CCC,2014J,Critical,8.34,527.0,56.0,1.0,21.0,0,Withdrawn
588107,FFF,2014B,Critical,8.34,426.0,58.5,2.0,24.0,1,Withdrawn
611865,CCC,2014B,Critical,8.34,29.0,47.0,4.0,4.0,0,Withdrawn
611865,DDD,2014B,Critical,8.34,34.0,47.0,4.0,3.0,0,Withdrawn
502051,DDD,2013J,Critical,8.34,155.0,52.0,1.0,12.0,0,Withdrawn
391638,DDD,2013J,Critical,8.34,13.0,52.25,4.0,2.0,1,Withdrawn
474153,DDD,2013B,Critical,8.34,549.0,45.29,7.0,41.0,1,Withdrawn
611520,CCC,2014J,Critical,8.34,0.0,45.75,4.0,0.0,0,Withdrawn
266915,CCC,2014B,Critical,8.34,146.0,46.0,3.0,5.0,0,Withdrawn
553253,DDD,2013B,Critical,8.34,61.0,50.0,1.0,5.0,0,Withdrawn
643690,FFF,2014J,Critical,8.34,395.0,49.5,2.0,18.0,0,Withdrawn
608943,DDD,2013J,Critical,8.33,38.0,54.0,2.0,5.0,0,Withdrawn
33897,DDD,2014J,Critical,8.33,0.0,54.5,4.0,0.0,1,Withdrawn
498371,BBB,2013B,Critical,8.33,95.0,50.0,1.0,8.0,0,Withdrawn
692219,FFF,2014J,Critical,8.33,266.0,56.0,1.0,14.0,0,Withdrawn
634946,FFF,2014B,Critical,8.33,468.0,51.0,2.0,18.0,0,Withdrawn
688843,CCC,2014J,Critical,8.33,218.0,37.67,9.0,16.0,0,Withdrawn
651210,GGG,2014J,Critical,8.33,37.0,55.0,1.0,8.0,0,Withdrawn
342697,DDD,2013J,Critical,8.33,185.0,46.0,1.0,10.0,0,Withdrawn
411150,BBB,2014J,Critical,8.33,101.0,48.0,3.0,10.0,0,Withdrawn
575710,FFF,2014J,Critical,8.33,586.0,58.0,1.0,16.0,0,Withdrawn
595963,DDD,2013J,Critical,8.33,227.0,44.0,2.0,23.0,0,Withdrawn
2607945,DDD,2013B,Critical,8.33,168.0,47.0,1.0,15.0,0,Withdrawn
599432,BBB,2013J,Critical,8.33,64.0,60.0,1.0,7.0,0,Withdrawn
649963,DDD,2014J,Critical,8.33,102.0,60.0,1.0,6.0,0,Withdrawn
611735,DDD,2014B,Critical,8.33,386.0,56.0,1.0,22.0,0,Withdrawn
279839,GGG,2014B,Critical,8.33,295.0,50.0,1.0,16.0,0,Withdrawn
568631,DDD,2014B,Critical,8.33,296.0,41.67,3.0,32.0,0,Withdrawn
646097,EEE,2014J,Critical,8.33,755.0,49.33,3.0,44.0,0,Withdrawn
535707,DDD,2013B,Critical,8.33,823.0,40.25,5.0,25.0,0,Withdrawn
438775,BBB,2014B,Critical,8.33,24.0,57.0,1.0,7.0,1,Withdrawn
167945,DDD,2014J,Critical,8.32,479.0,46.0,3.0,46.0,0,Withdrawn
435271,CCC,2014B,Critical,8.32,460.0,50.0,1.0,24.0,0,Withdrawn
560005,BBB,2013B,Critical,8.32,144.0,55.0,2.0,10.0,0,Withdrawn
523239,CCC,2014B,Critical,8.32,249.0,49.75,4.0,18.0,0,Withdrawn
498905,DDD,2014B,Critical,8.32,740.0,41.0,1.0,35.0,0,Withdrawn
633432,CCC,2014B,Critical,8.32,239.0,42.17,6.0,12.0,0,Withdrawn
625288,CCC,2014J,Critical,8.32,104.0,54.0,1.0,7.0,0,Withdrawn
573701,EEE,2013J,Critical,8.32,137.0,50.0,1.0,11.0,0,Withdrawn
235777,DDD,2013J,Critical,8.32,1055.0,48.5,2.0,42.0,2,Withdrawn
2630284,FFF,2014J,Critical,8.32,263.0,75.33,3.0,20.0,6,Withdrawn
2656860,BBB,2013J,Critical,8.32,269.0,59.5,2.0,26.0,3,Withdrawn
283055,FFF,2013B,Critical,8.32,1237.0,50.0,1.0,47.0,0,Withdrawn
260639,DDD,2014J,Critical,8.32,0.0,50.0,6.0,0.0,2,Withdrawn
630359,DDD,2014B,Critical,8.32,78.0,47.75,4.0,12.0,0,Withdrawn
111360,DDD,2013B,Critical,8.32,386.0,44.25,8.0,36.0,2,Withdrawn
677444,DDD,2014J,Critical,8.32,355.0,50.0,1.0,23.0,0,Withdrawn
557752,DDD,2013B,Critical,8.32,194.0,46.33,3.0,23.0,0,Withdrawn
283535,DDD,2013J,Critical,8.31,300.0,47.0,3.0,40.0,0,Withdrawn
502207,DDD,2013J,Critical,8.31,121.0,48.2,6.0,12.0,1,Withdrawn
1928536,BBB,2014J,Critical,8.31,25.0,48.25,4.0,3.0,0,Withdrawn
600615,FFF,2014J,Critical,8.31,86.0,60.0,4.0,5.0,1,Withdrawn
556542,FFF,2013B,Critical,8.31,644.0,49.0,2.0,30.0,0,Withdrawn
587772,DDD,2014J,Critical,8.31,44.0,50.0,2.0,6.0,1,Withdrawn
512404,DDD,2013B,Critical,8.31,133.0,60.0,1.0,16.0,0,Withdrawn
582933,BBB,2014J,Critical,8.31,234.0,47.5,2.0,14.0,0,Withdrawn
2545488,BBB,2013J,Critical,8.31,464.0,55.0,1.0,31.0,1,Withdrawn
570997,CCC,2014J,Critical,8.31,312.0,48.0,2.0,23.0,0,Withdrawn
608943,DDD,2014J,Critical,8.31,165.0,54.0,2.0,29.0,1,Withdrawn
543482,DDD,2013B,Critical,8.31,574.0,50.5,2.0,20.0,0,Withdrawn
468482,BBB,2013J,Critical,8.31,7.0,56.0,1.0,1.0,0,Withdrawn
697665,FFF,2014J,Critical,8.31,111.0,46.0,1.0,9.0,0,Withdrawn
443540,DDD,2013J,Critical,8.31,335.0,41.5,4.0,51.0,0,Withdrawn
555035,BBB,2013B,Critical,8.31,77.0,59.0,2.0,9.0,0,Withdrawn
550278,BBB,2013B,Critical,8.31,415.0,51.0,1.0,18.0,0,Withdrawn
495324,BBB,2013B,Critical,8.31,45.0,59.0,1.0,1.0,1,Withdrawn
642878,AAA,2014J,Critical,8.3,578.0,44.0,2.0,29.0,0,Withdrawn
630269,FFF,2014B,Critical,8.3,397.0,60.0,1.0,14.0,0,Withdrawn
692219,CCC,2014J,Critical,8.3,283.0,56.0,1.0,17.0,0,Withdrawn
649113,GGG,2014J,Critical,8.3,56.0,54.0,1.0,4.0,0,Withdrawn
561823,DDD,2013J,Critical,8.3,415.0,43.0,3.0,55.0,0,Withdrawn
568602,FFF,2013J,Critical,8.3,1021.0,47.5,2.0,34.0,0,Withdrawn
528918,BBB,2013B,Critical,8.3,60.0,62.0,1.0,6.0,1,Withdrawn
378388,DDD,2014J,Critical,8.3,300.0,47.5,2.0,25.0,0,Withdrawn
551430,EEE,2013J,Critical,8.3,433.0,51.67,3.0,23.0,0,Withdrawn
558342,EEE,2014B,Critical,8.3,0.0,58.0,2.0,0.0,1,Withdrawn
563888,DDD,2013J,Critical,8.3,574.0,37.83,6.0,47.0,0,Withdrawn
1937511,CCC,2014J,Critical,8.3,0.0,60.0,1.0,0.0,1,Withdrawn
338669,DDD,2013B,Critical,8.3,125.0,50.0,1.0,6.0,0,Withdrawn
609089,DDD,2013J,Critical,8.3,44.0,49.0,1.0,3.0,0,Withdrawn
629231,FFF,2014B,Critical,8.3,639.0,60.0,1.0,12.0,0,Withdrawn
233444,CCC,2014J,Critical,8.3,221.0,54.8,5.0,27.0,1,Withdrawn
682217,EEE,2014J,Critical,8.3,306.0,49.5,2.0,17.0,0,Withdrawn
238255,CCC,2014J,Critical,8.3,219.0,45.5,2.0,48.0,0,Withdrawn
370839,CCC,2014J,Critical,8.3,562.0,52.0,4.0,24.0,0,Withdrawn
619054,BBB,2014B,Critical,8.3,80.0,52.0,1.0,5.0,0,Withdrawn
1656486,CCC,2014B,Critical,8.29,0.0,50.0,3.0,0.0,0,Withdrawn
599942,EEE,2013J,Critical,8.29,888.0,50.33,3.0,47.0,0,Withdrawn
646459,CCC,2014J,Critical,8.29,0.0,57.0,1.0,0.0,0,Withdrawn
546403,DDD,2013B,Critical,8.29,75.0,45.6,5.0,6.0,0,Withdrawn
550051,BBB,2013B,Critical,8.29,25.0,63.0,1.0,3.0,0,Withdrawn
246829,CCC,2014J,Critical,8.29,349.0,48.0,4.0,38.0,0,Withdrawn
397797,CCC,2014B,Critical,8.29,1.0,57.0,1.0,1.0,0,Withdrawn
623786,CCC,2014B,Critical,8.29,2.0,57.0,2.0,1.0,0,Withdrawn
654094,FFF,2014J,Critical,8.29,203.0,50.0,2.0,11.0,0,Withdrawn
590107,BBB,2013J,Critical,8.29,87.0,58.0,1.0,13.0,0,Withdrawn
552255,DDD,2013B,Critical,8.29,63.0,48.86,7.0,5.0,0,Withdrawn
418065,BBB,2013B,Critical,8.29,122.0,55.0,1.0,8.0,0,Withdrawn
642066,CCC,2014J,Critical,8.29,0.0,56.67,3.0,0.0,0,Withdrawn
431136,DDD,2014B,Critical,8.29,604.0,34.44,10.0,42.0,1,Withdrawn
266915,EEE,2013J,Critical,8.29,391.0,46.0,3.0,19.0,0,Withdrawn
618078,CCC,2014B,Critical,8.29,0.0,51.75,4.0,0.0,0,Withdrawn
521755,DDD,2013B,Critical,8.29,1130.0,44.0,4.0,64.0,1,Withdrawn
527533,DDD,2013B,Critical,8.29,484.0,50.0,1.0,23.0,0,Withdrawn
563718,DDD,2013J,Critical,8.29,434.0,41.33,3.0,32.0,0,Withdrawn
2161710,FFF,2014B,Critical,8.29,222.0,52.33,3.0,17.0,2,Withdrawn
619382,DDD,2014B,Critical,8.29,297.0,56.0,1.0,17.0,0,Withdrawn
574642,GGG,2013J,Critical,8.29,281.0,56.0,2.0,21.0,0,Withdrawn
633625,FFF,2014B,Critical,8.28,710.0,43.75,4.0,46.0,0,Withdrawn
645512,DDD,2014J,Critical,8.28,104.0,55.0,1.0,12.0,0,Withdrawn
552255,CCC,2014J,Critical,8.28,54.0,48.86,7.0,7.0,0,Withdrawn
622330,BBB,2014B,Critical,8.28,7.0,64.0,1.0,2.0,0,Withdrawn
591895,BBB,2013J,Critical,8.28,3.0,64.0,1.0,2.0,0,Withdrawn
374515,BBB,2014B,Critical,8.28,111.0,51.0,3.0,13.0,0,Withdrawn
475480,DDD,2013B,Critical,8.28,353.0,60.0,1.0,17.0,0,Withdrawn
559157,CCC,2014B,Critical,8.28,683.0,35.5,6.0,45.0,0,Withdrawn
680981,DDD,2014J,Critical,8.28,61.0,57.5,2.0,8.0,0,Withdrawn
624544,BBB,2014B,Critical,8.28,68.0,63.0,1.0,4.0,0,Withdrawn
582848,DDD,2013J,Critical,8.28,565.0,52.5,2.0,47.0,0,Withdrawn
617265,DDD,2014B,Critical,8.28,296.0,53.0,1.0,18.0,0,Withdrawn
509940,FFF,2013J,Critical,8.28,446.0,60.0,3.0,21.0,1,Withdrawn
572804,FFF,2014J,Critical,8.28,0.0,52.0,4.0,0.0,1,Withdrawn
589018,CCC,2014B,Critical,8.28,0.0,59.0,2.0,0.0,0,Withdrawn
679529,CCC,2014J,Critical,8.28,1035.0,47.67,3.0,33.0,0,Withdrawn
575419,CCC,2014B,Critical,8.28,198.0,48.0,4.0,10.0,0,Withdrawn
2579558,EEE,2014J,Critical,8.28,289.0,54.0,1.0,18.0,0,Withdrawn
540918,BBB,2013B,Critical,8.28,152.0,55.0,1.0,12.0,0,Withdrawn
586251,FFF,2013J,Critical,8.28,95.0,62.0,1.0,13.0,0,Withdrawn
632469,DDD,2014B,Critical,8.28,222.0,58.0,1.0,10.0,0,Withdrawn
2429854,AAA,2013J,Critical,8.27,655.0,51.0,1.0,34.0,0,Withdrawn
590812,BBB,2013J,Critical,8.27,311.0,54.0,4.0,21.0,0,Withdrawn
396673,BBB,2014J,Critical,8.27,471.0,49.0,3.0,43.0,0,Withdrawn
341855,DDD,2013J,Critical,8.27,698.0,34.31,13.0,37.0,0,Withdrawn
686034,CCC,2014J,Critical,8.27,127.0,56.0,1.0,9.0,0,Withdrawn
1850818,CCC,2014J,Critical,8.27,108.0,51.4,5.0,6.0,0,Withdrawn
682546,FFF,2014J,Critical,8.27,250.0,56.0,1.0,12.0,0,Withdrawn
504034,DDD,2013J,Critical,8.27,40.0,62.0,2.0,6.0,0,Withdrawn
1845093,DDD,2013B,Critical,8.27,345.0,56.0,4.0,36.0,1,Withdrawn
605771,BBB,2014B,Critical,8.27,0.0,50.8,5.0,0.0,0,Withdrawn
253579,DDD,2013J,Critical,8.27,400.0,42.17,6.0,33.0,0,Withdrawn
541327,FFF,2013B,Critical,8.27,332.0,51.0,4.0,19.0,0,Withdrawn
559090,BBB,2014B,Critical,8.27,13.0,54.0,1.0,3.0,0,Withdrawn
557751,DDD,2014B,Critical,8.27,0.0,57.29,7.0,0.0,1,Withdrawn
562585,CCC,2014B,Critical,8.27,121.0,49.33,3.0,7.0,0,Withdrawn
636634,FFF,2014J,Critical,8.26,531.0,58.0,1.0,19.0,0,Withdrawn
653352,CCC,2014J,Critical,8.26,76.0,54.0,4.0,3.0,0,Withdrawn
562585,DDD,2013J,Critical,8.26,104.0,49.33,3.0,14.0,0,Withdrawn
631788,GGG,2014B,Critical,8.26,9.0,65.0,1.0,2.0,0,Withdrawn
655629,FFF,2014J,Critical,8.26,304.0,60.0,1.0,10.0,0,Withdrawn
549590,BBB,2013B,Critical,8.26,127.0,57.0,1.0,4.0,0,Withdrawn
627366,FFF,2014B,Critical,8.26,155.0,60.0,1.0,11.0,0,Withdrawn
625288,EEE,2014J,Critical,8.26,439.0,54.0,1.0,19.0,0,Withdrawn
591008,FFF,2013J,Critical,8.26,269.0,53.0,2.0,11.0,0,Withdrawn
691640,DDD,2014J,Critical,8.26,190.0,43.33,3.0,15.0,0,Withdrawn
539186,DDD,2013B,Critical,8.26,379.0,38.4,10.0,29.0,0,Withdrawn
2462862,CCC,2014J,Critical,8.26,128.0,56.0,1.0,14.0,0,Withdrawn
513204,DDD,2013J,Critical,8.26,307.0,49.0,3.0,31.0,0,Withdrawn
248800,BBB,2013J,Critical,8.26,92.0,70.0,1.0,9.0,2,Withdrawn
598666,CCC,2014B,Critical,8.26,0.0,58.33,3.0,0.0,0,Withdrawn
309150,FFF,2013J,Critical,8.26,296.0,52.5,2.0,12.0,1,Withdrawn
676627,FFF,2014J,Critical,8.26,321.0,56.0,1.0,13.0,0,Withdrawn
594214,CCC,2014J,Critical,8.26,374.0,56.0,1.0,30.0,0,Withdrawn
549311,FFF,2013B,Critical,8.26,119.0,53.0,2.0,14.0,0,Withdrawn
529458,FFF,2014B,Critical,8.26,556.0,55.0,2.0,26.0,1,Withdrawn
592657,FFF,2014J,Critical,8.26,301.0,56.0,1.0,12.0,0,Withdrawn
520249,FFF,2013J,Critical,8.25,624.0,46.0,1.0,23.0,0,Withdrawn
473265,DDD,2014B,Critical,8.25,377.0,51.0,1.0,41.0,0,Withdrawn
591852,DDD,2014B,Critical,8.25,0.0,67.5,2.0,0.0,1,Withdrawn
572722,DDD,2014J,Critical,8.25,109.0,57.5,2.0,16.0,0,Withdrawn
500585,BBB,2013B,Critical,8.25,426.0,51.33,6.0,45.0,1,Withdrawn
520751,DDD,2013B,Critical,8.25,517.0,41.67,3.0,33.0,0,Withdrawn
395535,DDD,2014J,Critical,8.25,611.0,43.33,6.0,67.0,0,Withdrawn
1528232,FFF,2014B,Critical,8.25,262.0,65.67,3.0,19.0,2,Withdrawn
525189,DDD,2013J,Critical,8.25,67.0,50.0,2.0,13.0,1,Withdrawn
2494258,BBB,2014B,Critical,8.25,0.0,51.8,5.0,0.0,0,Withdrawn
674471,GGG,2014J,Critical,8.25,478.0,41.25,4.0,44.0,0,Withdrawn
603483,FFF,2014B,Critical,8.25,1164.0,45.0,2.0,19.0,0,Withdrawn
603726,DDD,2014J,Critical,8.25,114.0,50.0,2.0,12.0,0,Withdrawn
1656486,CCC,2014J,Critical,8.25,548.0,50.0,3.0,22.0,1,Withdrawn
587576,DDD,2013J,Critical,8.25,234.0,42.62,8.0,18.0,0,Withdrawn
482264,FFF,2013B,Critical,8.25,976.0,47.67,3.0,53.0,0,Withdrawn
353804,CCC,2014J,Critical,8.25,75.0,49.12,8.0,15.0,1,Withdrawn
2342238,GGG,2014J,Critical,8.25,118.0,50.0,1.0,7.0,0,Withdrawn
442442,AAA,2013J,Critical,8.25,1009.0,40.5,2.0,49.0,0,Withdrawn
2630284,FFF,2014B,Critical,8.25,270.0,75.33,3.0,19.0,5,Withdrawn
689498,FFF,2014J,Critical,8.25,191.0,62.0,1.0,25.0,0,Withdrawn
545693,FFF,2013B,Critical,8.25,737.0,52.0,2.0,26.0,0,Withdrawn
594414,DDD,2013J,Critical,8.25,472.0,43.0,6.0,33.0,0,Withdrawn
595008,DDD,2013J,Critical,8.25,412.0,53.0,1.0,28.0,0,Withdrawn
559973,BBB,2014J,Critical,8.25,313.0,57.0,3.0,21.0,0,Withdrawn
558134,DDD,2013B,Critical,8.25,45.0,53.0,1.0,7.0,0,Withdrawn
505209,DDD,2013J,Critical,8.25,114.0,58.0,1.0,27.0,0,Withdrawn
617556,BBB,2014B,Critical,8.25,44.0,65.0,1.0,4.0,0,Withdrawn
599595,FFF,2013J,Critical,8.25,965.0,49.0,3.0,32.0,0,Withdrawn
643230,DDD,2014J,Critical,8.25,129.0,52.67,3.0,14.0,0,Withdrawn
531069,DDD,2014B,Critical,8.24,372.0,40.8,10.0,27.0,2,Withdrawn
529789,DDD,2014J,Critical,8.24,25.0,65.0,1.0,8.0,1,Withdrawn
548993,DDD,2013B,Critical,8.24,343.0,44.0,2.0,26.0,0,Withdrawn
467753,CCC,2014B,Critical,8.24,256.0,51.0,4.0,12.0,0,Withdrawn
1799963,FFF,2014B,Critical,8.24,155.0,60.0,1.0,7.0,0,Withdrawn
879295,DDD,2013B,Critical,8.24,2.0,51.71,7.0,2.0,0,Withdrawn
2444109,DDD,2014B,Critical,8.24,102.0,53.5,2.0,12.0,0,Withdrawn
489990,CCC,2014J,Critical,8.24,0.0,50.83,6.0,0.0,0,Withdrawn
362877,BBB,2013B,Critical,8.24,504.0,57.0,1.0,20.0,0,Withdrawn
1033968,DDD,2014B,Critical,8.24,140.0,60.0,5.0,10.0,1,Withdrawn
588592,BBB,2014B,Critical,8.24,151.0,54.0,3.0,30.0,0,Withdrawn
47063,DDD,2013J,Critical,8.24,137.0,49.25,4.0,29.0,0,Withdrawn
535276,FFF,2013B,Critical,8.24,286.0,56.0,1.0,21.0,0,Withdrawn
490297,CCC,2014B,Critical,8.24,198.0,45.71,7.0,14.0,0,Withdrawn
633884,FFF,2014B,Critical,8.24,408.0,54.67,3.0,14.0,0,Withdrawn
617714,BBB,2014B,Critical,8.24,84.0,44.67,6.0,3.0,0,Withdrawn
368483,CCC,2014B,Critical,8.24,0.0,66.0,1.0,0.0,0,Withdrawn
618968,DDD,2014B,Critical,8.24,164.0,56.0,1.0,16.0,0,Withdrawn
239707,CCC,2014B,Critical,8.24,444.0,49.0,3.0,22.0,0,Withdrawn
609873,BBB,2013J,Critical,8.24,77.0,57.0,2.0,13.0,0,Withdrawn
233444,CCC,2014B,Critical,8.24,499.0,54.8,5.0,14.0,0,Withdrawn
504064,DDD,2013J,Critical,8.24,1.0,50.29,7.0,1.0,0,Withdrawn
628662,DDD,2014J,Critical,8.24,305.0,55.0,2.0,29.0,1,Withdrawn
696930,EEE,2014J,Critical,8.24,152.0,58.0,2.0,6.0,0,Withdrawn
546403,DDD,2014B,Critical,8.24,533.0,45.6,5.0,46.0,2,Withdrawn
682913,BBB,2014J,Critical,8.24,542.0,46.0,4.0,33.0,0,Withdrawn
1962128,FFF,2014B,Critical,8.24,14.0,59.0,4.0,2.0,1,Withdrawn
683486,DDD,2014J,Critical,8.24,446.0,55.0,2.0,46.0,0,Withdrawn
621414,CCC,2014J,Critical,8.24,523.0,44.33,6.0,27.0,0,Withdrawn
2630284,FFF,2013J,Critical,8.24,16.0,75.33,3.0,4.0,4,Withdrawn
696930,CCC,2014J,Critical,8.23,199.0,58.0,2.0,6.0,0,Withdrawn
475556,CCC,2014B,Critical,8.23,67.0,50.0,1.0,9.0,0,Withdrawn
628970,BBB,2014B,Critical,8.23,134.0,57.0,1.0,12.0,0,Withdrawn
575365,DDD,2013J,Critical,8.23,57.0,52.0,1.0,6.0,0,Withdrawn
532144,DDD,2013B,Critical,8.23,0.0,52.71,7.0,0.0,1,Withdrawn
678219,DDD,2014J,Critical,8.23,260.0,58.33,3.0,24.0,0,Withdrawn
304069,BBB,2013J,Critical,8.23,91.0,53.0,1.0,11.0,0,Withdrawn
645019,DDD,2014J,Critical,8.23,156.0,55.0,2.0,16.0,0,Withdrawn
365762,EEE,2013J,Critical,8.23,419.0,47.5,2.0,29.0,0,Withdrawn
632637,CCC,2014B,Critical,8.23,536.0,48.71,7.0,8.0,0,Withdrawn
2001102,DDD,2014B,Critical,8.23,1485.0,37.75,4.0,62.0,1,Withdrawn
694616,BBB,2014J,Critical,8.23,736.0,47.67,3.0,28.0,0,Withdrawn
79461,CCC,2014B,Critical,8.23,810.0,33.71,7.0,46.0,0,Withdrawn
573153,CCC,2014J,Critical,8.23,0.0,61.17,6.0,0.0,1,Withdrawn
695298,BBB,2014J,Critical,8.23,984.0,40.67,3.0,81.0,0,Withdrawn
620215,CCC,2014B,Critical,8.23,206.0,57.0,5.0,12.0,0,Withdrawn
484999,DDD,2013J,Critical,8.23,59.0,53.67,3.0,5.0,1,Withdrawn
563967,CCC,2014J,Critical,8.23,0.0,54.33,6.0,0.0,1,Withdrawn
508749,FFF,2013B,Critical,8.23,557.0,61.67,3.0,28.0,1,Withdrawn
591733,CCC,2014J,Critical,8.23,510.0,44.83,6.0,15.0,0,Withdrawn
609450,CCC,2014B,Critical,8.23,70.0,54.0,4.0,2.0,0,Withdrawn
547755,BBB,2013J,Critical,8.23,0.0,55.0,1.0,0.0,1,Withdrawn
492552,DDD,2013J,Critical,8.23,114.0,60.0,1.0,19.0,1,Withdrawn
642790,CCC,2014J,Critical,8.23,57.0,56.0,2.0,15.0,0,Withdrawn
530748,DDD,2013B,Critical,8.23,305.0,30.1,10.0,40.0,0,Withdrawn
622315,EEE,2014B,Critical,8.23,155.0,58.0,3.0,7.0,0,Withdrawn
601488,DDD,2013J,Critical,8.23,84.0,51.57,7.0,5.0,0,Withdrawn
279879,CCC,2014J,Critical,8.22,128.0,52.0,2.0,8.0,0,Withdrawn
500279,BBB,2013J,Critical,8.22,24.0,57.0,1.0,1.0,0,Withdrawn
391638,DDD,2013B,Critical,8.22,171.0,52.25,4.0,16.0,0,Withdrawn
641347,CCC,2014J,Critical,8.22,643.0,49.8,5.0,16.0,0,Withdrawn
578208,FFF,2013J,Critical,8.22,456.0,58.0,2.0,22.0,0,Withdrawn
147793,AAA,2013J,Critical,8.22,155.0,52.0,1.0,9.0,0,Withdrawn
330530,EEE,2013J,Critical,8.22,284.0,57.5,2.0,13.0,0,Withdrawn
542259,BBB,2013B,Critical,8.22,634.0,39.18,11.0,45.0,0,Withdrawn
576131,DDD,2013J,Critical,8.22,183.0,51.0,2.0,14.0,0,Withdrawn
571950,DDD,2013J,Critical,8.22,608.0,51.25,4.0,51.0,0,Withdrawn
584077,DDD,2014J,Critical,8.22,15.0,56.75,8.0,7.0,2,Withdrawn
556369,DDD,2013B,Critical,8.22,413.0,43.5,2.0,34.0,0,Withdrawn
2009279,CCC,2014J,Critical,8.22,150.0,53.5,6.0,5.0,0,Withdrawn
470002,EEE,2013J,Critical,8.22,0.0,52.0,3.0,0.0,0,Withdrawn
381529,FFF,2014J,Critical,8.22,453.0,58.0,1.0,12.0,0,Withdrawn
556042,CCC,2014B,Critical,8.22,218.0,56.33,3.0,8.0,0,Withdrawn
676766,DDD,2014J,Critical,8.22,364.0,42.33,6.0,49.0,0,Withdrawn
2088982,FFF,2014J,Critical,8.22,18.0,47.5,8.0,2.0,2,Withdrawn
591619,CCC,2014J,Critical,8.22,0.0,54.0,2.0,0.0,1,Withdrawn
624585,CCC,2014J,Critical,8.22,25.0,52.0,7.0,8.0,0,Withdrawn
31269,DDD,2013J,Critical,8.22,300.0,56.0,2.0,21.0,0,Withdrawn
630476,BBB,2014B,Critical,8.22,68.0,61.0,3.0,13.0,0,Withdrawn
606063,BBB,2013J,Critical,8.22,43.0,63.0,1.0,5.0,0,Withdrawn
583686,GGG,2014B,Critical,8.22,37.0,58.0,1.0,4.0,0,Withdrawn
2463282,FFF,2013J,Critical,8.22,1752.0,40.0,3.0,58.0,0,Withdrawn
675442,CCC,2014J,Critical,8.22,377.0,59.0,2.0,9.0,0,Withdrawn
237370,FFF,2014B,Critical,8.22,586.0,51.0,4.0,19.0,0,Withdrawn
33897,DDD,2013J,Critical,8.22,322.0,54.5,4.0,5.0,0,Withdrawn
87431,AAA,2014J,Critical,8.22,802.0,50.0,3.0,29.0,0,Withdrawn
680992,GGG,2014J,Critical,8.22,93.0,60.0,1.0,11.0,0,Withdrawn
105125,FFF,2014J,Critical,8.21,558.0,62.0,1.0,31.0,0,Withdrawn
587976,FFF,2013J,Critical,8.21,499.0,55.0,4.0,19.0,0,Withdrawn
2623532,DDD,2014B,Critical,8.21,623.0,51.67,3.0,37.0,0,Withdrawn
536510,BBB,2013B,Critical,8.21,170.0,60.33,3.0,21.0,0,Withdrawn
1486048,BBB,2014J,Critical,8.21,588.0,51.33,3.0,29.0,0,Withdrawn
606967,FFF,2013J,Critical,8.21,1.0,56.0,1.0,1.0,0,Withdrawn
581320,DDD,2013J,Critical,8.21,144.0,65.0,1.0,13.0,0,Withdrawn
484266,DDD,2013J,Critical,8.21,0.0,57.0,5.0,0.0,1,Withdrawn
495298,DDD,2013B,Critical,8.21,91.0,57.0,1.0,13.0,0,Withdrawn
584514,EEE,2013J,Critical,8.21,157.0,55.0,2.0,3.0,0,Withdrawn
588058,DDD,2014J,Critical,8.21,219.0,53.5,2.0,21.0,0,Withdrawn
695874,CCC,2014J,Critical,8.21,618.0,56.0,1.0,16.0,0,Withdrawn
650578,EEE,2014J,Critical,8.21,102.0,59.0,1.0,13.0,0,Withdrawn
613226,FFF,2014B,Critical,8.21,398.0,51.5,4.0,24.0,0,Withdrawn
31269,DDD,2014B,Critical,8.21,559.0,56.0,2.0,32.0,1,Withdrawn
575287,CCC,2014B,Critical,8.21,90.0,60.0,1.0,3.0,0,Withdrawn
606827,BBB,2013J,Critical,8.21,36.0,60.0,1.0,5.0,0,Withdrawn
573462,CCC,2014B,Critical,8.21,3.0,55.5,4.0,1.0,0,Withdrawn
593707,BBB,2013J,Critical,8.21,545.0,49.0,3.0,31.0,0,Withdrawn
545387,DDD,2014B,Critical,8.21,124.0,44.5,12.0,9.0,1,Withdrawn
656280,DDD,2014J,Critical,8.21,102.0,56.33,3.0,16.0,0,Withdrawn
2338535,CCC,2014J,Critical,8.21,187.0,51.8,5.0,20.0,0,Withdrawn
494866,FFF,2013B,Critical,8.21,637.0,62.0,1.0,32.0,0,Withdrawn
278600,CCC,2014J,Critical,8.21,91.0,56.0,1.0,9.0,0,Withdrawn
646359,CCC,2014J,Critical,8.21,337.0,43.33,9.0,26.0,0,Withdrawn
312518,DDD,2013B,Critical,8.21,63.0,63.0,1.0,7.0,1,Withdrawn
511890,DDD,2013J,Critical,8.21,4.0,66.0,2.0,1.0,0,Withdrawn
286484,FFF,2014B,Critical,8.21,156.0,58.67,3.0,12.0,0,Withdrawn
409663,FFF,2013B,Critical,8.21,131.0,62.0,3.0,14.0,2,Withdrawn
675947,FFF,2014J,Critical,8.21,412.0,58.0,1.0,14.0,0,Withdrawn
629459,FFF,2014B,Critical,8.2,763.0,50.0,1.0,43.0,0,Withdrawn
262294,BBB,2013B,Critical,8.2,970.0,57.0,5.0,33.0,2,Withdrawn
2639021,DDD,2014B,Critical,8.2,165.0,56.5,2.0,14.0,0,Withdrawn
642839,CCC,2014J,Critical,8.2,330.0,54.0,6.0,28.0,0,Withdrawn
582005,GGG,2013J,Critical,8.2,105.0,60.0,1.0,16.0,0,Withdrawn
611588,DDD,2014J,Critical,8.2,374.0,41.6,5.0,38.0,0,Withdrawn
527382,BBB,2013B,Critical,8.2,46.0,67.0,1.0,5.0,0,Withdrawn
464780,CCC,2014J,Critical,8.2,314.0,49.6,5.0,12.0,0,Withdrawn
605885,DDD,2013J,Critical,8.2,352.0,49.0,4.0,39.0,0,Withdrawn
588058,EEE,2014J,Critical,8.2,354.0,53.5,2.0,24.0,0,Withdrawn
654502,DDD,2014J,Critical,8.2,216.0,58.5,4.0,23.0,0,Withdrawn
695461,BBB,2014J,Critical,8.2,117.0,62.0,3.0,12.0,0,Withdrawn
502150,FFF,2014B,Critical,8.2,796.0,58.0,2.0,33.0,1,Withdrawn
281271,DDD,2013B,Critical,8.2,478.0,56.0,2.0,23.0,0,Withdrawn
623740,DDD,2014B,Critical,8.2,187.0,48.5,2.0,25.0,0,Withdrawn
627333,FFF,2014B,Critical,8.2,0.0,60.0,2.0,0.0,0,Withdrawn
548992,EEE,2013J,Critical,8.2,274.0,50.6,5.0,22.0,0,Withdrawn
646459,EEE,2014J,Critical,8.2,465.0,57.0,1.0,21.0,0,Withdrawn
612669,DDD,2014B,Critical,8.2,1006.0,48.5,2.0,56.0,0,Withdrawn
70214,CCC,2014J,Critical,8.2,369.0,45.0,5.0,18.0,0,Withdrawn
592657,CCC,2014J,Critical,8.2,751.0,56.0,1.0,14.0,0,Withdrawn
514504,CCC,2014J,Critical,8.2,460.0,50.75,4.0,46.0,0,Withdrawn
598323,DDD,2013J,Critical,8.2,194.0,51.0,1.0,20.0,0,Withdrawn
232833,CCC,2014B,Critical,8.2,151.0,48.0,2.0,18.0,0,Withdrawn
597386,FFF,2014B,Critical,8.2,352.0,65.0,2.0,26.0,1,Withdrawn
572241,CCC,2014B,Critical,8.2,0.0,64.67,3.0,0.0,0,Withdrawn
384153,DDD,2013J,Critical,8.2,807.0,50.25,4.0,57.0,0,Withdrawn
688404,EEE,2014J,Critical,8.2,453.0,61.0,1.0,17.0,0,Withdrawn
2244214,CCC,2014J,Critical,8.2,64.0,67.0,1.0,5.0,0,Withdrawn
79683,FFF,2014B,Critical,8.2,431.0,57.0,2.0,23.0,0,Withdrawn
2466123,BBB,2013B,Critical,8.2,4.0,63.0,1.0,2.0,0,Withdrawn
412175,DDD,2013J,Critical,8.19,531.0,46.25,4.0,66.0,0,Withdrawn
409120,DDD,2014J,Critical,8.19,166.0,55.8,5.0,32.0,1,Withdrawn
575080,GGG,2013J,Critical,8.19,15.0,60.0,1.0,3.0,0,Withdrawn
266097,CCC,2014J,Critical,8.19,595.0,56.0,1.0,22.0,0,Withdrawn
2698535,CCC,2014B,Critical,8.19,786.0,39.25,8.0,34.0,0,Withdrawn
544319,CCC,2014J,Critical,8.19,42.0,68.0,1.0,5.0,0,Withdrawn
507577,FFF,2014B,Critical,8.19,400.0,58.0,1.0,23.0,0,Withdrawn
614733,CCC,2014B,Critical,8.19,252.0,49.5,10.0,13.0,0,Withdrawn
638243,DDD,2014J,Critical,8.19,40.0,67.0,1.0,11.0,0,Withdrawn
626546,DDD,2014B,Critical,8.19,324.0,56.67,3.0,22.0,0,Withdrawn
624099,GGG,2014B,Critical,8.19,12.0,65.0,1.0,3.0,0,Withdrawn
2423078,BBB,2013B,Critical,8.19,5.0,70.0,2.0,1.0,1,Withdrawn
632134,CCC,2014B,Critical,8.19,114.0,60.0,2.0,9.0,0,Withdrawn
626546,DDD,2014J,Critical,8.19,439.0,56.67,3.0,42.0,1,Withdrawn
650133,CCC,2014J,Critical,8.19,102.0,56.0,1.0,5.0,0,Withdrawn
531428,BBB,2013B,Critical,8.19,90.0,66.0,1.0,4.0,1,Withdrawn
2223401,FFF,2014J,Critical,8.19,281.0,58.0,1.0,14.0,0,Withdrawn
385980,CCC,2014B,Critical,8.19,0.0,57.0,2.0,0.0,0,Withdrawn
630574,FFF,2014B,Critical,8.19,554.0,62.0,1.0,38.0,0,Withdrawn
108565,DDD,2013B,Critical,8.19,203.0,63.0,1.0,9.0,0,Withdrawn
608068,BBB,2014J,Critical,8.19,223.0,46.33,3.0,18.0,0,Withdrawn
557773,FFF,2013B,Critical,8.19,1415.0,43.33,6.0,51.0,0,Withdrawn
371888,BBB,2013J,Critical,8.19,45.0,65.0,1.0,2.0,0,Withdrawn
689896,BBB,2014J,Critical,8.19,462.0,47.0,3.0,25.0,0,Withdrawn
2109013,DDD,2014B,Critical,8.18,288.0,53.0,2.0,17.0,1,Withdrawn
381439,DDD,2014J,Critical,8.18,230.0,40.5,6.0,23.0,0,Withdrawn
398529,DDD,2013J,Critical,8.18,122.0,56.5,4.0,11.0,0,Withdrawn
381539,DDD,2013J,Critical,8.18,208.0,62.67,3.0,37.0,1,Withdrawn
402268,DDD,2014J,Critical,8.18,128.0,60.0,1.0,11.0,0,Withdrawn
294999,BBB,2013B,Critical,8.18,54.0,51.0,2.0,6.0,0,Withdrawn
635777,BBB,2014B,Critical,8.18,60.0,56.2,5.0,2.0,0,Withdrawn
95755,AAA,2014J,Critical,8.18,381.0,45.0,2.0,43.0,0,Withdrawn
169515,BBB,2013B,Critical,8.18,212.0,59.0,2.0,14.0,0,Withdrawn
680517,FFF,2014J,Critical,8.18,157.0,60.0,1.0,14.0,0,Withdrawn
653384,BBB,2014J,Critical,8.18,1114.0,45.25,4.0,46.0,0,Withdrawn
599270,DDD,2014J,Critical,8.18,73.0,62.5,2.0,7.0,0,Withdrawn
591852,DDD,2013J,Critical,8.18,0.0,67.5,2.0,0.0,0,Withdrawn
554818,BBB,2013B,Critical,8.18,17.0,61.5,5.0,4.0,0,Withdrawn
315388,DDD,2013J,Critical,8.18,165.0,62.0,1.0,9.0,1,Withdrawn
602666,BBB,2013J,Critical,8.18,25.0,58.2,5.0,2.0,0,Withdrawn
589018,EEE,2013J,Critical,8.18,463.0,59.0,2.0,24.0,0,Withdrawn
635410,CCC,2014J,Critical,8.18,92.0,51.83,6.0,9.0,0,Withdrawn
572804,FFF,2014B,Critical,8.18,105.0,52.0,4.0,13.0,0,Withdrawn
66892,FFF,2014J,Critical,8.18,329.0,66.0,1.0,17.0,1,Withdrawn
617327,CCC,2014J,Critical,8.18,63.0,46.78,9.0,7.0,0,Withdrawn
233868,DDD,2014B,Critical,8.18,581.0,46.83,6.0,32.0,0,Withdrawn
532114,BBB,2013J,Critical,8.18,80.0,60.2,5.0,10.0,0,Withdrawn
533512,BBB,2013B,Critical,8.18,0.0,55.4,5.0,0.0,0,Withdrawn
591852,DDD,2014J,Critical,8.18,469.0,67.5,2.0,27.0,2,Withdrawn
510530,DDD,2013B,Critical,8.18,1213.0,27.5,11.0,58.0,0,Withdrawn
602453,DDD,2013J,Critical,8.18,144.0,59.0,1.0,18.0,0,Withdrawn
368483,EEE,2013J,Critical,8.18,455.0,66.0,1.0,12.0,0,Withdrawn
623917,FFF,2014B,Critical,8.18,43.0,60.33,3.0,3.0,0,Withdrawn
2540168,AAA,2014J,Critical,8.17,919.0,43.33,3.0,56.0,0,Withdrawn
596052,CCC,2014J,Critical,8.17,11.0,64.0,2.0,4.0,0,Withdrawn
630540,EEE,2014B,Critical,8.17,1111.0,36.3,10.0,68.0,0,Withdrawn
589594,FFF,2013J,Critical,8.17,579.0,48.0,2.0,38.0,0,Withdrawn
474119,DDD,2014J,Critical,8.17,197.0,55.0,1.0,23.0,0,Withdrawn
536210,DDD,2013J,Critical,8.17,52.0,62.67,6.0,7.0,1,Withdrawn
311877,DDD,2013J,Critical,8.17,718.0,43.25,4.0,74.0,0,Withdrawn
602011,BBB,2013J,Critical,8.17,0.0,46.91,11.0,0.0,0,Withdrawn
620925,DDD,2014B,Critical,8.17,42.0,57.0,1.0,5.0,0,Withdrawn
476457,BBB,2013B,Critical,8.17,111.0,68.0,1.0,6.0,1,Withdrawn
2602235,CCC,2014B,Critical,8.17,135.0,48.71,7.0,9.0,0,Withdrawn
654876,EEE,2014J,Critical,8.17,182.0,53.0,1.0,8.0,0,Withdrawn
614381,FFF,2014B,Critical,8.17,837.0,53.75,4.0,36.0,0,Withdrawn
571992,CCC,2014B,Critical,8.17,111.0,55.5,4.0,12.0,0,Withdrawn
655051,EEE,2014J,Critical,8.17,58.0,50.88,8.0,7.0,0,Withdrawn
544791,CCC,2014B,Critical,8.17,175.0,55.17,6.0,10.0,0,Withdrawn
630804,FFF,2014B,Critical,8.17,744.0,55.0,4.0,28.0,0,Withdrawn
374353,FFF,2014J,Critical,8.17,900.0,60.67,3.0,24.0,0,Withdrawn
557792,FFF,2014J,Critical,8.17,189.0,61.0,2.0,11.0,1,Withdrawn
572143,DDD,2013J,Critical,8.17,118.0,63.0,1.0,19.0,0,Withdrawn
614683,DDD,2014J,Critical,8.17,182.0,60.0,1.0,13.0,0,Withdrawn
1492408,DDD,2014J,Critical,8.17,129.0,62.67,3.0,19.0,1,Withdrawn
403052,DDD,2013J,Critical,8.17,742.0,39.6,10.0,45.0,0,Fail
609242,DDD,2014J,Critical,8.17,30.0,60.75,4.0,2.0,1,Withdrawn
2421961,CCC,2014B,Critical,8.17,379.0,36.79,14.0,21.0,0,Withdrawn
645866,DDD,2014J,Critical,8.17,403.0,55.0,2.0,13.0,0,Withdrawn
577570,DDD,2013J,Critical,8.17,456.0,41.5,4.0,50.0,0,Withdrawn
644310,DDD,2014J,Critical,8.17,295.0,55.5,4.0,27.0,0,Withdrawn
497872,BBB,2014B,Critical,8.17,36.0,62.0,1.0,4.0,0,Withdrawn
514913,FFF,2013B,Critical,8.17,1323.0,49.2,5.0,52.0,0,Withdrawn
525800,DDD,2013J,Critical,8.17,183.0,62.0,1.0,24.0,1,Withdrawn
638243,CCC,2014J,Critical,8.17,183.0,67.0,1.0,14.0,0,Withdrawn
2158196,AAA,2014J,Critical,8.17,544.0,58.0,2.0,21.0,0,Withdrawn
563742,FFF,2013J,Critical,8.16,622.0,55.0,3.0,36.0,0,Withdrawn
632242,CCC,2014B,Critical,8.16,174.0,58.5,2.0,6.0,0,Withdrawn
656079,DDD,2014J,Critical,8.16,153.0,57.5,2.0,11.0,0,Withdrawn
2417433,FFF,2013J,Critical,8.16,718.0,56.25,8.0,46.0,2,Withdrawn
591650,DDD,2013J,Critical,8.16,217.0,66.0,1.0,20.0,0,Withdrawn
440751,BBB,2013J,Critical,8.16,0.0,67.0,1.0,0.0,1,Withdrawn
598666,FFF,2013J,Critical,8.16,485.0,58.33,3.0,27.0,0,Withdrawn
2328759,DDD,2014J,Critical,8.16,91.0,54.25,4.0,12.0,0,Withdrawn
641305,DDD,2014J,Critical,8.16,99.0,60.0,1.0,20.0,0,Withdrawn
694705,DDD,2014J,Critical,8.16,93.0,58.5,2.0,19.0,0,Withdrawn
625790,CCC,2014B,Critical,8.16,366.0,44.0,6.0,28.0,0,Withdrawn
601289,DDD,2013J,Critical,8.16,951.0,40.6,5.0,74.0,0,Withdrawn
33387,DDD,2013J,Critical,8.16,248.0,59.0,3.0,22.0,1,Withdrawn
505520,CCC,2014B,Critical,8.16,181.0,52.67,3.0,9.0,0,Withdrawn
694705,CCC,2014J,Critical,8.16,271.0,58.5,2.0,16.0,0,Withdrawn
2410140,GGG,2014B,Critical,8.16,28.0,57.5,2.0,6.0,0,Withdrawn
647406,CCC,2014J,Critical,8.16,441.0,64.0,2.0,17.0,0,Withdrawn
512335,FFF,2013J,Critical,8.16,2740.0,47.0,4.0,48.0,2,Withdrawn
490443,CCC,2014J,Critical,8.16,1.0,68.5,2.0,1.0,0,Withdrawn
512883,BBB,2013J,Critical,8.16,88.0,55.5,10.0,11.0,2,Withdrawn
2411981,FFF,2014J,Critical,8.16,0.0,67.0,1.0,0.0,0,Withdrawn
500099,FFF,2013J,Critical,8.16,446.0,66.0,2.0,33.0,1,Withdrawn
1468838,CCC,2014J,Critical,8.16,188.0,55.8,5.0,10.0,1,Withdrawn
602030,CCC,2014B,Critical,8.16,930.0,38.14,7.0,47.0,0,Withdrawn
591566,CCC,2014B,Critical,8.16,301.0,56.67,6.0,21.0,0,Withdrawn
689786,EEE,2014J,Critical,8.16,530.0,48.75,4.0,30.0,0,Withdrawn
365893,DDD,2013J,Critical,8.16,194.0,52.67,9.0,17.0,0,Withdrawn
2229785,DDD,2013B,Critical,8.15,246.0,61.0,1.0,13.0,0,Withdrawn
581708,CCC,2014J,Critical,8.15,487.0,50.14,7.0,29.0,0,Withdrawn
623917,FFF,2014J,Critical,8.15,455.0,60.33,3.0,30.0,1,Withdrawn
95356,DDD,2014B,Critical,8.15,76.0,47.58,12.0,22.0,1,Withdrawn
524170,CCC,2014J,Critical,8.15,244.0,56.0,2.0,12.0,0,Withdrawn
584077,CCC,2014J,Critical,8.15,82.0,56.75,8.0,9.0,1,Withdrawn
573481,FFF,2014J,Critical,8.15,41.0,67.0,1.0,2.0,1,Withdrawn
530113,CCC,2014B,Critical,8.15,192.0,60.0,1.0,9.0,0,Withdrawn
102209,CCC,2014J,Critical,8.15,535.0,54.33,3.0,27.0,0,Withdrawn
2551932,AAA,2014J,Critical,8.15,539.0,50.0,2.0,63.0,0,Withdrawn
138407,BBB,2014J,Critical,8.15,942.0,49.67,3.0,45.0,0,Withdrawn
556751,DDD,2013J,Critical,8.15,256.0,45.2,5.0,27.0,0,Withdrawn
70827,EEE,2014J,Critical,8.15,269.0,62.0,1.0,18.0,0,Withdrawn
385980,CCC,2014J,Critical,8.15,358.0,57.0,2.0,27.0,1,Withdrawn
378576,CCC,2014J,Critical,8.15,897.0,45.5,2.0,54.0,0,Withdrawn
575200,DDD,2014J,Critical,8.15,201.0,60.0,2.0,20.0,0,Withdrawn
471189,DDD,2014B,Critical,8.15,299.0,58.0,1.0,16.0,1,Withdrawn
651089,BBB,2014J,Critical,8.15,881.0,50.33,3.0,57.0,0,Withdrawn
587403,DDD,2014B,Critical,8.15,79.0,58.0,1.0,14.0,1,Withdrawn
525762,DDD,2013B,Critical,8.15,340.0,44.0,8.0,31.0,0,Withdrawn
401947,DDD,2013J,Critical,8.15,95.0,61.0,2.0,4.0,0,Withdrawn
1453140,BBB,2014J,Critical,8.15,227.0,58.0,3.0,19.0,1,Withdrawn
614813,BBB,2014B,Critical,8.15,205.0,62.0,3.0,23.0,0,Withdrawn
682025,FFF,2014J,Critical,8.15,295.0,62.0,2.0,22.0,0,Withdrawn
628214,CCC,2014B,Critical,8.15,85.0,56.0,2.0,6.0,0,Withdrawn
630540,CCC,2014B,Critical,8.15,1291.0,36.3,10.0,60.0,0,Withdrawn
589569,DDD,2013J,Critical,8.15,0.0,62.5,2.0,0.0,0,Withdrawn
654684,FFF,2014J,Critical,8.15,1068.0,46.2,5.0,60.0,0,Withdrawn
546299,DDD,2014B,Critical,8.15,192.0,42.38,9.0,20.0,0,Withdrawn
653051,FFF,2014J,Critical,8.15,0.0,48.57,7.0,0.0,0,Withdrawn
281799,DDD,2014J,Critical,8.15,89.0,67.5,2.0,6.0,0,Withdrawn
433508,CCC,2014J,Critical,8.14,59.0,54.0,6.0,11.0,0,Withdrawn
537463,DDD,2014J,Critical,8.14,204.0,60.0,1.0,13.0,0,Withdrawn
1765045,FFF,2014J,Critical,8.14,351.0,60.0,1.0,26.0,0,Withdrawn
468623,FFF,2014J,Critical,8.14,18.0,56.0,1.0,3.0,0,Withdrawn
501897,CCC,2014J,Critical,8.14,92.0,59.4,5.0,7.0,0,Withdrawn
2630469,CCC,2014J,Critical,8.14,152.0,56.0,1.0,8.0,0,Withdrawn
478718,BBB,2013B,Critical,8.14,59.0,65.0,1.0,5.0,0,Withdrawn
316061,FFF,2014J,Critical,8.14,0.0,76.0,2.0,0.0,2,Withdrawn
1683192,FFF,2014J,Critical,8.14,325.0,68.0,1.0,17.0,1,Withdrawn
600615,FFF,2013J,Critical,8.14,648.0,60.0,4.0,32.0,0,Withdrawn
604142,FFF,2014J,Critical,8.14,3.0,69.0,4.0,3.0,1,Withdrawn
692479,BBB,2014J,Critical,8.14,402.0,50.5,2.0,22.0,0,Withdrawn
626444,CCC,2014B,Critical,8.14,90.0,61.0,1.0,11.0,0,Withdrawn
628308,FFF,2014J,Critical,8.14,339.0,61.0,2.0,32.0,0,Withdrawn
324614,BBB,2013J,Critical,8.14,161.0,62.25,4.0,16.0,2,Withdrawn
556911,FFF,2013B,Critical,8.14,653.0,58.0,2.0,24.0,0,Withdrawn
686448,FFF,2014J,Critical,8.14,174.0,60.0,1.0,7.0,0,Withdrawn
646700,DDD,2014J,Critical,8.14,433.0,55.0,2.0,49.0,0,Withdrawn
470914,CCC,2014J,Critical,8.14,275.0,44.7,10.0,18.0,0,Withdrawn
1683192,FFF,2014B,Critical,8.14,0.0,68.0,1.0,0.0,0,Withdrawn
285412,CCC,2014J,Critical,8.14,306.0,50.12,8.0,16.0,0,Withdrawn
570954,EEE,2014J,Critical,8.14,744.0,58.5,4.0,32.0,1,Withdrawn
608206,DDD,2013J,Critical,8.14,514.0,54.5,2.0,38.0,0,Withdrawn
548825,DDD,2013J,Critical,8.14,566.0,40.83,6.0,46.0,0,Withdrawn
260355,AAA,2014J,Critical,8.14,0.0,57.5,3.0,0.0,1,Withdrawn
1307784,CCC,2014B,Critical,8.14,324.0,58.67,3.0,16.0,0,Withdrawn
653183,FFF,2014J,Critical,8.14,352.0,64.0,1.0,11.0,0,Withdrawn
527601,FFF,2013B,Critical,8.14,673.0,52.2,5.0,14.0,0,Withdrawn
539060,DDD,2014B,Critical,8.14,317.0,65.0,1.0,31.0,0,Withdrawn
682671,FFF,2014J,Critical,8.14,506.0,60.0,1.0,24.0,0,Withdrawn
561113,CCC,2014J,Critical,8.14,294.0,60.33,3.0,17.0,0,Withdrawn
573473,CCC,2014J,Critical,8.14,195.0,45.8,10.0,14.0,0,Withdrawn
2348120,FFF,2013B,Critical,8.14,960.0,59.33,3.0,46.0,1,Withdrawn
646841,CCC,2014J,Critical,8.14,158.0,67.5,2.0,8.0,0,Withdrawn
631749,DDD,2014B,Critical,8.14,165.0,54.0,1.0,21.0,0,Withdrawn
590028,GGG,2013J,Critical,8.14,43.0,60.0,1.0,4.0,0,Withdrawn
2494338,FFF,2014B,Critical,8.14,279.0,62.0,1.0,24.0,0,Withdrawn
571630,FFF,2013J,Critical,8.14,588.0,62.0,1.0,19.0,0,Withdrawn
627379,FFF,2014B,Critical,8.14,0.0,66.0,1.0,0.0,0,Withdrawn
595396,DDD,2014J,Critical,8.14,51.0,49.33,9.0,4.0,1,Withdrawn
2045139,DDD,2013J,Critical,8.14,225.0,52.0,2.0,20.0,0,Withdrawn
618252,FFF,2014J,Critical,8.14,506.0,68.0,1.0,16.0,0,Withdrawn
521032,FFF,2014B,Critical,8.14,0.0,66.0,1.0,0.0,0,Withdrawn
2484189,EEE,2014J,Critical,8.14,154.0,59.0,1.0,10.0,0,Withdrawn
694304,EEE,2014J,Critical,8.14,673.0,61.0,3.0,29.0,0,Withdrawn
470002,CCC,2014B,Critical,8.13,372.0,52.0,3.0,17.0,0,Withdrawn
548132,DDD,2013B,Critical,8.13,433.0,57.0,1.0,19.0,0,Withdrawn
632486,CCC,2014B,Critical,8.13,53.0,62.5,2.0,3.0,0,Withdrawn
589963,DDD,2013J,Critical,8.13,150.0,53.0,7.0,14.0,0,Withdrawn
599644,BBB,2014J,Critical,8.13,21.0,60.8,5.0,1.0,1,Withdrawn
573712,DDD,2013J,Critical,8.13,766.0,62.0,1.0,37.0,0,Withdrawn
490297,DDD,2013J,Critical,8.13,466.0,45.71,7.0,44.0,0,Withdrawn
577551,CCC,2014J,Critical,8.13,269.0,50.57,7.0,19.0,0,Withdrawn
675050,DDD,2014J,Critical,8.13,199.0,51.0,3.0,30.0,0,Withdrawn
548872,DDD,2013B,Critical,8.13,62.0,67.0,1.0,7.0,0,Withdrawn
513246,DDD,2013B,Critical,8.13,545.0,57.0,3.0,37.0,1,Withdrawn
118578,DDD,2014B,Critical,8.13,0.0,59.75,4.0,0.0,1,Withdrawn
630573,EEE,2014B,Critical,8.13,260.0,56.33,3.0,16.0,0,Withdrawn
624187,FFF,2014B,Critical,8.13,1303.0,47.0,2.0,45.0,0,Withdrawn
570377,CCC,2014B,Critical,8.13,49.0,69.5,2.0,1.0,0,Withdrawn
558471,CCC,2014B,Critical,8.13,663.0,61.0,2.0,15.0,0,Withdrawn
566134,DDD,2014J,Critical,8.13,45.0,60.0,9.0,5.0,1,Withdrawn
479347,DDD,2013B,Critical,8.13,274.0,53.0,1.0,28.0,0,Withdrawn
305702,DDD,2013J,Critical,8.13,173.0,50.62,9.0,18.0,1,Withdrawn
153788,CCC,2014J,Critical,8.13,0.0,66.5,4.0,0.0,1,Withdrawn
2552472,AAA,2013J,Critical,8.12,519.0,53.5,2.0,13.0,0,Withdrawn
468623,CCC,2014J,Critical,8.12,157.0,56.0,1.0,4.0,0,Withdrawn
440323,CCC,2014B,Critical,8.12,918.0,48.83,6.0,71.0,0,Withdrawn
274947,AAA,2014J,Critical,8.12,251.0,54.0,5.0,26.0,0,Withdrawn
622218,FFF,2014B,Critical,8.12,1443.0,52.0,3.0,45.0,0,Withdrawn
624384,EEE,2014B,Critical,8.12,48.0,63.0,1.0,6.0,0,Withdrawn
581016,BBB,2013J,Critical,8.12,0.0,58.4,5.0,0.0,0,Withdrawn
604228,FFF,2013J,Critical,8.12,588.0,60.0,2.0,16.0,0,Withdrawn
600181,CCC,2014B,Critical,8.12,244.0,55.0,3.0,6.0,0,Withdrawn
605269,FFF,2013J,Critical,8.12,507.0,52.6,5.0,33.0,0,Withdrawn
632641,CCC,2014B,Critical,8.12,142.0,62.8,5.0,10.0,0,Withdrawn
652292,DDD,2014J,Critical,8.12,406.0,54.5,5.0,34.0,0,Withdrawn
643542,DDD,2014J,Critical,8.12,334.0,60.0,1.0,37.0,0,Withdrawn
632190,CCC,2014B,Critical,8.12,649.0,53.5,2.0,26.0,0,Withdrawn
2581800,FFF,2013B,Critical,8.12,195.0,66.0,1.0,7.0,0,Withdrawn
640552,FFF,2014J,Critical,8.12,86.0,64.0,1.0,9.0,0,Withdrawn
430625,FFF,2014B,Critical,8.12,667.0,60.33,3.0,35.0,2,Withdrawn
1937511,CCC,2014B,Critical,8.12,606.0,60.0,1.0,19.0,0,Withdrawn
596052,FFF,2014J,Critical,8.12,506.0,64.0,2.0,14.0,0,Withdrawn
611520,DDD,2014B,Critical,8.12,894.0,45.75,4.0,38.0,0,Withdrawn
2631298,BBB,2014J,Critical,8.12,700.0,52.25,4.0,38.0,0,Withdrawn
2692101,DDD,2013B,Critical,8.12,318.0,55.2,5.0,11.0,0,Withdrawn
573554,BBB,2014J,Critical,8.12,0.0,56.25,8.0,0.0,0,Withdrawn
573153,CCC,2014B,Critical,8.12,125.0,61.17,6.0,12.0,0,Withdrawn
630999,BBB,2014B,Critical,8.12,44.0,54.0,2.0,9.0,0,Withdrawn
528220,BBB,2013B,Critical,8.12,294.0,64.2,5.0,15.0,1,Withdrawn
503100,DDD,2013B,Critical,8.12,173.0,54.25,4.0,14.0,0,Withdrawn
564000,DDD,2014J,Critical,8.12,563.0,49.8,5.0,36.0,1,Withdrawn
2595457,DDD,2014B,Critical,8.12,184.0,52.0,6.0,11.0,0,Withdrawn
285637,CCC,2014J,Critical,8.12,196.0,53.83,6.0,14.0,0,Withdrawn
27417,DDD,2014J,Critical,8.12,100.0,50.62,8.0,12.0,1,Withdrawn
556882,BBB,2013B,Critical,8.11,405.0,63.0,1.0,15.0,0,Withdrawn
2556345,DDD,2014J,Critical,8.11,32.0,72.75,4.0,6.0,2,Withdrawn
656145,FFF,2014J,Critical,8.11,202.0,61.0,2.0,19.0,0,Withdrawn
653060,DDD,2014J,Critical,8.11,51.0,65.0,1.0,4.0,0,Withdrawn
542394,DDD,2013B,Critical,8.11,305.0,54.33,6.0,20.0,0,Withdrawn
625983,DDD,2014B,Critical,8.11,427.0,48.0,4.0,36.0,0,Withdrawn
575459,FFF,2013J,Critical,8.11,604.0,66.0,2.0,26.0,0,Withdrawn
262391,CCC,2014B,Critical,8.11,463.0,59.0,2.0,21.0,0,Withdrawn
677867,FFF,2014J,Critical,8.11,2959.0,47.0,2.0,65.0,0,Withdrawn
387289,DDD,2013B,Critical,8.11,1165.0,35.8,10.0,74.0,0,Withdrawn
445749,DDD,2013J,Critical,8.11,184.0,66.0,1.0,18.0,0,Withdrawn
468386,DDD,2014B,Critical,8.11,177.0,69.5,5.0,13.0,2,Withdrawn
604258,FFF,2013J,Critical,8.11,740.0,58.0,2.0,34.0,0,Withdrawn
469614,CCC,2014J,Critical,8.11,51.0,58.33,6.0,12.0,1,Withdrawn
425714,CCC,2014B,Critical,8.11,0.0,66.0,1.0,0.0,0,Withdrawn
471018,CCC,2014B,Critical,8.11,163.0,57.5,3.0,6.0,0,Withdrawn
127179,FFF,2014J,Critical,8.11,358.0,69.0,2.0,8.0,0,Withdrawn
2203216,GGG,2014J,Critical,8.11,232.0,55.0,1.0,15.0,0,Withdrawn
642439,BBB,2014J,Critical,8.11,202.0,55.6,5.0,15.0,0,Withdrawn
323659,DDD,2014B,Critical,8.11,1189.0,40.5,6.0,87.0,0,Withdrawn
620320,CCC,2014B,Critical,8.11,0.0,65.67,3.0,0.0,0,Withdrawn
234196,FFF,2013B,Critical,8.11,117.0,64.0,1.0,13.0,0,Withdrawn
536145,DDD,2013B,Critical,8.11,179.0,57.5,2.0,19.0,0,Withdrawn
2648271,DDD,2013J,Critical,8.11,57.0,60.0,2.0,3.0,1,Withdrawn
584711,CCC,2014J,Critical,8.11,170.0,61.0,2.0,19.0,0,Withdrawn
629029,BBB,2014B,Critical,8.11,0.0,54.64,11.0,0.0,0,Withdrawn
598123,DDD,2014J,Critical,8.11,23.0,67.0,2.0,2.0,1,Withdrawn
571389,CCC,2014B,Critical,8.11,321.0,64.5,2.0,12.0,0,Withdrawn
547571,CCC,2014B,Critical,8.11,395.0,58.67,3.0,24.0,0,Withdrawn
508615,DDD,2013J,Critical,8.11,433.0,54.17,6.0,27.0,1,Withdrawn
434478,GGG,2013J,Critical,8.11,47.0,60.0,1.0,4.0,0,Withdrawn
521032,FFF,2014J,Critical,8.11,584.0,66.0,1.0,28.0,1,Withdrawn
2030117,CCC,2014B,Critical,8.11,321.0,48.33,6.0,14.0,0,Withdrawn
596203,FFF,2014J,Critical,8.11,882.0,65.0,2.0,28.0,0,Withdrawn
128348,DDD,2014B,Critical,8.11,493.0,52.5,2.0,36.0,0,Withdrawn
534944,FFF,2013B,Critical,8.1,151.0,60.0,1.0,9.0,0,Withdrawn
535390,FFF,2013B,Critical,8.1,948.0,56.25,4.0,34.0,0,Withdrawn
630005,CCC,2014B,Critical,8.1,640.0,54.0,2.0,54.0,0,Withdrawn
625423,CCC,2014B,Critical,8.1,394.0,66.0,2.0,25.0,0,Withdrawn
269076,BBB,2013B,Critical,8.1,585.0,64.0,1.0,39.0,1,Withdrawn
532441,GGG,2014B,Critical,8.1,206.0,63.5,2.0,18.0,0,Withdrawn
272617,BBB,2014J,Critical,8.1,71.0,71.8,5.0,2.0,3,Withdrawn
524020,DDD,2014J,Critical,8.1,0.0,70.0,1.0,0.0,1,Withdrawn
253496,CCC,2014J,Critical,8.1,510.0,53.12,8.0,39.0,0,Withdrawn
479753,CCC,2014B,Critical,8.1,324.0,57.0,6.0,15.0,0,Withdrawn
575941,FFF,2013J,Critical,8.1,519.0,62.0,1.0,25.0,0,Withdrawn
576466,FFF,2013J,Critical,8.1,202.0,65.0,1.0,9.0,0,Withdrawn
690669,DDD,2014J,Critical,8.1,380.0,55.0,2.0,28.0,0,Withdrawn
607286,BBB,2013J,Critical,8.1,134.0,71.0,1.0,9.0,0,Withdrawn
642790,FFF,2014J,Critical,8.1,1402.0,56.0,2.0,40.0,0,Withdrawn
606407,FFF,2013J,Critical,8.1,125.0,72.0,1.0,8.0,0,Withdrawn
595119,FFF,2013J,Critical,8.1,358.0,62.0,1.0,25.0,0,Withdrawn
519358,DDD,2013J,Critical,8.1,83.0,63.0,2.0,9.0,0,Withdrawn
534018,FFF,2014J,Critical,8.1,472.0,64.0,1.0,21.0,0,Withdrawn
561519,FFF,2014J,Critical,8.1,0.0,63.0,3.0,0.0,0,Withdrawn
2478799,CCC,2014B,Critical,8.1,227.0,51.5,4.0,14.0,0,Withdrawn
600181,EEE,2014B,Critical,8.1,359.0,55.0,3.0,11.0,0,Withdrawn
545944,FFF,2013J,Critical,8.1,418.0,66.0,3.0,18.0,1,Withdrawn
2488713,CCC,2014B,Critical,8.1,290.0,60.0,1.0,13.0,0,Withdrawn
484999,DDD,2013B,Critical,8.1,237.0,53.67,3.0,24.0,0,Withdrawn
28952,CCC,2014J,Critical,8.1,105.0,59.5,2.0,12.0,0,Withdrawn
589582,DDD,2013J,Critical,8.1,650.0,56.67,3.0,41.0,0,Withdrawn
522878,DDD,2013B,Critical,8.1,979.0,40.0,10.0,51.0,1,Withdrawn
1894419,CCC,2014B,Critical,8.1,472.0,48.5,4.0,25.0,0,Withdrawn
636628,CCC,2014J,Critical,8.1,108.0,67.0,1.0,4.0,0,Withdrawn
80491,CCC,2014J,Critical,8.1,330.0,51.8,5.0,43.0,0,Withdrawn
528175,BBB,2013B,Critical,8.1,224.0,60.5,2.0,22.0,0,Withdrawn
584077,DDD,2014B,Critical,8.1,210.0,56.75,8.0,18.0,1,Withdrawn
1468838,CCC,2014B,Critical,8.1,85.0,55.8,5.0,11.0,0,Withdrawn
1962128,FFF,2013J,Critical,8.1,363.0,59.0,4.0,23.0,0,Withdrawn
548500,DDD,2014B,Critical,8.1,545.0,55.0,3.0,44.0,1,Withdrawn
595246,FFF,2014J,Critical,8.1,123.0,70.0,2.0,10.0,1,Withdrawn
622027,CCC,2014J,Critical,8.1,326.0,51.43,7.0,31.0,0,Withdrawn
585301,FFF,2014J,Critical,8.1,8.0,65.75,4.0,3.0,1,Withdrawn
419536,CCC,2014B,Critical,8.09,174.0,60.0,1.0,10.0,0,Withdrawn
135999,DDD,2014J,Critical,8.09,188.0,55.0,1.0,19.0,0,Withdrawn
416500,CCC,2014B,Critical,8.09,178.0,44.0,8.0,8.0,0,Withdrawn
626444,EEE,2014B,Critical,8.09,286.0,61.0,1.0,22.0,0,Withdrawn
502929,CCC,2014B,Critical,8.09,618.0,42.2,10.0,39.0,0,Withdrawn
85325,DDD,2013J,Critical,8.09,81.0,59.0,1.0,6.0,0,Withdrawn
524431,EEE,2014J,Critical,8.09,15.0,66.2,5.0,2.0,0,Withdrawn
567681,EEE,2014J,Critical,8.09,177.0,59.0,3.0,4.0,0,Withdrawn
1771053,BBB,2013J,Critical,8.09,96.0,60.0,2.0,10.0,1,Withdrawn
280541,DDD,2013J,Critical,8.09,35.0,64.0,1.0,7.0,0,Withdrawn
2621734,CCC,2014B,Critical,8.09,6.0,53.67,12.0,4.0,0,Withdrawn
2626417,FFF,2014J,Critical,8.09,342.0,76.0,1.0,3.0,3,Withdrawn
567281,DDD,2014J,Critical,8.09,101.0,62.5,2.0,16.0,0,Withdrawn
632847,BBB,2014B,Critical,8.09,68.0,65.0,1.0,9.0,0,Withdrawn
562619,DDD,2014J,Critical,8.09,807.0,55.0,1.0,24.0,0,Withdrawn
563967,CCC,2014B,Critical,8.09,264.0,54.33,6.0,17.0,0,Withdrawn
547685,CCC,2014B,Critical,8.09,0.0,65.5,2.0,0.0,0,Withdrawn
2449490,FFF,2014J,Critical,8.09,380.0,66.0,1.0,13.0,0,Withdrawn
697948,CCC,2014J,Critical,8.09,216.0,50.5,8.0,22.0,0,Withdrawn
631293,DDD,2014J,Critical,8.09,198.0,62.5,2.0,22.0,0,Withdrawn
519100,DDD,2013J,Critical,8.09,125.0,60.67,3.0,16.0,0,Withdrawn
524431,CCC,2014J,Critical,8.09,2.0,66.2,5.0,2.0,0,Withdrawn
637089,CCC,2014J,Critical,8.09,374.0,53.75,4.0,9.0,0,Withdrawn
608772,DDD,2014B,Critical,8.09,705.0,51.0,2.0,56.0,0,Withdrawn
606802,DDD,2014B,Critical,8.09,382.0,63.0,2.0,23.0,0,Withdrawn
596614,EEE,2013J,Critical,8.09,1501.0,48.5,2.0,57.0,0,Withdrawn
599263,EEE,2013J,Critical,8.09,0.0,49.56,9.0,0.0,0,Withdrawn
632260,CCC,2014J,Critical,8.09,151.0,67.0,1.0,20.0,1,Withdrawn
2637000,CCC,2014J,Critical,8.09,301.0,50.0,4.0,25.0,0,Withdrawn
542476,DDD,2013B,Critical,8.09,613.0,35.82,11.0,37.0,0,Withdrawn
677701,FFF,2014J,Critical,8.09,624.0,60.0,1.0,27.0,0,Withdrawn
564712,DDD,2014B,Critical,8.09,569.0,56.0,1.0,27.0,0,Withdrawn
632260,CCC,2014B,Critical,8.09,0.0,67.0,1.0,0.0,0,Withdrawn
544499,DDD,2014B,Critical,8.09,103.0,70.0,2.0,9.0,2,Withdrawn
548922,CCC,2014J,Critical,8.09,101.0,67.0,1.0,9.0,0,Withdrawn
604559,CCC,2014B,Critical,8.09,0.0,57.0,2.0,0.0,0,Withdrawn
607533,FFF,2014J,Critical,8.09,1.0,70.0,1.0,1.0,1,Withdrawn
516047,EEE,2013J,Critical,8.09,163.0,72.0,1.0,9.0,0,Withdrawn
637075,DDD,2014J,Critical,8.09,230.0,65.0,1.0,17.0,0,Withdrawn
585372,DDD,2014B,Critical,8.09,305.0,60.0,3.0,33.0,0,Withdrawn
2499949,FFF,2013J,Critical,8.09,125.0,72.0,1.0,10.0,0,Withdrawn
627500,CCC,2014B,Critical,8.09,228.0,52.5,4.0,11.0,0,Withdrawn
685000,BBB,2014J,Critical,8.09,954.0,50.33,3.0,38.0,0,Withdrawn
632260,DDD,2014B,Critical,8.09,0.0,67.0,1.0,0.0,0,Withdrawn
165823,BBB,2013J,Critical,8.09,74.0,65.0,1.0,12.0,0,Withdrawn
353979,CCC,2014B,Critical,8.09,71.0,49.25,12.0,7.0,0,Withdrawn
607427,CCC,2014J,Critical,8.09,65.0,64.0,1.0,6.0,0,Withdrawn
325497,CCC,2014J,Critical,8.09,93.0,54.27,11.0,7.0,1,Withdrawn
152153,BBB,2013B,Critical,8.09,500.0,52.29,7.0,31.0,1,Withdrawn
573481,FFF,2013J,Critical,8.09,6.0,67.0,1.0,1.0,0,Withdrawn
535220,DDD,2013J,Critical,8.09,148.0,41.44,9.0,15.0,0,Withdrawn
376758,DDD,2014J,Critical,8.08,264.0,59.0,5.0,23.0,0,Withdrawn
305036,CCC,2014J,Critical,8.08,223.0,54.33,6.0,11.0,0,Withdrawn
621459,GGG,2014B,Critical,8.08,119.0,62.5,2.0,14.0,0,Withdrawn
626927,GGG,2014B,Critical,8.08,120.0,56.5,2.0,9.0,0,Withdrawn
2411981,DDD,2014B,Critical,8.08,297.0,67.0,1.0,38.0,1,Withdrawn
545918,FFF,2013B,Critical,8.08,278.0,58.0,2.0,27.0,0,Withdrawn
650717,FFF,2014J,Critical,8.08,1023.0,61.0,2.0,29.0,0,Withdrawn
573481,CCC,2014J,Critical,8.08,64.0,67.0,1.0,3.0,0,Withdrawn
2202076,CCC,2014J,Critical,8.08,328.0,50.5,8.0,11.0,1,Withdrawn
2528352,BBB,2013B,Critical,8.08,0.0,63.8,5.0,0.0,1,Withdrawn
649036,FFF,2014J,Critical,8.08,125.0,56.0,2.0,8.0,0,Withdrawn
634035,DDD,2014J,Critical,8.08,435.0,55.0,3.0,45.0,0,Withdrawn
617993,DDD,2014J,Critical,8.08,212.0,60.0,3.0,20.0,0,Withdrawn
2088982,FFF,2013J,Critical,8.08,271.0,47.5,8.0,26.0,1,Withdrawn
536663,BBB,2013J,Critical,8.08,89.0,64.0,1.0,8.0,0,Withdrawn
2126013,DDD,2013B,Critical,8.08,872.0,44.0,8.0,74.0,0,Withdrawn
599937,CCC,2014B,Critical,8.08,127.0,60.0,5.0,12.0,0,Withdrawn
543926,BBB,2013B,Critical,8.08,215.0,61.0,4.0,21.0,0,Withdrawn
540568,BBB,2013B,Critical,8.08,0.0,62.0,4.0,0.0,0,Withdrawn
591619,CCC,2014B,Critical,8.08,280.0,54.0,2.0,16.0,0,Withdrawn
619964,DDD,2014B,Critical,8.08,242.0,65.0,2.0,19.0,0,Withdrawn
631561,BBB,2014B,Critical,8.08,59.0,56.83,6.0,8.0,0,Withdrawn
548383,CCC,2014B,Critical,8.08,115.0,66.0,1.0,18.0,0,Withdrawn
600554,DDD,2014J,Critical,8.08,186.0,65.0,1.0,21.0,0,Withdrawn
2411981,DDD,2013J,Critical,8.08,187.0,67.0,1.0,21.0,0,Withdrawn
496154,DDD,2013J,Critical,8.08,88.0,57.6,5.0,6.0,0,Withdrawn
509501,DDD,2013J,Critical,8.08,90.0,62.5,2.0,8.0,0,Withdrawn
499244,FFF,2014B,Critical,8.08,0.0,64.0,4.0,0.0,2,Withdrawn
2681471,DDD,2013J,Critical,8.08,464.0,48.75,4.0,54.0,0,Withdrawn
580689,CCC,2014B,Critical,8.08,210.0,61.2,5.0,11.0,0,Withdrawn
628214,EEE,2014B,Critical,8.08,428.0,56.0,2.0,22.0,0,Withdrawn
643434,CCC,2014J,Critical,8.08,455.0,57.14,7.0,32.0,0,Withdrawn
684498,EEE,2014J,Critical,8.08,1.0,46.5,8.0,1.0,0,Withdrawn
618124,FFF,2014B,Critical,8.08,841.0,46.83,6.0,56.0,0,Withdrawn
562490,DDD,2013J,Critical,8.08,680.0,48.4,5.0,72.0,0,Withdrawn
504552,DDD,2013J,Critical,8.08,89.0,60.0,2.0,12.0,0,Withdrawn
523817,DDD,2014J,Critical,8.08,18.0,57.0,2.0,3.0,0,Withdrawn
430279,DDD,2013B,Critical,8.08,690.0,54.5,2.0,32.0,0,Withdrawn
490443,EEE,2014J,Critical,8.08,314.0,68.5,2.0,20.0,0,Withdrawn
2648271,DDD,2014J,Critical,8.07,402.0,60.0,2.0,28.0,2,Withdrawn
532575,FFF,2013B,Critical,8.07,307.0,63.0,2.0,19.0,0,Withdrawn
2238424,FFF,2013J,Critical,8.07,395.0,68.0,1.0,16.0,0,Withdrawn
596420,DDD,2014J,Critical,8.07,334.0,58.33,3.0,27.0,0,Withdrawn
511890,DDD,2014B,Critical,8.07,502.0,66.0,2.0,51.0,1,Withdrawn
642230,DDD,2014J,Critical,8.07,282.0,55.0,1.0,19.0,0,Withdrawn
557608,CCC,2014J,Critical,8.07,264.0,61.33,3.0,12.0,0,Withdrawn
680410,FFF,2014J,Critical,8.07,290.0,72.0,1.0,14.0,0,Withdrawn
646391,DDD,2014J,Critical,8.07,101.0,65.0,2.0,17.0,0,Withdrawn
540155,FFF,2014J,Critical,8.07,0.0,68.0,2.0,0.0,1,Withdrawn
531243,DDD,2014B,Critical,8.07,97.0,59.0,1.0,13.0,0,Withdrawn
631929,CCC,2014B,Critical,8.07,138.0,70.0,1.0,4.0,0,Withdrawn
617942,CCC,2014B,Critical,8.07,740.0,55.0,2.0,43.0,0,Withdrawn
151587,AAA,2014J,Critical,8.07,166.0,67.0,3.0,27.0,0,Withdrawn
610684,CCC,2014J,Critical,8.07,338.0,60.4,5.0,17.0,0,Withdrawn
566664,CCC,2014J,Critical,8.07,155.0,62.6,5.0,8.0,1,Withdrawn
508594,DDD,2014B,Critical,8.07,994.0,35.0,6.0,101.0,0,Withdrawn
584077,DDD,2013J,Critical,8.07,118.0,56.75,8.0,10.0,0,Withdrawn
565840,CCC,2014J,Critical,8.07,300.0,42.3,10.0,22.0,0,Withdrawn
628725,CCC,2014B,Critical,8.07,9.0,64.0,2.0,4.0,0,Withdrawn
544155,DDD,2013J,Critical,8.07,0.0,68.0,1.0,0.0,0,Withdrawn
170356,BBB,2013B,Critical,8.07,439.0,65.0,1.0,26.0,0,Withdrawn
537652,DDD,2013J,Critical,8.07,0.0,61.25,4.0,0.0,1,Withdrawn
141377,AAA,2013J,Critical,8.07,143.0,48.83,6.0,9.0,0,Withdrawn
613717,FFF,2014B,Critical,8.07,246.0,59.67,3.0,42.0,0,Withdrawn
530519,DDD,2013J,Critical,8.07,334.0,63.0,1.0,24.0,0,Withdrawn
484130,DDD,2014J,Critical,8.07,371.0,59.33,3.0,18.0,1,Withdrawn
372577,EEE,2014J,Critical,8.07,612.0,46.44,9.0,58.0,0,Withdrawn
631444,BBB,2014B,Critical,8.07,22.0,71.0,1.0,3.0,0,Withdrawn
2068627,DDD,2013J,Critical,8.07,358.0,59.0,1.0,25.0,0,Withdrawn
584591,DDD,2014J,Critical,8.07,227.0,65.0,5.0,33.0,1,Withdrawn
496108,CCC,2014B,Critical,8.07,345.0,52.67,6.0,11.0,0,Withdrawn
126337,CCC,2014B,Critical,8.07,729.0,57.2,5.0,23.0,0,Withdrawn
479607,DDD,2013B,Critical,8.07,307.0,63.0,3.0,24.0,0,Withdrawn
512883,BBB,2013B,Critical,8.07,167.0,55.5,10.0,16.0,1,Withdrawn
564325,CCC,2014B,Critical,8.07,11.0,69.0,1.0,3.0,0,Withdrawn
518155,DDD,2013B,Critical,8.07,507.0,50.2,5.0,57.0,1,Withdrawn
2648317,DDD,2013J,Critical,8.07,149.0,57.67,3.0,19.0,0,Withdrawn
316772,FFF,2014B,Critical,8.07,188.0,64.0,2.0,11.0,1,Withdrawn
61236,CCC,2014J,Critical,8.07,506.0,56.0,1.0,57.0,0,Withdrawn
523817,CCC,2014J,Critical,8.07,45.0,57.0,2.0,5.0,0,Withdrawn
592607,FFF,2013J,Critical,8.07,876.0,61.0,2.0,71.0,0,Withdrawn
579069,FFF,2013J,Critical,8.07,955.0,66.0,1.0,23.0,0,Withdrawn
648419,CCC,2014J,Critical,8.07,0.0,64.33,3.0,0.0,0,Withdrawn
572128,FFF,2013J,Critical,8.07,187.0,66.0,1.0,10.0,0,Withdrawn
578599,FFF,2013J,Critical,8.07,1272.0,62.67,3.0,38.0,0,Withdrawn
675337,EEE,2014J,Critical,8.06,27.0,68.0,1.0,3.0,0,Withdrawn
2043916,DDD,2014B,Critical,8.06,22.0,61.0,2.0,3.0,1,Withdrawn
631623,DDD,2014B,Critical,8.06,241.0,56.0,1.0,18.0,0,Withdrawn
613191,BBB,2013J,Critical,8.06,178.0,69.0,1.0,12.0,0,Withdrawn
620337,FFF,2014B,Critical,8.06,3.0,59.14,7.0,1.0,0,Withdrawn
680764,DDD,2014J,Critical,8.06,298.0,51.0,4.0,26.0,0,Withdrawn
646742,FFF,2014J,Critical,8.06,287.0,62.0,1.0,19.0,0,Withdrawn
565402,BBB,2014B,Critical,8.06,1.0,65.0,1.0,1.0,1,Withdrawn
605940,FFF,2013J,Critical,8.06,108.0,70.0,1.0,10.0,0,Withdrawn
1896088,CCC,2014B,Critical,8.06,107.0,62.75,4.0,11.0,0,Withdrawn
601329,DDD,2014B,Critical,8.06,321.0,53.0,2.0,23.0,0,Withdrawn
622413,CCC,2014J,Critical,8.06,301.0,53.0,9.0,23.0,0,Withdrawn
539727,CCC,2014J,Critical,8.06,401.0,67.0,1.0,9.0,0,Withdrawn
675843,FFF,2014J,Critical,8.06,681.0,64.0,1.0,33.0,0,Withdrawn
231973,DDD,2014B,Critical,8.06,616.0,60.0,1.0,31.0,0,Withdrawn
632179,FFF,2014J,Critical,8.06,458.0,66.67,3.0,17.0,1,Withdrawn
235131,FFF,2013J,Critical,8.06,170.0,73.75,4.0,16.0,2,Withdrawn
473102,FFF,2013B,Critical,8.06,1615.0,44.2,10.0,71.0,1,Withdrawn
675096,BBB,2014J,Critical,8.06,1924.0,44.5,4.0,93.0,0,Withdrawn
2317337,DDD,2014J,Critical,8.06,275.0,65.0,1.0,12.0,0,Withdrawn
334224,FFF,2014B,Critical,8.06,200.0,47.25,16.0,29.0,1,Withdrawn
405784,DDD,2013J,Critical,8.06,1159.0,35.25,12.0,99.0,1,Withdrawn
337940,FFF,2014B,Critical,8.06,1166.0,60.0,1.0,40.0,0,Withdrawn
496493,FFF,2014J,Critical,8.06,661.0,66.0,2.0,17.0,0,Withdrawn
577427,CCC,2014B,Critical,8.06,6.0,61.25,4.0,3.0,0,Withdrawn
595787,DDD,2014J,Critical,8.06,519.0,57.0,4.0,43.0,0,Withdrawn
539401,FFF,2014B,Critical,8.06,593.0,68.0,4.0,27.0,2,Withdrawn
340899,BBB,2014J,Critical,8.06,4.0,67.8,5.0,1.0,0,Withdrawn
571389,EEE,2014B,Critical,8.06,481.0,64.5,2.0,26.0,0,Withdrawn
567681,FFF,2014B,Critical,8.06,390.0,59.0,3.0,10.0,0,Withdrawn
571000,DDD,2013J,Critical,8.06,0.0,54.43,7.0,0.0,0,Withdrawn
571612,FFF,2014B,Critical,8.06,27.0,57.25,8.0,3.0,1,Withdrawn
507388,CCC,2014B,Critical,8.06,249.0,62.5,2.0,11.0,0,Withdrawn
230052,DDD,2013B,Critical,8.06,833.0,43.75,4.0,49.0,0,Withdrawn
478977,CCC,2014B,Critical,8.06,270.0,67.0,3.0,22.0,0,Withdrawn
2648271,DDD,2013B,Critical,8.06,4.0,60.0,2.0,1.0,0,Withdrawn
198470,DDD,2013B,Critical,8.06,262.0,58.8,5.0,20.0,0,Withdrawn
607110,DDD,2013J,Critical,8.06,140.0,56.67,3.0,19.0,0,Withdrawn
627524,FFF,2014B,Critical,8.06,343.0,57.25,4.0,14.0,0,Withdrawn
275674,AAA,2014J,Critical,8.06,2090.0,45.0,3.0,117.0,0,Withdrawn
202489,DDD,2014J,Critical,8.06,571.0,65.0,4.0,33.0,1,Withdrawn
316772,DDD,2013B,Critical,8.05,0.0,64.0,2.0,0.0,0,Withdrawn
2690062,AAA,2014J,Critical,8.05,257.0,58.0,1.0,12.0,0,Withdrawn
566172,FFF,2013J,Critical,8.05,560.0,60.0,1.0,20.0,0,Withdrawn
648872,FFF,2014J,Critical,8.05,203.0,67.0,1.0,10.0,0,Withdrawn
570954,CCC,2014J,Critical,8.05,1374.0,58.5,4.0,39.0,1,Withdrawn
590110,DDD,2014J,Critical,8.05,373.0,60.0,2.0,34.0,0,Withdrawn
698112,FFF,2014J,Critical,8.05,150.0,58.0,3.0,16.0,0,Withdrawn
305702,DDD,2013B,Critical,8.05,179.0,50.62,9.0,24.0,0,Withdrawn
592951,EEE,2014J,Critical,8.05,17.0,67.0,1.0,2.0,0,Withdrawn
624860,CCC,2014J,Critical,8.05,239.0,72.0,1.0,18.0,0,Withdrawn
165647,CCC,2014B,Critical,8.05,440.0,43.92,12.0,37.0,0,Withdrawn
116631,FFF,2013J,Critical,8.05,551.0,68.0,1.0,33.0,1,Withdrawn
640109,CCC,2014J,Critical,8.05,328.0,63.0,2.0,19.0,0,Withdrawn
1961652,FFF,2014B,Critical,8.05,393.0,55.0,4.0,20.0,0,Withdrawn
2585270,CCC,2014J,Critical,8.05,0.0,68.8,5.0,0.0,0,Withdrawn
600579,BBB,2013J,Critical,8.05,43.0,69.5,2.0,5.0,0,Withdrawn
601472,BBB,2013J,Critical,8.05,355.0,63.25,4.0,31.0,0,Withdrawn
558308,DDD,2013B,Critical,8.05,439.0,53.33,3.0,36.0,0,Withdrawn
655416,FFF,2014J,Critical,8.05,164.0,59.0,2.0,21.0,0,Withdrawn
2692632,FFF,2013J,Critical,8.05,606.0,69.0,2.0,24.0,0,Withdrawn
620485,CCC,2014B,Critical,8.05,492.0,62.0,2.0,21.0,0,Withdrawn
491959,FFF,2014J,Critical,8.05,637.0,66.0,2.0,21.0,0,Withdrawn
690895,GGG,2014J,Critical,8.05,202.0,65.0,1.0,16.0,0,Withdrawn
613298,BBB,2013J,Critical,8.05,8.0,62.0,1.0,4.0,0,Withdrawn
338854,CCC,2014B,Critical,8.05,0.0,63.5,4.0,0.0,0,Withdrawn
2444501,BBB,2014B,Critical,8.05,102.0,55.8,5.0,15.0,0,Withdrawn
301561,FFF,2014J,Critical,8.05,431.0,68.0,2.0,24.0,1,Withdrawn
557995,CCC,2014B,Critical,8.05,655.0,47.8,5.0,79.0,0,Withdrawn
648872,CCC,2014J,Critical,8.05,190.0,67.0,1.0,10.0,0,Withdrawn
372577,CCC,2014J,Critical,8.05,485.0,46.44,9.0,69.0,0,Withdrawn
483656,FFF,2014J,Critical,8.05,707.0,67.0,2.0,39.0,0,Withdrawn
95356,DDD,2013B,Critical,8.05,205.0,47.58,12.0,29.0,0,Withdrawn
698112,CCC,2014J,Critical,8.05,191.0,58.0,3.0,13.0,0,Withdrawn
2265419,FFF,2014B,Critical,8.05,1255.0,61.0,2.0,35.0,0,Withdrawn
2684048,FFF,2014J,Critical,8.05,387.0,68.0,1.0,26.0,0,Withdrawn
491843,CCC,2014B,Critical,8.05,220.0,62.67,3.0,12.0,0,Withdrawn
147307,DDD,2013B,Critical,8.05,221.0,63.0,1.0,11.0,1,Withdrawn
648250,EEE,2014J,Critical,8.05,15.0,67.0,1.0,2.0,0,Withdrawn
695220,FFF,2014J,Critical,8.05,307.0,66.0,1.0,17.0,0,Withdrawn
613063,DDD,2014B,Critical,8.05,176.0,57.0,1.0,17.0,0,Withdrawn
547685,EEE,2014B,Critical,8.05,228.0,65.5,2.0,7.0,0,Withdrawn
334224,FFF,2014J,Critical,8.05,491.0,47.25,16.0,52.0,2,Withdrawn
592951,CCC,2014J,Critical,8.04,75.0,67.0,1.0,3.0,0,Withdrawn
614930,DDD,2014J,Critical,8.04,346.0,57.2,5.0,44.0,1,Withdrawn
695528,BBB,2014J,Critical,8.04,11.0,74.0,2.0,1.0,0,Withdrawn
526235,CCC,2014B,Critical,8.04,584.0,45.18,11.0,27.0,0,Withdrawn
622086,CCC,2014J,Critical,8.04,25.0,49.0,7.0,9.0,0,Withdrawn
557474,DDD,2014J,Critical,8.04,202.0,47.92,12.0,16.0,1,Withdrawn
319492,CCC,2014J,Critical,8.04,108.0,62.5,2.0,10.0,0,Withdrawn
625793,CCC,2014B,Critical,8.04,17.0,62.0,2.0,4.0,0,Withdrawn
624650,GGG,2014B,Critical,8.04,273.0,60.0,1.0,14.0,0,Withdrawn
678231,DDD,2014J,Critical,8.04,128.0,58.0,4.0,15.0,0,Withdrawn
555609,FFF,2013B,Critical,8.04,427.0,66.0,2.0,32.0,0,Withdrawn
484266,DDD,2013B,Critical,8.04,294.0,57.0,5.0,28.0,0,Withdrawn
507184,BBB,2013B,Critical,8.04,53.0,75.0,1.0,7.0,0,Withdrawn
688171,DDD,2014J,Critical,8.04,77.0,67.0,3.0,13.0,0,Withdrawn
168843,DDD,2014J,Critical,8.04,465.0,51.0,4.0,49.0,1,Withdrawn
2538123,BBB,2014B,Critical,8.04,84.0,75.0,1.0,5.0,0,Withdrawn
614930,DDD,2014B,Critical,8.04,336.0,57.2,5.0,23.0,0,Withdrawn
2604698,DDD,2013B,Critical,8.04,70.0,73.0,1.0,8.0,4,Withdrawn
261863,FFF,2014J,Critical,8.04,506.0,60.67,3.0,53.0,0,Withdrawn
689925,BBB,2014J,Critical,8.04,183.0,64.67,3.0,12.0,0,Withdrawn
2554973,CCC,2014J,Critical,8.04,96.0,46.23,13.0,11.0,0,Withdrawn
596441,CCC,2014J,Critical,8.04,122.0,49.0,7.0,5.0,0,Withdrawn
584077,CCC,2014B,Critical,8.04,272.0,56.75,8.0,16.0,0,Withdrawn
171692,FFF,2014J,Critical,8.04,116.0,52.67,15.0,10.0,1,Withdrawn
645183,BBB,2014J,Critical,8.04,111.0,67.0,3.0,13.0,0,Withdrawn
1841267,CCC,2014J,Critical,8.04,107.0,58.67,6.0,12.0,1,Withdrawn
545944,FFF,2013B,Critical,8.04,304.0,66.0,3.0,18.0,0,Withdrawn
608130,CCC,2014B,Critical,8.04,686.0,45.0,7.0,61.0,0,Withdrawn
559496,FFF,2013B,Critical,8.04,764.0,63.0,2.0,22.0,0,Withdrawn
481024,CCC,2014B,Critical,8.04,188.0,70.0,1.0,14.0,0,Withdrawn
519258,EEE,2013J,Critical,8.04,209.0,62.25,4.0,8.0,0,Withdrawn
588528,GGG,2013J,Critical,8.04,44.0,70.0,1.0,7.0,0,Withdrawn
632574,BBB,2014B,Critical,8.04,144.0,59.0,1.0,8.0,0,Withdrawn
675337,FFF,2014J,Critical,8.04,255.0,68.0,1.0,7.0,0,Withdrawn
2658271,FFF,2013B,Critical,8.04,243.0,57.0,2.0,36.0,0,Withdrawn
694150,CCC,2014J,Critical,8.04,401.0,67.0,1.0,17.0,0,Withdrawn
598573,EEE,2014J,Critical,8.04,761.0,70.0,1.0,23.0,2,Withdrawn
2012900,FFF,2013B,Critical,8.04,635.0,61.0,2.0,28.0,0,Withdrawn
616439,CCC,2014B,Critical,8.04,0.0,48.0,12.0,0.0,0,Withdrawn
582003,FFF,2013J,Critical,8.04,609.0,61.0,2.0,26.0,0,Withdrawn
2483382,CCC,2014J,Critical,8.04,294.0,67.0,2.0,9.0,0,Withdrawn
655558,EEE,2014J,Critical,8.04,285.0,70.0,1.0,13.0,0,Withdrawn
608719,BBB,2013J,Critical,8.04,154.0,60.0,1.0,11.0,0,Withdrawn
491756,FFF,2013J,Critical,8.03,97.0,65.5,2.0,19.0,1,Withdrawn
2326401,BBB,2014J,Critical,8.03,188.0,66.0,2.0,9.0,0,Withdrawn
438644,FFF,2013J,Critical,8.03,604.0,64.0,4.0,43.0,2,Withdrawn
92274,BBB,2014B,Critical,8.03,0.0,66.4,5.0,0.0,2,Withdrawn
117939,DDD,2013B,Critical,8.03,666.0,42.57,7.0,37.0,0,Withdrawn
530481,CCC,2014B,Critical,8.03,9.0,68.0,1.0,3.0,0,Withdrawn
425543,DDD,2013J,Critical,8.03,793.0,54.5,4.0,42.0,0,Withdrawn
682813,DDD,2014J,Critical,8.03,332.0,57.67,3.0,60.0,0,Withdrawn
505854,DDD,2014B,Critical,8.03,620.0,42.0,6.0,83.0,0,Withdrawn
34756,BBB,2013B,Critical,8.03,129.0,67.33,3.0,11.0,1,Withdrawn
272617,BBB,2013J,Critical,8.03,26.0,71.8,5.0,6.0,2,Withdrawn
538138,BBB,2013B,Critical,8.03,180.0,65.0,1.0,17.0,0,Withdrawn
589798,FFF,2014J,Critical,8.03,45.0,67.6,5.0,3.0,1,Withdrawn
554885,DDD,2014J,Critical,8.03,47.0,64.57,7.0,9.0,1,Withdrawn
531069,DDD,2013B,Critical,8.03,905.0,40.8,10.0,38.0,0,Withdrawn
594111,CCC,2014B,Critical,8.03,27.0,63.75,4.0,6.0,0,Withdrawn
574695,FFF,2014J,Critical,8.03,527.0,62.0,1.0,15.0,1,Withdrawn
496154,DDD,2014J,Critical,8.03,415.0,57.6,5.0,32.0,1,Withdrawn
2205559,DDD,2014J,Critical,8.03,358.0,52.0,4.0,38.0,0,Withdrawn
607609,CCC,2014B,Critical,8.03,0.0,70.0,1.0,0.0,0,Withdrawn
624975,FFF,2014B,Critical,8.03,259.0,69.0,2.0,14.0,0,Withdrawn
2681782,DDD,2014J,Critical,8.03,86.0,70.0,1.0,8.0,0,Withdrawn
572265,FFF,2013J,Critical,8.03,860.0,52.5,6.0,61.0,0,Withdrawn
586351,FFF,2014B,Critical,8.03,72.0,62.0,1.0,9.0,0,Withdrawn
622117,BBB,2014J,Critical,8.03,34.0,60.75,4.0,3.0,0,Withdrawn
165178,DDD,2013J,Critical,8.03,395.0,54.14,7.0,21.0,0,Withdrawn
657181,FFF,2014J,Critical,8.03,131.0,68.0,1.0,14.0,0,Withdrawn
447659,EEE,2014J,Critical,8.03,388.0,63.0,1.0,17.0,1,Withdrawn
630343,BBB,2014J,Critical,8.03,395.0,73.5,2.0,17.0,1,Withdrawn
627500,EEE,2014B,Critical,8.03,485.0,52.5,4.0,26.0,0,Withdrawn
620608,CCC,2014J,Critical,8.03,5.0,62.6,5.0,3.0,0,Withdrawn
578378,GGG,2013J,Critical,8.03,300.0,59.33,3.0,31.0,0,Withdrawn
160193,FFF,2013B,Critical,8.03,314.0,70.33,3.0,26.0,2,Withdrawn
562917,FFF,2014B,Critical,8.03,322.0,60.0,1.0,20.0,0,Withdrawn
423876,DDD,2013B,Critical,8.02,644.0,55.67,3.0,33.0,0,Withdrawn
688171,CCC,2014J,Critical,8.02,134.0,67.0,3.0,19.0,0,Withdrawn
289753,BBB,2013J,Critical,8.02,239.0,67.5,2.0,21.0,0,Withdrawn
334294,DDD,2013B,Critical,8.02,230.0,61.33,3.0,20.0,1,Withdrawn
648257,GGG,2014J,Critical,8.02,244.0,53.33,3.0,56.0,0,Withdrawn
478562,CCC,2014J,Critical,8.02,249.0,60.2,5.0,13.0,0,Withdrawn
308707,DDD,2013J,Critical,8.02,500.0,58.67,3.0,39.0,1,Withdrawn
576972,FFF,2013J,Critical,8.02,265.0,57.0,3.0,18.0,0,Withdrawn
655113,FFF,2014J,Critical,8.02,205.0,68.0,1.0,14.0,0,Withdrawn
603148,FFF,2013J,Critical,8.02,173.0,68.0,1.0,16.0,0,Withdrawn
630573,CCC,2014B,Critical,8.02,1066.0,56.33,3.0,25.0,0,Withdrawn
612397,CCC,2014B,Critical,8.02,151.0,63.67,3.0,7.0,0,Withdrawn
646502,CCC,2014J,Critical,8.02,211.0,66.67,3.0,7.0,0,Withdrawn
641404,FFF,2014J,Critical,8.02,1469.0,70.0,1.0,28.0,0,Withdrawn
596100,BBB,2013J,Critical,8.02,68.0,74.0,2.0,7.0,0,Withdrawn
593440,BBB,2013J,Critical,8.02,20.0,70.0,1.0,2.0,0,Withdrawn
202489,DDD,2013J,Critical,8.02,513.0,65.0,4.0,29.0,0,Withdrawn
635041,CCC,2014B,Critical,8.02,581.0,55.0,5.0,28.0,0,Withdrawn
607427,DDD,2013J,Critical,8.02,401.0,64.0,1.0,19.0,0,Withdrawn
464887,DDD,2014B,Critical,8.02,243.0,68.0,1.0,19.0,0,Withdrawn
962951,FFF,2013B,Critical,8.02,108.0,74.0,1.0,8.0,2,Withdrawn
683347,FFF,2014J,Critical,8.02,109.0,66.0,1.0,6.0,0,Withdrawn
593362,EEE,2013J,Critical,8.02,291.0,68.0,1.0,11.0,0,Withdrawn
559344,BBB,2013J,Critical,8.02,0.0,58.2,5.0,0.0,0,Withdrawn
2156172,FFF,2014B,Critical,8.02,327.0,67.0,2.0,8.0,0,Withdrawn
618033,DDD,2014J,Critical,8.02,818.0,52.67,3.0,63.0,0,Withdrawn
535460,FFF,2014B,Critical,8.02,54.0,68.0,2.0,6.0,1,Withdrawn
632966,GGG,2014B,Critical,8.02,106.0,70.33,3.0,15.0,0,Withdrawn
586550,CCC,2014J,Critical,8.02,55.0,61.78,9.0,8.0,0,Withdrawn
348275,AAA,2014J,Critical,8.02,545.0,61.5,2.0,38.0,0,Withdrawn
572554,FFF,2013J,Critical,8.01,501.0,69.0,2.0,19.0,0,Withdrawn
527565,FFF,2013J,Critical,8.01,1139.0,59.75,4.0,49.0,0,Withdrawn
499244,FFF,2014J,Critical,8.01,603.0,64.0,4.0,39.0,3,Withdrawn
504021,BBB,2013B,Critical,8.01,92.0,68.8,5.0,7.0,0,Withdrawn
546394,FFF,2014B,Critical,8.01,204.0,77.5,2.0,10.0,1,Withdrawn
564325,DDD,2013J,Critical,8.01,255.0,69.0,1.0,18.0,0,Withdrawn
2682745,FFF,2014J,Critical,8.01,52.0,72.0,1.0,5.0,0,Withdrawn
593475,DDD,2013J,Critical,8.01,385.0,68.0,1.0,30.0,0,Withdrawn
529490,FFF,2013J,Critical,8.01,851.0,53.33,3.0,27.0,0,Withdrawn
146679,FFF,2013B,Critical,8.01,637.0,74.0,1.0,18.0,1,Withdrawn
554235,EEE,2013J,Critical,8.01,935.0,56.0,4.0,35.0,0,Withdrawn
2381745,FFF,2014B,Critical,8.01,0.0,84.33,3.0,0.0,3,Withdrawn
631336,DDD,2014J,Critical,8.01,280.0,61.67,3.0,30.0,0,Withdrawn
632795,DDD,2014J,Critical,8.01,163.0,60.0,2.0,24.0,0,Withdrawn
633716,CCC,2014B,Critical,8.01,289.0,66.8,5.0,17.0,0,Withdrawn
557751,DDD,2013B,Critical,8.01,749.0,57.29,7.0,42.0,0,Withdrawn
409056,DDD,2013J,Critical,8.01,48.0,81.0,2.0,10.0,2,Withdrawn
596464,FFF,2014J,Critical,8.01,200.0,74.0,1.0,22.0,0,Withdrawn
632255,BBB,2014J,Critical,8.01,1163.0,45.0,4.0,57.0,1,Withdrawn
586537,DDD,2014B,Critical,8.01,295.0,69.0,1.0,14.0,0,Withdrawn
542396,BBB,2013B,Critical,8.01,82.0,73.0,1.0,7.0,0,Withdrawn
685192,FFF,2014J,Critical,8.01,591.0,70.0,1.0,23.0,0,Withdrawn
411226,BBB,2013J,Critical,8.01,118.0,58.5,2.0,11.0,0,Withdrawn
693565,DDD,2014J,Critical,8.01,317.0,56.0,3.0,44.0,0,Withdrawn
656029,FFF,2014J,Critical,8.01,535.0,60.0,1.0,34.0,0,Withdrawn
268845,FFF,2014B,Critical,8.01,1195.0,55.0,3.0,67.0,0,Withdrawn
604142,FFF,2013J,Critical,8.01,337.0,69.0,4.0,17.0,0,Withdrawn
648201,BBB,2014J,Critical,8.01,955.0,49.25,4.0,75.0,0,Withdrawn
633100,FFF,2014B,Critical,8.01,195.0,67.0,2.0,13.0,0,Withdrawn
597319,CCC,2014J,Critical,8.01,184.0,55.2,5.0,20.0,0,Withdrawn
601204,DDD,2013J,Critical,8.01,447.0,54.0,5.0,51.0,0,Withdrawn
484130,DDD,2014B,Critical,8.01,290.0,59.33,3.0,21.0,0,Withdrawn
632486,DDD,2014B,Critical,8.01,460.0,62.5,2.0,25.0,0,Withdrawn
395288,DDD,2013B,Critical,8.01,160.0,52.44,9.0,24.0,0,Withdrawn
308852,BBB,2013J,Critical,8.01,56.0,63.0,5.0,4.0,0,Withdrawn
300611,CCC,2014B,Critical,8.01,618.0,58.0,7.0,41.0,0,Withdrawn
562643,BBB,2014B,Critical,8.01,212.0,64.0,2.0,12.0,0,Withdrawn
642626,FFF,2014J,Critical,8.01,971.0,65.0,2.0,40.0,0,Withdrawn
568998,FFF,2014J,Critical,8.0,278.0,66.67,3.0,15.0,1,Withdrawn
620974,DDD,2014B,Critical,8.0,355.0,52.22,9.0,30.0,0,Withdrawn
529073,CCC,2014B,Critical,8.0,298.0,57.0,5.0,18.0,0,Withdrawn
565402,BBB,2013J,Critical,8.0,0.0,65.0,1.0,0.0,0,Withdrawn
546136,BBB,2013B,Critical,8.0,308.0,66.0,3.0,25.0,0,Withdrawn
2643240,DDD,2014J,Critical,8.0,457.0,64.33,3.0,28.0,1,Withdrawn
690763,EEE,2014J,Critical,8.0,413.0,64.33,3.0,16.0,0,Withdrawn
550960,BBB,2013B,Critical,8.0,762.0,51.0,4.0,49.0,0,Withdrawn
630129,FFF,2014B,Critical,8.0,408.0,59.0,2.0,21.0,0,Withdrawn
649230,DDD,2014J,Critical,8.0,0.0,65.75,8.0,0.0,0,Withdrawn
625793,FFF,2014B,Critical,8.0,446.0,62.0,2.0,13.0,0,Withdrawn
622918,FFF,2014B,Critical,8.0,512.0,66.0,1.0,18.0,0,Withdrawn
598123,DDD,2013J,Critical,8.0,137.0,67.0,2.0,16.0,0,Withdrawn
546339,DDD,2013B,Critical,8.0,322.0,65.0,2.0,35.0,0,Withdrawn
603423,FFF,2013J,Critical,8.0,573.0,67.0,4.0,31.0,0,Withdrawn
637800,FFF,2014J,Critical,8.0,833.0,66.67,3.0,42.0,0,Withdrawn
589569,DDD,2014B,Critical,8.0,639.0,62.5,2.0,46.0,1,Withdrawn
405746,BBB,2013B,Critical,8.0,180.0,71.0,1.0,21.0,0,Withdrawn
586707,DDD,2013J,Critical,8.0,78.0,70.0,1.0,8.0,0,Withdrawn
574190,DDD,2014B,Critical,8.0,370.0,62.25,4.0,24.0,0,Withdrawn
681854,DDD,2014J,Critical,8.0,134.0,66.67,3.0,27.0,0,Withdrawn
623322,GGG,2014B,Critical,8.0,116.0,65.0,1.0,16.0,0,Withdrawn
681195,GGG,2014J,Critical,8.0,328.0,62.5,2.0,40.0,0,Withdrawn
601155,FFF,2014B,Critical,8.0,403.0,74.0,1.0,23.0,0,Withdrawn
503684,FFF,2014J,Critical,8.0,147.0,72.0,2.0,5.0,1,Withdrawn
504583,FFF,2014B,Critical,8.0,665.0,65.5,2.0,17.0,0,Withdrawn
566664,CCC,2014B,Critical,8.0,100.0,62.6,5.0,8.0,0,Withdrawn
649230,EEE,2014J,Critical,8.0,19.0,65.75,8.0,1.0,0,Withdrawn
366424,CCC,2014B,Critical,8.0,224.0,64.8,5.0,12.0,0,Withdrawn
266757,DDD,2013B,Critical,8.0,655.0,62.33,6.0,52.0,2,Withdrawn
485594,CCC,2014B,Critical,8.0,143.0,58.62,8.0,11.0,0,Withdrawn
464616,FFF,2013B,Critical,8.0,0.0,53.58,12.0,0.0,0,Withdrawn
479649,CCC,2014J,Critical,8.0,227.0,62.88,8.0,12.0,0,Withdrawn
628718,CCC,2014B,Critical,8.0,0.0,64.67,3.0,0.0,0,Withdrawn
680733,DDD,2014J,Critical,8.0,187.0,67.5,2.0,19.0,0,Withdrawn
540997,FFF,2013B,Critical,8.0,1043.0,55.67,3.0,37.0,0,Withdrawn
491756,FFF,2014J,Critical,8.0,458.0,65.5,2.0,48.0,2,Withdrawn
2202076,CCC,2014B,Critical,8.0,300.0,50.5,8.0,16.0,0,Withdrawn
649840,EEE,2014J,Critical,7.99,7.0,66.25,4.0,2.0,0,Withdrawn
603979,CCC,2014J,Critical,7.99,439.0,67.0,1.0,23.0,0,Withdrawn
518503,CCC,2014J,Critical,7.99,169.0,67.0,1.0,6.0,0,Withdrawn
235747,FFF,2014J,Critical,7.99,189.0,67.5,2.0,5.0,0,Withdrawn
381365,FFF,2013J,Critical,7.99,138.0,72.67,3.0,27.0,2,Withdrawn
591163,DDD,2013J,Critical,7.99,687.0,62.0,2.0,31.0,0,Withdrawn
610170,DDD,2014B,Critical,7.99,10.0,69.5,4.0,2.0,1,Withdrawn
642512,EEE,2014J,Critical,7.99,612.0,65.5,2.0,29.0,0,Withdrawn
590626,CCC,2014B,Critical,7.99,238.0,59.0,5.0,9.0,0,Withdrawn
524020,DDD,2013B,Critical,7.99,106.0,70.0,1.0,11.0,0,Withdrawn
620004,FFF,2014B,Critical,7.99,983.0,67.0,2.0,52.0,0,Withdrawn
501723,DDD,2014B,Critical,7.99,112.0,68.8,5.0,14.0,2,Withdrawn
686078,DDD,2014J,Critical,7.99,429.0,61.5,4.0,43.0,0,Withdrawn
603818,BBB,2013J,Critical,7.99,334.0,61.75,4.0,29.0,0,Withdrawn
575980,BBB,2014B,Critical,7.99,70.0,72.0,1.0,7.0,0,Withdrawn
581563,FFF,2013J,Critical,7.99,327.0,64.0,2.0,40.0,0,Withdrawn
2009279,DDD,2014J,Critical,7.99,370.0,53.5,6.0,77.0,0,Withdrawn
620552,GGG,2014B,Critical,7.99,191.0,65.5,2.0,19.0,0,Withdrawn
604692,DDD,2013J,Critical,7.99,417.0,59.5,2.0,37.0,0,Withdrawn
554045,FFF,2013B,Critical,7.99,323.0,72.0,1.0,20.0,0,Withdrawn
1969081,BBB,2014B,Critical,7.99,0.0,72.0,1.0,0.0,0,Withdrawn
579303,DDD,2013J,Critical,7.99,252.0,70.0,2.0,15.0,0,Withdrawn
387656,DDD,2014B,Critical,7.99,469.0,69.5,2.0,31.0,0,Withdrawn
593220,FFF,2014B,Critical,7.99,117.0,65.0,2.0,13.0,0,Withdrawn
509845,BBB,2013J,Critical,7.99,908.0,59.8,5.0,36.0,0,Withdrawn
597779,DDD,2014J,Critical,7.99,82.0,65.4,5.0,16.0,0,Withdrawn
279117,DDD,2014J,Critical,7.99,243.0,61.67,3.0,38.0,0,Withdrawn
446479,CCC,2014J,Critical,7.99,442.0,67.5,2.0,6.0,0,Withdrawn
677608,FFF,2014J,Critical,7.99,2476.0,68.0,1.0,35.0,0,Withdrawn
1491894,CCC,2014J,Critical,7.99,145.0,67.0,1.0,9.0,0,Withdrawn
471781,DDD,2014J,Critical,7.99,0.0,73.5,2.0,0.0,2,Withdrawn
633990,CCC,2014J,Critical,7.99,87.0,78.0,1.0,3.0,0,Withdrawn
441421,FFF,2013B,Critical,7.99,88.0,67.67,3.0,5.0,0,Withdrawn
679269,FFF,2014J,Critical,7.99,516.0,67.5,2.0,23.0,0,Withdrawn
589441,FFF,2014J,Critical,7.99,563.0,50.67,9.0,28.0,1,Withdrawn
557467,DDD,2013B,Critical,7.99,426.0,60.0,3.0,44.0,0,Withdrawn
634737,CCC,2014B,Critical,7.99,146.0,66.2,5.0,9.0,0,Withdrawn
681966,CCC,2014J,Critical,7.99,139.0,67.0,1.0,7.0,0,Withdrawn
544499,DDD,2013J,Critical,7.99,207.0,70.0,2.0,17.0,1,Withdrawn
682358,FFF,2014J,Critical,7.99,847.0,64.0,3.0,17.0,0,Withdrawn
474385,DDD,2013J,Critical,7.98,68.0,70.5,2.0,11.0,1,Withdrawn
647033,FFF,2014J,Critical,7.98,169.0,70.0,1.0,14.0,0,Withdrawn
386956,FFF,2014J,Critical,7.98,945.0,67.0,2.0,35.0,1,Withdrawn
618197,BBB,2014B,Critical,7.98,172.0,59.75,8.0,16.0,0,Withdrawn
35502,DDD,2014B,Critical,7.98,545.0,66.0,1.0,32.0,0,Withdrawn
573441,BBB,2013J,Critical,7.98,276.0,70.33,3.0,23.0,0,Withdrawn
574810,BBB,2013J,Critical,7.98,0.0,64.0,1.0,0.0,0,Withdrawn
470617,CCC,2014J,Critical,7.98,103.0,65.5,2.0,9.0,0,Withdrawn
195262,AAA,2013J,Critical,7.98,1905.0,50.0,1.0,58.0,0,Withdrawn
631846,DDD,2014B,Critical,7.98,623.0,57.0,5.0,56.0,0,Withdrawn
2252437,CCC,2014B,Critical,7.98,197.0,67.33,6.0,14.0,0,Withdrawn
2451726,CCC,2014B,Critical,7.98,138.0,64.17,6.0,14.0,0,Withdrawn
536442,BBB,2013B,Critical,7.98,524.0,56.43,7.0,61.0,0,Withdrawn
2668945,DDD,2013J,Critical,7.98,426.0,49.7,10.0,43.0,1,Withdrawn
327797,FFF,2013B,Critical,7.98,554.0,68.0,1.0,26.0,0,Withdrawn
617249,DDD,2014J,Critical,7.98,698.0,49.75,4.0,82.0,0,Withdrawn
524827,FFF,2014J,Critical,7.98,686.0,65.0,2.0,30.0,0,Withdrawn
324268,DDD,2013B,Critical,7.98,387.0,71.5,2.0,28.0,0,Withdrawn
530021,BBB,2014J,Critical,7.98,359.0,61.67,6.0,22.0,1,Withdrawn
649215,CCC,2014J,Critical,7.98,1.0,70.25,4.0,1.0,0,Withdrawn
614406,DDD,2014B,Critical,7.98,618.0,64.33,3.0,51.0,0,Withdrawn
482945,BBB,2013B,Critical,7.98,315.0,63.25,4.0,14.0,0,Withdrawn
528538,FFF,2014B,Critical,7.98,366.0,65.0,2.0,34.0,0,Withdrawn
533198,FFF,2014B,Critical,7.98,187.0,63.67,6.0,21.0,2,Withdrawn
547986,CCC,2014B,Critical,7.98,213.0,51.13,15.0,15.0,0,Withdrawn
551528,CCC,2014B,Critical,7.98,239.0,62.2,5.0,14.0,0,Withdrawn
394314,BBB,2014J,Critical,7.98,740.0,63.0,5.0,30.0,0,Withdrawn
571382,DDD,2013J,Critical,7.98,0.0,77.5,2.0,0.0,0,Withdrawn
595246,FFF,2013J,Critical,7.98,445.0,70.0,2.0,23.0,0,Withdrawn
582514,CCC,2014J,Critical,7.98,65.0,61.0,5.0,4.0,0,Withdrawn
542010,BBB,2013B,Critical,7.98,70.0,72.75,4.0,3.0,0,Withdrawn
157310,DDD,2014B,Critical,7.98,0.0,65.0,7.0,0.0,1,Withdrawn
591986,BBB,2013J,Critical,7.98,0.0,75.67,3.0,0.0,0,Withdrawn
688097,FFF,2014J,Critical,7.98,142.0,72.0,1.0,13.0,0,Withdrawn
282038,BBB,2013J,Critical,7.98,187.0,65.0,1.0,8.0,0,Withdrawn
651730,GGG,2014J,Critical,7.98,190.0,68.0,3.0,17.0,0,Withdrawn
100282,BBB,2013J,Critical,7.98,42.0,78.0,1.0,5.0,1,Withdrawn
478326,DDD,2014J,Critical,7.98,133.0,70.0,2.0,23.0,0,Withdrawn
604655,DDD,2013J,Critical,7.98,268.0,57.5,4.0,22.0,0,Withdrawn
628366,EEE,2014J,Critical,7.98,10.0,72.0,3.0,2.0,1,Withdrawn
378721,BBB,2013J,Critical,7.98,29.0,69.25,4.0,6.0,1,Withdrawn
264723,CCC,2014J,Critical,7.98,9.0,69.67,6.0,3.0,0,Withdrawn
2014252,DDD,2014J,Critical,7.98,0.0,54.64,11.0,0.0,1,Withdrawn
629822,CCC,2014J,Critical,7.98,86.0,51.38,8.0,12.0,0,Withdrawn
493876,DDD,2013J,Critical,7.98,250.0,56.0,10.0,16.0,0,Withdrawn
157310,CCC,2014J,Critical,7.98,4.0,65.0,7.0,1.0,1,Withdrawn
603113,BBB,2013J,Critical,7.98,7.0,65.0,5.0,1.0,0,Withdrawn
604606,FFF,2013J,Critical,7.98,785.0,63.0,2.0,44.0,0,Withdrawn
599429,CCC,2014J,Critical,7.98,105.0,74.67,3.0,5.0,0,Withdrawn
134982,CCC,2014J,Critical,7.98,44.0,56.4,5.0,2.0,0,Withdrawn
315517,DDD,2014B,Critical,7.98,195.0,71.0,1.0,24.0,1,Withdrawn
480181,FFF,2013B,Critical,7.98,786.0,62.0,3.0,39.0,0,Withdrawn
598260,BBB,2013J,Critical,7.98,233.0,56.11,9.0,27.0,0,Withdrawn
598752,FFF,2013J,Critical,7.98,910.0,62.0,4.0,33.0,0,Withdrawn
528175,DDD,2014J,Critical,7.98,598.0,60.5,2.0,45.0,0,Withdrawn
1930644,CCC,2014B,Critical,7.98,509.0,52.5,8.0,24.0,0,Withdrawn
2532840,FFF,2013B,Critical,7.98,806.0,64.0,2.0,25.0,1,Withdrawn
307297,CCC,2014J,Critical,7.98,133.0,66.0,2.0,6.0,0,Withdrawn
402210,CCC,2014J,Critical,7.98,640.0,43.58,12.0,35.0,0,Withdrawn
688284,DDD,2014J,Critical,7.97,480.0,42.17,6.0,76.0,0,Withdrawn
677631,EEE,2014J,Critical,7.97,243.0,68.5,2.0,26.0,0,Withdrawn
153788,CCC,2014B,Critical,7.97,357.0,66.5,4.0,18.0,0,Withdrawn
415969,AAA,2013J,Critical,7.97,1359.0,59.67,6.0,49.0,0,Withdrawn
367815,CCC,2014J,Critical,7.97,248.0,65.67,3.0,19.0,0,Withdrawn
963176,DDD,2014B,Critical,7.97,398.0,62.0,2.0,46.0,0,Withdrawn
366164,CCC,2014J,Critical,7.97,1113.0,53.33,6.0,39.0,0,Withdrawn
585643,CCC,2014J,Critical,7.97,281.0,66.25,4.0,13.0,0,Withdrawn
633881,FFF,2014B,Critical,7.97,511.0,65.5,2.0,31.0,0,Withdrawn
555132,DDD,2014J,Critical,7.97,343.0,64.2,5.0,19.0,1,Withdrawn
27417,DDD,2013J,Critical,7.97,410.0,50.62,8.0,30.0,0,Withdrawn
629088,BBB,2014B,Critical,7.97,102.0,64.0,1.0,11.0,0,Withdrawn
2043916,DDD,2013J,Critical,7.97,117.0,61.0,2.0,8.0,0,Withdrawn
607609,EEE,2013J,Critical,7.97,311.0,70.0,1.0,14.0,0,Withdrawn
611586,BBB,2014B,Critical,7.97,170.0,72.67,3.0,13.0,0,Withdrawn
310088,CCC,2014B,Critical,7.97,280.0,62.5,2.0,40.0,0,Withdrawn
590543,FFF,2014B,Critical,7.97,844.0,62.0,2.0,51.0,0,Withdrawn
591648,DDD,2014B,Critical,7.97,0.0,68.0,1.0,0.0,1,Withdrawn
683832,FFF,2014J,Critical,7.97,582.0,73.0,2.0,27.0,0,Withdrawn
584673,FFF,2013J,Critical,7.97,119.0,69.0,2.0,14.0,0,Withdrawn
530172,EEE,2013J,Critical,7.97,482.0,68.0,1.0,23.0,0,Withdrawn
598353,FFF,2013J,Critical,7.97,86.0,68.0,3.0,9.0,0,Withdrawn
235097,BBB,2014B,Critical,7.97,124.0,70.6,5.0,8.0,2,Withdrawn
598536,DDD,2013J,Critical,7.97,792.0,43.5,12.0,85.0,0,Withdrawn
493650,DDD,2014J,Critical,7.97,160.0,67.5,2.0,18.0,0,Withdrawn
86047,CCC,2014B,Critical,7.97,175.0,50.79,14.0,11.0,0,Withdrawn
686797,CCC,2014J,Critical,7.97,145.0,78.0,1.0,9.0,0,Withdrawn
357030,BBB,2013B,Critical,7.97,68.0,67.0,2.0,15.0,0,Withdrawn
524431,FFF,2013B,Critical,7.97,1007.0,66.2,5.0,30.0,0,Withdrawn
584591,DDD,2013J,Critical,7.97,608.0,65.0,5.0,31.0,0,Withdrawn
559011,BBB,2013B,Critical,7.97,154.0,66.67,3.0,13.0,0,Withdrawn
655484,CCC,2014J,Critical,7.97,147.0,69.5,2.0,7.0,0,Withdrawn
604574,DDD,2013J,Critical,7.97,677.0,66.0,4.0,33.0,0,Withdrawn
631888,EEE,2014J,Critical,7.97,633.0,65.0,2.0,26.0,0,Withdrawn
2230457,BBB,2014B,Critical,7.97,263.0,56.71,7.0,24.0,0,Withdrawn
626307,GGG,2014B,Critical,7.97,112.0,68.6,5.0,20.0,0,Withdrawn
550024,FFF,2013B,Critical,7.97,3199.0,61.0,2.0,50.0,0,Withdrawn
552999,DDD,2013B,Critical,7.97,497.0,56.17,6.0,50.0,0,Withdrawn
564356,CCC,2014J,Critical,7.97,75.0,57.43,7.0,7.0,0,Withdrawn
2576122,AAA,2013J,Critical,7.96,250.0,64.0,2.0,14.0,0,Withdrawn
405743,DDD,2013B,Critical,7.96,243.0,60.0,6.0,47.0,1,Withdrawn
353969,DDD,2014J,Critical,7.96,229.0,62.67,3.0,30.0,0,Withdrawn
490769,CCC,2014B,Critical,7.96,826.0,52.4,5.0,58.0,0,Withdrawn
119444,BBB,2014J,Critical,7.96,83.0,62.25,8.0,11.0,0,Withdrawn
565066,CCC,2014J,Critical,7.96,721.0,49.6,5.0,36.0,0,Withdrawn
631300,CCC,2014B,Critical,7.96,216.0,50.0,13.0,7.0,0,Withdrawn
513415,DDD,2014B,Critical,7.96,97.0,75.0,1.0,8.0,1,Withdrawn
655484,EEE,2014J,Critical,7.96,61.0,69.5,2.0,13.0,0,Withdrawn
625828,FFF,2014B,Critical,7.96,610.0,62.5,2.0,32.0,0,Withdrawn
596275,BBB,2013J,Critical,7.96,98.0,73.5,2.0,6.0,0,Withdrawn
646091,FFF,2014J,Critical,7.96,379.0,76.0,1.0,23.0,0,Withdrawn
600906,GGG,2013J,Critical,7.96,448.0,55.0,1.0,41.0,0,Withdrawn
632329,EEE,2014B,Critical,7.96,713.0,65.0,1.0,39.0,0,Withdrawn
580706,DDD,2013J,Critical,7.96,485.0,61.0,2.0,34.0,0,Withdrawn
578427,DDD,2013J,Critical,7.96,486.0,58.44,9.0,35.0,0,Withdrawn
2227004,BBB,2013J,Critical,7.96,47.0,64.0,3.0,4.0,1,Withdrawn
483267,CCC,2014B,Critical,7.96,218.0,62.0,2.0,16.0,0,Withdrawn
495903,DDD,2014J,Critical,7.96,571.0,62.5,4.0,62.0,0,Withdrawn
561905,DDD,2013J,Critical,7.96,947.0,52.8,5.0,58.0,0,Withdrawn
693082,DDD,2014J,Critical,7.96,263.0,63.33,3.0,25.0,0,Withdrawn
2269148,DDD,2014J,Critical,7.96,232.0,64.5,4.0,41.0,1,Withdrawn
386140,DDD,2014B,Critical,7.96,393.0,57.0,3.0,27.0,0,Withdrawn
506476,DDD,2013J,Critical,7.96,129.0,73.0,1.0,11.0,0,Withdrawn
442745,BBB,2014J,Critical,7.96,12.0,71.5,2.0,3.0,0,Withdrawn
509407,FFF,2013J,Critical,7.96,26.0,72.0,1.0,9.0,1,Withdrawn
571382,DDD,2014J,Critical,7.96,189.0,77.5,2.0,23.0,1,Withdrawn
559697,BBB,2013B,Critical,7.96,210.0,67.33,3.0,20.0,0,Withdrawn
655852,FFF,2014J,Critical,7.96,213.0,70.0,1.0,10.0,0,Withdrawn
656360,FFF,2014J,Critical,7.96,1268.0,64.5,3.0,43.0,0,Withdrawn
543361,DDD,2014B,Critical,7.96,195.0,65.0,1.0,15.0,0,Withdrawn
688144,BBB,2014J,Critical,7.96,50.0,77.5,2.0,3.0,0,Withdrawn
98256,FFF,2014J,Critical,7.96,355.0,68.0,2.0,21.0,0,Withdrawn
620951,DDD,2014B,Critical,7.96,173.0,71.0,1.0,10.0,0,Withdrawn
524261,DDD,2013J,Critical,7.96,631.0,57.4,10.0,47.0,1,Withdrawn
622130,CCC,2014B,Critical,7.96,0.0,68.25,4.0,0.0,0,Withdrawn
387335,DDD,2013B,Critical,7.96,171.0,60.5,2.0,14.0,0,Withdrawn
574695,FFF,2013J,Critical,7.96,548.0,62.0,1.0,15.0,0,Withdrawn
611245,FFF,2014B,Critical,7.96,303.0,66.67,3.0,18.0,1,Withdrawn
401011,CCC,2014J,Critical,7.96,341.0,63.2,5.0,11.0,0,Withdrawn
678877,FFF,2014J,Critical,7.96,889.0,60.0,2.0,47.0,0,Withdrawn
501302,FFF,2013B,Critical,7.96,0.0,72.0,2.0,0.0,0,Withdrawn
570377,EEE,2013J,Critical,7.96,1205.0,69.5,2.0,35.0,0,Withdrawn
601930,BBB,2014J,Critical,7.96,53.0,76.5,2.0,12.0,0,Withdrawn
630891,CCC,2014J,Critical,7.96,504.0,39.08,13.0,30.0,0,Withdrawn
558626,DDD,2013B,Critical,7.96,132.0,70.0,1.0,10.0,0,Withdrawn
278786,EEE,2013J,Critical,7.96,0.0,68.0,4.0,0.0,0,Withdrawn
682015,FFF,2014J,Critical,7.96,330.0,72.0,1.0,18.0,0,Withdrawn
584586,CCC,2014B,Critical,7.96,0.0,66.2,5.0,0.0,0,Withdrawn
316061,FFF,2013J,Critical,7.96,220.0,76.0,2.0,14.0,0,Withdrawn
2627398,BBB,2014J,Critical,7.96,138.0,57.67,3.0,23.0,0,Withdrawn
97865,BBB,2014B,Critical,7.96,91.0,77.0,5.0,13.0,3,Withdrawn
578541,CCC,2014B,Critical,7.96,488.0,53.17,6.0,27.0,0,Withdrawn
505700,CCC,2014J,Critical,7.96,650.0,49.2,10.0,48.0,0,Withdrawn
467396,BBB,2013J,Critical,7.96,0.0,66.2,5.0,0.0,1,Withdrawn
508047,BBB,2013J,Critical,7.96,96.0,71.0,1.0,12.0,0,Withdrawn
596805,FFF,2014J,Critical,7.96,202.0,76.0,2.0,14.0,2,Withdrawn
572871,FFF,2013J,Critical,7.96,628.0,70.33,3.0,10.0,0,Withdrawn
685330,FFF,2014J,Critical,7.96,5891.0,36.44,9.0,67.0,0,Withdrawn
429777,BBB,2014B,Critical,7.96,38.0,69.0,2.0,7.0,0,Withdrawn
352953,BBB,2014B,Critical,7.96,27.0,77.0,1.0,8.0,2,Withdrawn
611800,DDD,2014B,Critical,7.96,8.0,69.0,7.0,2.0,0,Withdrawn
328173,DDD,2013J,Critical,7.95,750.0,57.0,4.0,77.0,0,Withdrawn
601653,CCC,2014J,Critical,7.95,156.0,67.5,4.0,5.0,0,Withdrawn
549504,FFF,2013B,Critical,7.95,1012.0,66.0,1.0,44.0,0,Withdrawn
678241,GGG,2014J,Critical,7.95,115.0,67.5,2.0,14.0,0,Withdrawn
543963,BBB,2014B,Critical,7.95,15.0,72.0,1.0,3.0,0,Withdrawn
586407,BBB,2013J,Critical,7.95,122.0,75.0,1.0,10.0,0,Withdrawn
528535,DDD,2014J,Critical,7.95,304.0,65.5,4.0,34.0,1,Withdrawn
644871,FFF,2014J,Critical,7.95,266.0,72.0,1.0,10.0,0,Withdrawn
607533,FFF,2013J,Critical,7.95,342.0,70.0,1.0,23.0,0,Withdrawn
649542,BBB,2014J,Critical,7.95,20.0,70.0,2.0,3.0,0,Withdrawn
178072,CCC,2014B,Critical,7.95,221.0,57.91,11.0,26.0,0,Withdrawn
678575,BBB,2014J,Critical,7.95,166.0,67.0,4.0,15.0,0,Withdrawn
561441,GGG,2014B,Critical,7.95,171.0,74.0,1.0,13.0,1,Withdrawn
549928,DDD,2013B,Critical,7.95,339.0,62.33,3.0,33.0,0,Withdrawn
393094,DDD,2014J,Critical,7.95,14.0,76.0,5.0,6.0,2,Withdrawn
520332,CCC,2014B,Critical,7.95,6.0,66.6,5.0,2.0,0,Withdrawn
566482,DDD,2014J,Critical,7.95,688.0,58.83,6.0,48.0,1,Withdrawn
197538,FFF,2014B,Critical,7.95,380.0,59.75,4.0,32.0,1,Withdrawn
531894,FFF,2013B,Critical,7.95,2156.0,55.0,2.0,55.0,1,Withdrawn
512525,DDD,2013J,Critical,7.95,505.0,54.75,4.0,43.0,0,Withdrawn
566482,DDD,2013J,Critical,7.95,616.0,58.83,6.0,32.0,0,Withdrawn
2028523,FFF,2014J,Critical,7.95,646.0,67.5,2.0,12.0,0,Withdrawn
2588655,DDD,2013J,Critical,7.95,117.0,58.67,9.0,14.0,1,Withdrawn
589441,CCC,2014J,Critical,7.95,190.0,50.67,9.0,24.0,0,Withdrawn
648676,BBB,2014J,Critical,7.95,251.0,58.25,4.0,26.0,0,Withdrawn
546634,CCC,2014J,Critical,7.95,289.0,66.0,3.0,21.0,0,Withdrawn
1943214,EEE,2014J,Critical,7.95,658.0,63.0,2.0,47.0,0,Withdrawn
591986,BBB,2014J,Critical,7.95,241.0,75.67,3.0,22.0,1,Withdrawn
382160,FFF,2013B,Critical,7.95,284.0,68.0,2.0,16.0,0,Withdrawn
141301,DDD,2014B,Critical,7.95,0.0,84.0,1.0,0.0,3,Withdrawn
116763,DDD,2014B,Critical,7.95,115.0,79.0,1.0,8.0,1,Withdrawn
2096918,CCC,2014B,Critical,7.95,209.0,60.56,9.0,10.0,0,Withdrawn
596049,FFF,2013J,Critical,7.95,114.0,76.0,1.0,8.0,0,Withdrawn
442753,FFF,2014B,Critical,7.95,1997.0,69.4,5.0,42.0,2,Withdrawn
600938,CCC,2014B,Critical,7.95,328.0,58.4,5.0,24.0,0,Withdrawn
430554,FFF,2013B,Critical,7.95,1056.0,56.75,4.0,60.0,0,Withdrawn
682787,DDD,2014J,Critical,7.95,85.0,70.0,1.0,12.0,0,Withdrawn
647348,FFF,2014J,Critical,7.94,332.0,69.0,2.0,10.0,0,Withdrawn
625614,CCC,2014B,Critical,7.94,1248.0,46.71,7.0,77.0,0,Withdrawn
647518,EEE,2014J,Critical,7.94,143.0,70.5,2.0,11.0,0,Withdrawn
606388,BBB,2013J,Critical,7.94,70.0,79.0,1.0,11.0,0,Withdrawn
649413,CCC,2014J,Critical,7.94,0.0,70.43,7.0,0.0,0,Withdrawn
268915,DDD,2014B,Critical,7.94,570.0,62.0,1.0,38.0,0,Withdrawn
477319,BBB,2013J,Critical,7.94,684.0,59.33,3.0,22.0,0,Withdrawn
2564333,CCC,2014J,Critical,7.94,503.0,66.25,8.0,24.0,1,Withdrawn
547755,BBB,2013B,Critical,7.94,1120.0,55.0,1.0,28.0,0,Withdrawn
263697,FFF,2013B,Critical,7.94,497.0,76.0,2.0,18.0,0,Withdrawn
638023,DDD,2014J,Critical,7.94,76.0,65.0,1.0,5.0,0,Withdrawn
535997,FFF,2014J,Critical,7.94,949.0,53.17,6.0,37.0,0,Withdrawn
244816,FFF,2013B,Critical,7.94,3071.0,50.6,5.0,99.0,1,Withdrawn
2685827,DDD,2013J,Critical,7.94,0.0,65.29,7.0,0.0,1,Withdrawn
554588,CCC,2014B,Critical,7.94,74.0,53.07,14.0,7.0,0,Withdrawn
625214,BBB,2014B,Critical,7.94,95.0,68.5,2.0,13.0,0,Withdrawn
2139273,CCC,2014J,Critical,7.94,138.0,65.2,5.0,12.0,1,Withdrawn
379563,FFF,2014J,Critical,7.94,114.0,70.0,1.0,7.0,0,Withdrawn
2479086,DDD,2013B,Critical,7.94,1253.0,51.43,7.0,69.0,0,Withdrawn
386121,FFF,2014J,Critical,7.94,379.0,76.0,2.0,18.0,0,Withdrawn
551528,EEE,2014B,Critical,7.94,397.0,62.2,5.0,27.0,0,Withdrawn
509148,CCC,2014J,Critical,7.94,204.0,70.5,2.0,11.0,0,Withdrawn
199261,CCC,2014J,Critical,7.94,402.0,60.67,3.0,11.0,0,Withdrawn
622790,DDD,2014B,Critical,7.94,686.0,61.0,1.0,41.0,0,Withdrawn
688683,CCC,2014J,Critical,7.94,12.0,74.0,1.0,3.0,0,Withdrawn
1771053,BBB,2013B,Critical,7.94,404.0,60.0,2.0,26.0,0,Withdrawn
556360,DDD,2013B,Critical,7.94,1047.0,65.0,2.0,41.0,0,Withdrawn
489313,DDD,2013B,Critical,7.94,60.0,77.0,1.0,4.0,0,Withdrawn
2094546,DDD,2013J,Critical,7.94,54.0,62.71,7.0,6.0,1,Withdrawn
2476144,BBB,2013J,Critical,7.94,0.0,65.0,10.0,0.0,0,Withdrawn
2252437,CCC,2014J,Critical,7.94,570.0,67.33,6.0,40.0,1,Withdrawn
603910,BBB,2013J,Critical,7.94,244.0,66.67,3.0,19.0,0,Withdrawn
465619,CCC,2014J,Critical,7.94,173.0,63.71,7.0,20.0,1,Withdrawn
623352,FFF,2014B,Critical,7.94,545.0,68.0,1.0,26.0,0,Withdrawn
632958,FFF,2014B,Critical,7.94,603.0,65.5,2.0,40.0,0,Withdrawn
630657,CCC,2014B,Critical,7.94,93.0,69.33,3.0,8.0,0,Withdrawn
568998,FFF,2013J,Critical,7.94,246.0,66.67,3.0,16.0,0,Withdrawn
501123,DDD,2014B,Critical,7.94,59.0,71.0,1.0,10.0,0,Withdrawn
581744,CCC,2014B,Critical,7.93,248.0,59.5,6.0,15.0,0,Withdrawn
681735,FFF,2014J,Critical,7.93,343.0,65.0,2.0,31.0,0,Withdrawn
645962,DDD,2014J,Critical,7.93,289.0,57.4,5.0,26.0,0,Withdrawn
360024,FFF,2013B,Critical,7.93,1090.0,65.67,3.0,74.0,1,Withdrawn
269245,FFF,2013J,Critical,7.93,607.0,69.0,2.0,19.0,0,Withdrawn
498793,DDD,2013J,Critical,7.93,427.0,62.75,4.0,33.0,0,Withdrawn
341839,FFF,2013J,Critical,7.93,688.0,65.0,2.0,47.0,0,Withdrawn
588175,CCC,2014B,Critical,7.93,0.0,74.67,3.0,0.0,0,Withdrawn
544612,DDD,2014J,Critical,7.93,1133.0,51.67,3.0,55.0,0,Withdrawn
633732,FFF,2014B,Critical,7.93,768.0,66.0,1.0,26.0,0,Withdrawn
383420,GGG,2013J,Critical,7.93,0.0,67.44,9.0,0.0,0,Withdrawn
504749,DDD,2014J,Critical,7.93,281.0,67.5,4.0,27.0,0,Withdrawn
529287,EEE,2014J,Critical,7.93,785.0,63.0,2.0,53.0,0,Withdrawn
582309,GGG,2013J,Critical,7.93,40.0,65.0,1.0,8.0,0,Withdrawn
611245,FFF,2013J,Critical,7.93,235.0,66.67,3.0,8.0,0,Withdrawn
690867,DDD,2014J,Critical,7.93,269.0,64.75,4.0,22.0,0,Withdrawn
2389754,CCC,2014B,Critical,7.93,264.0,60.29,7.0,18.0,0,Withdrawn
528270,BBB,2013B,Critical,7.93,0.0,66.67,3.0,0.0,0,Withdrawn
470037,FFF,2013J,Critical,7.93,432.0,72.0,1.0,15.0,0,Withdrawn
2694139,FFF,2014J,Critical,7.93,1382.0,54.33,3.0,65.0,0,Withdrawn
2175266,DDD,2013J,Critical,7.93,433.0,58.25,4.0,53.0,0,Withdrawn
507671,CCC,2014J,Critical,7.93,0.0,78.33,3.0,0.0,1,Withdrawn
1858523,BBB,2013B,Critical,7.93,314.0,59.89,9.0,38.0,0,Withdrawn
627680,BBB,2014B,Critical,7.93,90.0,64.67,3.0,6.0,0,Withdrawn
678639,FFF,2014J,Critical,7.93,1092.0,68.0,1.0,43.0,0,Withdrawn
541040,CCC,2014J,Critical,7.93,634.0,64.6,5.0,50.0,0,Withdrawn
260355,AAA,2013J,Critical,7.93,426.0,57.5,3.0,43.0,0,Withdrawn
601175,CCC,2014B,Critical,7.93,204.0,58.67,6.0,12.0,0,Withdrawn
607966,CCC,2014B,Critical,7.93,111.0,64.83,6.0,5.0,0,Withdrawn
574523,CCC,2014J,Critical,7.93,73.0,67.17,6.0,2.0,1,Withdrawn
641134,GGG,2014J,Critical,7.93,128.0,68.33,3.0,13.0,0,Withdrawn
2558365,FFF,2014B,Critical,7.93,270.0,63.71,7.0,22.0,0,Withdrawn
627935,EEE,2014J,Critical,7.93,308.0,71.0,1.0,20.0,0,Withdrawn
674393,DDD,2014J,Critical,7.93,630.0,60.0,1.0,42.0,0,Withdrawn
572532,FFF,2013J,Critical,7.93,827.0,69.33,3.0,27.0,0,Withdrawn
520349,DDD,2014B,Critical,7.93,240.0,51.3,10.0,33.0,1,Withdrawn
560870,DDD,2013J,Critical,7.93,166.0,76.0,1.0,9.0,0,Withdrawn
614633,DDD,2014B,Critical,7.93,451.0,69.75,4.0,27.0,0,Withdrawn
1601739,DDD,2014J,Critical,7.93,220.0,66.0,3.0,30.0,1,Withdrawn
2558893,DDD,2014J,Critical,7.93,680.0,48.4,5.0,48.0,0,Withdrawn
372812,CCC,2014B,Critical,7.93,93.0,77.0,1.0,7.0,0,Withdrawn
1456619,AAA,2014J,Critical,7.93,706.0,63.0,1.0,34.0,1,Withdrawn
600963,DDD,2013J,Critical,7.93,1048.0,46.17,6.0,65.0,0,Withdrawn
386121,CCC,2014B,Critical,7.92,236.0,76.0,2.0,22.0,0,Withdrawn
2023561,BBB,2013J,Critical,7.92,136.0,90.0,2.0,8.0,5,Withdrawn
689198,DDD,2014J,Critical,7.92,202.0,65.0,1.0,18.0,0,Withdrawn
648725,FFF,2014J,Critical,7.92,401.0,70.0,1.0,8.0,0,Withdrawn
648130,AAA,2014J,Critical,7.92,447.0,53.0,5.0,52.0,0,Withdrawn
381722,BBB,2013B,Critical,7.92,106.0,73.0,1.0,13.0,0,Withdrawn
502557,DDD,2014J,Critical,7.92,801.0,67.67,3.0,43.0,1,Withdrawn
645366,FFF,2014J,Critical,7.92,692.0,70.0,1.0,30.0,0,Withdrawn
633384,CCC,2014B,Critical,7.92,495.0,55.86,7.0,23.0,0,Withdrawn
591655,CCC,2014B,Critical,7.92,92.0,56.86,7.0,17.0,0,Withdrawn
595992,CCC,2014B,Critical,7.92,192.0,66.0,5.0,10.0,0,Withdrawn
535542,FFF,2014J,Critical,7.92,749.0,64.0,1.0,23.0,0,Withdrawn
598757,CCC,2014B,Critical,7.92,0.0,63.67,3.0,0.0,0,Withdrawn
413580,DDD,2013B,Critical,7.92,482.0,55.75,8.0,37.0,0,Withdrawn
440851,FFF,2013B,Critical,7.92,843.0,66.25,8.0,25.0,2,Withdrawn
626539,FFF,2014J,Critical,7.92,153.0,69.33,7.0,12.0,1,Withdrawn
526124,CCC,2014J,Critical,7.92,108.0,71.5,2.0,12.0,0,Withdrawn
2139273,CCC,2014B,Critical,7.92,0.0,65.2,5.0,0.0,0,Withdrawn
536210,DDD,2013B,Critical,7.92,865.0,62.67,6.0,44.0,0,Withdrawn
580689,EEE,2013J,Critical,7.92,991.0,61.2,5.0,50.0,0,Withdrawn
698357,BBB,2014J,Critical,7.92,322.0,56.33,3.0,37.0,0,Withdrawn
419228,FFF,2013B,Critical,7.92,203.0,73.0,2.0,13.0,1,Withdrawn
555132,DDD,2014B,Critical,7.92,268.0,64.2,5.0,19.0,0,Withdrawn
487247,DDD,2013B,Critical,7.92,872.0,59.4,5.0,47.0,1,Withdrawn
335922,DDD,2014J,Critical,7.92,88.0,77.5,2.0,18.0,1,Withdrawn
650850,CCC,2014J,Critical,7.92,609.0,59.62,8.0,27.0,0,Withdrawn
594258,FFF,2014B,Critical,7.92,409.0,54.29,14.0,25.0,0,Withdrawn
560920,BBB,2014B,Critical,7.92,147.0,75.0,2.0,17.0,1,Withdrawn
430516,DDD,2013B,Critical,7.92,29.0,74.67,3.0,3.0,1,Withdrawn
406326,CCC,2014J,Critical,7.92,249.0,67.0,1.0,7.0,0,Withdrawn
621478,GGG,2014B,Critical,7.92,28.0,70.0,1.0,3.0,0,Withdrawn
271526,CCC,2014J,Critical,7.92,147.0,54.5,8.0,7.0,0,Withdrawn
531205,BBB,2013B,Critical,7.92,85.0,70.5,3.0,8.0,0,Withdrawn
490313,CCC,2014J,Critical,7.92,421.0,58.0,5.0,48.0,0,Withdrawn
500440,CCC,2014J,Critical,7.92,7.0,75.5,2.0,1.0,0,Withdrawn
618606,CCC,2014B,Critical,7.92,1323.0,56.8,5.0,37.0,0,Withdrawn
2216442,CCC,2014J,Critical,7.91,82.0,72.67,3.0,8.0,0,Withdrawn
649020,FFF,2014J,Critical,7.91,225.0,70.0,1.0,15.0,0,Withdrawn
438313,CCC,2014B,Critical,7.91,366.0,63.75,8.0,9.0,0,Withdrawn
1456619,AAA,2013J,Critical,7.91,467.0,63.0,1.0,22.0,0,Withdrawn
1686521,AAA,2013J,Critical,7.91,643.0,68.0,1.0,29.0,0,Withdrawn
370100,DDD,2014J,Critical,7.91,288.0,62.67,3.0,21.0,0,Withdrawn
634107,DDD,2014B,Critical,7.91,514.0,69.0,1.0,27.0,0,Withdrawn
622430,CCC,2014B,Critical,7.91,0.0,63.0,12.0,0.0,0,Withdrawn
523583,DDD,2013J,Critical,7.91,275.0,70.5,4.0,15.0,0,Withdrawn
629748,CCC,2014J,Critical,7.91,304.0,67.0,1.0,7.0,0,Withdrawn
560117,BBB,2013B,Critical,7.91,225.0,50.83,12.0,29.0,0,Withdrawn
552234,CCC,2014B,Critical,7.91,906.0,70.0,1.0,22.0,0,Withdrawn
626607,DDD,2014B,Critical,7.91,1610.0,32.67,6.0,147.0,0,Withdrawn
385034,BBB,2013B,Critical,7.91,251.0,65.67,3.0,25.0,0,Withdrawn
608727,FFF,2013J,Critical,7.91,0.0,70.75,4.0,0.0,0,Withdrawn
590668,BBB,2013J,Critical,7.91,92.0,63.67,6.0,9.0,0,Withdrawn
2590531,FFF,2014B,Critical,7.91,887.0,66.0,2.0,43.0,0,Withdrawn
596432,CCC,2014B,Critical,7.91,2.0,74.0,2.0,1.0,0,Withdrawn
523334,CCC,2014J,Critical,7.91,344.0,67.33,3.0,27.0,0,Withdrawn
599957,FFF,2013J,Critical,7.91,596.0,73.0,2.0,22.0,0,Withdrawn
510169,EEE,2013J,Critical,7.91,90.0,71.0,2.0,9.0,0,Withdrawn
721259,AAA,2013J,Critical,7.91,1228.0,65.0,2.0,27.0,0,Withdrawn
394218,CCC,2014J,Critical,7.91,0.0,56.17,12.0,0.0,0,Withdrawn
617150,FFF,2014J,Critical,7.91,1885.0,64.0,2.0,67.0,0,Withdrawn
184720,FFF,2013J,Critical,7.91,441.0,71.25,4.0,35.0,2,Withdrawn
590974,CCC,2014B,Critical,7.91,156.0,64.0,4.0,20.0,0,Withdrawn
328797,FFF,2014B,Critical,7.91,0.0,65.75,4.0,0.0,0,Withdrawn
544444,BBB,2013B,Critical,7.91,358.0,78.0,1.0,17.0,0,Withdrawn
543418,BBB,2013J,Critical,7.91,52.0,65.83,6.0,5.0,0,Withdrawn
2072166,BBB,2013J,Critical,7.91,207.0,70.4,5.0,25.0,0,Withdrawn
694554,BBB,2014J,Critical,7.91,106.0,79.0,2.0,9.0,0,Withdrawn
557826,DDD,2013B,Critical,7.91,1212.0,54.25,4.0,63.0,0,Withdrawn
484494,FFF,2014J,Critical,7.91,243.0,70.0,1.0,16.0,0,Withdrawn
575855,FFF,2014B,Critical,7.91,0.0,58.57,7.0,0.0,0,Withdrawn
157310,CCC,2014B,Critical,7.91,17.0,65.0,7.0,3.0,0,Withdrawn
598503,BBB,2013J,Critical,7.91,896.0,65.0,1.0,30.0,0,Withdrawn
572209,FFF,2013J,Critical,7.91,179.0,74.0,1.0,12.0,0,Withdrawn
484475,FFF,2013J,Critical,7.91,161.0,79.0,2.0,12.0,0,Withdrawn
442670,FFF,2013J,Critical,7.91,38.0,64.36,11.0,3.0,2,Withdrawn
427485,FFF,2014J,Critical,7.91,332.0,82.0,1.0,12.0,2,Withdrawn
402575,DDD,2014B,Critical,7.91,504.0,65.0,3.0,54.0,0,Withdrawn
543785,FFF,2014B,Critical,7.91,0.0,75.6,5.0,0.0,2,Withdrawn
553410,CCC,2014B,Critical,7.91,257.0,80.0,1.0,9.0,0,Withdrawn
575855,DDD,2013J,Critical,7.91,0.0,58.57,7.0,0.0,0,Withdrawn
510694,CCC,2014B,Critical,7.91,26.0,67.6,5.0,7.0,0,Withdrawn
526073,CCC,2014B,Critical,7.91,323.0,57.25,8.0,33.0,0,Withdrawn
2661696,CCC,2014B,Critical,7.91,129.0,70.0,1.0,15.0,0,Withdrawn
519941,DDD,2014J,Critical,7.91,540.0,57.0,4.0,49.0,0,Withdrawn
620974,CCC,2014B,Critical,7.91,1325.0,52.22,9.0,32.0,0,Withdrawn
493207,DDD,2013J,Critical,7.91,350.0,54.25,8.0,29.0,0,Withdrawn
2524572,CCC,2014B,Critical,7.91,0.0,71.0,2.0,0.0,0,Withdrawn
2558365,CCC,2014B,Critical,7.91,274.0,63.71,7.0,25.0,0,Withdrawn
503353,BBB,2013B,Critical,7.91,125.0,75.0,1.0,15.0,0,Withdrawn
608643,CCC,2014B,Critical,7.9,54.0,66.0,6.0,9.0,0,Withdrawn
627840,FFF,2014J,Critical,7.9,0.0,73.0,2.0,0.0,1,Withdrawn
633455,CCC,2014B,Critical,7.9,316.0,64.2,5.0,14.0,0,Withdrawn
677486,FFF,2014J,Critical,7.9,1193.0,58.5,4.0,49.0,0,Withdrawn
408469,BBB,2014B,Critical,7.9,229.0,74.0,1.0,16.0,1,Withdrawn
596321,CCC,2014B,Critical,7.9,59.0,71.0,1.0,1.0,0,Withdrawn
538232,BBB,2013B,Critical,7.9,243.0,65.43,7.0,17.0,0,Withdrawn
595773,FFF,2013J,Critical,7.9,806.0,66.0,2.0,49.0,0,Withdrawn
496657,FFF,2013B,Critical,7.9,553.0,68.0,1.0,30.0,0,Withdrawn
46016,DDD,2014J,Critical,7.9,389.0,65.0,3.0,38.0,0,Withdrawn
472049,GGG,2014J,Critical,7.9,160.0,69.5,2.0,25.0,0,Withdrawn
2635116,DDD,2014B,Critical,7.9,306.0,68.75,4.0,28.0,0,Withdrawn
501897,FFF,2014J,Critical,7.9,1403.0,59.4,5.0,73.0,0,Withdrawn
1118218,CCC,2014J,Critical,7.9,293.0,67.0,1.0,24.0,0,Withdrawn
579372,CCC,2014B,Critical,7.9,187.0,67.0,8.0,19.0,0,Withdrawn
76579,EEE,2013J,Critical,7.9,771.0,60.75,4.0,57.0,0,Withdrawn
372812,EEE,2014B,Critical,7.9,264.0,77.0,1.0,11.0,0,Withdrawn
394076,DDD,2013J,Critical,7.9,317.0,70.0,1.0,21.0,1,Withdrawn
573689,CCC,2014J,Critical,7.9,33.0,64.4,5.0,11.0,0,Withdrawn
613644,CCC,2014J,Critical,7.9,121.0,73.5,2.0,5.0,0,Withdrawn
507817,BBB,2014B,Critical,7.9,0.0,65.36,11.0,0.0,2,Withdrawn
639919,FFF,2014J,Critical,7.9,750.0,70.0,2.0,21.0,0,Withdrawn
610158,CCC,2014B,Critical,7.9,15.0,70.75,4.0,3.0,0,Withdrawn
242893,BBB,2014J,Critical,7.9,85.0,71.14,8.0,5.0,2,Withdrawn
646734,FFF,2014J,Critical,7.9,498.0,64.5,4.0,29.0,0,Withdrawn
2322046,BBB,2013B,Critical,7.9,245.0,65.0,2.0,22.0,1,Withdrawn
651398,FFF,2014J,Critical,7.9,443.0,72.0,1.0,27.0,0,Withdrawn
651886,FFF,2014J,Critical,7.9,1079.0,67.0,2.0,27.0,0,Withdrawn
599423,BBB,2013J,Critical,7.9,42.0,75.0,1.0,7.0,0,Withdrawn
600267,EEE,2014J,Critical,7.9,306.0,69.5,2.0,28.0,0,Withdrawn
596931,CCC,2014J,Critical,7.9,18.0,64.25,4.0,1.0,0,Withdrawn
2271743,BBB,2013J,Critical,7.9,44.0,80.5,4.0,4.0,1,Withdrawn
1560989,BBB,2014B,Critical,7.9,284.0,68.5,6.0,24.0,0,Withdrawn
266558,CCC,2014B,Critical,7.9,583.0,57.89,9.0,23.0,0,Withdrawn
599649,DDD,2013J,Critical,7.9,12.0,73.0,2.0,1.0,0,Withdrawn
656954,CCC,2014J,Critical,7.9,226.0,66.0,2.0,19.0,0,Withdrawn
261160,CCC,2014J,Critical,7.9,514.0,64.4,5.0,44.0,0,Withdrawn
308359,BBB,2013J,Critical,7.9,75.0,70.0,2.0,6.0,1,Withdrawn
394791,CCC,2014B,Critical,7.9,0.0,62.33,9.0,0.0,0,Withdrawn
618846,GGG,2014B,Critical,7.9,93.0,69.5,2.0,8.0,0,Withdrawn
406498,DDD,2013B,Critical,7.9,439.0,61.91,11.0,34.0,1,Withdrawn
315517,DDD,2013J,Critical,7.9,419.0,71.0,1.0,21.0,0,Withdrawn
106247,AAA,2013J,Critical,7.9,465.0,60.0,3.0,33.0,0,Withdrawn
135400,AAA,2013J,Critical,7.9,287.0,53.14,7.0,24.0,0,Withdrawn
600808,FFF,2013J,Critical,7.89,172.0,72.0,2.0,7.0,0,Withdrawn
598757,FFF,2013J,Critical,7.89,254.0,63.67,3.0,5.0,0,Withdrawn
628715,GGG,2014B,Critical,7.89,77.0,75.0,1.0,10.0,0,Withdrawn
620507,BBB,2014B,Critical,7.89,183.0,52.09,11.0,14.0,0,Withdrawn
595915,FFF,2013J,Critical,7.89,328.0,78.0,1.0,11.0,0,Withdrawn
82201,FFF,2014B,Critical,7.89,589.0,65.0,4.0,24.0,0,Withdrawn
587195,FFF,2013J,Critical,7.89,18.0,72.5,4.0,5.0,0,Withdrawn
633384,DDD,2014B,Critical,7.89,454.0,55.86,7.0,31.0,0,Withdrawn
378721,BBB,2013B,Critical,7.89,109.0,69.25,4.0,12.0,0,Withdrawn
335914,CCC,2014J,Critical,7.89,98.0,78.0,1.0,12.0,0,Withdrawn
1428865,FFF,2013J,Critical,7.89,488.0,80.0,1.0,18.0,1,Withdrawn
474508,DDD,2013J,Critical,7.89,866.0,63.5,2.0,60.0,0,Withdrawn
432624,DDD,2013J,Critical,7.89,385.0,67.0,4.0,30.0,2,Withdrawn
677374,DDD,2014J,Critical,7.89,526.0,69.33,3.0,31.0,0,Withdrawn
602652,BBB,2013J,Critical,7.89,38.0,69.0,1.0,7.0,0,Withdrawn
682309,CCC,2014J,Critical,7.89,82.0,73.5,2.0,9.0,0,Withdrawn
630888,CCC,2014B,Critical,7.89,162.0,74.2,5.0,11.0,0,Withdrawn
602739,BBB,2013J,Critical,7.89,370.0,64.25,4.0,20.0,0,Withdrawn
608942,BBB,2013J,Critical,7.89,188.0,74.0,2.0,23.0,0,Withdrawn
325497,CCC,2014B,Critical,7.89,522.0,54.27,11.0,40.0,0,Withdrawn
616613,FFF,2014B,Critical,7.89,764.0,70.0,1.0,35.0,0,Withdrawn
648419,DDD,2014J,Critical,7.89,760.0,64.33,3.0,29.0,0,Withdrawn
577640,FFF,2013J,Critical,7.89,961.0,68.0,1.0,12.0,0,Withdrawn
531340,DDD,2014B,Critical,7.89,73.0,81.0,3.0,15.0,2,Withdrawn
575476,FFF,2013J,Critical,7.89,664.0,72.0,1.0,15.0,0,Withdrawn
687510,FFF,2014J,Critical,7.89,580.0,70.0,2.0,30.0,0,Withdrawn
1841267,CCC,2014B,Critical,7.89,308.0,58.67,6.0,34.0,0,Withdrawn
688664,FFF,2014J,Critical,7.89,440.0,70.0,1.0,21.0,0,Withdrawn
2564333,CCC,2014B,Critical,7.89,422.0,66.25,8.0,20.0,0,Withdrawn
1656527,DDD,2013B,Critical,7.89,475.0,66.0,2.0,25.0,1,Withdrawn
2377769,CCC,2014J,Critical,7.89,0.0,66.29,7.0,0.0,0,Withdrawn
1984169,FFF,2014B,Critical,7.89,154.0,74.0,1.0,7.0,0,Withdrawn
128791,FFF,2013B,Critical,7.89,1235.0,60.0,3.0,43.0,0,Withdrawn
107028,CCC,2014B,Critical,7.89,85.0,62.62,8.0,9.0,0,Withdrawn
2456387,DDD,2013B,Critical,7.89,800.0,64.0,3.0,50.0,2,Withdrawn
540568,DDD,2013B,Critical,7.89,574.0,62.0,4.0,48.0,0,Withdrawn
266040,EEE,2014B,Critical,7.89,358.0,72.33,3.0,21.0,0,Withdrawn
501488,DDD,2013J,Critical,7.89,318.0,71.6,5.0,23.0,1,Withdrawn
485920,CCC,2014J,Critical,7.89,315.0,53.44,9.0,32.0,0,Withdrawn
545951,FFF,2013B,Critical,7.89,671.0,64.0,2.0,34.0,0,Withdrawn
499244,FFF,2013B,Critical,7.89,576.0,64.0,4.0,36.0,1,Withdrawn
587195,CCC,2014J,Critical,7.89,26.0,72.5,4.0,6.0,0,Withdrawn
445351,BBB,2013J,Critical,7.89,102.0,65.75,4.0,14.0,0,Withdrawn
656204,BBB,2014J,Critical,7.89,143.0,68.67,3.0,15.0,0,Withdrawn
575811,DDD,2013J,Critical,7.89,678.0,57.6,5.0,59.0,0,Withdrawn
682414,EEE,2014J,Critical,7.89,171.0,78.0,1.0,11.0,0,Withdrawn
267118,CCC,2014B,Critical,7.89,123.0,72.67,3.0,13.0,0,Withdrawn
604694,CCC,2014J,Critical,7.89,256.0,63.33,3.0,28.0,0,Withdrawn
683699,FFF,2014J,Critical,7.89,571.0,72.0,2.0,27.0,0,Withdrawn
676498,DDD,2014J,Critical,7.88,564.0,52.83,6.0,53.0,0,Withdrawn
542562,BBB,2014B,Critical,7.88,0.0,64.7,10.0,0.0,2,Withdrawn
2689501,DDD,2014B,Critical,7.88,375.0,65.67,3.0,43.0,1,Withdrawn
556521,CCC,2014J,Critical,7.88,47.0,69.5,6.0,4.0,1,Withdrawn
495913,BBB,2013B,Critical,7.88,0.0,69.88,8.0,0.0,1,Withdrawn
596953,FFF,2014B,Critical,7.88,1019.0,63.25,4.0,45.0,1,Withdrawn
505417,BBB,2013B,Critical,7.88,99.0,71.75,4.0,12.0,1,Withdrawn
118578,DDD,2014J,Critical,7.88,792.0,59.75,4.0,77.0,2,Withdrawn
500395,BBB,2014B,Critical,7.88,21.0,73.67,3.0,1.0,0,Withdrawn
283783,DDD,2013B,Critical,7.88,444.0,67.5,2.0,31.0,1,Withdrawn
609435,FFF,2013J,Critical,7.88,577.0,64.5,2.0,23.0,0,Withdrawn
1644328,CCC,2014B,Critical,7.88,348.0,68.5,2.0,17.0,0,Withdrawn
77241,DDD,2013J,Critical,7.88,224.0,71.0,3.0,24.0,0,Withdrawn
2103305,BBB,2014J,Critical,7.88,214.0,72.5,2.0,14.0,0,Withdrawn
607413,CCC,2014B,Critical,7.88,0.0,76.0,2.0,0.0,0,Withdrawn
584735,BBB,2013J,Critical,7.88,142.0,70.5,4.0,17.0,0,Withdrawn
601054,CCC,2014J,Critical,7.88,7.0,75.0,4.0,4.0,1,Withdrawn
568775,BBB,2014J,Critical,7.88,208.0,70.8,5.0,23.0,1,Withdrawn
588710,CCC,2014B,Critical,7.88,142.0,68.4,5.0,9.0,0,Withdrawn
617543,FFF,2014B,Critical,7.88,675.0,71.75,4.0,37.0,0,Withdrawn
600428,BBB,2013J,Critical,7.88,3.0,65.0,5.0,1.0,0,Withdrawn
609193,BBB,2013J,Critical,7.88,89.0,68.0,1.0,16.0,0,Withdrawn
603931,DDD,2013J,Critical,7.88,0.0,65.0,8.0,0.0,0,Withdrawn
624772,FFF,2014B,Critical,7.88,485.0,73.5,2.0,9.0,0,Withdrawn
586526,CCC,2014B,Critical,7.88,24.0,53.67,9.0,8.0,0,Withdrawn
578823,CCC,2014J,Critical,7.88,326.0,55.2,10.0,21.0,1,Withdrawn
608727,FFF,2014B,Critical,7.88,571.0,70.75,4.0,24.0,1,Withdrawn
625213,CCC,2014B,Critical,7.88,150.0,68.25,4.0,10.0,0,Withdrawn
649780,CCC,2014J,Critical,7.88,5.0,67.0,5.0,2.0,0,Withdrawn
564931,CCC,2014J,Critical,7.88,176.0,71.5,2.0,13.0,0,Withdrawn
2646737,DDD,2014B,Critical,7.88,211.0,57.0,8.0,23.0,1,Withdrawn
580511,CCC,2014B,Critical,7.88,549.0,68.25,4.0,34.0,0,Withdrawn
277880,AAA,2014J,Critical,7.88,12.0,67.67,6.0,5.0,1,Withdrawn
501723,DDD,2013J,Critical,7.88,314.0,68.8,5.0,21.0,1,Withdrawn
688208,BBB,2014J,Critical,7.88,481.0,63.33,3.0,41.0,0,Withdrawn
185057,CCC,2014J,Critical,7.88,302.0,66.4,5.0,17.0,0,Withdrawn
465078,FFF,2014J,Critical,7.88,1396.0,74.67,3.0,45.0,1,Withdrawn
2680770,BBB,2013B,Critical,7.88,251.0,67.0,4.0,25.0,0,Withdrawn
2577091,CCC,2014B,Critical,7.88,262.0,62.33,3.0,15.0,0,Withdrawn
590462,FFF,2014J,Critical,7.88,541.0,76.67,3.0,43.0,1,Withdrawn
581065,DDD,2013J,Critical,7.88,262.0,69.0,2.0,15.0,0,Withdrawn
128072,CCC,2014J,Critical,7.88,153.0,67.0,1.0,10.0,0,Withdrawn
536103,FFF,2013B,Critical,7.88,354.0,62.67,6.0,15.0,0,Withdrawn
1668372,DDD,2014B,Critical,7.88,591.0,61.33,3.0,50.0,1,Withdrawn
335018,DDD,2013J,Critical,7.87,175.0,57.73,11.0,22.0,1,Withdrawn
685236,CCC,2014J,Critical,7.87,712.0,54.57,7.0,32.0,0,Withdrawn
687345,CCC,2014J,Critical,7.87,84.0,70.33,3.0,4.0,0,Withdrawn
577954,DDD,2014B,Critical,7.87,1699.0,43.17,6.0,107.0,0,Withdrawn
627727,FFF,2014B,Critical,7.87,349.0,82.0,1.0,14.0,0,Withdrawn
647368,DDD,2014J,Critical,7.87,168.0,70.0,3.0,23.0,0,Withdrawn
425287,CCC,2014B,Critical,7.87,413.0,51.92,13.0,30.0,0,Withdrawn
609230,BBB,2013J,Critical,7.87,396.0,73.0,1.0,15.0,0,Withdrawn
612880,FFF,2014B,Critical,7.87,1151.0,57.33,6.0,50.0,0,Withdrawn
494840,BBB,2013B,Critical,7.87,329.0,77.0,1.0,6.0,1,Withdrawn
124728,DDD,2013B,Critical,7.87,186.0,75.0,2.0,4.0,0,Withdrawn
500440,EEE,2014J,Critical,7.87,205.0,75.5,2.0,13.0,0,Withdrawn
532062,FFF,2014B,Critical,7.87,746.0,74.67,6.0,19.0,3,Withdrawn
523275,DDD,2013J,Critical,7.87,769.0,69.0,2.0,43.0,1,Withdrawn
529073,DDD,2013J,Critical,7.87,504.0,57.0,5.0,54.0,0,Withdrawn
682414,CCC,2014J,Critical,7.87,247.0,78.0,1.0,15.0,0,Withdrawn
618137,BBB,2014B,Critical,7.87,99.0,70.0,1.0,17.0,0,Withdrawn
382857,CCC,2014J,Critical,7.87,0.0,72.33,6.0,0.0,0,Withdrawn
2264282,GGG,2014B,Critical,7.87,75.0,77.5,2.0,9.0,0,Withdrawn
596739,FFF,2013J,Critical,7.87,901.0,69.67,3.0,42.0,0,Withdrawn
440319,AAA,2014J,Critical,7.87,676.0,69.33,3.0,46.0,0,Withdrawn
587621,CCC,2014B,Critical,7.87,335.0,50.64,11.0,21.0,0,Withdrawn
2577480,DDD,2014B,Critical,7.87,69.0,75.5,4.0,11.0,1,Withdrawn
593607,CCC,2014J,Critical,7.87,283.0,55.17,12.0,25.0,0,Withdrawn
1644328,EEE,2014B,Critical,7.87,401.0,68.5,2.0,20.0,0,Withdrawn
525027,BBB,2014B,Critical,7.87,129.0,77.0,1.0,12.0,0,Withdrawn
678246,DDD,2014J,Critical,7.87,0.0,74.4,5.0,0.0,0,Withdrawn
628366,EEE,2014B,Critical,7.87,180.0,72.0,3.0,13.0,0,Withdrawn
258310,DDD,2013B,Critical,7.87,667.0,65.0,6.0,78.0,1,Withdrawn
367510,CCC,2014J,Critical,7.87,352.0,59.45,11.0,19.0,0,Withdrawn
405784,DDD,2013B,Critical,7.87,1911.0,35.25,12.0,121.0,0,Withdrawn
622626,DDD,2014B,Critical,7.87,0.0,70.71,7.0,0.0,0,Withdrawn
1841850,CCC,2014J,Critical,7.87,33.0,74.5,2.0,11.0,0,Withdrawn
198339,BBB,2013J,Critical,7.87,142.0,80.0,1.0,15.0,1,Withdrawn
650148,FFF,2014J,Critical,7.87,280.0,74.0,2.0,10.0,0,Withdrawn
286527,EEE,2013J,Critical,7.87,290.0,58.71,7.0,18.0,0,Withdrawn
603832,CCC,2014B,Critical,7.87,1192.0,52.12,8.0,54.0,0,Withdrawn
267118,DDD,2014B,Critical,7.87,192.0,72.67,3.0,17.0,0,Withdrawn
557542,FFF,2013B,Critical,7.87,580.0,72.0,3.0,11.0,0,Withdrawn
595685,CCC,2014B,Critical,7.87,99.0,59.38,8.0,15.0,0,Withdrawn
561519,EEE,2013J,Critical,7.87,1144.0,63.0,3.0,53.0,0,Withdrawn
656693,FFF,2014J,Critical,7.87,355.0,82.0,1.0,12.0,0,Withdrawn
2604856,CCC,2014B,Critical,7.87,4.0,70.5,4.0,2.0,0,Withdrawn
688106,BBB,2014J,Critical,7.87,313.0,76.33,3.0,21.0,0,Withdrawn
603931,FFF,2014J,Critical,7.87,199.0,65.0,8.0,24.0,1,Withdrawn
126812,CCC,2014J,Critical,7.87,661.0,53.8,10.0,37.0,0,Withdrawn
504956,FFF,2013B,Critical,7.87,1318.0,68.0,2.0,53.0,0,Withdrawn
618982,CCC,2014J,Critical,7.87,88.0,66.8,5.0,13.0,0,Withdrawn
1904710,BBB,2013B,Critical,7.87,406.0,73.0,1.0,28.0,0,Withdrawn
572163,BBB,2013J,Critical,7.87,343.0,72.0,5.0,20.0,0,Withdrawn
597356,DDD,2014B,Critical,7.87,819.0,57.0,2.0,41.0,0,Withdrawn
538232,DDD,2013B,Critical,7.87,294.0,65.43,7.0,26.0,0,Withdrawn
643608,BBB,2014J,Critical,7.87,364.0,77.0,2.0,25.0,0,Withdrawn
543533,BBB,2013B,Critical,7.87,376.0,59.5,8.0,38.0,0,Withdrawn
245217,CCC,2014B,Critical,7.87,503.0,49.67,12.0,31.0,0,Withdrawn
572087,DDD,2013J,Critical,7.87,460.0,71.0,1.0,20.0,0,Withdrawn
227491,DDD,2013J,Critical,7.87,0.0,70.86,7.0,0.0,1,Withdrawn
272623,FFF,2013J,Critical,7.87,674.0,72.0,3.0,56.0,0,Withdrawn
2384666,CCC,2014J,Critical,7.87,436.0,67.67,3.0,35.0,0,Withdrawn
410666,FFF,2013J,Critical,7.87,0.0,75.62,8.0,0.0,2,Withdrawn
685042,FFF,2014J,Critical,7.87,1337.0,67.5,2.0,41.0,0,Withdrawn
630812,FFF,2014B,Critical,7.87,521.0,69.25,4.0,14.0,0,Withdrawn
688881,FFF,2014J,Critical,7.87,689.0,69.0,2.0,40.0,0,Withdrawn
548578,BBB,2014B,Critical,7.86,0.0,80.0,1.0,0.0,0,Withdrawn
628366,CCC,2014B,Critical,7.86,227.0,72.0,3.0,12.0,0,Withdrawn
638092,GGG,2014J,Critical,7.86,59.0,75.0,2.0,8.0,0,Withdrawn
546675,CCC,2014B,Critical,7.86,130.0,40.88,17.0,25.0,0,Withdrawn
631925,CCC,2014B,Critical,7.86,364.0,69.33,3.0,27.0,0,Withdrawn
25997,BBB,2014B,Critical,7.86,13.0,86.5,2.0,1.0,2,Withdrawn
1438584,DDD,2014J,Critical,7.86,191.0,75.0,1.0,17.0,0,Withdrawn
648250,CCC,2014J,Critical,7.86,1727.0,67.0,1.0,14.0,0,Withdrawn
630203,GGG,2014B,Critical,7.86,178.0,75.5,2.0,9.0,0,Withdrawn
650849,CCC,2014J,Critical,7.86,207.0,62.83,6.0,7.0,0,Withdrawn
235507,AAA,2013J,Critical,7.86,190.0,57.83,6.0,21.0,0,Withdrawn
683947,BBB,2014J,Critical,7.86,58.0,80.0,1.0,9.0,0,Withdrawn
563710,DDD,2014J,Critical,7.86,302.0,70.0,1.0,22.0,0,Withdrawn
570488,CCC,2014B,Critical,7.86,23.0,74.33,3.0,5.0,0,Withdrawn
474674,EEE,2014B,Critical,7.86,144.0,78.0,1.0,12.0,0,Withdrawn
628008,CCC,2014J,Critical,7.86,65.0,69.57,7.0,8.0,0,Withdrawn
126337,EEE,2013J,Critical,7.86,1785.0,57.2,5.0,80.0,0,Withdrawn
656954,EEE,2014J,Critical,7.86,434.0,66.0,2.0,29.0,0,Withdrawn
1867563,FFF,2013B,Critical,7.86,307.0,75.0,2.0,19.0,0,Withdrawn
438063,FFF,2013J,Critical,7.86,608.0,68.67,6.0,43.0,1,Withdrawn
152626,CCC,2014J,Critical,7.86,455.0,61.33,12.0,16.0,0,Withdrawn
2619719,FFF,2014B,Critical,7.86,1951.0,61.0,2.0,78.0,0,Withdrawn
581065,FFF,2014B,Critical,7.86,472.0,69.0,2.0,23.0,0,Withdrawn
603319,FFF,2014B,Critical,7.86,612.0,71.0,2.0,30.0,0,Withdrawn
2612728,FFF,2014J,Critical,7.86,572.0,76.0,1.0,21.0,0,Withdrawn
145578,DDD,2014J,Critical,7.86,659.0,59.33,3.0,33.0,0,Withdrawn
698278,FFF,2014J,Critical,7.86,1478.0,69.0,2.0,42.0,0,Withdrawn
614730,FFF,2014B,Critical,7.86,871.0,69.33,3.0,35.0,0,Withdrawn
563847,DDD,2013J,Critical,7.86,245.0,70.0,5.0,25.0,0,Withdrawn
608423,CCC,2014J,Critical,7.86,336.0,67.17,6.0,31.0,0,Withdrawn
603803,DDD,2013J,Critical,7.86,704.0,71.0,1.0,39.0,0,Withdrawn
247967,BBB,2014J,Critical,7.86,428.0,76.0,3.0,20.0,0,Withdrawn
554512,BBB,2013B,Critical,7.86,235.0,67.5,4.0,30.0,0,Withdrawn
626753,CCC,2014J,Critical,7.86,61.0,78.75,4.0,7.0,0,Withdrawn
352339,BBB,2013J,Critical,7.86,165.0,80.0,2.0,16.0,0,Withdrawn
582395,CCC,2014J,Critical,7.86,231.0,70.8,5.0,21.0,1,Withdrawn
600436,CCC,2014B,Critical,7.86,116.0,63.2,10.0,13.0,0,Withdrawn
1966597,CCC,2014J,Critical,7.86,803.0,62.0,3.0,31.0,0,Withdrawn
91801,FFF,2014J,Critical,7.86,1354.0,69.0,2.0,47.0,1,Withdrawn
631925,FFF,2014B,Critical,7.86,602.0,69.33,3.0,31.0,0,Withdrawn
306150,CCC,2014B,Critical,7.85,0.0,67.0,4.0,0.0,0,Withdrawn
629632,DDD,2014B,Critical,7.85,2537.0,38.0,5.0,122.0,0,Withdrawn
589798,FFF,2014B,Critical,7.85,813.0,67.6,5.0,27.0,0,Withdrawn
2372088,BBB,2014B,Critical,7.85,100.0,79.0,1.0,6.0,0,Withdrawn
629601,CCC,2014B,Critical,7.85,0.0,72.25,4.0,0.0,0,Withdrawn
516398,EEE,2014J,Critical,7.85,81.0,56.38,13.0,5.0,0,Withdrawn
2687045,FFF,2013J,Critical,7.85,1732.0,60.33,6.0,53.0,1,Withdrawn
434767,DDD,2013B,Critical,7.85,84.0,68.33,3.0,2.0,0,Withdrawn
590886,CCC,2014J,Critical,7.85,73.0,67.38,8.0,16.0,0,Withdrawn
590749,FFF,2013J,Critical,7.85,1019.0,71.33,3.0,25.0,0,Withdrawn
623001,BBB,2014B,Critical,7.85,37.0,67.33,3.0,7.0,0,Withdrawn
632793,DDD,2014B,Critical,7.85,1164.0,58.33,3.0,116.0,0,Withdrawn
599805,FFF,2013J,Critical,7.85,2253.0,64.0,3.0,46.0,0,Withdrawn
617126,BBB,2014B,Critical,7.85,128.0,69.0,3.0,13.0,0,Withdrawn
370336,DDD,2013J,Critical,7.85,20.0,80.0,1.0,3.0,0,Withdrawn
696071,FFF,2014J,Critical,7.85,1506.0,63.2,5.0,49.0,0,Withdrawn
581341,FFF,2013J,Critical,7.85,157.0,69.0,2.0,20.0,0,Withdrawn
64767,DDD,2014B,Critical,7.85,206.0,70.0,4.0,28.0,0,Withdrawn
604588,GGG,2013J,Critical,7.85,396.0,61.43,7.0,35.0,0,Withdrawn
570186,BBB,2014B,Critical,7.85,466.0,72.5,4.0,27.0,0,Withdrawn
631240,DDD,2014B,Critical,7.85,761.0,45.17,12.0,91.0,0,Withdrawn
371429,CCC,2014J,Critical,7.85,438.0,67.5,2.0,7.0,0,Withdrawn
685236,EEE,2014J,Critical,7.85,724.0,54.57,7.0,43.0,0,Withdrawn
595396,DDD,2013J,Critical,7.85,600.0,49.33,9.0,61.0,0,Withdrawn
593345,DDD,2013J,Critical,7.85,282.0,56.22,10.0,13.0,0,Withdrawn
607411,CCC,2014B,Critical,7.85,314.0,72.0,2.0,13.0,0,Withdrawn
2686609,DDD,2013B,Critical,7.85,282.0,58.77,13.0,17.0,1,Withdrawn
464522,FFF,2014J,Critical,7.85,381.0,78.0,1.0,12.0,1,Withdrawn
266040,CCC,2014B,Critical,7.85,469.0,72.33,3.0,30.0,0,Withdrawn
318139,FFF,2014J,Critical,7.85,636.0,68.33,3.0,29.0,0,Withdrawn
558654,BBB,2013B,Critical,7.85,55.0,78.0,1.0,4.0,0,Withdrawn
2574909,CCC,2014J,Critical,7.85,368.0,65.29,7.0,23.0,0,Withdrawn
540787,BBB,2013B,Critical,7.85,109.0,83.0,1.0,14.0,0,Withdrawn
626049,DDD,2014B,Critical,7.85,257.0,79.5,2.0,18.0,0,Withdrawn
1780737,CCC,2014B,Critical,7.85,296.0,65.5,2.0,13.0,0,Withdrawn
590444,BBB,2014J,Critical,7.85,446.0,59.75,4.0,68.0,0,Withdrawn
615165,BBB,2014J,Critical,7.85,454.0,76.0,2.0,11.0,1,Withdrawn
2482085,DDD,2014J,Critical,7.85,109.0,80.0,1.0,13.0,0,Withdrawn
604632,DDD,2014J,Critical,7.85,35.0,85.0,1.0,4.0,0,Withdrawn
558776,FFF,2013B,Critical,7.85,343.0,81.0,2.0,17.0,0,Withdrawn
352161,BBB,2013J,Critical,7.85,0.0,87.5,2.0,0.0,2,Withdrawn
551666,DDD,2013B,Critical,7.85,629.0,66.25,4.0,43.0,0,Withdrawn
578495,FFF,2014J,Critical,7.85,188.0,74.0,1.0,10.0,0,Withdrawn
510070,CCC,2014J,Critical,7.85,351.0,73.6,5.0,23.0,1,Withdrawn
564821,FFF,2014J,Critical,7.85,617.0,72.5,6.0,46.0,1,Withdrawn
622890,CCC,2014J,Critical,7.85,271.0,66.0,4.0,21.0,0,Withdrawn
537133,FFF,2013B,Critical,7.85,1614.0,62.4,5.0,70.0,0,Withdrawn
621699,CCC,2014J,Critical,7.85,0.0,66.43,7.0,0.0,0,Withdrawn
530676,FFF,2013B,Critical,7.85,499.0,69.0,2.0,27.0,0,Withdrawn
78255,BBB,2013J,Critical,7.85,191.0,78.75,4.0,24.0,1,Withdrawn
419565,FFF,2013B,Critical,7.85,2433.0,41.0,10.0,121.0,0,Withdrawn
690366,BBB,2014J,Critical,7.85,425.0,57.5,4.0,35.0,0,Withdrawn
2618352,DDD,2013J,Critical,7.85,641.0,74.0,1.0,35.0,0,Withdrawn
642496,FFF,2014J,Critical,7.85,647.0,70.0,2.0,31.0,0,Withdrawn
416689,EEE,2014B,Critical,7.85,11.0,66.6,5.0,1.0,0,Withdrawn
2357806,GGG,2014J,Critical,7.85,58.0,76.5,2.0,3.0,0,Withdrawn
202635,AAA,2013J,Critical,7.84,1418.0,66.67,3.0,47.0,0,Withdrawn
65002,AAA,2013J,Critical,7.84,171.0,67.0,4.0,11.0,0,Withdrawn
2073016,AAA,2013J,Critical,7.84,849.0,58.86,7.0,62.0,0,Withdrawn
635746,FFF,2014J,Critical,7.84,251.0,82.0,1.0,27.0,0,Withdrawn
2094849,CCC,2014J,Critical,7.84,112.0,69.0,2.0,11.0,0,Withdrawn
521957,BBB,2014B,Critical,7.84,94.0,60.77,13.0,11.0,3,Withdrawn
478289,DDD,2013J,Critical,7.84,438.0,67.0,4.0,33.0,0,Withdrawn
550893,CCC,2014B,Critical,7.84,37.0,72.38,8.0,8.0,0,Withdrawn
650849,EEE,2014J,Critical,7.84,232.0,62.83,6.0,12.0,0,Withdrawn
338731,CCC,2014B,Critical,7.84,4732.0,27.75,8.0,112.0,0,Withdrawn
624795,BBB,2014J,Critical,7.84,0.0,66.88,8.0,0.0,0,Withdrawn
464522,FFF,2013J,Critical,7.84,0.0,78.0,1.0,0.0,0,Withdrawn
603861,AAA,2014J,Critical,7.84,150.0,63.0,10.0,24.0,1,Withdrawn
587859,FFF,2013J,Critical,7.84,829.0,67.0,4.0,26.0,0,Withdrawn
36385,DDD,2014J,Critical,7.84,0.0,70.6,5.0,0.0,1,Withdrawn
542167,EEE,2014J,Critical,7.84,0.0,65.38,8.0,0.0,0,Withdrawn
644303,FFF,2014J,Critical,7.84,640.0,76.0,1.0,14.0,0,Withdrawn
536711,FFF,2014B,Critical,7.84,0.0,86.0,1.0,0.0,1,Withdrawn
2351235,BBB,2014B,Critical,7.84,126.0,75.0,3.0,10.0,0,Withdrawn
561848,DDD,2013B,Critical,7.84,266.0,59.4,10.0,21.0,0,Withdrawn
335471,DDD,2014B,Critical,7.84,332.0,75.0,1.0,17.0,0,Withdrawn
574866,DDD,2014J,Critical,7.84,138.0,76.0,4.0,18.0,1,Withdrawn
584210,FFF,2014J,Critical,7.84,139.0,54.62,13.0,10.0,1,Withdrawn
629462,BBB,2014B,Critical,7.84,21.0,82.0,1.0,5.0,0,Withdrawn
571612,FFF,2013J,Critical,7.84,1150.0,57.25,8.0,39.0,0,Withdrawn
642744,CCC,2014J,Critical,7.84,0.0,74.33,3.0,0.0,0,Withdrawn
2036893,FFF,2014J,Critical,7.84,1290.0,74.0,1.0,42.0,0,Withdrawn
440171,CCC,2014B,Critical,7.84,0.0,65.11,9.0,0.0,0,Withdrawn
395814,FFF,2013J,Critical,7.84,128.0,76.0,2.0,9.0,0,Withdrawn
287079,FFF,2013J,Critical,7.84,97.0,58.29,14.0,8.0,1,Withdrawn
367510,FFF,2013J,Critical,7.84,1005.0,59.45,11.0,46.0,1,Withdrawn
555691,FFF,2013J,Critical,7.84,1.0,75.5,4.0,1.0,0,Withdrawn
464724,CCC,2014B,Critical,7.84,429.0,66.8,5.0,24.0,0,Withdrawn
597560,CCC,2014J,Critical,7.84,2.0,70.17,6.0,2.0,1,Withdrawn
555895,FFF,2013J,Critical,7.84,932.0,76.0,1.0,22.0,0,Withdrawn
884652,FFF,2014J,Critical,7.84,1051.0,74.0,1.0,34.0,2,Withdrawn
250644,DDD,2013J,Critical,7.84,370.0,73.5,2.0,41.0,0,Withdrawn
684944,CCC,2014J,Critical,7.84,1.0,86.0,1.0,1.0,0,Withdrawn
488477,BBB,2013B,Critical,7.84,243.0,72.67,3.0,14.0,0,Withdrawn
550559,BBB,2013J,Critical,7.84,118.0,79.0,1.0,8.0,0,Withdrawn
603565,EEE,2013J,Critical,7.84,760.0,59.33,3.0,52.0,0,Withdrawn
586526,CCC,2014J,Critical,7.84,461.0,53.67,9.0,31.0,1,Withdrawn
651217,CCC,2014J,Critical,7.84,323.0,72.5,2.0,16.0,0,Withdrawn
575601,EEE,2013J,Critical,7.84,376.0,75.0,1.0,22.0,0,Withdrawn
628442,BBB,2014B,Critical,7.83,75.0,74.0,5.0,13.0,0,Withdrawn
502057,DDD,2013J,Critical,7.83,163.0,66.29,7.0,14.0,0,Withdrawn
598313,BBB,2014B,Critical,7.83,16.0,70.17,6.0,4.0,0,Withdrawn
562437,CCC,2014J,Critical,7.83,478.0,62.17,6.0,37.0,0,Withdrawn
574523,CCC,2014B,Critical,7.83,201.0,67.17,6.0,9.0,0,Withdrawn
574843,DDD,2014J,Critical,7.83,749.0,58.6,5.0,56.0,0,Withdrawn
175804,DDD,2014J,Critical,7.83,121.0,75.0,2.0,17.0,1,Withdrawn
548547,FFF,2013B,Critical,7.83,1092.0,60.4,5.0,96.0,0,Withdrawn
579354,FFF,2013J,Critical,7.83,1902.0,64.0,3.0,33.0,0,Withdrawn
629560,CCC,2014B,Critical,7.83,432.0,65.33,6.0,25.0,0,Withdrawn
511569,DDD,2013B,Critical,7.83,440.0,74.0,2.0,28.0,0,Withdrawn
381365,FFF,2013B,Critical,7.83,937.0,72.67,3.0,48.0,1,Withdrawn
618377,CCC,2014J,Critical,7.83,25.0,70.14,7.0,6.0,0,Withdrawn
591648,DDD,2013J,Critical,7.83,261.0,68.0,1.0,17.0,0,Withdrawn
514074,BBB,2013J,Critical,7.83,474.0,70.25,4.0,30.0,0,Withdrawn
581716,FFF,2013J,Critical,7.83,0.0,81.25,4.0,0.0,0,Withdrawn
594052,CCC,2014J,Critical,7.83,0.0,69.8,5.0,0.0,1,Withdrawn
242149,BBB,2013B,Critical,7.83,328.0,67.25,8.0,34.0,0,Withdrawn
2673510,GGG,2013J,Critical,7.83,230.0,80.0,1.0,9.0,0,Withdrawn
580722,CCC,2014B,Critical,7.83,36.0,65.25,4.0,5.0,0,Withdrawn
350267,CCC,2014J,Critical,7.83,651.0,62.25,4.0,55.0,0,Withdrawn
264298,FFF,2014B,Critical,7.83,546.0,75.0,2.0,25.0,0,Withdrawn
472182,BBB,2013B,Critical,7.83,501.0,74.0,3.0,17.0,0,Withdrawn
588175,FFF,2013J,Critical,7.83,897.0,74.67,3.0,23.0,0,Withdrawn
540155,FFF,2013B,Critical,7.83,1343.0,68.0,2.0,42.0,0,Withdrawn
641804,FFF,2014J,Critical,7.83,232.0,63.12,8.0,17.0,0,Withdrawn
481367,FFF,2013B,Critical,7.83,1061.0,80.0,2.0,43.0,1,Withdrawn
395367,FFF,2013B,Critical,7.83,445.0,76.0,2.0,34.0,0,Withdrawn
625800,FFF,2014B,Critical,7.83,509.0,82.0,1.0,26.0,0,Withdrawn
421712,CCC,2014B,Critical,7.83,293.0,79.67,3.0,16.0,0,Withdrawn
677081,FFF,2014J,Critical,7.83,320.0,84.0,1.0,13.0,0,Withdrawn
560920,BBB,2013J,Critical,7.83,231.0,75.0,2.0,23.0,0,Withdrawn
682863,FFF,2014J,Critical,7.83,782.0,68.0,2.0,59.0,0,Withdrawn
2436584,FFF,2014B,Critical,7.83,0.0,85.0,1.0,0.0,2,Withdrawn
603739,BBB,2014B,Critical,7.83,252.0,76.0,3.0,11.0,0,Withdrawn
380681,DDD,2014J,Critical,7.83,99.0,74.5,4.0,19.0,1,Withdrawn
575398,CCC,2014J,Critical,7.83,849.0,49.73,11.0,50.0,0,Withdrawn
558163,BBB,2013B,Critical,7.83,92.0,73.0,1.0,10.0,0,Withdrawn
653356,FFF,2014J,Critical,7.83,806.0,68.33,3.0,32.0,0,Withdrawn
625034,FFF,2014B,Critical,7.83,1663.0,62.67,3.0,79.0,0,Withdrawn
681691,FFF,2014J,Critical,7.83,62.0,76.0,1.0,5.0,0,Withdrawn
574099,DDD,2013J,Critical,7.83,439.0,62.5,4.0,46.0,0,Withdrawn
560670,FFF,2013J,Critical,7.83,832.0,78.0,1.0,25.0,0,Withdrawn
633679,CCC,2014B,Critical,7.83,946.0,67.0,2.0,36.0,0,Withdrawn
349710,DDD,2013J,Critical,7.83,86.0,71.0,1.0,12.0,0,Withdrawn
634057,CCC,2014B,Critical,7.83,48.0,75.5,4.0,5.0,0,Withdrawn
626700,FFF,2014B,Critical,7.83,914.0,66.33,3.0,55.0,0,Withdrawn
692363,CCC,2014J,Critical,7.83,522.0,69.0,3.0,38.0,0,Withdrawn
596146,FFF,2013J,Critical,7.82,1000.0,66.0,2.0,40.0,0,Withdrawn
685474,DDD,2014J,Critical,7.82,146.0,66.14,7.0,20.0,0,Withdrawn
335607,DDD,2013B,Critical,7.82,780.0,65.0,2.0,48.0,0,Withdrawn
1758449,AAA,2013J,Critical,7.82,2756.0,61.0,2.0,75.0,0,Withdrawn
400611,DDD,2013B,Critical,7.82,953.0,68.5,2.0,63.0,0,Withdrawn
472810,FFF,2013B,Critical,7.82,250.0,70.0,2.0,23.0,0,Withdrawn
574935,BBB,2014B,Critical,7.82,485.0,73.0,1.0,23.0,0,Withdrawn
27891,BBB,2013B,Critical,7.82,301.0,69.17,12.0,21.0,2,Withdrawn
648927,FFF,2014J,Critical,7.82,1605.0,72.33,3.0,55.0,0,Withdrawn
520061,FFF,2013B,Critical,7.82,0.0,61.08,12.0,0.0,0,Withdrawn
628841,DDD,2014B,Critical,7.82,8.0,60.42,12.0,4.0,0,Withdrawn
431005,DDD,2013B,Critical,7.82,342.0,52.6,15.0,56.0,1,Withdrawn
556138,BBB,2013B,Critical,7.82,259.0,70.0,5.0,14.0,0,Withdrawn
432319,BBB,2013B,Critical,7.82,49.0,79.33,3.0,5.0,2,Withdrawn
607966,DDD,2013J,Critical,7.82,374.0,64.83,6.0,34.0,0,Withdrawn
568775,BBB,2013J,Critical,7.82,181.0,70.8,5.0,22.0,0,Withdrawn
294679,FFF,2013B,Critical,7.82,1596.0,68.0,1.0,54.0,0,Withdrawn
621655,CCC,2014B,Critical,7.82,151.0,65.8,5.0,13.0,0,Withdrawn
282785,BBB,2013J,Critical,7.82,74.0,77.33,3.0,6.0,1,Withdrawn
647525,FFF,2014J,Critical,7.82,685.0,66.0,1.0,33.0,0,Withdrawn
653998,CCC,2014J,Critical,7.82,359.0,68.5,4.0,11.0,0,Withdrawn
640584,FFF,2014J,Critical,7.82,194.0,65.33,3.0,19.0,0,Withdrawn
630168,FFF,2014J,Critical,7.82,427.0,78.5,4.0,18.0,1,Withdrawn
134190,CCC,2014J,Critical,7.82,363.0,78.0,1.0,18.0,0,Withdrawn
1930949,CCC,2014J,Critical,7.82,48.0,78.0,3.0,3.0,0,Withdrawn
33600,FFF,2014B,Critical,7.82,0.0,84.0,1.0,0.0,1,Withdrawn
240389,DDD,2014B,Critical,7.82,36.0,50.4,15.0,13.0,1,Withdrawn
549512,BBB,2013B,Critical,7.82,179.0,75.0,1.0,8.0,0,Withdrawn
618942,FFF,2014B,Critical,7.82,819.0,72.0,1.0,47.0,0,Withdrawn
647565,DDD,2014J,Critical,7.82,560.0,75.0,1.0,36.0,0,Withdrawn
698762,FFF,2014J,Critical,7.82,439.0,72.0,1.0,17.0,0,Withdrawn
602571,FFF,2014B,Critical,7.82,778.0,75.0,2.0,38.0,0,Withdrawn
128965,DDD,2013B,Critical,7.82,0.0,68.17,6.0,0.0,0,Withdrawn
351903,CCC,2014J,Critical,7.82,670.0,68.33,3.0,28.0,0,Withdrawn
398877,CCC,2014B,Critical,7.82,4.0,78.5,4.0,1.0,0,Withdrawn
416696,FFF,2013J,Critical,7.82,62.0,73.5,8.0,9.0,1,Withdrawn
152887,FFF,2013J,Critical,7.82,351.0,76.0,2.0,15.0,0,Withdrawn
545376,BBB,2013B,Critical,7.82,212.0,70.0,1.0,18.0,0,Withdrawn
556986,BBB,2013B,Critical,7.82,228.0,79.0,1.0,14.0,0,Withdrawn
69439,FFF,2014J,Critical,7.82,293.0,67.67,3.0,13.0,0,Withdrawn
602320,FFF,2013J,Critical,7.82,114.0,78.0,1.0,6.0,0,Withdrawn
606856,GGG,2014J,Critical,7.82,186.0,74.5,4.0,14.0,0,Withdrawn
573662,CCC,2014B,Critical,7.82,423.0,61.0,7.0,23.0,0,Withdrawn
578823,CCC,2014B,Critical,7.82,181.0,55.2,10.0,25.0,0,Withdrawn
2688422,DDD,2013J,Critical,7.81,368.0,72.0,1.0,25.0,0,Withdrawn
500915,GGG,2014J,Critical,7.81,84.0,75.0,1.0,13.0,0,Withdrawn
382378,CCC,2014J,Critical,7.81,195.0,63.5,10.0,15.0,1,Withdrawn
161781,CCC,2014J,Critical,7.81,195.0,68.75,4.0,19.0,0,Withdrawn
261525,FFF,2013J,Critical,7.81,926.0,77.0,2.0,47.0,2,Withdrawn
606459,FFF,2013J,Critical,7.81,469.0,68.0,1.0,26.0,0,Withdrawn
622890,EEE,2014J,Critical,7.81,525.0,66.0,4.0,30.0,0,Withdrawn
465009,FFF,2014J,Critical,7.81,298.0,83.0,2.0,16.0,2,Withdrawn
602634,BBB,2013J,Critical,7.81,81.0,71.0,1.0,9.0,0,Withdrawn
191504,FFF,2014J,Critical,7.81,354.0,76.0,1.0,31.0,0,Withdrawn
556568,BBB,2013B,Critical,7.81,136.0,77.0,3.0,20.0,0,Withdrawn
2568893,FFF,2013B,Critical,7.81,1302.0,68.67,3.0,69.0,0,Withdrawn
687073,FFF,2014J,Critical,7.81,1160.0,65.8,5.0,62.0,0,Withdrawn
324331,FFF,2013J,Critical,7.81,1725.0,53.5,8.0,42.0,0,Withdrawn
401866,FFF,2013J,Critical,7.81,938.0,54.83,6.0,50.0,0,Withdrawn
679749,FFF,2014J,Critical,7.81,138.0,78.0,1.0,8.0,0,Withdrawn
2554973,DDD,2013B,Critical,7.81,965.0,46.23,13.0,61.0,0,Withdrawn
566134,DDD,2013J,Critical,7.81,736.0,60.0,9.0,67.0,0,Withdrawn
277384,FFF,2014J,Critical,7.81,1310.0,73.0,2.0,37.0,0,Withdrawn
2462628,CCC,2014J,Critical,7.81,284.0,53.83,12.0,32.0,0,Withdrawn
572746,CCC,2014J,Critical,7.81,406.0,79.67,3.0,18.0,0,Withdrawn
600509,CCC,2014B,Critical,7.81,84.0,66.6,5.0,14.0,0,Withdrawn
275309,DDD,2014J,Critical,7.81,850.0,68.33,3.0,62.0,1,Withdrawn
394951,DDD,2013J,Critical,7.81,678.0,66.0,3.0,65.0,1,Withdrawn
580722,CCC,2014J,Critical,7.81,307.0,65.25,4.0,29.0,1,Withdrawn
484787,CCC,2014J,Critical,7.81,99.0,78.0,1.0,6.0,1,Withdrawn
573291,FFF,2014J,Critical,7.81,0.0,70.0,8.0,0.0,1,Withdrawn
551142,FFF,2013B,Critical,7.81,1983.0,62.2,5.0,67.0,0,Withdrawn
650451,BBB,2014J,Critical,7.81,90.0,81.0,2.0,6.0,0,Withdrawn
526506,BBB,2013J,Critical,7.81,0.0,80.67,3.0,0.0,2,Withdrawn
2468232,FFF,2014J,Critical,7.81,0.0,70.5,6.0,0.0,2,Withdrawn
582034,FFF,2014J,Critical,7.81,1249.0,61.5,4.0,59.0,0,Withdrawn
2195479,DDD,2013J,Critical,7.81,374.0,71.0,3.0,31.0,0,Withdrawn
465068,DDD,2013B,Critical,7.81,126.0,75.33,3.0,11.0,1,Withdrawn
446247,BBB,2013B,Critical,7.81,105.0,83.0,1.0,6.0,1,Withdrawn
2569834,CCC,2014B,Critical,7.81,319.0,63.2,5.0,17.0,0,Withdrawn
684459,BBB,2014J,Critical,7.81,179.0,74.25,4.0,14.0,0,Withdrawn
520360,FFF,2013B,Critical,7.81,1165.0,72.0,1.0,35.0,0,Withdrawn
529381,FFF,2013B,Critical,7.81,1797.0,73.0,2.0,30.0,0,Withdrawn
621906,CCC,2014J,Critical,7.81,0.0,69.25,4.0,0.0,0,Withdrawn
620782,CCC,2014J,Critical,7.8,77.0,71.4,5.0,6.0,0,Withdrawn
596321,EEE,2013J,Critical,7.8,837.0,71.0,1.0,19.0,0,Withdrawn
634347,GGG,2014B,Critical,7.8,44.0,75.0,1.0,7.0,0,Withdrawn
341612,BBB,2013J,Critical,7.8,0.0,84.6,5.0,0.0,1,Withdrawn
653759,DDD,2014J,Critical,7.8,537.0,64.2,5.0,50.0,0,Withdrawn
34431,BBB,2014J,Critical,7.8,0.0,80.0,1.0,0.0,1,Withdrawn
1107079,DDD,2013B,Critical,7.8,151.0,74.67,3.0,18.0,1,Withdrawn
533697,BBB,2013B,Critical,7.8,322.0,68.6,5.0,28.0,0,Withdrawn
694871,CCC,2014J,Critical,7.8,1310.0,45.33,12.0,76.0,0,Withdrawn
268018,CCC,2014B,Critical,7.8,1334.0,60.67,6.0,37.0,0,Withdrawn
321969,FFF,2013J,Critical,7.8,2016.0,68.0,2.0,73.0,0,Withdrawn
241769,DDD,2014J,Critical,7.8,213.0,73.33,3.0,23.0,0,Withdrawn
537392,BBB,2013B,Critical,7.8,417.0,68.67,3.0,24.0,0,Withdrawn
572567,DDD,2013J,Critical,7.8,606.0,57.5,4.0,60.0,0,Withdrawn
589223,CCC,2014J,Critical,7.8,19.0,77.5,4.0,3.0,0,Withdrawn
1512332,FFF,2013J,Critical,7.8,750.0,74.0,1.0,29.0,0,Withdrawn
692647,BBB,2014J,Critical,7.8,109.0,77.5,2.0,12.0,0,Withdrawn
593104,FFF,2013J,Critical,7.8,332.0,75.0,2.0,15.0,0,Withdrawn
592538,FFF,2013J,Critical,7.8,3894.0,63.5,2.0,52.0,0,Withdrawn
632276,FFF,2014J,Critical,7.8,233.0,74.5,2.0,10.0,0,Withdrawn
2688202,FFF,2013J,Critical,7.8,207.0,86.0,1.0,12.0,2,Withdrawn
128817,EEE,2014J,Critical,7.8,735.0,66.0,1.0,31.0,0,Withdrawn
544587,DDD,2013J,Critical,7.8,62.0,65.4,5.0,3.0,0,Withdrawn
614984,FFF,2014B,Critical,7.8,74.0,67.42,12.0,7.0,0,Withdrawn
502131,BBB,2013B,Critical,7.8,320.0,77.0,1.0,17.0,1,Withdrawn
618171,CCC,2014B,Critical,7.8,0.0,73.0,3.0,0.0,0,Withdrawn
684511,CCC,2014J,Critical,7.8,4.0,82.5,4.0,2.0,0,Withdrawn
556521,CCC,2014B,Critical,7.8,85.0,69.5,6.0,7.0,0,Withdrawn
588685,BBB,2013J,Critical,7.8,0.0,74.5,4.0,0.0,0,Withdrawn
534349,DDD,2013B,Critical,7.8,773.0,53.17,6.0,51.0,0,Withdrawn
468947,FFF,2013J,Critical,7.8,651.0,76.0,2.0,40.0,0,Withdrawn
601054,EEE,2013J,Critical,7.8,153.0,75.0,4.0,6.0,0,Withdrawn
684744,DDD,2014J,Critical,7.8,601.0,70.0,3.0,40.0,0,Withdrawn
594043,BBB,2013J,Critical,7.8,957.0,61.4,5.0,52.0,0,Withdrawn
656203,EEE,2014J,Critical,7.8,3.0,63.86,7.0,1.0,0,Withdrawn
694147,CCC,2014J,Critical,7.79,63.0,78.25,4.0,10.0,0,Withdrawn
693910,CCC,2014J,Critical,7.79,32.0,76.0,4.0,5.0,0,Withdrawn
2689013,CCC,2014J,Critical,7.79,527.0,65.33,3.0,29.0,0,Withdrawn
627280,FFF,2014B,Critical,7.79,482.0,78.0,1.0,9.0,0,Withdrawn
657327,GGG,2014J,Critical,7.79,4.0,80.0,1.0,2.0,0,Withdrawn
602994,FFF,2013J,Critical,7.79,1231.0,67.0,3.0,61.0,0,Withdrawn
625874,DDD,2014B,Critical,7.79,257.0,79.67,3.0,26.0,0,Withdrawn
537652,DDD,2013B,Critical,7.79,709.0,61.25,4.0,51.0,0,Withdrawn
613790,EEE,2014B,Critical,7.79,457.0,72.5,2.0,30.0,0,Withdrawn
492020,CCC,2014J,Critical,7.79,105.0,78.5,2.0,10.0,0,Withdrawn
628803,CCC,2014B,Critical,7.79,0.0,65.92,12.0,0.0,0,Withdrawn
522363,DDD,2014B,Critical,7.79,854.0,70.4,5.0,41.0,1,Withdrawn
34731,FFF,2013J,Critical,7.79,681.0,75.67,3.0,33.0,0,Withdrawn
411105,BBB,2014J,Critical,7.79,64.0,65.1,10.0,5.0,0,Withdrawn
644516,DDD,2014J,Critical,7.79,84.0,72.2,5.0,15.0,0,Withdrawn
681073,FFF,2014J,Critical,7.79,608.0,73.75,4.0,10.0,0,Withdrawn
597451,BBB,2013J,Critical,7.79,49.0,81.0,1.0,5.0,0,Withdrawn
545480,BBB,2013B,Critical,7.79,777.0,66.67,6.0,58.0,0,Withdrawn
575258,CCC,2014J,Critical,7.79,0.0,74.71,7.0,0.0,0,Withdrawn
627416,DDD,2014J,Critical,7.79,76.0,74.8,5.0,8.0,1,Withdrawn
631610,BBB,2014B,Critical,7.79,132.0,80.75,4.0,9.0,0,Withdrawn
158575,DDD,2014J,Critical,7.79,457.0,66.67,3.0,39.0,0,Withdrawn
427485,FFF,2014B,Critical,7.79,719.0,82.0,1.0,24.0,1,Withdrawn
473509,BBB,2013J,Critical,7.79,0.0,77.0,1.0,0.0,1,Withdrawn
365111,BBB,2014B,Critical,7.79,334.0,64.9,10.0,24.0,1,Withdrawn
559139,BBB,2013J,Critical,7.79,138.0,81.0,1.0,12.0,0,Withdrawn
628803,CCC,2014J,Critical,7.79,240.0,65.92,12.0,13.0,1,Withdrawn
560765,FFF,2014J,Critical,7.79,1361.0,78.0,1.0,53.0,1,Withdrawn
547786,DDD,2014B,Critical,7.79,490.0,55.43,7.0,30.0,0,Withdrawn
2094546,DDD,2013B,Critical,7.79,414.0,62.71,7.0,25.0,0,Withdrawn
644516,CCC,2014J,Critical,7.79,124.0,72.2,5.0,15.0,0,Withdrawn
556374,DDD,2014B,Critical,7.79,752.0,47.27,11.0,37.0,0,Withdrawn
697283,DDD,2014J,Critical,7.79,421.0,74.67,3.0,31.0,0,Withdrawn
583092,DDD,2014J,Critical,7.79,171.0,70.0,1.0,17.0,0,Withdrawn
532703,FFF,2013B,Critical,7.79,169.0,84.0,1.0,6.0,0,Withdrawn
2112670,CCC,2014J,Critical,7.79,364.0,64.75,4.0,26.0,0,Withdrawn
540909,FFF,2014B,Critical,7.79,259.0,74.0,1.0,17.0,1,Withdrawn
354173,FFF,2013B,Critical,7.79,772.0,73.33,3.0,50.0,0,Withdrawn
596789,CCC,2014J,Critical,7.79,73.0,74.5,4.0,3.0,0,Withdrawn
179073,BBB,2014J,Critical,7.79,156.0,75.67,3.0,14.0,1,Withdrawn
2522932,CCC,2014B,Critical,7.79,1837.0,41.15,13.0,97.0,0,Withdrawn
1413989,BBB,2013J,Critical,7.79,47.0,79.0,4.0,6.0,3,Withdrawn
287897,DDD,2014J,Critical,7.79,173.0,79.33,3.0,21.0,2,Withdrawn
609347,FFF,2014B,Critical,7.79,704.0,74.33,3.0,29.0,0,Withdrawn
368195,DDD,2014J,Critical,7.79,259.0,71.0,3.0,43.0,0,Withdrawn
629976,BBB,2014B,Critical,7.78,263.0,76.0,5.0,28.0,0,Withdrawn
2255601,AAA,2013J,Critical,7.78,2543.0,54.5,2.0,82.0,0,Withdrawn
681791,GGG,2014J,Critical,7.78,114.0,75.0,1.0,11.0,0,Withdrawn
594399,CCC,2014J,Critical,7.78,139.0,70.0,5.0,9.0,0,Withdrawn
485980,DDD,2013J,Critical,7.78,0.0,71.36,11.0,0.0,0,Withdrawn
684868,DDD,2014J,Critical,7.78,62.0,80.0,1.0,5.0,0,Withdrawn
539401,FFF,2013B,Critical,7.78,2476.0,68.0,4.0,55.0,0,Withdrawn
369644,FFF,2014J,Critical,7.78,1363.0,71.0,2.0,47.0,0,Withdrawn
540909,FFF,2013J,Critical,7.78,0.0,74.0,1.0,0.0,0,Withdrawn
606436,FFF,2013J,Critical,7.78,488.0,75.0,3.0,33.0,0,Withdrawn
695122,CCC,2014J,Critical,7.78,155.0,77.4,5.0,4.0,0,Withdrawn
630354,DDD,2014J,Critical,7.78,412.0,59.0,5.0,39.0,0,Withdrawn
409880,DDD,2013B,Critical,7.78,191.0,74.33,6.0,13.0,0,Withdrawn
630491,FFF,2014B,Critical,7.78,1145.0,69.33,3.0,47.0,0,Withdrawn
298777,CCC,2014J,Critical,7.78,7.0,71.29,7.0,2.0,0,Withdrawn
336695,CCC,2014B,Critical,7.78,477.0,73.0,7.0,24.0,0,Withdrawn
524019,CCC,2014J,Critical,7.78,534.0,74.0,2.0,29.0,0,Withdrawn
632626,CCC,2014J,Critical,7.78,175.0,75.0,5.0,8.0,0,Withdrawn
521255,FFF,2013J,Critical,7.78,765.0,60.14,7.0,37.0,0,Withdrawn
676155,DDD,2014J,Critical,7.78,796.0,62.75,4.0,65.0,0,Withdrawn
543976,DDD,2014J,Critical,7.78,54.0,75.0,5.0,12.0,1,Withdrawn
629798,CCC,2014B,Critical,7.78,590.0,63.0,5.0,33.0,0,Withdrawn
488136,FFF,2014J,Critical,7.78,0.0,77.0,4.0,0.0,2,Withdrawn
649761,DDD,2014J,Critical,7.78,161.0,60.64,11.0,23.0,0,Withdrawn
574663,FFF,2014B,Critical,7.78,286.0,82.0,1.0,12.0,0,Withdrawn
571575,FFF,2013J,Critical,7.78,245.0,80.0,1.0,14.0,0,Withdrawn
511350,FFF,2014B,Critical,7.78,1671.0,47.91,12.0,99.0,0,Withdrawn
694974,BBB,2014J,Critical,7.78,345.0,76.0,3.0,29.0,0,Withdrawn
291156,CCC,2014J,Critical,7.78,304.0,67.5,4.0,25.0,0,Withdrawn
477835,BBB,2013B,Critical,7.78,129.0,69.43,7.0,13.0,0,Withdrawn
553032,FFF,2014B,Critical,7.78,839.0,66.67,3.0,38.0,0,Withdrawn
549160,DDD,2013J,Critical,7.78,0.0,75.67,3.0,0.0,0,Withdrawn
235428,BBB,2013J,Critical,7.78,0.0,48.29,22.0,0.0,0,Withdrawn
656089,BBB,2014J,Critical,7.78,697.0,76.67,3.0,32.0,0,Withdrawn
597560,CCC,2014B,Critical,7.78,0.0,70.17,6.0,0.0,0,Withdrawn
627812,GGG,2014B,Critical,7.78,29.0,65.75,8.0,5.0,0,Withdrawn
687511,FFF,2014J,Critical,7.78,837.0,75.25,4.0,47.0,0,Withdrawn
629560,CCC,2014J,Critical,7.78,713.0,65.33,6.0,59.0,1,Withdrawn
541887,DDD,2013B,Critical,7.78,578.0,69.5,4.0,36.0,0,Withdrawn
63827,DDD,2014J,Critical,7.78,108.0,78.33,3.0,22.0,1,Withdrawn
649230,FFF,2014J,Critical,7.78,1597.0,65.75,8.0,52.0,0,Withdrawn
621331,GGG,2014B,Critical,7.78,339.0,62.67,3.0,31.0,0,Withdrawn
600898,CCC,2014J,Critical,7.77,3.0,83.0,1.0,1.0,0,Withdrawn
2366070,BBB,2013B,Critical,7.77,354.0,75.33,3.0,27.0,0,Withdrawn
697283,CCC,2014J,Critical,7.77,677.0,74.67,3.0,35.0,0,Withdrawn
557709,BBB,2013B,Critical,7.77,223.0,69.0,5.0,16.0,0,Withdrawn
549523,FFF,2013J,Critical,7.77,725.0,76.86,7.0,29.0,1,Withdrawn
534151,BBB,2013B,Critical,7.77,90.0,80.0,2.0,4.0,0,Withdrawn
524261,DDD,2013B,Critical,7.77,1407.0,57.4,10.0,68.0,0,Withdrawn
600407,BBB,2013J,Critical,7.77,0.0,83.0,1.0,0.0,0,Withdrawn
534884,BBB,2014J,Critical,7.77,177.0,77.0,2.0,23.0,0,Withdrawn
588560,DDD,2014B,Critical,7.77,0.0,81.5,2.0,0.0,0,Withdrawn
498432,DDD,2013B,Critical,7.77,240.0,58.29,7.0,31.0,0,Withdrawn
395758,FFF,2014J,Critical,7.77,387.0,75.8,5.0,18.0,1,Withdrawn
634817,CCC,2014J,Critical,7.77,132.0,70.2,5.0,13.0,1,Withdrawn
2150849,DDD,2014J,Critical,7.77,487.0,75.5,4.0,41.0,0,Withdrawn
465764,CCC,2014J,Critical,7.77,119.0,63.43,14.0,6.0,1,Withdrawn
624476,DDD,2014B,Critical,7.77,341.0,72.33,3.0,34.0,0,Withdrawn
2562704,EEE,2013J,Critical,7.77,312.0,73.0,1.0,17.0,0,Withdrawn
574663,CCC,2014B,Critical,7.77,141.0,82.0,1.0,13.0,0,Withdrawn
590744,CCC,2014B,Critical,7.77,0.0,77.5,4.0,0.0,0,Withdrawn
1896088,EEE,2013J,Critical,7.77,1862.0,62.75,4.0,72.0,0,Withdrawn
2631225,DDD,2013J,Critical,7.77,1220.0,59.0,3.0,63.0,0,Withdrawn
468694,AAA,2014J,Critical,7.77,473.0,61.2,5.0,35.0,0,Withdrawn
522482,AAA,2014J,Critical,7.77,212.0,75.0,1.0,16.0,0,Withdrawn
1804143,DDD,2014B,Critical,7.77,381.0,63.9,10.0,51.0,1,Withdrawn
293317,FFF,2013J,Critical,7.77,2215.0,72.0,4.0,53.0,0,Withdrawn
610549,CCC,2014J,Critical,7.77,128.0,76.8,5.0,3.0,1,Withdrawn
465009,FFF,2013J,Critical,7.77,70.0,83.0,2.0,11.0,1,Withdrawn
1836988,FFF,2013B,Critical,7.77,963.0,77.5,4.0,36.0,0,Withdrawn
576714,BBB,2013J,Critical,7.77,304.0,74.67,3.0,19.0,0,Withdrawn
620112,FFF,2014J,Critical,7.77,418.0,74.0,4.0,20.0,1,Withdrawn
575003,FFF,2013J,Critical,7.77,587.0,68.0,2.0,26.0,0,Withdrawn
585526,CCC,2014J,Critical,7.77,1.0,70.57,7.0,1.0,0,Withdrawn
533140,FFF,2014B,Critical,7.77,1496.0,59.25,4.0,46.0,0,Withdrawn
590886,DDD,2013J,Critical,7.77,160.0,67.38,8.0,41.0,0,Withdrawn
590811,DDD,2013J,Critical,7.77,476.0,67.67,3.0,67.0,0,Withdrawn
473082,CCC,2014J,Critical,7.77,873.0,56.33,6.0,38.0,0,Withdrawn
200372,CCC,2014J,Critical,7.77,83.0,80.0,5.0,14.0,1,Withdrawn
614172,FFF,2014B,Critical,7.77,566.0,74.0,3.0,40.0,0,Withdrawn
593617,FFF,2014B,Critical,7.77,149.0,84.0,2.0,13.0,1,Withdrawn
632135,CCC,2014B,Critical,7.77,153.0,70.2,5.0,10.0,0,Withdrawn
549160,DDD,2014B,Critical,7.77,208.0,75.67,3.0,18.0,1,Withdrawn
309350,DDD,2014J,Critical,7.77,1578.0,67.5,2.0,73.0,0,Withdrawn
656800,FFF,2014J,Critical,7.77,443.0,80.0,2.0,26.0,0,Withdrawn
497475,DDD,2013B,Critical,7.77,362.0,58.67,9.0,24.0,0,Withdrawn
631031,BBB,2014B,Critical,7.77,315.0,74.67,3.0,28.0,0,Withdrawn
485519,DDD,2013B,Critical,7.77,67.0,74.43,7.0,6.0,0,Withdrawn
493984,DDD,2014B,Critical,7.77,10.0,66.67,12.0,1.0,1,Withdrawn
2014252,DDD,2013J,Critical,7.77,373.0,54.64,11.0,35.0,0,Withdrawn
628480,CCC,2014J,Critical,7.77,294.0,67.4,5.0,17.0,0,Withdrawn
694147,DDD,2014J,Critical,7.77,116.0,78.25,4.0,14.0,0,Withdrawn
292027,BBB,2013B,Critical,7.77,108.0,80.0,1.0,17.0,0,Withdrawn
505248,BBB,2014B,Critical,7.77,10.0,81.0,1.0,1.0,0,Withdrawn
627516,CCC,2014B,Critical,7.77,0.0,76.0,4.0,0.0,0,Withdrawn
528782,FFF,2013B,Critical,7.77,1023.0,79.0,3.0,14.0,0,Withdrawn
589723,CCC,2014J,Critical,7.77,202.0,66.43,7.0,10.0,0,Withdrawn
400004,FFF,2013B,Critical,7.77,1232.0,71.0,6.0,53.0,1,Withdrawn
632314,DDD,2014B,Critical,7.77,776.0,52.36,11.0,67.0,0,Withdrawn
515247,DDD,2013J,Critical,7.77,939.0,62.0,2.0,76.0,0,Withdrawn
648354,CCC,2014J,Critical,7.77,0.0,81.25,4.0,0.0,0,Withdrawn
594815,FFF,2013J,Critical,7.77,1197.0,62.75,4.0,52.0,0,Withdrawn
1352868,AAA,2013J,Critical,7.77,641.0,68.57,7.0,36.0,0,Withdrawn
390890,AAA,2013J,Critical,7.76,639.0,68.62,8.0,50.0,0,Withdrawn
94961,AAA,2013J,Critical,7.76,339.0,65.33,6.0,24.0,0,Withdrawn
2654602,DDD,2013J,Critical,7.76,132.0,68.75,4.0,13.0,0,Withdrawn
471781,DDD,2013B,Critical,7.76,758.0,73.5,2.0,34.0,1,Withdrawn
536536,CCC,2014B,Critical,7.76,197.0,53.12,16.0,18.0,0,Withdrawn
630401,DDD,2014B,Critical,7.76,910.0,67.5,3.0,48.0,0,Withdrawn
598887,CCC,2014J,Critical,7.76,29.0,70.4,10.0,2.0,0,Withdrawn
432278,CCC,2014B,Critical,7.76,542.0,64.5,2.0,46.0,0,Withdrawn
1536591,BBB,2014B,Critical,7.76,75.0,67.73,11.0,3.0,1,Withdrawn
605306,GGG,2013J,Critical,7.76,293.0,67.6,5.0,17.0,0,Withdrawn
464748,DDD,2014B,Critical,7.76,187.0,66.78,9.0,21.0,0,Withdrawn
625578,BBB,2014B,Critical,7.76,136.0,82.5,2.0,11.0,0,Withdrawn
476816,BBB,2013B,Critical,7.76,45.0,80.5,4.0,7.0,1,Withdrawn
496542,DDD,2013B,Critical,7.76,1182.0,49.75,8.0,99.0,0,Withdrawn
2678580,FFF,2014J,Critical,7.76,347.0,71.0,2.0,48.0,0,Withdrawn
626772,CCC,2014B,Critical,7.76,34.0,76.0,2.0,5.0,0,Withdrawn
679114,CCC,2014J,Critical,7.76,7.0,77.75,4.0,2.0,0,Withdrawn
674193,DDD,2014J,Critical,7.76,68.0,76.0,3.0,14.0,0,Withdrawn
566694,CCC,2014J,Critical,7.76,127.0,73.57,7.0,15.0,0,Withdrawn
610170,DDD,2013J,Critical,7.76,559.0,69.5,4.0,41.0,0,Withdrawn
92274,BBB,2013B,Critical,7.76,447.0,66.4,5.0,26.0,0,Withdrawn
653541,BBB,2014J,Critical,7.76,282.0,77.5,2.0,30.0,0,Withdrawn
479828,FFF,2013B,Critical,7.76,489.0,54.33,12.0,24.0,1,Withdrawn
2615849,CCC,2014B,Critical,7.76,143.0,71.2,5.0,19.0,0,Withdrawn
568415,DDD,2014J,Critical,7.76,386.0,74.33,3.0,22.0,0,Withdrawn
615263,BBB,2014J,Critical,7.76,64.0,78.0,2.0,11.0,0,Withdrawn
593583,BBB,2014J,Critical,7.76,86.0,69.67,3.0,9.0,0,Withdrawn
631524,FFF,2014B,Critical,7.76,1481.0,67.12,8.0,23.0,0,Withdrawn
402458,FFF,2013J,Critical,7.76,1504.0,69.67,6.0,46.0,1,Withdrawn
649385,FFF,2014J,Critical,7.76,276.0,73.0,2.0,33.0,0,Withdrawn
149567,FFF,2013B,Critical,7.76,485.0,76.0,1.0,23.0,0,Withdrawn
610831,CCC,2014B,Critical,7.76,0.0,80.0,1.0,0.0,0,Withdrawn
623366,FFF,2014B,Critical,7.76,756.0,76.67,3.0,23.0,0,Withdrawn
615429,FFF,2014B,Critical,7.76,857.0,71.4,5.0,43.0,0,Withdrawn
147675,CCC,2014B,Critical,7.76,866.0,65.0,2.0,52.0,0,Withdrawn
608497,BBB,2013J,Critical,7.76,110.0,79.67,3.0,8.0,0,Withdrawn
550380,DDD,2013J,Critical,7.76,351.0,61.86,7.0,30.0,0,Withdrawn
685657,FFF,2014J,Critical,7.76,503.0,82.67,3.0,21.0,0,Withdrawn
694807,CCC,2014J,Critical,7.76,158.0,67.25,4.0,14.0,0,Withdrawn
520873,FFF,2013B,Critical,7.76,476.0,72.0,1.0,16.0,0,Withdrawn
542562,BBB,2013J,Critical,7.76,122.0,64.7,10.0,13.0,1,Withdrawn
605587,EEE,2013J,Critical,7.76,445.0,79.0,1.0,11.0,0,Withdrawn
2094849,EEE,2013J,Critical,7.76,599.0,69.0,2.0,27.0,0,Withdrawn
2688202,FFF,2013B,Critical,7.76,74.0,86.0,1.0,7.0,1,Withdrawn
2636885,DDD,2013B,Critical,7.76,705.0,60.22,9.0,62.0,1,Withdrawn
2624569,DDD,2013B,Critical,7.76,277.0,65.17,6.0,33.0,1,Withdrawn
593846,AAA,2014J,Critical,7.76,934.0,64.8,5.0,47.0,0,Withdrawn
605652,DDD,2013J,Critical,7.75,22.0,66.33,6.0,3.0,0,Withdrawn
353804,CCC,2014B,Critical,7.75,1852.0,49.12,8.0,105.0,0,Withdrawn
684473,EEE,2014J,Critical,7.75,1117.0,68.5,2.0,69.0,0,Withdrawn
680273,FFF,2014J,Critical,7.75,2132.0,66.75,4.0,50.0,0,Withdrawn
635793,BBB,2014B,Critical,7.75,82.0,84.67,3.0,11.0,0,Withdrawn
1841303,GGG,2014J,Critical,7.75,384.0,73.5,2.0,34.0,0,Withdrawn
385547,FFF,2014B,Critical,7.75,0.0,71.25,12.0,0.0,1,Withdrawn
575875,FFF,2013J,Critical,7.75,388.0,81.0,2.0,26.0,0,Withdrawn
484787,CCC,2014B,Critical,7.75,121.0,78.0,1.0,3.0,0,Withdrawn
438290,DDD,2013J,Critical,7.75,417.0,76.33,3.0,26.0,0,Withdrawn
523021,BBB,2014B,Critical,7.75,383.0,80.5,4.0,35.0,1,Withdrawn
595938,CCC,2014J,Critical,7.75,542.0,71.17,6.0,24.0,0,Withdrawn
691805,FFF,2014J,Critical,7.75,191.0,80.0,1.0,13.0,0,Withdrawn
386671,CCC,2014B,Critical,7.75,0.0,78.6,5.0,0.0,0,Withdrawn
687752,FFF,2014J,Critical,7.75,689.0,71.0,4.0,31.0,0,Withdrawn
590462,FFF,2013J,Critical,7.75,1018.0,76.67,3.0,57.0,0,Withdrawn
352161,BBB,2013B,Critical,7.75,82.0,87.5,2.0,8.0,1,Withdrawn
632312,EEE,2014B,Critical,7.75,502.0,72.6,5.0,38.0,0,Withdrawn
629039,DDD,2014B,Critical,7.75,350.0,80.0,2.0,22.0,0,Withdrawn
594615,FFF,2013J,Critical,7.75,369.0,70.67,3.0,18.0,0,Withdrawn
589327,CCC,2014J,Critical,7.75,415.0,56.62,13.0,18.0,1,Withdrawn
569132,CCC,2014J,Critical,7.75,0.0,57.5,12.0,0.0,0,Withdrawn
687384,DDD,2014J,Critical,7.75,521.0,68.2,5.0,39.0,0,Withdrawn
198257,FFF,2013B,Critical,7.75,266.0,92.0,1.0,12.0,1,Withdrawn
544649,DDD,2013B,Critical,7.75,254.0,72.5,4.0,34.0,0,Withdrawn
626539,FFF,2014B,Critical,7.75,925.0,69.33,7.0,36.0,0,Withdrawn
568741,DDD,2013J,Critical,7.75,1143.0,63.5,4.0,49.0,0,Withdrawn
415724,FFF,2013J,Critical,7.75,911.0,72.0,1.0,25.0,0,Withdrawn
1994385,CCC,2014J,Critical,7.75,484.0,78.0,1.0,26.0,0,Withdrawn
427683,BBB,2013J,Critical,7.75,127.0,81.33,3.0,10.0,0,Withdrawn
141301,EEE,2013J,Critical,7.75,0.0,84.0,1.0,0.0,0,Withdrawn
633273,DDD,2014B,Critical,7.75,1211.0,44.0,5.0,118.0,0,Withdrawn
611974,BBB,2014B,Critical,7.75,387.0,74.83,6.0,26.0,0,Withdrawn
2623960,EEE,2013J,Critical,7.75,792.0,76.0,1.0,24.0,0,Withdrawn
396631,CCC,2014J,Critical,7.75,265.0,73.67,6.0,27.0,0,Withdrawn
91354,DDD,2013J,Critical,7.75,103.0,75.0,2.0,13.0,1,Withdrawn
630745,FFF,2014J,Critical,7.75,1557.0,69.0,3.0,57.0,0,Withdrawn
580412,BBB,2013J,Critical,7.75,114.0,77.6,5.0,11.0,0,Withdrawn
467363,EEE,2013J,Critical,7.75,607.0,64.0,11.0,13.0,0,Withdrawn
555909,BBB,2013B,Critical,7.75,165.0,78.33,3.0,8.0,0,Withdrawn
584884,FFF,2014B,Critical,7.75,951.0,75.0,4.0,31.0,0,Withdrawn
548693,FFF,2013J,Critical,7.75,126.0,80.0,1.0,14.0,0,Withdrawn
649580,FFF,2014J,Critical,7.75,572.0,80.0,1.0,21.0,0,Withdrawn
650123,FFF,2014J,Critical,7.75,895.0,71.0,2.0,17.0,0,Withdrawn
628323,FFF,2014B,Critical,7.75,527.0,79.0,2.0,13.0,0,Withdrawn
549769,CCC,2014J,Critical,7.75,1483.0,60.2,5.0,48.0,0,Withdrawn
605264,CCC,2014J,Critical,7.75,45.0,78.0,4.0,5.0,0,Withdrawn
542562,BBB,2013B,Critical,7.75,0.0,64.7,10.0,0.0,0,Withdrawn
2390547,FFF,2013J,Critical,7.74,358.0,80.0,1.0,28.0,0,Withdrawn
584762,BBB,2014B,Critical,7.74,19.0,85.0,2.0,5.0,1,Withdrawn
546830,CCC,2014B,Critical,7.74,89.0,63.38,13.0,7.0,0,Withdrawn
356257,DDD,2013B,Critical,7.74,533.0,70.75,4.0,40.0,0,Withdrawn
591655,FFF,2013J,Critical,7.74,1341.0,56.86,7.0,65.0,0,Withdrawn
179605,BBB,2013B,Critical,7.74,167.0,75.33,3.0,10.0,0,Withdrawn
575693,GGG,2014B,Critical,7.74,107.0,77.0,1.0,12.0,0,Withdrawn
537335,FFF,2013B,Critical,7.74,1134.0,80.0,1.0,40.0,0,Withdrawn
617843,BBB,2014B,Critical,7.74,39.0,78.5,2.0,4.0,0,Withdrawn
2341839,CCC,2014B,Critical,7.74,610.0,80.0,1.0,36.0,0,Withdrawn
404050,EEE,2013J,Critical,7.74,657.0,79.0,2.0,35.0,0,Withdrawn
581648,DDD,2013J,Critical,7.74,0.0,73.86,7.0,0.0,0,Withdrawn
498841,BBB,2013J,Critical,7.74,106.0,67.83,6.0,14.0,0,Withdrawn
620750,FFF,2014J,Critical,7.74,1172.0,81.0,2.0,30.0,1,Withdrawn
622425,CCC,2014J,Critical,7.74,173.0,69.43,7.0,26.0,0,Withdrawn
1942999,CCC,2014B,Critical,7.74,424.0,75.5,2.0,24.0,0,Withdrawn
587838,BBB,2013J,Critical,7.74,572.0,78.0,4.0,24.0,0,Withdrawn
587884,CCC,2014B,Critical,7.74,1.0,79.5,2.0,1.0,0,Withdrawn
418159,DDD,2013J,Critical,7.74,419.0,67.25,4.0,32.0,0,Withdrawn
544031,DDD,2013J,Critical,7.74,101.0,78.5,2.0,13.0,0,Withdrawn
549892,BBB,2014B,Critical,7.74,242.0,76.0,4.0,18.0,0,Withdrawn
689827,FFF,2014J,Critical,7.74,218.0,82.0,1.0,14.0,0,Withdrawn
2677097,CCC,2014J,Critical,7.74,83.0,72.43,7.0,9.0,0,Withdrawn
425817,BBB,2013B,Critical,7.74,366.0,69.6,10.0,23.0,0,Withdrawn
610469,DDD,2013J,Critical,7.74,951.0,74.0,1.0,37.0,0,Withdrawn
384909,BBB,2013B,Critical,7.74,113.0,72.0,5.0,10.0,0,Withdrawn
627907,CCC,2014B,Critical,7.74,165.0,75.0,5.0,11.0,0,Withdrawn
652994,CCC,2014J,Critical,7.74,71.0,61.31,13.0,9.0,0,Withdrawn
571610,CCC,2014J,Critical,7.74,224.0,72.67,6.0,12.0,0,Withdrawn
516405,DDD,2014J,Critical,7.74,30.0,80.0,1.0,6.0,0,Withdrawn
393094,DDD,2014B,Critical,7.74,560.0,76.0,5.0,32.0,1,Withdrawn
304795,BBB,2013J,Critical,7.74,0.0,87.67,3.0,0.0,3,Withdrawn
529512,CCC,2014J,Critical,7.74,41.0,80.75,4.0,1.0,0,Withdrawn
242893,BBB,2013J,Critical,7.74,464.0,71.14,8.0,17.0,1,Withdrawn
545493,CCC,2014J,Critical,7.74,0.0,71.0,4.0,0.0,0,Withdrawn
536203,BBB,2013B,Critical,7.74,944.0,60.0,7.0,55.0,0,Withdrawn
287897,CCC,2014J,Critical,7.74,4.0,79.33,3.0,1.0,0,Withdrawn
40419,DDD,2013B,Critical,7.74,144.0,71.56,9.0,9.0,0,Withdrawn
434767,DDD,2014J,Critical,7.74,576.0,68.33,3.0,41.0,1,Withdrawn
2050998,EEE,2014J,Critical,7.74,604.0,73.0,2.0,30.0,0,Withdrawn
594419,CCC,2014B,Critical,7.74,0.0,59.33,15.0,0.0,0,Withdrawn
675495,EEE,2014J,Critical,7.74,393.0,67.75,8.0,31.0,0,Withdrawn
560723,CCC,2014J,Critical,7.74,58.0,73.25,4.0,6.0,0,Withdrawn
88340,BBB,2014B,Critical,7.74,187.0,76.0,4.0,23.0,0,Withdrawn
572589,CCC,2014J,Critical,7.74,207.0,68.14,7.0,22.0,0,Withdrawn
682982,FFF,2014J,Critical,7.74,306.0,82.0,1.0,15.0,0,Withdrawn
558404,FFF,2014B,Critical,7.74,88.0,86.67,3.0,7.0,1,Withdrawn
540530,DDD,2013B,Critical,7.74,80.0,66.92,13.0,17.0,0,Withdrawn
2044299,CCC,2014J,Critical,7.74,87.0,69.0,6.0,20.0,1,Withdrawn
562827,DDD,2014J,Critical,7.74,187.0,72.5,2.0,18.0,0,Withdrawn
639238,FFF,2014J,Critical,7.74,1098.0,67.0,2.0,72.0,0,Withdrawn
492478,BBB,2013J,Critical,7.74,608.0,72.0,5.0,30.0,0,Withdrawn
1651020,FFF,2013B,Critical,7.74,584.0,74.75,4.0,25.0,1,Withdrawn
697253,CCC,2014J,Critical,7.74,1099.0,59.88,8.0,63.0,0,Withdrawn
157225,FFF,2014J,Critical,7.74,911.0,76.0,1.0,23.0,0,Withdrawn
29411,CCC,2014J,Critical,7.74,329.0,59.22,9.0,19.0,0,Withdrawn
2665767,DDD,2013B,Critical,7.74,640.0,87.0,1.0,20.0,2,Withdrawn
594052,CCC,2014B,Critical,7.74,14.0,69.8,5.0,7.0,0,Withdrawn
572754,CCC,2014J,Critical,7.73,0.0,71.0,5.0,0.0,0,Withdrawn
359460,CCC,2014B,Critical,7.73,229.0,79.0,1.0,11.0,0,Withdrawn
2599162,FFF,2014J,Critical,7.73,74.0,81.5,4.0,9.0,1,Withdrawn
620977,CCC,2014B,Critical,7.73,391.0,65.4,5.0,27.0,0,Withdrawn
624879,BBB,2014B,Critical,7.73,23.0,82.67,3.0,2.0,0,Withdrawn
631807,EEE,2014B,Critical,7.73,690.0,74.5,4.0,40.0,0,Withdrawn
591593,CCC,2014J,Critical,7.73,0.0,72.86,7.0,0.0,0,Withdrawn
441606,CCC,2014B,Critical,7.73,195.0,61.38,13.0,10.0,0,Withdrawn
697042,FFF,2014J,Critical,7.73,1512.0,74.25,4.0,40.0,0,Withdrawn
2272023,FFF,2014J,Critical,7.73,816.0,76.0,2.0,40.0,0,Withdrawn
543408,BBB,2013B,Critical,7.73,85.0,80.75,4.0,13.0,0,Withdrawn
361889,DDD,2013J,Critical,7.73,521.0,73.0,2.0,39.0,0,Withdrawn
541281,FFF,2014B,Critical,7.73,631.0,76.0,2.0,28.0,0,Withdrawn
577977,DDD,2014B,Critical,7.73,0.0,80.0,1.0,0.0,1,Withdrawn
614761,CCC,2014J,Critical,7.73,1151.0,66.6,5.0,43.0,0,Withdrawn
612568,CCC,2014J,Critical,7.73,217.0,89.0,1.0,14.0,0,Withdrawn
589935,BBB,2014J,Critical,7.73,79.0,72.0,3.0,16.0,0,Withdrawn
652801,FFF,2014J,Critical,7.73,949.0,77.33,3.0,39.0,0,Withdrawn
613447,CCC,2014B,Critical,7.73,0.0,79.75,4.0,0.0,0,Withdrawn
642744,DDD,2014J,Critical,7.73,216.0,74.33,3.0,29.0,0,Withdrawn
1514245,CCC,2014B,Critical,7.73,0.0,83.0,6.0,0.0,0,Withdrawn
554203,BBB,2013B,Critical,7.73,330.0,75.0,2.0,21.0,0,Withdrawn
683576,FFF,2014J,Critical,7.73,438.0,76.0,1.0,11.0,0,Withdrawn
156358,BBB,2014J,Critical,7.73,652.0,71.25,4.0,54.0,2,Withdrawn
653942,DDD,2014J,Critical,7.73,90.0,85.0,1.0,9.0,0,Withdrawn
379212,BBB,2014J,Critical,7.73,280.0,80.0,2.0,21.0,0,Withdrawn
593281,BBB,2013J,Critical,7.73,83.0,79.0,3.0,3.0,0,Withdrawn
141301,DDD,2013J,Critical,7.73,392.0,84.0,1.0,39.0,2,Withdrawn
588321,BBB,2013J,Critical,7.73,238.0,66.86,7.0,27.0,0,Withdrawn
693998,CCC,2014J,Critical,7.73,1155.0,71.33,3.0,45.0,0,Withdrawn
2465589,FFF,2014B,Critical,7.73,0.0,72.17,12.0,0.0,1,Withdrawn
370307,BBB,2013J,Critical,7.73,302.0,81.5,2.0,20.0,0,Withdrawn
622015,CCC,2014J,Critical,7.73,89.0,77.25,4.0,3.0,1,Withdrawn
348439,DDD,2014B,Critical,7.73,171.0,74.0,1.0,12.0,0,Withdrawn
537028,FFF,2013B,Critical,7.73,50.0,84.0,1.0,6.0,0,Withdrawn
551528,FFF,2013B,Critical,7.73,1938.0,62.2,5.0,85.0,0,Withdrawn
596699,CCC,2014B,Critical,7.73,0.0,66.92,12.0,0.0,0,Withdrawn
520024,BBB,2013J,Critical,7.73,221.0,59.31,13.0,17.0,0,Withdrawn
605759,DDD,2014B,Critical,7.73,668.0,47.77,13.0,69.0,0,Withdrawn
583276,DDD,2014J,Critical,7.73,410.0,73.33,3.0,39.0,0,Withdrawn
569342,EEE,2014B,Critical,7.73,0.0,69.33,9.0,0.0,1,Withdrawn
2502707,DDD,2014B,Critical,7.73,385.0,68.67,9.0,43.0,2,Withdrawn
575545,CCC,2014B,Critical,7.73,392.0,82.0,4.0,17.0,0,Withdrawn
608459,EEE,2013J,Critical,7.73,817.0,71.33,3.0,52.0,0,Withdrawn
159954,AAA,2014J,Critical,7.73,877.0,68.2,5.0,71.0,1,Withdrawn
307291,DDD,2013B,Critical,7.72,1169.0,58.75,4.0,52.0,0,Withdrawn
721259,AAA,2014J,Critical,7.72,2880.0,65.0,2.0,76.0,1,Withdrawn
602053,FFF,2013J,Critical,7.72,1125.0,67.0,4.0,52.0,0,Withdrawn
641073,GGG,2014J,Critical,7.72,55.0,85.5,2.0,8.0,0,Withdrawn
630186,FFF,2014J,Critical,7.72,555.0,72.0,1.0,29.0,0,Withdrawn
532062,FFF,2013B,Critical,7.72,977.0,74.67,6.0,24.0,1,Withdrawn
540637,FFF,2013B,Critical,7.72,0.0,66.27,11.0,0.0,0,Withdrawn
634943,FFF,2014J,Critical,7.72,294.0,78.0,1.0,15.0,0,Withdrawn
276337,FFF,2014J,Critical,7.72,272.0,75.0,2.0,22.0,1,Withdrawn
390440,FFF,2013B,Critical,7.72,971.0,82.0,1.0,23.0,1,Withdrawn
647210,FFF,2014J,Critical,7.72,1066.0,80.0,1.0,47.0,0,Withdrawn
499822,BBB,2013J,Critical,7.72,119.0,81.5,2.0,8.0,0,Withdrawn
505403,CCC,2014J,Critical,7.72,146.0,78.0,1.0,15.0,0,Withdrawn
508244,CCC,2014J,Critical,7.72,484.0,68.57,7.0,18.0,0,Withdrawn
602803,BBB,2013J,Critical,7.72,505.0,70.8,5.0,28.0,0,Withdrawn
2133234,CCC,2014J,Critical,7.72,351.0,75.0,2.0,28.0,0,Withdrawn
324305,FFF,2013B,Critical,7.72,1068.0,71.5,4.0,22.0,0,Withdrawn
94978,CCC,2014J,Critical,7.72,1234.0,69.67,3.0,46.0,0,Withdrawn
380681,DDD,2014B,Critical,7.72,343.0,74.5,4.0,25.0,0,Withdrawn
446448,DDD,2013J,Critical,7.72,274.0,78.5,2.0,27.0,0,Withdrawn
535396,BBB,2013B,Critical,7.72,252.0,71.6,5.0,25.0,0,Withdrawn
647518,CCC,2014J,Critical,7.72,1517.0,70.5,2.0,45.0,0,Withdrawn
600648,DDD,2013J,Critical,7.72,661.0,68.0,3.0,61.0,0,Withdrawn
2449737,FFF,2013J,Critical,7.72,1461.0,69.0,2.0,59.0,0,Withdrawn
257104,FFF,2014B,Critical,7.72,1803.0,64.2,5.0,58.0,0,Withdrawn
574944,BBB,2014B,Critical,7.72,57.0,84.0,3.0,5.0,0,Withdrawn
465764,CCC,2014B,Critical,7.72,20.0,63.43,14.0,4.0,0,Withdrawn
589441,FFF,2013J,Critical,7.72,1963.0,50.67,9.0,78.0,0,Withdrawn
522363,DDD,2013J,Critical,7.72,1075.0,70.4,5.0,39.0,0,Withdrawn
619945,GGG,2014B,Critical,7.72,346.0,72.67,3.0,43.0,0,Withdrawn
338983,CCC,2014J,Critical,7.72,578.0,81.0,2.0,26.0,0,Withdrawn
447036,FFF,2014B,Critical,7.72,0.0,87.0,2.0,0.0,3,Withdrawn
347864,BBB,2014B,Critical,7.72,201.0,77.0,5.0,33.0,1,Withdrawn
266744,BBB,2014B,Critical,7.72,35.0,75.11,9.0,6.0,1,Withdrawn
2211630,BBB,2013J,Critical,7.72,118.0,78.0,3.0,9.0,0,Withdrawn
559912,CCC,2014J,Critical,7.72,31.0,81.25,4.0,4.0,1,Withdrawn
683555,FFF,2014J,Critical,7.72,375.0,75.0,2.0,31.0,0,Withdrawn
684594,FFF,2014J,Critical,7.72,357.0,78.0,1.0,38.0,0,Withdrawn
550142,DDD,2013J,Critical,7.72,182.0,57.06,16.0,28.0,1,Withdrawn
612127,CCC,2014J,Critical,7.72,245.0,69.57,7.0,17.0,1,Withdrawn
685998,FFF,2014J,Critical,7.72,533.0,74.0,1.0,16.0,0,Withdrawn
2153026,BBB,2013J,Critical,7.72,277.0,82.75,4.0,16.0,0,Withdrawn
596663,FFF,2014B,Critical,7.72,487.0,76.0,2.0,33.0,0,Withdrawn
587195,FFF,2014B,Critical,7.72,1708.0,72.5,4.0,58.0,1,Withdrawn
593617,FFF,2013J,Critical,7.72,118.0,84.0,2.0,8.0,0,Withdrawn
568601,AAA,2013J,Critical,7.72,488.0,81.5,2.0,17.0,0,Withdrawn
550812,CCC,2014B,Critical,7.72,253.0,59.25,8.0,29.0,0,Withdrawn
686384,DDD,2014J,Critical,7.72,447.0,72.75,4.0,56.0,0,Withdrawn
619311,BBB,2014B,Critical,7.72,200.0,74.0,4.0,31.0,0,Withdrawn
632135,EEE,2014B,Critical,7.72,385.0,70.2,5.0,23.0,0,Withdrawn
1753235,DDD,2013J,Critical,7.72,494.0,70.0,4.0,29.0,0,Withdrawn
653372,FFF,2014J,Critical,7.72,519.0,80.0,2.0,20.0,0,Withdrawn
555691,FFF,2014B,Critical,7.72,1628.0,75.5,4.0,41.0,1,Withdrawn
646852,BBB,2014J,Critical,7.71,1399.0,57.0,5.0,45.0,0,Withdrawn
572949,DDD,2013J,Critical,7.71,343.0,71.0,3.0,34.0,0,Withdrawn
403158,FFF,2013B,Critical,7.71,1283.0,74.0,2.0,55.0,0,Withdrawn
595232,BBB,2013J,Critical,7.71,217.0,74.0,1.0,16.0,0,Withdrawn
437752,FFF,2013B,Critical,7.71,571.0,78.33,3.0,33.0,0,Withdrawn
586609,DDD,2013J,Critical,7.71,416.0,71.0,2.0,29.0,0,Withdrawn
498636,FFF,2013B,Critical,7.71,1960.0,66.0,6.0,74.0,0,Withdrawn
577965,BBB,2013J,Critical,7.71,90.0,77.2,5.0,8.0,0,Withdrawn
607176,BBB,2014J,Critical,7.71,324.0,71.0,4.0,20.0,0,Withdrawn
521957,BBB,2013J,Critical,7.71,173.0,60.77,13.0,31.0,2,Withdrawn
579255,BBB,2013J,Critical,7.71,142.0,70.43,7.0,16.0,0,Withdrawn
581826,BBB,2013J,Critical,7.71,202.0,80.0,3.0,29.0,0,Withdrawn
606805,FFF,2014J,Critical,7.71,1501.0,75.0,4.0,42.0,1,Withdrawn
556637,BBB,2013J,Critical,7.71,203.0,80.0,1.0,8.0,0,Withdrawn
608248,FFF,2013J,Critical,7.71,444.0,76.0,1.0,18.0,0,Withdrawn
365375,DDD,2014J,Critical,7.71,340.0,72.0,5.0,33.0,0,Withdrawn
592444,GGG,2013J,Critical,7.71,45.0,85.0,1.0,3.0,0,Withdrawn
469281,CCC,2014J,Critical,7.71,207.0,81.5,4.0,10.0,0,Withdrawn
604583,FFF,2013J,Critical,7.71,2060.0,71.25,4.0,58.0,0,Withdrawn
600407,BBB,2014B,Critical,7.71,397.0,83.0,1.0,20.0,1,Withdrawn
620977,EEE,2014B,Critical,7.71,475.0,65.4,5.0,35.0,0,Withdrawn
292694,DDD,2013B,Critical,7.71,139.0,68.0,7.0,11.0,0,Withdrawn
621508,BBB,2014B,Critical,7.71,115.0,65.12,8.0,7.0,0,Withdrawn
528713,FFF,2013B,Critical,7.71,1057.0,74.0,4.0,82.0,0,Withdrawn
627599,CCC,2014J,Critical,7.71,141.0,78.0,1.0,4.0,0,Withdrawn
533164,BBB,2013J,Critical,7.71,93.0,76.0,7.0,13.0,1,Withdrawn
533348,FFF,2013B,Critical,7.71,1409.0,68.6,5.0,67.0,0,Withdrawn
573694,BBB,2013J,Critical,7.71,39.0,78.5,2.0,4.0,0,Withdrawn
587550,CCC,2014J,Critical,7.71,295.0,71.0,2.0,25.0,0,Withdrawn
609748,EEE,2013J,Critical,7.71,554.0,80.0,1.0,28.0,0,Withdrawn
265958,BBB,2013B,Critical,7.71,293.0,75.0,9.0,11.0,2,Withdrawn
687765,DDD,2014J,Critical,7.71,315.0,80.0,2.0,27.0,0,Withdrawn
610831,FFF,2013J,Critical,7.71,186.0,80.0,1.0,18.0,0,Withdrawn
582723,CCC,2014B,Critical,7.71,47.0,75.5,6.0,9.0,0,Withdrawn
695611,DDD,2014J,Critical,7.71,56.0,80.0,1.0,4.0,0,Withdrawn
563534,EEE,2014J,Critical,7.71,815.0,81.0,2.0,49.0,0,Withdrawn
557040,FFF,2013J,Critical,7.71,474.0,86.0,2.0,26.0,0,Withdrawn
471810,CCC,2014J,Critical,7.71,184.0,78.0,1.0,29.0,0,Withdrawn
556840,BBB,2013B,Critical,7.71,374.0,73.0,1.0,16.0,0,Withdrawn
685474,CCC,2014J,Critical,7.71,520.0,66.14,7.0,48.0,0,Withdrawn
334669,FFF,2013J,Critical,7.71,1044.0,73.0,3.0,37.0,0,Withdrawn
591719,CCC,2014B,Critical,7.71,2.0,86.0,1.0,1.0,0,Withdrawn
174805,FFF,2013B,Critical,7.71,927.0,78.0,1.0,45.0,0,Withdrawn
561366,BBB,2013B,Critical,7.71,396.0,79.0,3.0,17.0,0,Withdrawn
642939,FFF,2014J,Critical,7.71,848.0,76.0,2.0,34.0,0,Withdrawn
275006,BBB,2014B,Critical,7.71,251.0,74.38,8.0,25.0,1,Withdrawn
547629,DDD,2014B,Critical,7.71,602.0,46.0,15.0,45.0,1,Withdrawn
354988,FFF,2014B,Critical,7.71,754.0,73.75,4.0,37.0,0,Withdrawn
278413,CCC,2014J,Critical,7.71,278.0,89.0,1.0,19.0,0,Withdrawn
653360,EEE,2014J,Critical,7.71,905.0,76.0,1.0,46.0,0,Withdrawn
370367,DDD,2013J,Critical,7.71,1234.0,63.0,4.0,77.0,0,Withdrawn
531340,DDD,2013B,Critical,7.71,417.0,81.0,3.0,42.0,1,Withdrawn
579064,FFF,2013J,Critical,7.7,1619.0,69.67,3.0,68.0,0,Withdrawn
594076,FFF,2013J,Critical,7.7,935.0,77.0,2.0,17.0,0,Withdrawn
34293,FFF,2014B,Critical,7.7,921.0,74.0,2.0,36.0,0,Withdrawn
544649,DDD,2013J,Critical,7.7,653.0,72.5,4.0,61.0,1,Withdrawn
379330,DDD,2014B,Critical,7.7,1205.0,67.33,3.0,56.0,1,Withdrawn
678619,FFF,2014J,Critical,7.7,722.0,67.33,3.0,53.0,0,Withdrawn
2134578,DDD,2013J,Critical,7.7,172.0,68.56,9.0,21.0,0,Withdrawn
591094,BBB,2014B,Critical,7.7,593.0,71.67,6.0,52.0,0,Withdrawn
625930,GGG,2014B,Critical,7.7,53.0,85.0,1.0,9.0,0,Withdrawn
495115,DDD,2013J,Critical,7.7,0.0,86.0,5.0,0.0,1,Withdrawn
572739,BBB,2013J,Critical,7.7,95.0,79.75,4.0,6.0,0,Withdrawn
580592,BBB,2013J,Critical,7.7,328.0,70.86,7.0,31.0,0,Withdrawn
649980,BBB,2014J,Critical,7.7,653.0,73.33,3.0,40.0,0,Withdrawn
577638,DDD,2013J,Critical,7.7,379.0,62.9,10.0,40.0,0,Withdrawn
607413,EEE,2014B,Critical,7.7,551.0,76.0,2.0,46.0,0,Withdrawn
152668,AAA,2014J,Critical,7.7,765.0,71.0,1.0,34.0,0,Withdrawn
630240,GGG,2014B,Critical,7.7,132.0,82.6,5.0,15.0,0,Withdrawn
327997,DDD,2013B,Critical,7.7,525.0,79.5,2.0,31.0,1,Withdrawn
341876,AAA,2014J,Critical,7.7,1784.0,68.5,2.0,72.0,0,Withdrawn
580477,CCC,2014B,Critical,7.7,77.0,65.25,8.0,12.0,0,Withdrawn
638544,BBB,2014J,Critical,7.7,62.0,79.33,3.0,24.0,0,Withdrawn
2654602,DDD,2014J,Critical,7.7,487.0,68.75,4.0,43.0,1,Withdrawn
138715,DDD,2013J,Critical,7.7,545.0,73.57,7.0,41.0,0,Withdrawn
542054,CCC,2014J,Critical,7.7,415.0,62.19,16.0,15.0,0,Withdrawn
532846,CCC,2014J,Critical,7.7,444.0,71.71,7.0,25.0,0,Withdrawn
1673876,CCC,2014B,Critical,7.7,1218.0,70.0,1.0,38.0,0,Withdrawn
609823,CCC,2014J,Critical,7.7,249.0,81.5,2.0,14.0,0,Withdrawn
555935,BBB,2013B,Critical,7.7,150.0,67.67,6.0,16.0,0,Withdrawn
655088,FFF,2014J,Critical,7.7,346.0,78.0,2.0,19.0,0,Withdrawn
569706,DDD,2014B,Critical,7.7,307.0,62.29,7.0,22.0,0,Withdrawn
2517387,DDD,2014J,Critical,7.7,369.0,66.67,3.0,39.0,0,Withdrawn
494975,FFF,2013J,Critical,7.7,905.0,69.0,2.0,38.0,0,Withdrawn
1769985,CCC,2014B,Critical,7.7,656.0,67.5,4.0,39.0,0,Withdrawn
609605,CCC,2014B,Critical,7.7,0.0,69.0,8.0,0.0,0,Withdrawn
278282,FFF,2013B,Critical,7.7,322.0,84.0,1.0,15.0,0,Withdrawn
551332,DDD,2014J,Critical,7.7,308.0,70.71,7.0,22.0,0,Withdrawn
499624,BBB,2013J,Critical,7.7,262.0,80.71,7.0,23.0,2,Withdrawn
630541,CCC,2014J,Critical,7.7,3.0,87.75,4.0,1.0,0,Withdrawn
627947,CCC,2014J,Critical,7.7,628.0,79.75,4.0,36.0,1,Withdrawn
481240,FFF,2014J,Critical,7.7,528.0,77.25,4.0,30.0,0,Withdrawn
600094,CCC,2014B,Critical,7.7,118.0,63.1,10.0,13.0,0,Withdrawn
600814,DDD,2014B,Critical,7.7,0.0,68.58,12.0,0.0,0,Withdrawn
609605,EEE,2014B,Critical,7.7,0.0,69.0,8.0,0.0,0,Withdrawn
337414,DDD,2013B,Critical,7.7,2088.0,42.42,12.0,90.0,1,Withdrawn
552166,CCC,2014B,Critical,7.7,646.0,56.29,14.0,28.0,0,Withdrawn
624514,BBB,2014B,Critical,7.7,269.0,68.38,8.0,24.0,0,Withdrawn
472309,CCC,2014B,Critical,7.7,611.0,58.46,13.0,49.0,0,Withdrawn
693061,DDD,2014J,Critical,7.7,328.0,80.0,1.0,33.0,0,Withdrawn
606593,DDD,2013J,Critical,7.7,692.0,72.67,3.0,70.0,0,Withdrawn
675495,CCC,2014J,Critical,7.7,675.0,67.75,8.0,33.0,0,Withdrawn
535269,BBB,2013B,Critical,7.7,425.0,73.0,6.0,37.0,0,Withdrawn
2340230,EEE,2014J,Critical,7.7,1189.0,66.33,9.0,57.0,0,Withdrawn
356705,DDD,2014B,Critical,7.7,571.0,77.67,3.0,34.0,0,Withdrawn
619204,FFF,2014B,Critical,7.7,0.0,63.33,12.0,0.0,0,Withdrawn
550359,FFF,2013J,Critical,7.7,379.0,86.0,1.0,11.0,0,Withdrawn
532648,DDD,2013B,Critical,7.7,323.0,66.2,5.0,23.0,0,Withdrawn
607600,CCC,2014J,Critical,7.7,124.0,79.6,5.0,8.0,0,Withdrawn
281261,CCC,2014B,Critical,7.7,569.0,72.0,2.0,22.0,0,Withdrawn
577977,DDD,2014J,Critical,7.69,268.0,80.0,1.0,26.0,2,Withdrawn
530148,FFF,2014J,Critical,7.69,1359.0,61.64,11.0,43.0,1,Withdrawn
556153,FFF,2013B,Critical,7.69,442.0,85.5,2.0,16.0,0,Withdrawn
601827,EEE,2013J,Critical,7.69,1155.0,68.75,4.0,62.0,0,Withdrawn
641940,GGG,2014J,Critical,7.69,133.0,90.0,1.0,18.0,0,Withdrawn
620826,GGG,2014J,Critical,7.69,376.0,72.5,2.0,17.0,0,Withdrawn
586233,CCC,2014J,Critical,7.69,52.0,66.45,11.0,5.0,0,Withdrawn
2358969,AAA,2013J,Critical,7.69,373.0,69.0,6.0,22.0,0,Withdrawn
657093,GGG,2014J,Critical,7.69,241.0,80.0,2.0,19.0,0,Withdrawn
67685,CCC,2014J,Critical,7.69,10.0,81.0,4.0,5.0,0,Withdrawn
494829,CCC,2014J,Critical,7.69,1506.0,62.83,6.0,84.0,0,Withdrawn
579362,CCC,2014J,Critical,7.69,321.0,71.33,6.0,26.0,0,Withdrawn
2343809,CCC,2014B,Critical,7.69,224.0,68.57,7.0,13.0,0,Withdrawn
1843355,DDD,2013B,Critical,7.69,1538.0,39.18,11.0,100.0,0,Withdrawn
556093,DDD,2013B,Critical,7.69,386.0,77.0,2.0,21.0,0,Withdrawn
627238,FFF,2014J,Critical,7.69,0.0,86.67,3.0,0.0,1,Withdrawn
1541906,CCC,2014B,Critical,7.69,43.0,82.67,3.0,4.0,0,Withdrawn
630868,FFF,2014B,Critical,7.69,899.0,75.0,3.0,68.0,0,Withdrawn
54062,CCC,2014J,Critical,7.69,147.0,75.29,7.0,13.0,0,Withdrawn
625126,CCC,2014J,Critical,7.69,215.0,76.25,4.0,9.0,1,Withdrawn
574866,DDD,2013J,Critical,7.69,426.0,76.0,4.0,35.0,0,Withdrawn
494498,CCC,2014J,Critical,7.69,506.0,75.0,4.0,43.0,0,Withdrawn
590410,DDD,2014B,Critical,7.69,783.0,65.25,4.0,92.0,0,Withdrawn
625502,DDD,2014J,Critical,7.69,139.0,82.5,2.0,13.0,0,Withdrawn
615438,DDD,2014B,Critical,7.69,323.0,79.0,1.0,18.0,0,Withdrawn
371169,FFF,2013B,Critical,7.69,1449.0,77.5,4.0,56.0,0,Withdrawn
692500,CCC,2014J,Critical,7.69,297.0,78.33,3.0,16.0,0,Withdrawn
643770,CCC,2014J,Critical,7.69,198.0,75.71,7.0,20.0,0,Withdrawn
653144,FFF,2014J,Critical,7.69,911.0,69.2,5.0,49.0,0,Withdrawn
502779,FFF,2013J,Critical,7.69,233.0,78.0,1.0,12.0,0,Withdrawn
570488,EEE,2013J,Critical,7.69,1252.0,74.33,3.0,34.0,0,Withdrawn
590548,FFF,2014B,Critical,7.69,97.0,87.33,6.0,5.0,1,Withdrawn
541196,BBB,2013B,Critical,7.69,172.0,82.67,3.0,11.0,0,Withdrawn
24213,DDD,2013B,Critical,7.69,0.0,76.29,7.0,0.0,0,Withdrawn
539872,DDD,2014B,Critical,7.69,326.0,79.67,3.0,23.0,1,Withdrawn
532512,BBB,2013B,Critical,7.69,635.0,70.0,5.0,66.0,0,Withdrawn
688159,FFF,2014J,Critical,7.69,1036.0,67.0,2.0,55.0,0,Withdrawn
2524572,FFF,2013J,Critical,7.69,1754.0,71.0,2.0,49.0,0,Withdrawn
697192,FFF,2014J,Critical,7.69,367.0,90.0,1.0,20.0,0,Withdrawn
674651,DDD,2014J,Critical,7.69,726.0,62.0,5.0,81.0,0,Withdrawn
579255,BBB,2014B,Critical,7.69,337.0,70.43,7.0,33.0,1,Withdrawn
434503,EEE,2014J,Critical,7.69,553.0,90.0,1.0,35.0,1,Withdrawn
647417,CCC,2014J,Critical,7.69,54.0,82.67,3.0,3.0,0,Withdrawn
507671,CCC,2014B,Critical,7.69,540.0,78.33,3.0,42.0,0,Withdrawn
679558,DDD,2014J,Critical,7.69,99.0,82.5,2.0,14.0,0,Withdrawn
355369,BBB,2013B,Critical,7.69,437.0,75.0,2.0,28.0,1,Withdrawn
2569324,AAA,2013J,Critical,7.69,26.0,71.2,5.0,3.0,0,Withdrawn
181316,AAA,2013J,Critical,7.69,487.0,76.0,1.0,20.0,0,Withdrawn
550246,FFF,2013B,Critical,7.68,399.0,72.0,4.0,18.0,0,Withdrawn
40857,FFF,2014J,Critical,7.68,304.0,86.0,1.0,19.0,0,Withdrawn
1514245,FFF,2014J,Critical,7.68,357.0,83.0,6.0,35.0,1,Withdrawn
1562320,FFF,2013B,Critical,7.68,527.0,76.0,1.0,29.0,0,Withdrawn
685015,CCC,2014J,Critical,7.68,81.0,78.33,6.0,12.0,0,Withdrawn
631193,FFF,2014J,Critical,7.68,376.0,86.0,1.0,18.0,0,Withdrawn
620060,DDD,2014B,Critical,7.68,274.0,74.33,3.0,32.0,0,Withdrawn
407545,BBB,2014B,Critical,7.68,172.0,79.0,5.0,24.0,0,Withdrawn
33681,DDD,2013J,Critical,7.68,434.0,76.14,7.0,24.0,2,Withdrawn
553834,FFF,2013B,Critical,7.68,1186.0,77.0,2.0,68.0,0,Withdrawn
617437,FFF,2014B,Critical,7.68,776.0,82.33,3.0,46.0,0,Withdrawn
620112,FFF,2014B,Critical,7.68,561.0,74.0,4.0,26.0,0,Withdrawn
2149324,CCC,2014J,Critical,7.68,526.0,85.0,2.0,34.0,0,Withdrawn
190653,FFF,2013B,Critical,7.68,861.0,88.0,1.0,32.0,0,Withdrawn
513836,BBB,2013J,Critical,7.68,469.0,76.0,3.0,30.0,0,Withdrawn
647645,CCC,2014J,Critical,7.68,130.0,74.5,4.0,4.0,0,Withdrawn
627847,FFF,2014B,Critical,7.68,743.0,82.0,1.0,25.0,0,Withdrawn
1759851,BBB,2013J,Critical,7.68,95.0,66.08,12.0,7.0,0,Withdrawn
631212,GGG,2014B,Critical,7.68,178.0,82.0,2.0,15.0,0,Withdrawn
626349,CCC,2014B,Critical,7.68,0.0,64.4,15.0,0.0,0,Withdrawn
627784,CCC,2014B,Critical,7.68,657.0,68.5,4.0,40.0,0,Withdrawn
647417,FFF,2014J,Critical,7.68,173.0,82.67,3.0,6.0,0,Withdrawn
284540,DDD,2013J,Critical,7.68,121.0,79.0,1.0,10.0,0,Withdrawn
45664,CCC,2014B,Critical,7.68,397.0,51.56,16.0,29.0,0,Withdrawn
442143,BBB,2013B,Critical,7.68,38.0,87.0,1.0,3.0,0,Withdrawn
622015,CCC,2014B,Critical,7.68,0.0,77.25,4.0,0.0,0,Withdrawn
564596,BBB,2013J,Critical,7.68,274.0,68.11,9.0,21.0,0,Withdrawn
1841850,EEE,2014J,Critical,7.68,568.0,74.5,2.0,65.0,0,Withdrawn
1087710,CCC,2014B,Critical,7.68,774.0,79.5,2.0,30.0,0,Withdrawn
533006,CCC,2014J,Critical,7.68,131.0,89.0,1.0,9.0,0,Withdrawn
600547,CCC,2014J,Critical,7.68,28.0,81.0,6.0,5.0,1,Withdrawn
509634,DDD,2013B,Critical,7.68,835.0,64.25,4.0,88.0,1,Withdrawn
500659,BBB,2013B,Critical,7.68,2376.0,62.2,5.0,68.0,0,Withdrawn
612443,DDD,2014B,Critical,7.68,603.0,71.0,6.0,38.0,0,Withdrawn
609583,EEE,2013J,Critical,7.68,932.0,80.0,1.0,29.0,0,Withdrawn
79403,AAA,2014J,Critical,7.68,1782.0,60.67,3.0,76.0,0,Withdrawn
574330,DDD,2013J,Critical,7.68,535.0,69.25,4.0,46.0,0,Withdrawn
605908,EEE,2013J,Critical,7.68,218.0,74.0,2.0,19.0,0,Withdrawn
1661490,DDD,2014J,Critical,7.68,1326.0,61.4,5.0,100.0,0,Withdrawn
533996,BBB,2013B,Critical,7.68,560.0,79.67,3.0,30.0,0,Withdrawn
178258,FFF,2013J,Critical,7.68,0.0,80.6,5.0,0.0,0,Withdrawn
645219,CCC,2014J,Critical,7.68,0.0,68.57,7.0,0.0,0,Withdrawn
573920,CCC,2014J,Critical,7.68,178.0,70.5,6.0,15.0,0,Withdrawn
678831,FFF,2014J,Critical,7.68,397.0,73.0,2.0,27.0,0,Withdrawn
654880,DDD,2014J,Critical,7.68,488.0,70.0,5.0,51.0,0,Withdrawn
678777,BBB,2014J,Critical,7.68,334.0,75.5,4.0,31.0,0,Withdrawn
197486,CCC,2014B,Critical,7.68,332.0,75.0,4.0,14.0,0,Withdrawn
676040,FFF,2014J,Critical,7.68,1000.0,81.0,3.0,28.0,0,Withdrawn
2002727,DDD,2013B,Critical,7.68,156.0,80.5,4.0,19.0,0,Withdrawn
590961,CCC,2014B,Critical,7.68,189.0,65.86,7.0,23.0,0,Withdrawn
473509,DDD,2013J,Critical,7.68,105.0,77.0,1.0,12.0,0,Withdrawn
80448,GGG,2013J,Critical,7.68,350.0,73.6,5.0,25.0,0,Withdrawn
1818677,DDD,2013J,Critical,7.68,882.0,59.6,5.0,64.0,0,Withdrawn
561880,FFF,2013J,Critical,7.67,1808.0,69.0,5.0,54.0,0,Withdrawn
2557885,BBB,2013J,Critical,7.67,361.0,80.0,1.0,13.0,0,Withdrawn
505235,CCC,2014B,Critical,7.67,188.0,80.0,2.0,15.0,0,Withdrawn
557908,FFF,2013B,Critical,7.67,878.0,80.0,2.0,32.0,0,Withdrawn
631016,CCC,2014J,Critical,7.67,1385.0,73.0,6.0,44.0,0,Withdrawn
1763186,FFF,2013J,Critical,7.67,0.0,80.43,7.0,0.0,0,Withdrawn
582282,FFF,2013J,Critical,7.67,589.0,78.0,1.0,38.0,0,Withdrawn
1730702,BBB,2013B,Critical,7.67,633.0,62.0,8.0,33.0,0,Withdrawn
649336,FFF,2014J,Critical,7.67,358.0,77.4,5.0,18.0,0,Withdrawn
406425,DDD,2014J,Critical,7.67,489.0,80.0,1.0,35.0,0,Withdrawn
371133,FFF,2013J,Critical,7.67,749.0,71.25,5.0,32.0,0,Withdrawn
556109,CCC,2014B,Critical,7.67,523.0,75.83,6.0,30.0,0,Withdrawn
627843,GGG,2014B,Critical,7.67,190.0,85.0,2.0,20.0,0,Withdrawn
484242,FFF,2013B,Critical,7.67,721.0,69.4,5.0,59.0,0,Withdrawn
184968,DDD,2013B,Critical,7.67,443.0,76.0,4.0,19.0,1,Withdrawn
625080,DDD,2014B,Critical,7.67,243.0,84.0,1.0,18.0,0,Withdrawn
60519,FFF,2013B,Critical,7.67,3198.0,72.0,4.0,80.0,0,Withdrawn
25261,CCC,2014J,Critical,7.67,997.0,78.0,1.0,39.0,0,Withdrawn
395758,FFF,2014B,Critical,7.67,442.0,75.8,5.0,28.0,0,Withdrawn
367510,FFF,2014B,Critical,7.67,2619.0,59.45,11.0,101.0,2,Withdrawn
588824,CCC,2014J,Critical,7.67,813.0,71.62,8.0,24.0,0,Withdrawn
468729,DDD,2013B,Critical,7.67,235.0,70.67,6.0,29.0,0,Withdrawn
543386,DDD,2013B,Critical,7.67,651.0,77.0,1.0,22.0,0,Withdrawn
604969,FFF,2014B,Critical,7.67,480.0,80.67,3.0,19.0,0,Withdrawn
628527,EEE,2014B,Critical,7.67,409.0,75.6,5.0,36.0,0,Withdrawn
632124,FFF,2014B,Critical,7.67,459.0,74.67,3.0,25.0,0,Withdrawn
568987,FFF,2013J,Critical,7.67,659.0,76.6,5.0,19.0,0,Withdrawn
603493,DDD,2014J,Critical,7.67,482.0,69.5,4.0,49.0,0,Withdrawn
628527,CCC,2014B,Critical,7.67,467.0,75.6,5.0,32.0,0,Withdrawn
593099,DDD,2014B,Critical,7.67,0.0,80.86,7.0,0.0,0,Withdrawn
569074,BBB,2014B,Critical,7.67,159.0,79.8,5.0,9.0,0,Withdrawn
548642,BBB,2013B,Critical,7.67,299.0,81.0,5.0,35.0,0,Withdrawn
680231,FFF,2014J,Critical,7.67,462.0,80.5,4.0,20.0,0,Withdrawn
34431,BBB,2013B,Critical,7.67,192.0,80.0,1.0,13.0,0,Withdrawn
339855,FFF,2014B,Critical,7.67,476.0,85.33,3.0,33.0,0,Withdrawn
1532711,FFF,2014J,Critical,7.67,808.0,79.0,3.0,26.0,0,Withdrawn
596432,EEE,2013J,Critical,7.67,1405.0,74.0,2.0,54.0,0,Withdrawn
692933,CCC,2014J,Critical,7.67,176.0,84.0,2.0,11.0,0,Withdrawn
559855,DDD,2013J,Critical,7.67,720.0,75.33,3.0,61.0,0,Withdrawn
508025,CCC,2014B,Critical,7.67,544.0,64.86,7.0,33.0,0,Withdrawn
597853,BBB,2014J,Critical,7.67,185.0,86.5,2.0,14.0,0,Withdrawn
618583,DDD,2014B,Critical,7.67,0.0,86.0,4.0,0.0,0,Withdrawn
527242,DDD,2014B,Critical,7.67,1226.0,60.67,3.0,112.0,0,Withdrawn
594956,FFF,2013J,Critical,7.67,2233.0,65.25,8.0,83.0,0,Withdrawn
641817,EEE,2014J,Critical,7.67,243.0,87.0,1.0,23.0,0,Withdrawn
539262,DDD,2013B,Critical,7.67,564.0,73.25,4.0,60.0,0,Withdrawn
682019,FFF,2014J,Critical,7.67,777.0,66.0,7.0,22.0,0,Withdrawn
2375627,DDD,2013B,Critical,7.67,0.0,79.0,7.0,0.0,0,Withdrawn
1413989,BBB,2013B,Critical,7.67,189.0,79.0,4.0,16.0,2,Withdrawn
654738,FFF,2014J,Critical,7.67,222.0,78.0,1.0,7.0,0,Withdrawn
519116,DDD,2014J,Critical,7.67,198.0,73.67,3.0,20.0,0,Withdrawn
2687045,FFF,2013B,Critical,7.67,2871.0,60.33,6.0,80.0,0,Withdrawn
691428,DDD,2014J,Critical,7.67,309.0,80.0,2.0,30.0,0,Withdrawn
33600,FFF,2013J,Critical,7.67,481.0,84.0,1.0,21.0,0,Withdrawn
600816,EEE,2013J,Critical,7.67,387.0,77.0,1.0,8.0,0,Withdrawn
614471,DDD,2014J,Critical,7.67,162.0,71.11,9.0,36.0,1,Withdrawn
675750,BBB,2014J,Critical,7.67,192.0,81.0,2.0,28.0,0,Withdrawn
654882,DDD,2014J,Critical,7.67,946.0,66.25,4.0,75.0,0,Withdrawn
630200,CCC,2014B,Critical,7.67,217.0,48.37,19.0,21.0,0,Withdrawn
488136,FFF,2013J,Critical,7.66,208.0,77.0,4.0,18.0,1,Withdrawn
330966,CCC,2014J,Critical,7.66,224.0,70.5,4.0,23.0,0,Withdrawn
498582,DDD,2014B,Critical,7.66,346.0,72.67,3.0,36.0,0,Withdrawn
1638548,CCC,2014J,Critical,7.66,9.0,86.33,3.0,3.0,1,Withdrawn
599960,BBB,2013J,Critical,7.66,56.0,90.67,3.0,5.0,0,Withdrawn
2082318,BBB,2013J,Critical,7.66,0.0,79.1,10.0,0.0,1,Withdrawn
634489,DDD,2014J,Critical,7.66,565.0,75.0,4.0,55.0,0,Withdrawn
2256134,FFF,2014J,Critical,7.66,1249.0,76.5,4.0,51.0,0,Withdrawn
636443,CCC,2014J,Critical,7.66,137.0,79.0,4.0,3.0,0,Withdrawn
604825,CCC,2014J,Critical,7.66,235.0,75.5,2.0,13.0,0,Withdrawn
626403,FFF,2014B,Critical,7.66,433.0,84.0,1.0,26.0,0,Withdrawn
696501,DDD,2014J,Critical,7.66,103.0,80.0,4.0,18.0,0,Withdrawn
608504,CCC,2014B,Critical,7.66,1181.0,65.22,9.0,36.0,0,Withdrawn
554588,DDD,2013B,Critical,7.66,1543.0,53.07,14.0,58.0,0,Withdrawn
539891,BBB,2013B,Critical,7.66,135.0,86.5,2.0,9.0,0,Withdrawn
598478,CCC,2014J,Critical,7.66,733.0,80.0,3.0,23.0,0,Withdrawn
263524,DDD,2013B,Critical,7.66,952.0,54.33,12.0,46.0,0,Withdrawn
590920,DDD,2013J,Critical,7.66,1326.0,52.5,12.0,89.0,0,Withdrawn
159954,AAA,2013J,Critical,7.66,1185.0,68.2,5.0,66.0,0,Withdrawn
602703,CCC,2014B,Critical,7.66,436.0,70.14,7.0,28.0,0,Withdrawn
534203,CCC,2014J,Critical,7.66,530.0,68.77,13.0,17.0,0,Withdrawn
1100639,CCC,2014B,Critical,7.66,690.0,69.67,3.0,60.0,0,Withdrawn
409698,BBB,2013J,Critical,7.66,159.0,89.0,2.0,24.0,0,Withdrawn
588013,DDD,2013J,Critical,7.66,390.0,75.0,1.0,20.0,0,Withdrawn
578854,BBB,2013J,Critical,7.66,323.0,80.67,3.0,14.0,0,Withdrawn
634254,FFF,2014B,Critical,7.66,1974.0,66.0,2.0,76.0,0,Withdrawn
2301111,BBB,2013B,Critical,7.66,60.0,91.0,1.0,5.0,1,Withdrawn
647391,CCC,2014J,Critical,7.66,0.0,75.58,12.0,0.0,0,Withdrawn
344474,DDD,2013B,Critical,7.66,742.0,56.83,12.0,48.0,0,Withdrawn
202138,DDD,2014J,Critical,7.66,348.0,75.75,4.0,36.0,0,Withdrawn
402200,FFF,2014B,Critical,7.66,2260.0,76.0,2.0,59.0,0,Withdrawn
596988,BBB,2013J,Critical,7.66,0.0,84.8,5.0,0.0,0,Withdrawn
695748,FFF,2014J,Critical,7.66,1204.0,84.0,2.0,49.0,0,Withdrawn
596855,CCC,2014J,Critical,7.66,4.0,85.0,1.0,3.0,0,Withdrawn
686191,BBB,2014J,Critical,7.66,365.0,80.0,2.0,32.0,0,Withdrawn
466807,FFF,2014J,Critical,7.66,268.0,73.6,5.0,16.0,1,Withdrawn
567059,BBB,2013J,Critical,7.66,12.0,72.44,9.0,1.0,0,Withdrawn
635079,FFF,2014B,Critical,7.66,264.0,86.0,1.0,15.0,0,Withdrawn
587654,FFF,2014J,Critical,7.66,920.0,75.0,2.0,21.0,0,Withdrawn
572071,FFF,2013J,Critical,7.66,411.0,75.0,4.0,16.0,0,Withdrawn
592815,BBB,2014J,Critical,7.66,0.0,84.44,9.0,0.0,1,Withdrawn
2569090,CCC,2014B,Critical,7.66,424.0,70.0,3.0,31.0,0,Withdrawn
553404,FFF,2013B,Critical,7.66,174.0,90.0,1.0,12.0,0,Withdrawn
606930,CCC,2014B,Critical,7.66,58.0,72.0,5.0,7.0,0,Withdrawn
475163,CCC,2014J,Critical,7.66,1307.0,75.0,4.0,40.0,0,Withdrawn
627168,CCC,2014B,Critical,7.66,321.0,78.0,3.0,15.0,0,Withdrawn
557481,FFF,2013J,Critical,7.66,1995.0,68.67,3.0,47.0,0,Withdrawn
627636,CCC,2014B,Critical,7.66,392.0,72.5,4.0,13.0,0,Withdrawn
574815,FFF,2014B,Critical,7.66,346.0,68.5,8.0,13.0,1,Withdrawn
572589,FFF,2013J,Critical,7.66,766.0,68.14,7.0,45.0,0,Withdrawn
689808,BBB,2014J,Critical,7.65,49.0,85.0,2.0,13.0,0,Withdrawn
418971,CCC,2014B,Critical,7.65,520.0,72.5,6.0,35.0,0,Withdrawn
571963,EEE,2013J,Critical,7.65,7.0,85.0,4.0,2.0,0,Withdrawn
632700,CCC,2014J,Critical,7.65,198.0,84.17,6.0,12.0,0,Withdrawn
547506,CCC,2014J,Critical,7.65,224.0,71.08,13.0,16.0,0,Withdrawn
363738,FFF,2013J,Critical,7.65,372.0,73.33,3.0,21.0,0,Withdrawn
549113,CCC,2014J,Critical,7.65,174.0,72.56,9.0,10.0,0,Withdrawn
600898,EEE,2014J,Critical,7.65,502.0,83.0,1.0,30.0,0,Withdrawn
596326,EEE,2014J,Critical,7.65,1198.0,71.0,2.0,73.0,0,Withdrawn
601956,CCC,2014J,Critical,7.65,685.0,53.2,15.0,56.0,0,Withdrawn
614068,BBB,2013J,Critical,7.65,429.0,73.33,6.0,38.0,0,Withdrawn
606127,CCC,2014B,Critical,7.65,351.0,81.67,3.0,14.0,0,Withdrawn
586921,CCC,2014J,Critical,7.65,291.0,68.75,8.0,24.0,1,Withdrawn
2411778,AAA,2013J,Critical,7.65,1497.0,80.0,2.0,42.0,0,Withdrawn
627638,DDD,2014B,Critical,7.65,1040.0,68.0,4.0,64.0,0,Withdrawn
359460,EEE,2014B,Critical,7.65,580.0,79.0,1.0,29.0,0,Withdrawn
342483,DDD,2013J,Critical,7.65,771.0,77.67,3.0,73.0,0,Withdrawn
336936,DDD,2014B,Critical,7.65,375.0,83.0,1.0,26.0,0,Withdrawn
578634,CCC,2014J,Critical,7.65,24.0,82.5,4.0,6.0,0,Withdrawn
696692,BBB,2014J,Critical,7.65,207.0,80.0,2.0,19.0,0,Withdrawn
697653,BBB,2014J,Critical,7.65,1270.0,67.5,4.0,47.0,0,Withdrawn
426316,CCC,2014J,Critical,7.65,50.0,83.0,4.0,5.0,0,Withdrawn
682031,DDD,2014J,Critical,7.65,1983.0,56.8,5.0,135.0,0,Withdrawn
604614,FFF,2014B,Critical,7.65,0.0,70.92,12.0,0.0,0,Withdrawn
541171,BBB,2013J,Critical,7.65,339.0,62.67,9.0,43.0,0,Withdrawn
554365,FFF,2013B,Critical,7.65,810.0,72.0,5.0,34.0,0,Withdrawn
468792,BBB,2013B,Critical,7.65,251.0,85.33,3.0,13.0,0,Withdrawn
531047,CCC,2014B,Critical,7.65,366.0,52.0,15.0,26.0,0,Withdrawn
541202,DDD,2013B,Critical,7.65,268.0,74.0,4.0,25.0,0,Withdrawn
554930,BBB,2013B,Critical,7.65,603.0,63.0,7.0,57.0,0,Withdrawn
634420,CCC,2014J,Critical,7.65,714.0,64.11,9.0,54.0,0,Withdrawn
677382,CCC,2014J,Critical,7.65,0.0,69.5,12.0,0.0,0,Withdrawn
532267,DDD,2013B,Critical,7.65,854.0,62.33,6.0,97.0,1,Withdrawn
578623,EEE,2013J,Critical,7.65,448.0,78.5,2.0,26.0,0,Withdrawn
544930,FFF,2013B,Critical,7.65,322.0,77.67,5.0,15.0,0,Withdrawn
627840,FFF,2014B,Critical,7.65,1244.0,73.0,2.0,42.0,0,Withdrawn
586946,DDD,2014B,Critical,7.65,137.0,66.75,8.0,16.0,0,Withdrawn
85874,FFF,2014B,Critical,7.65,1853.0,74.0,4.0,37.0,0,Withdrawn
2232976,BBB,2014J,Critical,7.65,450.0,77.33,3.0,36.0,0,Withdrawn
2425726,BBB,2013B,Critical,7.65,659.0,81.0,2.0,39.0,0,Withdrawn
34068,CCC,2014J,Critical,7.65,613.0,73.33,3.0,55.0,0,Withdrawn
203707,CCC,2014B,Critical,7.65,56.0,69.25,12.0,10.0,0,Withdrawn
504834,FFF,2013J,Critical,7.65,2847.0,73.67,3.0,48.0,0,Withdrawn
123957,DDD,2013J,Critical,7.65,609.0,61.86,7.0,57.0,0,Withdrawn
592437,CCC,2014B,Critical,7.65,0.0,78.67,3.0,0.0,0,Withdrawn
654295,EEE,2014J,Critical,7.65,35.0,81.4,5.0,3.0,0,Withdrawn
678367,BBB,2014J,Critical,7.65,749.0,73.33,3.0,30.0,0,Withdrawn
572302,BBB,2013J,Critical,7.65,307.0,75.0,6.0,33.0,0,Withdrawn
627751,FFF,2014B,Critical,7.65,1122.0,74.0,2.0,49.0,0,Withdrawn
2107747,FFF,2014J,Critical,7.65,1592.0,74.25,4.0,43.0,0,Withdrawn
565883,CCC,2014J,Critical,7.65,829.0,70.67,9.0,24.0,1,Withdrawn
1531649,DDD,2014B,Critical,7.65,755.0,78.0,1.0,42.0,0,Withdrawn
470534,EEE,2013J,Critical,7.65,537.0,82.5,2.0,45.0,0,Withdrawn
528270,FFF,2013B,Critical,7.65,2058.0,66.67,3.0,71.0,0,Withdrawn
633238,CCC,2014J,Critical,7.65,159.0,57.64,14.0,19.0,0,Withdrawn
383180,AAA,2014J,Critical,7.65,657.0,72.0,3.0,45.0,0,Withdrawn
2691780,DDD,2013J,Critical,7.65,15.0,74.67,6.0,3.0,1,Withdrawn
597532,BBB,2014J,Critical,7.65,0.0,74.56,9.0,0.0,1,Withdrawn
1686551,AAA,2014J,Critical,7.64,647.0,80.0,1.0,53.0,0,Withdrawn
588460,CCC,2014B,Critical,7.64,535.0,63.12,8.0,57.0,0,Withdrawn
289397,CCC,2014B,Critical,7.64,41.0,81.67,3.0,4.0,0,Withdrawn
510070,CCC,2014B,Critical,7.64,1098.0,73.6,5.0,47.0,0,Withdrawn
500719,BBB,2013B,Critical,7.64,1107.0,77.0,3.0,61.0,0,Withdrawn
350398,DDD,2013B,Critical,7.64,710.0,71.0,6.0,44.0,1,Withdrawn
569049,CCC,2014J,Critical,7.64,152.0,89.0,1.0,10.0,0,Withdrawn
335553,CCC,2014B,Critical,7.64,558.0,81.67,3.0,33.0,0,Withdrawn
577142,FFF,2014B,Critical,7.64,1024.0,77.0,3.0,47.0,0,Withdrawn
539872,DDD,2013J,Critical,7.64,297.0,79.67,3.0,22.0,0,Withdrawn
647217,EEE,2014J,Critical,7.64,199.0,89.0,1.0,12.0,0,Withdrawn
597363,CCC,2014B,Critical,7.64,108.0,81.5,4.0,14.0,0,Withdrawn
630073,CCC,2014J,Critical,7.64,478.0,72.4,10.0,38.0,0,Withdrawn
1848820,CCC,2014B,Critical,7.64,653.0,66.33,6.0,42.0,0,Withdrawn
628565,CCC,2014B,Critical,7.64,1096.0,68.5,4.0,62.0,0,Withdrawn
627168,EEE,2014B,Critical,7.64,471.0,78.0,3.0,18.0,0,Withdrawn
558404,FFF,2013B,Critical,7.64,187.0,86.67,3.0,17.0,0,Withdrawn
625903,FFF,2014B,Critical,7.64,0.0,80.71,7.0,0.0,0,Withdrawn
610830,DDD,2013J,Critical,7.64,252.0,80.0,1.0,12.0,0,Withdrawn
359657,CCC,2014J,Critical,7.64,222.0,87.5,2.0,18.0,0,Withdrawn
640706,BBB,2014J,Critical,7.64,80.0,82.67,3.0,8.0,0,Withdrawn
612381,CCC,2014B,Critical,7.64,576.0,84.0,1.0,30.0,0,Withdrawn
572281,DDD,2013J,Critical,7.64,241.0,75.57,7.0,14.0,0,Withdrawn
574606,GGG,2013J,Critical,7.64,208.0,86.0,4.0,20.0,0,Withdrawn
601021,CCC,2014B,Critical,7.64,178.0,68.38,13.0,15.0,0,Withdrawn
503663,BBB,2014J,Critical,7.64,160.0,71.38,8.0,8.0,0,Withdrawn
600814,CCC,2014B,Critical,7.64,217.0,68.58,12.0,13.0,0,Withdrawn
615148,BBB,2013J,Critical,7.64,91.0,77.4,5.0,7.0,0,Withdrawn
572179,FFF,2013J,Critical,7.64,202.0,86.0,1.0,21.0,0,Withdrawn
522650,BBB,2013J,Critical,7.64,42.0,80.0,1.0,7.0,0,Withdrawn
2256318,DDD,2013J,Critical,7.64,6.0,76.17,12.0,3.0,1,Withdrawn
335910,DDD,2013J,Critical,7.64,0.0,78.75,8.0,0.0,0,Withdrawn
626348,DDD,2014B,Critical,7.64,1074.0,53.0,5.0,99.0,0,Withdrawn
564821,FFF,2013J,Critical,7.64,1897.0,72.5,6.0,73.0,0,Withdrawn
624673,BBB,2014B,Critical,7.64,128.0,80.25,4.0,21.0,0,Withdrawn
506618,EEE,2014J,Critical,7.64,206.0,82.67,3.0,18.0,1,Withdrawn
2684417,FFF,2014B,Critical,7.64,134.0,88.0,1.0,9.0,2,Withdrawn
679724,BBB,2014J,Critical,7.64,343.0,81.0,2.0,21.0,0,Withdrawn
582651,CCC,2014J,Critical,7.64,315.0,74.8,5.0,21.0,0,Withdrawn
284395,FFF,2013B,Critical,7.64,0.0,71.58,12.0,0.0,0,Withdrawn
620629,GGG,2014B,Critical,7.64,215.0,67.5,6.0,31.0,0,Withdrawn
603848,FFF,2013J,Critical,7.64,1518.0,56.06,16.0,71.0,0,Withdrawn
444713,DDD,2013B,Critical,7.64,462.0,86.0,2.0,44.0,0,Withdrawn
626768,CCC,2014J,Critical,7.64,991.0,67.17,6.0,63.0,0,Withdrawn
486877,CCC,2014J,Critical,7.64,228.0,72.0,7.0,19.0,0,Withdrawn
690724,CCC,2014J,Critical,7.64,4.0,85.5,4.0,2.0,0,Withdrawn
551052,FFF,2013B,Critical,7.64,305.0,82.0,1.0,14.0,0,Withdrawn
2032058,CCC,2014B,Critical,7.64,833.0,73.67,3.0,34.0,0,Withdrawn
490768,CCC,2014B,Critical,7.63,314.0,75.17,6.0,19.0,0,Withdrawn
589327,CCC,2014B,Critical,7.63,528.0,56.62,13.0,32.0,0,Withdrawn
578550,FFF,2013J,Critical,7.63,1291.0,84.0,1.0,23.0,0,Withdrawn
501339,CCC,2014B,Critical,7.63,192.0,88.0,2.0,19.0,0,Withdrawn
527744,FFF,2014B,Critical,7.63,238.0,90.0,4.0,7.0,2,Withdrawn
200372,CCC,2014B,Critical,7.63,354.0,80.0,5.0,33.0,0,Withdrawn
521703,FFF,2014J,Critical,7.63,574.0,87.5,2.0,19.0,2,Withdrawn
575763,CCC,2014J,Critical,7.63,344.0,75.62,8.0,28.0,0,Withdrawn
619330,BBB,2014B,Critical,7.63,266.0,80.33,3.0,16.0,0,Withdrawn
599742,DDD,2014J,Critical,7.63,0.0,85.0,2.0,0.0,1,Withdrawn
628088,AAA,2014J,Critical,7.63,519.0,80.0,1.0,22.0,0,Withdrawn
572599,CCC,2014J,Critical,7.63,258.0,78.8,5.0,22.0,0,Withdrawn
693812,FFF,2014J,Critical,7.63,313.0,94.0,1.0,13.0,0,Withdrawn
534318,FFF,2014B,Critical,7.63,269.0,89.0,2.0,12.0,0,Withdrawn
618679,CCC,2014B,Critical,7.63,1143.0,73.0,5.0,29.0,0,Withdrawn
565275,EEE,2014B,Critical,7.63,0.0,88.0,4.0,0.0,1,Withdrawn
322960,BBB,2013B,Critical,7.63,396.0,82.33,3.0,37.0,0,Withdrawn
2577480,DDD,2013J,Critical,7.63,703.0,75.5,4.0,49.0,0,Withdrawn
651850,CCC,2014J,Critical,7.63,564.0,58.2,10.0,48.0,0,Withdrawn
586851,FFF,2013J,Critical,7.63,1326.0,80.4,5.0,42.0,0,Withdrawn
698598,EEE,2014J,Critical,7.63,407.0,77.62,8.0,36.0,0,Withdrawn
543021,BBB,2013J,Critical,7.63,172.0,83.0,3.0,14.0,0,Withdrawn
61352,BBB,2014J,Critical,7.63,181.0,100.0,1.0,15.0,2,Withdrawn
632923,FFF,2014B,Critical,7.63,2689.0,69.5,4.0,71.0,0,Withdrawn
185024,DDD,2013J,Critical,7.63,240.0,90.0,2.0,25.0,0,Withdrawn
281656,DDD,2013J,Critical,7.63,0.0,95.0,1.0,0.0,1,Withdrawn
579278,CCC,2014J,Critical,7.63,562.0,58.06,17.0,19.0,0,Withdrawn
442937,EEE,2013J,Critical,7.63,221.0,89.0,1.0,15.0,0,Withdrawn
389853,FFF,2014J,Critical,7.63,559.0,77.0,3.0,48.0,1,Withdrawn
488575,DDD,2014J,Critical,7.63,428.0,77.57,7.0,40.0,1,Withdrawn
609891,FFF,2013J,Critical,7.63,0.0,54.3,20.0,0.0,0,Withdrawn
499404,FFF,2014B,Critical,7.63,0.0,75.17,12.0,0.0,1,Withdrawn
579052,CCC,2014J,Critical,7.63,747.0,69.86,7.0,43.0,0,Withdrawn
395107,BBB,2013B,Critical,7.63,10.0,79.5,4.0,1.0,0,Withdrawn
649555,FFF,2014J,Critical,7.63,424.0,85.0,1.0,18.0,0,Withdrawn
231959,BBB,2013J,Critical,7.63,271.0,73.09,11.0,25.0,1,Withdrawn
647915,FFF,2014J,Critical,7.63,526.0,82.0,1.0,27.0,0,Withdrawn
109782,BBB,2013J,Critical,7.63,154.0,77.2,5.0,22.0,0,Withdrawn
268817,DDD,2013J,Critical,7.63,958.0,76.0,2.0,49.0,0,Withdrawn
624376,FFF,2014B,Critical,7.63,675.0,88.0,2.0,13.0,0,Withdrawn
494389,DDD,2013J,Critical,7.63,256.0,89.0,1.0,9.0,0,Withdrawn
588170,CCC,2014J,Critical,7.63,847.0,76.6,5.0,41.0,0,Withdrawn
55419,FFF,2013J,Critical,7.63,275.0,78.0,2.0,11.0,0,Withdrawn
610778,FFF,2014B,Critical,7.63,980.0,79.0,4.0,45.0,1,Withdrawn
582723,CCC,2014J,Critical,7.63,1383.0,75.5,6.0,19.0,1,Withdrawn
587219,BBB,2013J,Critical,7.63,694.0,76.67,3.0,58.0,0,Withdrawn
623707,CCC,2014B,Critical,7.63,874.0,83.0,2.0,18.0,0,Withdrawn
682364,BBB,2014J,Critical,7.62,98.0,85.0,2.0,10.0,0,Withdrawn
689042,FFF,2014J,Critical,7.62,240.0,89.0,1.0,9.0,0,Withdrawn
341040,BBB,2013B,Critical,7.62,134.0,76.8,5.0,16.0,0,Withdrawn
688904,FFF,2014J,Critical,7.62,2422.0,70.33,3.0,80.0,0,Withdrawn
696501,CCC,2014J,Critical,7.62,599.0,80.0,4.0,19.0,0,Withdrawn
350949,DDD,2013J,Critical,7.62,712.0,74.67,3.0,59.0,0,Withdrawn
284741,CCC,2014J,Critical,7.62,9.0,80.0,3.0,2.0,0,Withdrawn
144959,FFF,2014J,Critical,7.62,452.0,75.0,4.0,29.0,1,Withdrawn
81754,GGG,2014B,Critical,7.62,310.0,84.0,2.0,34.0,1,Withdrawn
650054,FFF,2014J,Critical,7.62,1268.0,76.0,3.0,81.0,0,Withdrawn
607473,FFF,2013J,Critical,7.62,1449.0,82.0,4.0,46.0,0,Withdrawn
553741,CCC,2014B,Critical,7.62,578.0,60.0,13.0,46.0,0,Withdrawn
679207,CCC,2014J,Critical,7.62,10.0,86.5,4.0,2.0,0,Withdrawn
526506,BBB,2013B,Critical,7.62,408.0,80.67,3.0,26.0,1,Withdrawn
544021,FFF,2013J,Critical,7.62,752.0,75.0,8.0,33.0,1,Withdrawn
690962,CCC,2014J,Critical,7.62,199.0,73.83,6.0,24.0,0,Withdrawn
602672,FFF,2013J,Critical,7.62,57.0,81.25,4.0,5.0,0,Withdrawn
609192,CCC,2014B,Critical,7.62,368.0,69.67,6.0,25.0,0,Withdrawn
229326,BBB,2014J,Critical,7.62,607.0,83.0,2.0,26.0,0,Withdrawn
695676,FFF,2014J,Critical,7.62,395.0,86.0,1.0,13.0,0,Withdrawn
1588621,FFF,2014J,Critical,7.62,131.0,84.75,8.0,23.0,1,Withdrawn
602150,EEE,2014J,Critical,7.62,63.0,98.0,2.0,3.0,2,Withdrawn
654228,FFF,2014J,Critical,7.62,618.0,75.0,2.0,30.0,0,Withdrawn
502361,FFF,2013B,Critical,7.62,0.0,67.5,12.0,0.0,0,Withdrawn
543155,FFF,2013B,Critical,7.62,1115.0,81.5,2.0,36.0,0,Withdrawn
590590,GGG,2013J,Critical,7.62,351.0,85.0,2.0,26.0,0,Withdrawn
550867,BBB,2013B,Critical,7.62,450.0,67.4,5.0,45.0,0,Withdrawn
625902,DDD,2014B,Critical,7.62,183.0,83.0,1.0,22.0,0,Withdrawn
586716,CCC,2014B,Critical,7.62,635.0,68.33,6.0,23.0,0,Withdrawn
2523751,FFF,2013J,Critical,7.62,701.0,75.0,3.0,25.0,0,Withdrawn
498793,DDD,2014B,Critical,7.62,1472.0,62.75,4.0,116.0,1,Withdrawn
596601,FFF,2013J,Critical,7.62,0.0,65.83,12.0,0.0,0,Withdrawn
618265,BBB,2014B,Critical,7.62,21.0,85.0,1.0,3.0,0,Withdrawn
361282,DDD,2013B,Critical,7.62,754.0,68.56,9.0,30.0,0,Withdrawn
632181,BBB,2014B,Critical,7.62,245.0,80.0,1.0,23.0,0,Withdrawn
533198,FFF,2013B,Critical,7.62,1642.0,63.67,6.0,80.0,0,Withdrawn
691353,BBB,2014J,Critical,7.62,775.0,81.0,2.0,43.0,0,Withdrawn
677327,FFF,2014J,Critical,7.62,560.0,76.67,3.0,18.0,0,Withdrawn
2419081,FFF,2014B,Critical,7.61,574.0,84.0,1.0,15.0,0,Withdrawn
643416,CCC,2014J,Critical,7.61,3.0,87.0,4.0,2.0,0,Withdrawn
623757,EEE,2014J,Critical,7.61,315.0,88.0,1.0,12.0,0,Withdrawn
415812,DDD,2013B,Critical,7.61,342.0,68.0,6.0,29.0,0,Withdrawn
594199,CCC,2014B,Critical,7.61,740.0,79.2,5.0,30.0,0,Withdrawn
348547,DDD,2013J,Critical,7.61,369.0,81.0,2.0,45.0,0,Withdrawn
54810,DDD,2014B,Critical,7.61,260.0,71.89,9.0,24.0,0,Withdrawn
132626,BBB,2013J,Critical,7.61,480.0,72.43,7.0,54.0,0,Withdrawn
2394352,GGG,2013J,Critical,7.61,219.0,85.0,2.0,16.0,0,Withdrawn
2386867,BBB,2014J,Critical,7.61,147.0,90.0,2.0,11.0,1,Withdrawn
548969,FFF,2013B,Critical,7.61,623.0,74.0,2.0,40.0,0,Withdrawn
522538,DDD,2013J,Critical,7.61,85.0,78.71,7.0,21.0,1,Withdrawn
597252,EEE,2014J,Critical,7.61,650.0,79.0,1.0,32.0,0,Withdrawn
189442,DDD,2014B,Critical,7.61,1633.0,67.25,4.0,103.0,0,Withdrawn
491011,FFF,2013B,Critical,7.61,0.0,73.17,12.0,0.0,0,Withdrawn
698598,CCC,2014J,Critical,7.61,390.0,77.62,8.0,43.0,0,Withdrawn
579325,CCC,2014J,Critical,7.61,503.0,81.12,8.0,13.0,0,Withdrawn
528083,CCC,2014B,Critical,7.61,158.0,73.8,5.0,7.0,0,Withdrawn
589894,CCC,2014B,Critical,7.61,291.0,73.2,5.0,18.0,0,Withdrawn
482868,CCC,2014J,Critical,7.61,172.0,74.29,7.0,12.0,0,Withdrawn
527927,FFF,2013B,Critical,7.61,3052.0,72.4,5.0,64.0,1,Withdrawn
643199,CCC,2014J,Critical,7.61,503.0,55.5,12.0,62.0,0,Withdrawn
263150,CCC,2014J,Critical,7.61,151.0,89.0,1.0,11.0,0,Withdrawn
681335,CCC,2014J,Critical,7.61,257.0,86.4,5.0,21.0,0,Withdrawn
643309,EEE,2014J,Critical,7.61,324.0,85.0,2.0,23.0,0,Withdrawn
559067,FFF,2013J,Critical,7.61,401.0,82.67,3.0,38.0,0,Withdrawn
86538,FFF,2013B,Critical,7.61,1569.0,68.67,6.0,51.0,0,Withdrawn
596035,CCC,2014B,Critical,7.61,786.0,68.29,7.0,47.0,0,Withdrawn
596855,EEE,2014J,Critical,7.61,321.0,85.0,1.0,12.0,0,Withdrawn
632618,BBB,2014B,Critical,7.61,526.0,76.6,5.0,45.0,0,Withdrawn
624126,CCC,2014J,Critical,7.61,0.0,82.67,3.0,0.0,1,Withdrawn
604906,CCC,2014B,Critical,7.61,72.0,63.62,13.0,6.0,0,Withdrawn
559912,CCC,2014B,Critical,7.61,175.0,81.25,4.0,12.0,0,Withdrawn
674888,EEE,2014J,Critical,7.61,352.0,86.0,1.0,25.0,0,Withdrawn
675486,FFF,2014J,Critical,7.61,811.0,84.0,1.0,39.0,0,Withdrawn
585433,CCC,2014J,Critical,7.61,0.0,82.25,4.0,0.0,1,Withdrawn
526051,EEE,2013J,Critical,7.61,32.0,87.25,4.0,1.0,0,Withdrawn
536038,FFF,2013B,Critical,7.61,2029.0,78.0,5.0,62.0,0,Withdrawn
2641236,FFF,2013J,Critical,7.61,1380.0,88.0,1.0,45.0,0,Withdrawn
572395,FFF,2014B,Critical,7.61,523.0,76.71,7.0,15.0,0,Withdrawn
2678993,FFF,2013J,Critical,7.61,1343.0,80.0,2.0,45.0,0,Withdrawn
612449,CCC,2014J,Critical,7.61,471.0,74.4,5.0,28.0,0,Withdrawn
536711,FFF,2013J,Critical,7.61,891.0,86.0,1.0,44.0,0,Withdrawn
600094,DDD,2013J,Critical,7.61,451.0,63.1,10.0,32.0,0,Withdrawn
656539,CCC,2014J,Critical,7.61,319.0,82.33,3.0,27.0,0,Withdrawn
649861,EEE,2014J,Critical,7.61,567.0,91.0,1.0,34.0,0,Withdrawn
357942,CCC,2014B,Critical,7.61,1522.0,64.5,4.0,87.0,0,Withdrawn
2318055,AAA,2013J,Critical,7.61,0.0,75.8,5.0,0.0,0,Withdrawn
631513,DDD,2014J,Critical,7.61,35.0,77.2,5.0,11.0,1,Withdrawn
676546,AAA,2014J,Critical,7.61,321.0,74.0,4.0,27.0,0,Withdrawn
623190,CCC,2014B,Critical,7.61,0.0,87.14,7.0,0.0,0,Withdrawn
607733,FFF,2014J,Critical,7.61,449.0,84.0,1.0,20.0,0,Withdrawn
623738,CCC,2014B,Critical,7.6,359.0,84.75,4.0,20.0,0,Withdrawn
618903,FFF,2014B,Critical,7.6,469.0,90.0,1.0,16.0,0,Withdrawn
2533609,DDD,2014J,Critical,7.6,277.0,78.4,5.0,29.0,0,Withdrawn
444783,DDD,2014J,Critical,7.6,580.0,75.25,4.0,53.0,0,Withdrawn
605480,EEE,2013J,Critical,7.6,625.0,76.5,2.0,42.0,0,Withdrawn
603861,AAA,2013J,Critical,7.6,955.0,63.0,10.0,68.0,0,Withdrawn
618861,CCC,2014B,Critical,7.6,964.0,80.0,1.0,24.0,0,Withdrawn
389773,FFF,2013B,Critical,7.6,1309.0,80.0,3.0,62.0,1,Withdrawn
441540,FFF,2014J,Critical,7.6,0.0,77.71,7.0,0.0,1,Withdrawn
585208,DDD,2013J,Critical,7.6,1074.0,58.0,4.0,97.0,0,Withdrawn
256680,CCC,2014J,Critical,7.6,282.0,82.5,2.0,18.0,0,Withdrawn
583215,DDD,2013J,Critical,7.6,571.0,76.5,4.0,46.0,0,Withdrawn
590961,EEE,2013J,Critical,7.6,741.0,65.86,7.0,42.0,0,Withdrawn
2465209,BBB,2013J,Critical,7.6,619.0,84.0,1.0,34.0,0,Withdrawn
568609,BBB,2013J,Critical,7.6,87.0,84.6,5.0,18.0,0,Withdrawn
693812,CCC,2014J,Critical,7.6,350.0,94.0,1.0,17.0,0,Withdrawn
341457,FFF,2014J,Critical,7.6,1393.0,81.33,6.0,33.0,0,Withdrawn
677582,FFF,2014J,Critical,7.6,1445.0,77.75,4.0,85.0,0,Withdrawn
2642994,FFF,2013J,Critical,7.6,261.0,90.0,2.0,18.0,2,Withdrawn
2349825,BBB,2013J,Critical,7.6,491.0,79.0,4.0,23.0,0,Withdrawn
86291,BBB,2013B,Critical,7.6,69.0,69.58,12.0,3.0,0,Withdrawn
556354,DDD,2013B,Critical,7.6,917.0,74.5,6.0,50.0,0,Withdrawn
689225,FFF,2014J,Critical,7.6,601.0,82.0,1.0,22.0,0,Withdrawn
340751,FFF,2013J,Critical,7.6,112.0,92.0,1.0,6.0,0,Withdrawn
111959,DDD,2014B,Critical,7.6,431.0,76.0,3.0,40.0,0,Withdrawn
650682,FFF,2014J,Critical,7.6,1121.0,74.83,6.0,49.0,0,Withdrawn
576445,BBB,2014J,Critical,7.6,107.0,75.78,9.0,6.0,0,Withdrawn
583056,FFF,2014B,Critical,7.6,511.0,55.87,15.0,42.0,0,Withdrawn
589469,FFF,2014B,Critical,7.6,396.0,81.0,2.0,20.0,1,Withdrawn
580497,BBB,2013J,Critical,7.6,76.0,90.0,1.0,6.0,0,Withdrawn
447695,CCC,2014J,Critical,7.6,679.0,81.0,2.0,27.0,0,Withdrawn
426768,FFF,2013J,Critical,7.6,1229.0,70.5,4.0,34.0,0,Withdrawn
2507271,FFF,2013B,Critical,7.6,1745.0,73.6,5.0,63.0,0,Withdrawn
2384687,CCC,2014B,Critical,7.6,594.0,82.0,2.0,23.0,0,Withdrawn
688763,EEE,2014J,Critical,7.6,1378.0,78.67,3.0,40.0,0,Withdrawn
517062,FFF,2013B,Critical,7.6,1715.0,66.67,3.0,69.0,0,Withdrawn
594122,FFF,2014B,Critical,7.6,0.0,75.0,12.0,0.0,0,Withdrawn
591318,FFF,2014B,Critical,7.6,1354.0,72.33,3.0,40.0,0,Withdrawn
697299,FFF,2014J,Critical,7.6,203.0,84.0,1.0,14.0,0,Withdrawn
595988,CCC,2014J,Critical,7.6,71.0,79.57,7.0,7.0,0,Withdrawn
687341,FFF,2014J,Critical,7.6,711.0,80.25,4.0,30.0,0,Withdrawn
544649,DDD,2014J,Critical,7.6,1018.0,72.5,4.0,99.0,2,Withdrawn
574508,CCC,2014J,Critical,7.6,416.0,76.0,5.0,11.0,0,Withdrawn
510141,BBB,2013B,Critical,7.6,1373.0,65.67,6.0,35.0,0,Withdrawn
529723,CCC,2014J,Critical,7.6,170.0,68.15,13.0,7.0,0,Withdrawn
587884,EEE,2013J,Critical,7.6,685.0,79.5,2.0,32.0,0,Withdrawn
491486,FFF,2014B,Critical,7.6,787.0,81.33,3.0,32.0,0,Withdrawn
600320,GGG,2013J,Critical,7.6,20.0,74.8,10.0,2.0,0,Withdrawn
621380,CCC,2014J,Critical,7.6,170.0,85.8,5.0,9.0,0,Withdrawn
519116,CCC,2014J,Critical,7.6,715.0,73.67,3.0,32.0,0,Withdrawn
413137,FFF,2013J,Critical,7.6,483.0,88.5,2.0,24.0,0,Withdrawn
549361,DDD,2013B,Critical,7.6,944.0,62.57,7.0,98.0,0,Withdrawn
634701,FFF,2014B,Critical,7.6,349.0,88.0,1.0,19.0,0,Withdrawn
416696,FFF,2013B,Critical,7.6,1217.0,73.5,8.0,45.0,0,Withdrawn
613842,BBB,2014B,Critical,7.59,177.0,78.5,4.0,13.0,0,Withdrawn
513283,DDD,2014J,Critical,7.59,746.0,75.0,5.0,59.0,1,Withdrawn
554266,CCC,2014J,Critical,7.59,419.0,84.0,2.0,18.0,0,Withdrawn
242778,CCC,2014B,Critical,7.59,109.0,58.21,14.0,12.0,0,Withdrawn
631354,BBB,2014B,Critical,7.59,222.0,82.75,4.0,14.0,0,Withdrawn
1638548,CCC,2014B,Critical,7.59,10.0,86.33,3.0,3.0,0,Withdrawn
108949,FFF,2014B,Critical,7.59,452.0,80.5,6.0,34.0,1,Withdrawn
566823,FFF,2013J,Critical,7.59,925.0,76.0,6.0,36.0,0,Withdrawn
634774,FFF,2014B,Critical,7.59,1353.0,70.25,4.0,44.0,0,Withdrawn
2498614,EEE,2014J,Critical,7.59,781.0,84.0,1.0,38.0,0,Withdrawn
470588,AAA,2014J,Critical,7.59,442.0,79.33,3.0,18.0,1,Withdrawn
633913,CCC,2014B,Critical,7.59,249.0,90.0,1.0,6.0,0,Withdrawn
696019,CCC,2014J,Critical,7.59,63.0,90.0,1.0,12.0,0,Withdrawn
132423,FFF,2014J,Critical,7.59,281.0,86.67,3.0,9.0,0,Withdrawn
341361,CCC,2014J,Critical,7.59,238.0,67.08,13.0,18.0,0,Withdrawn
625078,CCC,2014J,Critical,7.59,4.0,92.67,6.0,4.0,1,Withdrawn
649325,FFF,2014J,Critical,7.59,900.0,89.0,3.0,28.0,0,Withdrawn
400599,DDD,2014B,Critical,7.59,1155.0,64.67,3.0,57.0,0,Withdrawn
608638,DDD,2013J,Critical,7.59,335.0,90.5,2.0,32.0,0,Withdrawn
587324,FFF,2013J,Critical,7.59,844.0,78.17,6.0,47.0,0,Withdrawn
678538,CCC,2014J,Critical,7.59,108.0,85.25,4.0,6.0,0,Withdrawn
530852,FFF,2013J,Critical,7.59,40.0,84.67,6.0,11.0,1,Withdrawn
185024,DDD,2014J,Critical,7.59,576.0,90.0,2.0,47.0,1,Withdrawn
632133,CCC,2014B,Critical,7.59,309.0,76.4,5.0,26.0,0,Withdrawn
597378,FFF,2014B,Critical,7.59,1011.0,78.0,1.0,46.0,0,Withdrawn
532440,CCC,2014B,Critical,7.59,94.0,73.22,9.0,6.0,0,Withdrawn
554545,BBB,2013B,Critical,7.59,510.0,79.33,3.0,17.0,0,Withdrawn
626469,CCC,2014B,Critical,7.59,0.0,82.0,2.0,0.0,0,Withdrawn
132423,CCC,2014J,Critical,7.59,121.0,86.67,3.0,9.0,0,Withdrawn
609605,CCC,2014J,Critical,7.59,642.0,69.0,8.0,41.0,1,Withdrawn
1588208,BBB,2013J,Critical,7.59,423.0,79.0,2.0,22.0,0,Withdrawn
130671,CCC,2014J,Critical,7.59,219.0,74.5,6.0,18.0,0,Withdrawn
574735,FFF,2013J,Critical,7.59,3487.0,55.08,12.0,68.0,0,Withdrawn
628677,CCC,2014B,Critical,7.59,0.0,85.5,2.0,0.0,0,Withdrawn
165733,CCC,2014J,Critical,7.59,662.0,53.41,22.0,33.0,1,Withdrawn
2691780,CCC,2014B,Critical,7.59,0.0,74.67,6.0,0.0,0,Withdrawn
513934,CCC,2014B,Critical,7.59,890.0,73.5,2.0,76.0,0,Withdrawn
643309,CCC,2014J,Critical,7.59,385.0,85.0,2.0,25.0,0,Withdrawn
1026777,FFF,2013B,Critical,7.59,552.0,87.0,2.0,15.0,1,Withdrawn
2111666,BBB,2013J,Critical,7.59,422.0,86.0,4.0,28.0,0,Withdrawn
569928,CCC,2014B,Critical,7.59,0.0,74.57,7.0,0.0,0,Withdrawn
596231,FFF,2013J,Critical,7.59,236.0,87.0,2.0,19.0,0,Withdrawn
617525,BBB,2014B,Critical,7.59,0.0,81.4,5.0,0.0,0,Withdrawn
2158048,AAA,2014J,Critical,7.59,851.0,86.0,1.0,22.0,0,Withdrawn
677632,DDD,2014J,Critical,7.59,218.0,85.0,3.0,26.0,0,Withdrawn
587122,CCC,2014J,Critical,7.59,275.0,77.12,8.0,9.0,1,Withdrawn
571025,CCC,2014B,Critical,7.59,1431.0,65.1,10.0,51.0,0,Withdrawn
505561,DDD,2013J,Critical,7.59,711.0,68.86,7.0,47.0,0,Withdrawn
648386,BBB,2014J,Critical,7.59,669.0,84.5,2.0,33.0,0,Withdrawn
546947,BBB,2013B,Critical,7.58,1094.0,79.67,3.0,41.0,0,Withdrawn
481863,DDD,2013J,Critical,7.58,206.0,73.25,8.0,17.0,0,Withdrawn
1766513,DDD,2013B,Critical,7.58,0.0,75.0,7.0,0.0,0,Withdrawn
63112,FFF,2014J,Critical,7.58,501.0,70.86,7.0,22.0,0,Withdrawn
104772,DDD,2013J,Critical,7.58,816.0,65.14,7.0,51.0,0,Withdrawn
598887,FFF,2013J,Critical,7.58,1220.0,70.4,10.0,48.0,0,Withdrawn
549636,CCC,2014B,Critical,7.58,1071.0,75.0,3.0,63.0,0,Withdrawn
597212,GGG,2013J,Critical,7.58,129.0,85.0,3.0,20.0,0,Withdrawn
583255,BBB,2013J,Critical,7.58,226.0,83.0,3.0,18.0,0,Withdrawn
650424,CCC,2014J,Critical,7.58,0.0,79.75,12.0,0.0,0,Withdrawn
574507,CCC,2014J,Critical,7.58,150.0,73.0,6.0,13.0,0,Withdrawn
592950,CCC,2014J,Critical,7.58,509.0,71.5,8.0,22.0,0,Withdrawn
542050,CCC,2014B,Critical,7.58,566.0,69.25,8.0,34.0,0,Withdrawn
108834,CCC,2014B,Critical,7.58,290.0,84.0,3.0,27.0,0,Withdrawn
36385,FFF,2013B,Critical,7.58,1355.0,70.6,5.0,51.0,0,Withdrawn
689042,CCC,2014J,Critical,7.58,343.0,89.0,1.0,13.0,0,Withdrawn
653797,FFF,2014J,Critical,7.58,978.0,81.33,3.0,50.0,0,Withdrawn
2681277,EEE,2014J,Critical,7.58,166.0,94.5,2.0,6.0,1,Withdrawn
598478,FFF,2013J,Critical,7.58,1357.0,80.0,3.0,53.0,0,Withdrawn
542550,FFF,2014J,Critical,7.58,600.0,82.67,11.0,29.0,2,Withdrawn
2485655,CCC,2014J,Critical,7.58,500.0,85.5,4.0,21.0,0,Withdrawn
629014,CCC,2014J,Critical,7.58,0.0,88.75,4.0,0.0,0,Withdrawn
493377,BBB,2013B,Critical,7.58,131.0,78.67,3.0,8.0,0,Withdrawn
290252,FFF,2013B,Critical,7.58,2987.0,77.67,3.0,25.0,0,Withdrawn
599837,DDD,2013J,Critical,7.58,687.0,79.0,7.0,39.0,0,Withdrawn
471434,BBB,2013J,Critical,7.58,564.0,78.75,4.0,28.0,0,Withdrawn
681335,FFF,2014J,Critical,7.58,1000.0,86.4,5.0,25.0,0,Withdrawn
2437051,FFF,2013J,Critical,7.58,724.0,84.0,2.0,26.0,0,Withdrawn
564700,CCC,2014B,Critical,7.58,147.0,77.4,5.0,15.0,0,Withdrawn
2588215,DDD,2014B,Critical,7.58,331.0,78.71,7.0,29.0,1,Withdrawn
600449,BBB,2013J,Critical,7.58,97.0,88.67,3.0,9.0,0,Withdrawn
593206,FFF,2014B,Critical,7.58,505.0,80.67,3.0,49.0,1,Withdrawn
2138146,CCC,2014J,Critical,7.58,51.0,80.0,3.0,2.0,0,Withdrawn
646109,EEE,2014J,Critical,7.58,413.0,93.0,1.0,34.0,0,Withdrawn
684040,FFF,2014J,Critical,7.58,929.0,72.5,4.0,31.0,0,Withdrawn
613791,BBB,2014B,Critical,7.58,361.0,77.8,5.0,33.0,0,Withdrawn
623166,FFF,2014J,Critical,7.58,1598.0,79.0,4.0,45.0,0,Withdrawn
526098,DDD,2014B,Critical,7.58,0.0,92.33,3.0,0.0,1,Withdrawn
2606871,DDD,2013J,Critical,7.58,843.0,63.5,4.0,89.0,0,Withdrawn
607309,BBB,2013J,Critical,7.58,277.0,74.33,3.0,29.0,0,Withdrawn
586921,CCC,2014B,Critical,7.57,336.0,68.75,8.0,23.0,0,Withdrawn
605545,EEE,2013J,Critical,7.57,351.0,80.4,5.0,29.0,0,Withdrawn
550777,BBB,2013B,Critical,7.57,344.0,81.0,1.0,10.0,0,Withdrawn
523589,FFF,2014J,Critical,7.57,795.0,93.0,1.0,13.0,0,Withdrawn
2470694,AAA,2013J,Critical,7.57,2176.0,67.0,2.0,110.0,0,Withdrawn
524996,FFF,2013J,Critical,7.57,431.0,92.0,1.0,23.0,0,Withdrawn
1981053,DDD,2014B,Critical,7.57,57.0,79.86,7.0,14.0,0,Withdrawn
310125,BBB,2013J,Critical,7.57,188.0,87.0,3.0,8.0,0,Withdrawn
552896,BBB,2014B,Critical,7.57,338.0,84.0,3.0,30.0,0,Withdrawn
183287,BBB,2014B,Critical,7.57,162.0,88.5,2.0,10.0,0,Withdrawn
627416,DDD,2014B,Critical,7.57,572.0,74.8,5.0,40.0,0,Withdrawn
312126,FFF,2014J,Critical,7.57,739.0,78.75,4.0,29.0,0,Withdrawn
502517,FFF,2013B,Critical,7.57,0.0,68.33,12.0,0.0,1,Withdrawn
415698,BBB,2013J,Critical,7.57,0.0,80.33,9.0,0.0,1,Withdrawn
447790,BBB,2013B,Critical,7.57,204.0,100.0,1.0,14.0,1,Withdrawn
593206,FFF,2013J,Critical,7.57,311.0,80.67,3.0,33.0,0,Withdrawn
601271,FFF,2013J,Critical,7.57,790.0,58.53,15.0,56.0,0,Withdrawn
687288,FFF,2014J,Critical,7.57,882.0,80.0,2.0,32.0,0,Withdrawn
8462,DDD,2014J,Critical,7.57,10.0,87.0,7.0,1.0,1,Withdrawn
582243,BBB,2013J,Critical,7.57,148.0,80.0,4.0,12.0,0,Withdrawn
333117,BBB,2013J,Critical,7.57,321.0,85.33,3.0,36.0,0,Withdrawn
547629,DDD,2013B,Critical,7.57,1014.0,46.0,15.0,64.0,0,Withdrawn
551182,EEE,2013J,Critical,7.57,65.0,87.5,4.0,11.0,0,Withdrawn
573824,BBB,2014B,Critical,7.57,210.0,87.25,4.0,14.0,0,Withdrawn
144959,FFF,2013J,Critical,7.57,412.0,75.0,4.0,24.0,0,Withdrawn
593441,BBB,2013J,Critical,7.57,301.0,82.67,3.0,21.0,0,Withdrawn
633378,BBB,2014B,Critical,7.57,302.0,84.0,3.0,20.0,0,Withdrawn
598451,BBB,2014B,Critical,7.57,97.0,82.5,2.0,8.0,0,Withdrawn
445136,BBB,2014B,Critical,7.57,75.0,76.0,7.0,6.0,0,Withdrawn
1935487,BBB,2013J,Critical,7.57,159.0,84.5,4.0,14.0,0,Withdrawn
690962,FFF,2014J,Critical,7.57,428.0,73.83,6.0,43.0,0,Withdrawn
2418877,BBB,2013B,Critical,7.57,582.0,84.33,6.0,45.0,1,Withdrawn
610802,BBB,2013J,Critical,7.57,525.0,70.75,8.0,40.0,0,Withdrawn
588125,CCC,2014B,Critical,7.57,371.0,75.4,5.0,25.0,0,Withdrawn
39208,DDD,2014J,Critical,7.57,0.0,77.4,5.0,0.0,0,Withdrawn
648995,FFF,2014J,Critical,7.57,404.0,87.0,2.0,24.0,0,Withdrawn
284741,DDD,2014J,Critical,7.57,171.0,80.0,3.0,14.0,0,Withdrawn
332237,FFF,2014B,Critical,7.57,495.0,76.0,4.0,16.0,0,Withdrawn
593793,GGG,2013J,Critical,7.57,313.0,73.75,4.0,18.0,0,Withdrawn
67986,FFF,2014B,Critical,7.57,660.0,78.5,2.0,32.0,0,Withdrawn
648709,BBB,2014J,Critical,7.57,353.0,87.0,2.0,16.0,0,Withdrawn
2508403,FFF,2013B,Critical,7.57,2289.0,74.0,5.0,53.0,0,Withdrawn
612026,DDD,2014B,Critical,7.57,78.0,84.67,3.0,6.0,0,Withdrawn
690046,CCC,2014J,Critical,7.57,604.0,73.5,6.0,33.0,0,Withdrawn
682226,CCC,2014J,Critical,7.57,197.0,86.5,2.0,14.0,0,Withdrawn
620243,CCC,2014B,Critical,7.56,0.0,67.33,12.0,0.0,0,Withdrawn
612199,EEE,2013J,Critical,7.56,388.0,90.0,1.0,14.0,0,Withdrawn
565275,CCC,2014B,Critical,7.56,0.0,88.0,4.0,0.0,0,Withdrawn
596072,BBB,2014J,Critical,7.56,8.0,100.0,1.0,2.0,0,Withdrawn
575703,CCC,2014B,Critical,7.56,199.0,82.0,4.0,14.0,0,Withdrawn
572339,CCC,2014J,Critical,7.56,371.0,85.0,2.0,23.0,0,Withdrawn
634193,CCC,2014J,Critical,7.56,347.0,85.17,6.0,8.0,0,Withdrawn
534777,DDD,2013B,Critical,7.56,34.0,93.0,1.0,16.0,0,Withdrawn
380515,BBB,2014J,Critical,7.56,21.0,100.0,1.0,2.0,0,Withdrawn
657319,CCC,2014J,Critical,7.56,31.0,82.75,4.0,1.0,0,Withdrawn
565275,EEE,2013J,Critical,7.56,0.0,88.0,4.0,0.0,0,Withdrawn
583775,DDD,2013J,Critical,7.56,743.0,62.0,13.0,43.0,0,Withdrawn
333346,FFF,2013B,Critical,7.56,277.0,84.0,1.0,6.0,0,Withdrawn
630195,DDD,2014B,Critical,7.56,311.0,83.0,2.0,24.0,0,Withdrawn
600350,CCC,2014J,Critical,7.56,176.0,84.0,5.0,13.0,0,Withdrawn
1345808,CCC,2014J,Critical,7.56,1049.0,66.18,11.0,57.0,0,Withdrawn
373280,DDD,2013J,Critical,7.56,811.0,72.29,7.0,55.0,0,Withdrawn
627947,CCC,2014B,Critical,7.56,1304.0,79.75,4.0,39.0,0,Withdrawn
502004,CCC,2014J,Critical,7.56,299.0,67.0,13.0,26.0,0,Withdrawn
2283708,FFF,2014J,Critical,7.56,3223.0,77.0,4.0,51.0,0,Withdrawn
2024838,DDD,2014J,Critical,7.56,278.0,87.5,2.0,17.0,0,Withdrawn
636375,FFF,2014J,Critical,7.56,1276.0,75.25,4.0,47.0,0,Withdrawn
644482,BBB,2014J,Critical,7.56,4.0,100.0,1.0,1.0,0,Withdrawn
2555596,CCC,2014J,Critical,7.56,180.0,79.6,10.0,15.0,1,Withdrawn
565469,FFF,2014B,Critical,7.56,192.0,82.25,4.0,16.0,1,Withdrawn
502531,FFF,2013B,Critical,7.56,1080.0,78.67,3.0,78.0,1,Withdrawn
606344,CCC,2014J,Critical,7.56,591.0,75.8,10.0,15.0,0,Withdrawn
495522,BBB,2014J,Critical,7.56,213.0,85.67,3.0,22.0,0,Withdrawn
479987,CCC,2014J,Critical,7.56,426.0,74.43,7.0,23.0,0,Withdrawn
585963,BBB,2014J,Critical,7.56,541.0,74.5,8.0,45.0,1,Withdrawn
683503,CCC,2014J,Critical,7.56,1432.0,64.6,5.0,60.0,0,Withdrawn
621659,DDD,2014B,Critical,7.56,986.0,54.2,10.0,73.0,0,Withdrawn
493763,BBB,2014J,Critical,7.56,82.0,74.45,11.0,16.0,1,Withdrawn
599341,CCC,2014B,Critical,7.56,0.0,84.8,5.0,0.0,0,Withdrawn
633071,CCC,2014B,Critical,7.56,651.0,75.0,2.0,37.0,0,Withdrawn
649261,DDD,2014J,Critical,7.56,630.0,78.75,4.0,52.0,0,Withdrawn
466807,FFF,2013J,Critical,7.56,550.0,73.6,5.0,24.0,0,Withdrawn
630748,FFF,2014B,Critical,7.56,826.0,83.5,4.0,20.0,0,Withdrawn
354895,BBB,2013B,Critical,7.56,519.0,76.2,5.0,39.0,0,Withdrawn
329455,CCC,2014J,Critical,7.56,311.0,89.0,4.0,7.0,0,Withdrawn
565883,CCC,2014B,Critical,7.56,728.0,70.67,9.0,35.0,0,Withdrawn
571025,EEE,2014B,Critical,7.56,1370.0,65.1,10.0,70.0,0,Withdrawn
579201,BBB,2014J,Critical,7.56,3.0,79.22,9.0,1.0,0,Withdrawn
577149,CCC,2014J,Critical,7.56,238.0,65.77,13.0,13.0,0,Withdrawn
1689639,AAA,2014J,Critical,7.56,1882.0,70.5,2.0,83.0,0,Withdrawn
694361,CCC,2014J,Critical,7.56,4.0,84.75,4.0,1.0,0,Withdrawn
617436,FFF,2014J,Critical,7.55,1514.0,77.5,4.0,69.0,0,Withdrawn
620018,BBB,2014B,Critical,7.55,295.0,85.67,3.0,27.0,0,Withdrawn
591738,CCC,2014B,Critical,7.55,617.0,80.0,1.0,20.0,0,Withdrawn
422280,FFF,2013B,Critical,7.55,1859.0,73.67,3.0,68.0,0,Withdrawn
431268,FFF,2013B,Critical,7.55,1189.0,85.5,2.0,54.0,0,Withdrawn
674323,BBB,2014J,Critical,7.55,61.0,100.0,1.0,4.0,0,Withdrawn
550142,DDD,2013B,Critical,7.55,607.0,57.06,16.0,53.0,0,Withdrawn
500137,FFF,2013J,Critical,7.55,645.0,90.0,1.0,31.0,1,Withdrawn
2477792,DDD,2013J,Critical,7.55,428.0,80.75,4.0,38.0,0,Withdrawn
608983,CCC,2014J,Critical,7.55,42.0,86.29,7.0,3.0,0,Withdrawn
607957,GGG,2013J,Critical,7.55,403.0,71.6,5.0,34.0,0,Withdrawn
621300,CCC,2014B,Critical,7.55,0.0,68.81,16.0,0.0,0,Withdrawn
629424,BBB,2014B,Critical,7.55,1262.0,67.0,5.0,65.0,0,Withdrawn
523831,BBB,2014J,Critical,7.55,783.0,79.5,2.0,20.0,0,Withdrawn
600746,FFF,2013J,Critical,7.55,1213.0,86.0,2.0,37.0,0,Withdrawn
491011,FFF,2013J,Critical,7.55,1844.0,73.17,12.0,16.0,1,Withdrawn
535155,BBB,2013B,Critical,7.55,302.0,83.6,5.0,22.0,0,Withdrawn
596041,BBB,2013J,Critical,7.55,63.0,82.14,7.0,6.0,0,Withdrawn
628717,EEE,2014J,Critical,7.55,564.0,77.57,7.0,36.0,0,Withdrawn
596860,CCC,2014J,Critical,7.55,106.0,74.67,12.0,5.0,0,Withdrawn
598028,CCC,2014J,Critical,7.55,531.0,70.33,6.0,28.0,0,Withdrawn
231320,FFF,2013J,Critical,7.55,788.0,94.0,1.0,34.0,0,Withdrawn
480667,BBB,2013J,Critical,7.55,921.0,71.33,6.0,36.0,0,Withdrawn
384266,BBB,2014J,Critical,7.55,13.0,100.0,1.0,3.0,0,Withdrawn
169297,CCC,2014J,Critical,7.55,400.0,75.0,5.0,25.0,0,Withdrawn
513969,CCC,2014B,Critical,7.55,0.0,79.89,9.0,0.0,0,Withdrawn
598074,CCC,2014B,Critical,7.55,246.0,84.6,5.0,20.0,0,Withdrawn
586957,DDD,2014J,Critical,7.55,4.0,75.67,12.0,1.0,0,Withdrawn
632133,EEE,2014B,Critical,7.55,566.0,76.4,5.0,35.0,0,Withdrawn
612860,CCC,2014B,Critical,7.55,0.0,78.0,9.0,0.0,0,Withdrawn
485853,BBB,2014J,Critical,7.55,32.0,100.0,1.0,4.0,1,Withdrawn
608864,FFF,2013J,Critical,7.55,361.0,77.75,4.0,14.0,0,Withdrawn
695340,CCC,2014J,Critical,7.55,238.0,81.5,2.0,8.0,0,Withdrawn
504300,FFF,2013J,Critical,7.55,889.0,85.5,2.0,33.0,0,Withdrawn
626625,CCC,2014B,Critical,7.55,0.0,83.33,6.0,0.0,0,Withdrawn
511612,CCC,2014J,Critical,7.55,578.0,79.0,3.0,29.0,0,Withdrawn
689493,BBB,2014J,Critical,7.55,534.0,82.67,3.0,21.0,0,Withdrawn
627367,DDD,2014J,Critical,7.55,55.0,79.57,7.0,12.0,1,Withdrawn
342125,FFF,2013B,Critical,7.55,598.0,67.23,13.0,31.0,0,Withdrawn
513881,BBB,2013B,Critical,7.55,676.0,69.33,9.0,45.0,0,Withdrawn
505131,FFF,2014B,Critical,7.55,943.0,68.5,6.0,54.0,0,Withdrawn
536681,FFF,2013B,Critical,7.55,2001.0,74.25,4.0,76.0,0,Withdrawn
653633,BBB,2014J,Critical,7.55,1230.0,72.67,3.0,47.0,0,Withdrawn
686703,BBB,2014J,Critical,7.55,15.0,100.0,1.0,3.0,0,Withdrawn
288655,BBB,2014J,Critical,7.55,64.0,100.0,1.0,3.0,0,Withdrawn
600869,CCC,2014J,Critical,7.55,154.0,78.75,4.0,6.0,0,Withdrawn
442017,DDD,2014J,Critical,7.55,764.0,68.8,5.0,48.0,0,Withdrawn
632929,CCC,2014J,Critical,7.54,172.0,73.23,13.0,7.0,0,Withdrawn
633157,CCC,2014J,Critical,7.54,0.0,79.0,6.0,0.0,0,Withdrawn
624469,CCC,2014J,Critical,7.54,136.0,81.0,5.0,7.0,0,Withdrawn
618619,CCC,2014B,Critical,7.54,28.0,87.0,1.0,5.0,0,Withdrawn
537654,CCC,2014B,Critical,7.54,1041.0,54.0,15.0,75.0,0,Withdrawn
2642994,FFF,2013B,Critical,7.54,250.0,90.0,2.0,16.0,1,Withdrawn
2626410,BBB,2013B,Critical,7.54,1081.0,62.8,10.0,62.0,0,Withdrawn
689900,DDD,2014J,Critical,7.54,224.0,79.33,3.0,24.0,0,Withdrawn
1767786,DDD,2014B,Critical,7.54,397.0,81.0,1.0,20.0,0,Withdrawn
110820,FFF,2014J,Critical,7.54,1114.0,79.33,3.0,66.0,0,Withdrawn
694212,CCC,2014J,Critical,7.54,709.0,83.75,4.0,29.0,0,Withdrawn
571789,EEE,2014B,Critical,7.54,625.0,81.0,2.0,28.0,0,Withdrawn
546243,FFF,2013B,Critical,7.54,411.0,92.0,1.0,12.0,0,Withdrawn
698205,BBB,2014J,Critical,7.54,160.0,92.5,2.0,6.0,0,Withdrawn
631870,CCC,2014J,Critical,7.54,891.0,81.5,6.0,49.0,0,Withdrawn
303331,BBB,2013J,Critical,7.54,930.0,80.0,5.0,73.0,3,Withdrawn
582694,BBB,2014J,Critical,7.54,392.0,82.33,3.0,21.0,0,Withdrawn
562708,DDD,2014B,Critical,7.54,1450.0,64.4,5.0,96.0,0,Withdrawn
119310,CCC,2014J,Critical,7.54,119.0,74.54,13.0,9.0,0,Withdrawn
2358707,CCC,2014J,Critical,7.54,808.0,60.33,12.0,42.0,1,Withdrawn
548173,DDD,2013B,Critical,7.54,775.0,56.77,13.0,43.0,0,Withdrawn
592939,FFF,2013J,Critical,7.54,0.0,67.21,20.0,0.0,0,Withdrawn
506829,DDD,2013B,Critical,7.54,513.0,61.21,14.0,55.0,1,Withdrawn
290382,CCC,2014B,Critical,7.54,158.0,84.8,5.0,12.0,0,Withdrawn
627026,FFF,2014B,Critical,7.54,1902.0,80.67,3.0,61.0,0,Withdrawn
286262,EEE,2013J,Critical,7.54,349.0,75.2,5.0,18.0,0,Withdrawn
627295,CCC,2014J,Critical,7.54,700.0,75.25,8.0,26.0,0,Withdrawn
1587817,DDD,2013B,Critical,7.54,583.0,70.0,7.0,32.0,0,Withdrawn
551158,CCC,2014J,Critical,7.54,2123.0,78.0,1.0,47.0,0,Withdrawn
617811,BBB,2014J,Critical,7.54,122.0,100.0,1.0,4.0,0,Withdrawn
472616,CCC,2014J,Critical,7.54,8.0,74.86,7.0,3.0,0,Withdrawn
691343,BBB,2014J,Critical,7.54,58.0,100.0,1.0,7.0,0,Withdrawn
621323,BBB,2014B,Critical,7.54,261.0,85.33,3.0,24.0,0,Withdrawn
510401,CCC,2014J,Critical,7.54,59.0,83.0,4.0,7.0,0,Withdrawn
612638,FFF,2014B,Critical,7.54,1893.0,71.5,6.0,66.0,0,Withdrawn
585464,CCC,2014B,Critical,7.54,317.0,77.8,5.0,11.0,0,Withdrawn
430530,BBB,2014J,Critical,7.54,446.0,85.0,2.0,23.0,0,Withdrawn
674965,EEE,2014J,Critical,7.54,0.0,89.0,5.0,0.0,0,Withdrawn
2037479,DDD,2013B,Critical,7.54,1140.0,60.88,8.0,87.0,0,Withdrawn
607896,CCC,2014B,Critical,7.54,0.0,76.58,12.0,0.0,0,Withdrawn
574470,FFF,2013J,Critical,7.54,761.0,79.5,4.0,21.0,0,Withdrawn
645557,EEE,2014J,Critical,7.54,554.0,82.5,2.0,34.0,0,Withdrawn
572495,BBB,2013J,Critical,7.54,427.0,80.75,4.0,38.0,0,Withdrawn
586962,CCC,2014B,Critical,7.54,97.0,81.0,4.0,8.0,0,Withdrawn
2634946,BBB,2014B,Critical,7.54,411.0,78.8,5.0,23.0,0,Withdrawn
683772,FFF,2014J,Critical,7.54,1034.0,81.67,4.0,36.0,0,Withdrawn
567152,CCC,2014J,Critical,7.54,103.0,82.43,7.0,6.0,0,Withdrawn
359657,DDD,2014J,Critical,7.54,547.0,87.5,2.0,38.0,0,Withdrawn
1766303,FFF,2013B,Critical,7.54,1258.0,75.67,3.0,54.0,0,Withdrawn
571233,CCC,2014B,Critical,7.54,757.0,72.83,6.0,39.0,0,Withdrawn
601680,FFF,2014J,Critical,7.54,779.0,87.2,5.0,35.0,0,Withdrawn
628054,FFF,2014J,Critical,7.54,1236.0,73.0,10.0,18.0,0,Withdrawn
584762,BBB,2013J,Critical,7.54,409.0,85.0,2.0,34.0,0,Withdrawn
470588,AAA,2013J,Critical,7.54,400.0,79.33,3.0,16.0,0,Withdrawn
691577,GGG,2014J,Critical,7.53,384.0,80.0,2.0,43.0,0,Withdrawn
628717,CCC,2014J,Critical,7.53,752.0,77.57,7.0,36.0,0,Withdrawn
39427,DDD,2013J,Critical,7.53,93.0,84.0,1.0,14.0,0,Withdrawn
559469,CCC,2014B,Critical,7.53,85.0,71.38,13.0,13.0,0,Withdrawn
500707,DDD,2013J,Critical,7.53,1561.0,65.14,7.0,76.0,1,Withdrawn
497955,CCC,2014J,Critical,7.53,253.0,82.33,3.0,9.0,0,Withdrawn
1864086,CCC,2014J,Critical,7.53,147.0,65.14,14.0,9.0,0,Withdrawn
618734,BBB,2014J,Critical,7.53,1180.0,77.5,4.0,57.0,0,Withdrawn
2542803,DDD,2014J,Critical,7.53,116.0,79.55,11.0,12.0,1,Withdrawn
604267,BBB,2014B,Critical,7.53,243.0,80.0,3.0,21.0,0,Withdrawn
575927,BBB,2013J,Critical,7.53,106.0,87.0,1.0,15.0,0,Withdrawn
603260,FFF,2013J,Critical,7.53,630.0,80.0,2.0,26.0,0,Withdrawn
333837,BBB,2013B,Critical,7.53,164.0,85.0,1.0,17.0,0,Withdrawn
586281,FFF,2013J,Critical,7.53,3245.0,74.67,3.0,68.0,0,Withdrawn
605091,FFF,2013J,Critical,7.53,1525.0,86.5,2.0,47.0,0,Withdrawn
582184,BBB,2013J,Critical,7.53,289.0,77.5,6.0,33.0,0,Withdrawn
649000,BBB,2014J,Critical,7.53,147.0,100.0,1.0,4.0,0,Withdrawn
2325606,DDD,2013J,Critical,7.53,258.0,88.75,4.0,21.0,1,Withdrawn
1430804,DDD,2013B,Critical,7.53,1253.0,76.5,2.0,39.0,0,Withdrawn
488386,FFF,2013B,Critical,7.53,865.0,70.0,13.0,38.0,0,Withdrawn
537151,FFF,2013B,Critical,7.53,95.0,86.0,1.0,4.0,0,Withdrawn
369378,GGG,2013J,Critical,7.53,354.0,86.5,4.0,22.0,0,Withdrawn
651734,CCC,2014J,Critical,7.53,115.0,95.0,2.0,6.0,0,Withdrawn
581219,FFF,2013J,Critical,7.53,1421.0,66.86,7.0,55.0,0,Withdrawn
2261138,FFF,2013J,Critical,7.53,1358.0,90.0,1.0,39.0,0,Withdrawn
494927,BBB,2013B,Critical,7.53,622.0,86.25,4.0,45.0,1,Withdrawn
538196,BBB,2014B,Critical,7.53,34.0,92.0,4.0,4.0,1,Withdrawn
498363,DDD,2013B,Critical,7.53,451.0,56.12,17.0,57.0,1,Withdrawn
585422,CCC,2014J,Critical,7.53,923.0,70.2,10.0,43.0,0,Withdrawn
690296,FFF,2014J,Critical,7.53,718.0,85.0,2.0,24.0,0,Withdrawn
532396,BBB,2013B,Critical,7.53,317.0,85.0,1.0,22.0,0,Withdrawn
197730,EEE,2013J,Critical,7.53,0.0,83.33,3.0,0.0,0,Withdrawn
467144,CCC,2014J,Critical,7.53,35.0,83.67,3.0,6.0,0,Withdrawn
1442215,DDD,2014J,Critical,7.53,977.0,67.0,4.0,80.0,0,Withdrawn
558029,DDD,2013J,Critical,7.53,49.0,80.29,7.0,3.0,0,Withdrawn
605859,DDD,2013J,Critical,7.53,343.0,72.71,7.0,23.0,0,Withdrawn
654852,FFF,2014J,Critical,7.53,3242.0,77.0,3.0,65.0,0,Withdrawn
2639410,FFF,2013B,Critical,7.53,1749.0,72.33,6.0,96.0,0,Withdrawn
2268049,CCC,2014J,Critical,7.53,273.0,83.0,2.0,16.0,0,Withdrawn
2497189,BBB,2014J,Critical,7.53,23.0,100.0,1.0,1.0,1,Withdrawn
370089,DDD,2014B,Critical,7.53,161.0,79.38,8.0,16.0,0,Withdrawn
248818,CCC,2014J,Critical,7.53,127.0,83.0,5.0,7.0,0,Withdrawn
548573,FFF,2014B,Critical,7.53,505.0,90.0,5.0,22.0,1,Withdrawn
599742,DDD,2013J,Critical,7.53,123.0,85.0,2.0,6.0,0,Withdrawn
351328,CCC,2014B,Critical,7.53,2118.0,77.4,5.0,49.0,0,Withdrawn
347518,CCC,2014B,Critical,7.53,0.0,89.5,4.0,0.0,0,Withdrawn
626349,FFF,2014B,Critical,7.53,764.0,64.4,15.0,40.0,0,Withdrawn
560595,FFF,2014B,Critical,7.53,1102.0,86.0,1.0,21.0,1,Withdrawn
569857,DDD,2013J,Critical,7.53,1531.0,63.2,5.0,115.0,0,Withdrawn
558701,BBB,2013B,Critical,7.53,395.0,85.33,3.0,25.0,0,Withdrawn
502696,FFF,2013J,Critical,7.53,869.0,73.0,8.0,29.0,1,Withdrawn
2525633,FFF,2014B,Critical,7.53,328.0,88.0,2.0,7.0,0,Withdrawn
371184,DDD,2013B,Critical,7.53,486.0,76.0,6.0,57.0,0,Withdrawn
2128283,EEE,2013J,Critical,7.53,0.0,73.67,12.0,0.0,0,Withdrawn
591613,FFF,2013J,Critical,7.53,1546.0,70.0,5.0,67.0,0,Withdrawn
622639,FFF,2014B,Critical,7.53,1419.0,71.0,9.0,66.0,0,Withdrawn
389267,CCC,2014J,Critical,7.53,138.0,89.25,4.0,10.0,0,Withdrawn
570717,CCC,2014J,Critical,7.53,0.0,75.73,11.0,0.0,0,Withdrawn
594376,FFF,2013J,Critical,7.52,825.0,86.0,6.0,40.0,0,Withdrawn
2391984,AAA,2013J,Critical,7.52,818.0,73.0,4.0,44.0,0,Withdrawn
510460,CCC,2014J,Critical,7.52,336.0,87.0,5.0,12.0,0,Withdrawn
681759,EEE,2014J,Critical,7.52,511.0,82.0,2.0,24.0,0,Withdrawn
598308,FFF,2013J,Critical,7.52,508.0,68.92,13.0,28.0,0,Withdrawn
119902,AAA,2014J,Critical,7.52,2590.0,67.0,4.0,81.0,0,Withdrawn
344199,DDD,2013B,Critical,7.52,1793.0,71.33,3.0,62.0,0,Withdrawn
581770,CCC,2014J,Critical,7.52,231.0,72.31,13.0,17.0,0,Withdrawn
528699,DDD,2014B,Critical,7.52,461.0,73.25,4.0,53.0,0,Withdrawn
144908,DDD,2014B,Critical,7.52,342.0,84.0,1.0,30.0,0,Withdrawn
133419,CCC,2014J,Critical,7.52,491.0,89.0,1.0,19.0,0,Withdrawn
650287,FFF,2014J,Critical,7.52,3207.0,79.0,4.0,76.0,0,Withdrawn
2230407,CCC,2014J,Critical,7.52,705.0,76.33,3.0,30.0,0,Withdrawn
548585,BBB,2013B,Critical,7.52,813.0,79.2,5.0,51.0,0,Withdrawn
653846,FFF,2014J,Critical,7.52,666.0,87.5,2.0,33.0,0,Withdrawn
652593,FFF,2014J,Critical,7.52,276.0,86.0,1.0,17.0,0,Withdrawn
676600,FFF,2014J,Critical,7.52,622.0,90.0,1.0,29.0,0,Withdrawn
366936,BBB,2014B,Critical,7.52,737.0,82.2,5.0,22.0,1,Withdrawn
693111,EEE,2014J,Critical,7.52,2.0,90.0,3.0,1.0,0,Withdrawn
359855,DDD,2013J,Critical,7.52,626.0,76.8,5.0,45.0,0,Withdrawn
599161,BBB,2013J,Critical,7.52,0.0,77.88,8.0,0.0,0,Withdrawn
559672,CCC,2014J,Critical,7.52,0.0,75.71,14.0,0.0,0,Withdrawn
583037,DDD,2013J,Critical,7.52,955.0,73.33,3.0,82.0,0,Withdrawn
617343,FFF,2014B,Critical,7.52,833.0,76.0,4.0,50.0,0,Withdrawn
395107,FFF,2013J,Critical,7.52,924.0,79.5,4.0,26.0,0,Withdrawn
629736,BBB,2014B,Critical,7.52,0.0,78.0,9.0,0.0,0,Withdrawn
556408,FFF,2013B,Critical,7.52,192.0,88.0,1.0,16.0,0,Withdrawn
2358707,CCC,2014B,Critical,7.52,429.0,60.33,12.0,38.0,0,Withdrawn
537394,FFF,2013B,Critical,7.52,655.0,84.0,2.0,26.0,0,Withdrawn
294920,FFF,2014J,Critical,7.52,2861.0,83.0,2.0,54.0,0,Withdrawn
476297,BBB,2013B,Critical,7.52,371.0,74.09,11.0,33.0,1,Withdrawn
159596,DDD,2013B,Critical,7.52,571.0,69.57,7.0,43.0,0,Withdrawn
535052,FFF,2013B,Critical,7.52,2025.0,75.0,4.0,68.0,0,Withdrawn
558244,FFF,2013B,Critical,7.52,941.0,79.14,7.0,26.0,0,Withdrawn
597255,BBB,2013J,Critical,7.52,436.0,83.67,6.0,21.0,0,Withdrawn
483666,CCC,2014B,Critical,7.52,42.0,89.5,2.0,4.0,0,Withdrawn
574815,FFF,2013J,Critical,7.52,538.0,68.5,8.0,35.0,0,Withdrawn
633530,EEE,2014B,Critical,7.52,905.0,88.67,3.0,44.0,0,Withdrawn
2502707,DDD,2013B,Critical,7.52,790.0,68.67,9.0,62.0,0,Withdrawn
925553,DDD,2013J,Critical,7.52,125.0,80.8,5.0,12.0,1,Withdrawn
307230,BBB,2013J,Critical,7.52,193.0,85.33,3.0,14.0,0,Withdrawn
652585,BBB,2014J,Critical,7.52,71.0,91.0,2.0,6.0,0,Withdrawn
585149,FFF,2013J,Critical,7.52,570.0,88.33,3.0,15.0,0,Withdrawn
2044299,CCC,2014B,Critical,7.52,895.0,69.0,6.0,45.0,0,Withdrawn
634816,DDD,2014B,Critical,7.52,62.0,87.0,9.0,3.0,0,Withdrawn
426059,DDD,2013B,Critical,7.52,879.0,46.35,20.0,80.0,0,Withdrawn
320153,CCC,2014J,Critical,7.51,0.0,84.0,6.0,0.0,1,Withdrawn
235428,DDD,2013B,Critical,7.51,1139.0,48.29,22.0,56.0,0,Withdrawn
466377,BBB,2014B,Critical,7.51,550.0,88.33,3.0,42.0,0,Withdrawn
1687996,DDD,2014J,Critical,7.51,2473.0,48.11,9.0,102.0,1,Withdrawn
627176,CCC,2014B,Critical,7.51,171.0,81.57,7.0,8.0,0,Withdrawn
656634,CCC,2014J,Critical,7.51,254.0,100.0,1.0,11.0,0,Withdrawn
510914,CCC,2014B,Critical,7.51,788.0,78.33,3.0,50.0,0,Withdrawn
512118,BBB,2014B,Critical,7.51,129.0,88.0,4.0,11.0,0,Withdrawn
488755,CCC,2014J,Critical,7.51,149.0,89.0,1.0,11.0,0,Withdrawn
587122,CCC,2014B,Critical,7.51,378.0,77.12,8.0,7.0,0,Withdrawn
543356,DDD,2014B,Critical,7.51,0.0,78.09,11.0,0.0,0,Withdrawn
622899,FFF,2014J,Critical,7.51,920.0,92.0,2.0,37.0,1,Withdrawn
1536591,BBB,2013B,Critical,7.51,708.0,67.73,11.0,42.0,0,Withdrawn
2139353,AAA,2013J,Critical,7.51,1262.0,66.5,8.0,82.0,0,Withdrawn
406254,CCC,2014J,Critical,7.51,0.0,77.92,12.0,0.0,0,Withdrawn
573646,DDD,2013J,Critical,7.51,950.0,76.29,7.0,51.0,0,Withdrawn
680145,CCC,2014J,Critical,7.51,389.0,64.35,17.0,22.0,0,Withdrawn
532895,FFF,2013J,Critical,7.51,1033.0,80.75,4.0,42.0,0,Withdrawn
1332514,CCC,2014J,Critical,7.51,1516.0,69.2,5.0,32.0,0,Withdrawn
297179,BBB,2014B,Critical,7.51,828.0,71.25,8.0,26.0,0,Withdrawn
528021,CCC,2014J,Critical,7.51,0.0,84.0,5.0,0.0,1,Withdrawn
2507842,AAA,2014J,Critical,7.51,1204.0,79.0,1.0,35.0,0,Withdrawn
625182,FFF,2014B,Critical,7.51,280.0,94.0,1.0,9.0,0,Withdrawn
544467,CCC,2014B,Critical,7.51,191.0,65.07,15.0,13.0,0,Withdrawn
266744,BBB,2013J,Critical,7.51,350.0,75.11,9.0,39.0,0,Withdrawn
649891,FFF,2014J,Critical,7.51,536.0,81.75,4.0,30.0,0,Withdrawn
585433,CCC,2014B,Critical,7.51,147.0,82.25,4.0,7.0,0,Withdrawn
630168,FFF,2014B,Critical,7.51,1888.0,78.5,4.0,76.0,0,Withdrawn
656073,DDD,2014J,Critical,7.51,295.0,77.2,5.0,33.0,0,Withdrawn
679989,BBB,2014J,Critical,7.51,186.0,92.0,2.0,8.0,0,Withdrawn
360489,BBB,2013B,Critical,7.51,237.0,84.86,7.0,41.0,0,Withdrawn
579340,CCC,2014B,Critical,7.51,286.0,81.6,5.0,18.0,0,Withdrawn
2452111,DDD,2014J,Critical,7.51,461.0,76.0,3.0,50.0,0,Withdrawn
674319,BBB,2014J,Critical,7.51,155.0,100.0,1.0,11.0,0,Withdrawn
321486,FFF,2013J,Critical,7.51,826.0,92.0,2.0,26.0,0,Withdrawn
696803,BBB,2014J,Critical,7.51,798.0,79.33,3.0,33.0,0,Withdrawn
624321,GGG,2014B,Critical,7.51,279.0,85.0,5.0,31.0,0,Withdrawn
695941,BBB,2014J,Critical,7.51,167.0,100.0,1.0,13.0,0,Withdrawn
556308,DDD,2013B,Critical,7.51,1329.0,64.64,12.0,86.0,0,Withdrawn
601074,FFF,2013J,Critical,7.51,533.0,82.5,2.0,26.0,0,Withdrawn
560784,CCC,2014B,Critical,7.51,261.0,62.5,14.0,16.0,0,Withdrawn
571128,CCC,2014B,Critical,7.51,267.0,81.0,4.0,11.0,0,Withdrawn
121163,EEE,2014J,Critical,7.51,449.0,90.0,1.0,32.0,0,Withdrawn
629702,DDD,2014B,Critical,7.51,164.0,87.0,1.0,10.0,0,Withdrawn
587374,GGG,2013J,Critical,7.51,319.0,78.75,4.0,17.0,0,Withdrawn
653887,CCC,2014J,Critical,7.51,643.0,72.29,7.0,26.0,0,Withdrawn
628437,DDD,2014B,Critical,7.51,0.0,78.57,7.0,0.0,0,Withdrawn
244919,DDD,2013B,Critical,7.5,998.0,80.88,8.0,82.0,2,Withdrawn
522534,CCC,2014J,Critical,7.5,696.0,83.0,2.0,25.0,0,Withdrawn
602150,CCC,2014B,Critical,7.5,6.0,98.0,2.0,2.0,0,Withdrawn
553568,CCC,2014B,Critical,7.5,0.0,88.0,1.0,0.0,0,Withdrawn
51301,BBB,2013J,Critical,7.5,670.0,93.0,1.0,48.0,2,Withdrawn
556709,CCC,2014B,Critical,7.5,68.0,83.5,4.0,5.0,0,Withdrawn
556692,BBB,2013B,Critical,7.5,493.0,80.0,8.0,31.0,0,Withdrawn
592437,FFF,2013J,Critical,7.5,1333.0,78.67,3.0,32.0,0,Withdrawn
696578,AAA,2014J,Critical,7.5,1667.0,78.33,3.0,40.0,0,Withdrawn
2019837,BBB,2013B,Critical,7.5,431.0,87.0,4.0,33.0,0,Withdrawn
501755,FFF,2013B,Critical,7.5,465.0,67.0,11.0,31.0,0,Withdrawn
551515,BBB,2013J,Critical,7.5,0.0,78.55,11.0,0.0,0,Withdrawn
163067,CCC,2014J,Critical,7.5,68.0,71.57,14.0,10.0,0,Withdrawn
650085,CCC,2014J,Critical,7.5,120.0,82.75,4.0,10.0,0,Withdrawn
2177423,BBB,2014J,Critical,7.5,334.0,100.0,1.0,18.0,3,Withdrawn
505967,CCC,2014J,Critical,7.5,178.0,100.0,1.0,5.0,1,Withdrawn
501945,BBB,2013J,Critical,7.5,407.0,84.0,4.0,31.0,0,Withdrawn
2546445,AAA,2014J,Critical,7.5,2372.0,73.0,1.0,63.0,0,Withdrawn
491926,CCC,2014J,Critical,7.5,528.0,77.62,8.0,29.0,0,Withdrawn
634187,FFF,2014B,Critical,7.5,1064.0,87.33,3.0,32.0,0,Withdrawn
601997,GGG,2013J,Critical,7.5,83.0,89.33,3.0,10.0,0,Withdrawn
652971,CCC,2014J,Critical,7.5,141.0,91.0,4.0,8.0,0,Withdrawn
540801,FFF,2013B,Critical,7.5,758.0,84.0,2.0,29.0,0,Withdrawn
355293,FFF,2013J,Critical,7.5,1229.0,60.72,18.0,54.0,1,Withdrawn
613199,BBB,2013J,Critical,7.5,285.0,75.92,13.0,25.0,0,Withdrawn
598250,BBB,2014B,Critical,7.5,152.0,85.4,5.0,19.0,0,Withdrawn
591746,FFF,2014J,Critical,7.5,1141.0,73.0,4.0,51.0,0,Withdrawn
124728,DDD,2014J,Critical,7.5,1802.0,75.0,2.0,84.0,1,Withdrawn
381428,FFF,2014J,Critical,7.5,1058.0,79.5,4.0,68.0,0,Withdrawn
618619,EEE,2014B,Critical,7.5,416.0,87.0,1.0,7.0,0,Withdrawn
1901764,DDD,2013J,Critical,7.5,458.0,79.5,8.0,25.0,0,Withdrawn
513210,BBB,2013B,Critical,7.5,1160.0,72.7,10.0,39.0,1,Withdrawn
465845,EEE,2013J,Critical,7.5,524.0,92.0,1.0,18.0,0,Withdrawn
477099,DDD,2014J,Critical,7.5,472.0,72.73,11.0,46.0,0,Withdrawn
589517,CCC,2014B,Critical,7.5,0.0,95.0,2.0,0.0,0,Withdrawn
546547,FFF,2013J,Critical,7.5,1384.0,64.88,16.0,36.0,0,Withdrawn
2381745,FFF,2013B,Critical,7.5,2598.0,84.33,3.0,121.0,2,Withdrawn
613162,BBB,2013J,Critical,7.5,23.0,76.17,12.0,4.0,0,Withdrawn
466800,BBB,2013B,Critical,7.5,208.0,67.33,15.0,21.0,1,Withdrawn
584923,EEE,2013J,Critical,7.5,243.0,92.0,1.0,16.0,0,Withdrawn
512861,CCC,2014J,Critical,7.5,0.0,73.5,14.0,0.0,0,Withdrawn
1866233,FFF,2013J,Critical,7.5,616.0,81.0,6.0,37.0,0,Withdrawn
564770,FFF,2013J,Critical,7.5,711.0,81.0,4.0,26.0,0,Withdrawn
695251,FFF,2014J,Critical,7.5,602.0,92.0,1.0,23.0,0,Withdrawn
628476,FFF,2014B,Critical,7.5,803.0,73.11,9.0,50.0,0,Withdrawn
2156733,FFF,2013B,High,7.49,253.0,94.0,1.0,17.0,0,Withdrawn
629400,CCC,2014J,High,7.49,0.0,83.5,4.0,0.0,0,Withdrawn
605468,CCC,2014J,High,7.49,266.0,83.33,3.0,17.0,0,Withdrawn
632107,CCC,2014B,High,7.49,732.0,82.0,2.0,22.0,0,Withdrawn
552025,BBB,2013B,High,7.49,420.0,84.22,9.0,18.0,0,Withdrawn
687154,BBB,2014J,High,7.49,3.0,100.0,1.0,2.0,0,Withdrawn
584325,BBB,2013J,High,7.49,1021.0,68.25,8.0,72.0,0,Withdrawn
600623,EEE,2013J,High,7.49,0.0,95.0,4.0,0.0,0,Withdrawn
389362,DDD,2013B,High,7.49,2042.0,46.71,14.0,97.0,0,Withdrawn
596369,FFF,2013J,High,7.49,470.0,86.25,4.0,30.0,0,Withdrawn
473081,FFF,2013J,High,7.49,938.0,82.67,3.0,51.0,1,Withdrawn
559425,BBB,2013B,High,7.49,302.0,86.67,3.0,36.0,0,Withdrawn
385495,DDD,2013J,High,7.49,730.0,83.6,5.0,29.0,0,Withdrawn
446619,BBB,2014J,High,7.49,21.0,100.0,1.0,3.0,0,Withdrawn
606736,BBB,2013J,High,7.49,118.0,90.0,1.0,9.0,0,Withdrawn
619508,BBB,2014B,High,7.49,296.0,87.0,5.0,26.0,0,Withdrawn
680988,GGG,2014J,High,7.49,169.0,78.0,5.0,13.0,0,Withdrawn
969076,AAA,2013J,High,7.49,1980.0,59.75,4.0,135.0,0,Withdrawn
594395,FFF,2013J,High,7.49,1458.0,77.8,5.0,74.0,0,Withdrawn
188278,AAA,2013J,High,7.49,1434.0,71.67,6.0,49.0,0,Withdrawn
601043,CCC,2014J,High,7.49,466.0,81.17,6.0,36.0,0,Withdrawn
542550,FFF,2013J,High,7.49,731.0,82.67,11.0,34.0,1,Withdrawn
620536,EEE,2014J,High,7.49,791.0,92.0,2.0,48.0,0,Withdrawn
181719,FFF,2014B,High,7.49,700.0,89.0,3.0,19.0,0,Withdrawn
644905,CCC,2014J,High,7.49,287.0,88.0,4.0,18.0,0,Withdrawn
505815,CCC,2014J,High,7.49,9.0,87.5,8.0,3.0,1,Withdrawn
629852,EEE,2014J,High,7.49,805.0,86.5,2.0,53.0,0,Withdrawn
599341,CCC,2014J,High,7.49,792.0,84.8,5.0,24.0,1,Withdrawn
578820,CCC,2014J,High,7.49,727.0,71.75,8.0,33.0,0,Withdrawn
629773,CCC,2014B,High,7.49,124.0,85.0,3.0,22.0,0,Withdrawn
587150,GGG,2013J,High,7.49,742.0,80.0,3.0,44.0,0,Withdrawn
2032882,DDD,2013J,High,7.49,630.0,69.73,11.0,53.0,0,Withdrawn
2395016,FFF,2014J,High,7.49,577.0,81.0,2.0,32.0,0,Withdrawn
645847,CCC,2014J,High,7.49,2.0,90.0,3.0,1.0,0,Withdrawn
442347,FFF,2014J,High,7.49,799.0,85.33,3.0,22.0,1,Withdrawn
591719,EEE,2013J,High,7.49,863.0,86.0,1.0,58.0,0,Withdrawn
350929,CCC,2014J,High,7.49,18.0,85.71,7.0,4.0,0,Withdrawn
1453691,BBB,2014B,High,7.49,350.0,82.5,6.0,19.0,0,Withdrawn
35355,CCC,2014J,High,7.49,1116.0,75.22,9.0,64.0,0,Withdrawn
110529,FFF,2014B,High,7.49,3039.0,67.25,4.0,107.0,0,Withdrawn
464924,CCC,2014J,High,7.49,0.0,83.14,7.0,0.0,0,Withdrawn
590764,BBB,2014J,High,7.49,93.0,72.89,9.0,5.0,0,Withdrawn
576262,BBB,2014J,High,7.49,150.0,85.0,3.0,6.0,0,Withdrawn
487271,FFF,2013B,High,7.49,291.0,90.0,3.0,31.0,1,Withdrawn
575553,CCC,2014J,High,7.49,405.0,79.0,4.0,18.0,0,Withdrawn
594164,DDD,2013J,High,7.49,5217.0,34.67,6.0,219.0,0,Withdrawn
602150,EEE,2014B,High,7.49,449.0,98.0,2.0,16.0,1,Withdrawn
585724,FFF,2013J,High,7.49,1679.0,75.4,10.0,61.0,0,Withdrawn
603061,BBB,2014B,High,7.49,114.0,87.25,4.0,12.0,0,Withdrawn
2080916,CCC,2014B,High,7.49,1.0,95.0,2.0,1.0,0,Withdrawn
577652,DDD,2013J,High,7.49,838.0,55.15,13.0,77.0,0,Withdrawn
555786,FFF,2013B,High,7.49,690.0,67.62,8.0,50.0,0,Withdrawn
592602,BBB,2014B,High,7.49,189.0,82.33,3.0,19.0,0,Withdrawn
483666,CCC,2014J,High,7.49,462.0,89.5,2.0,27.0,1,Withdrawn
447036,FFF,2013B,High,7.49,912.0,87.0,2.0,47.0,2,Withdrawn
349359,FFF,2013B,High,7.49,1003.0,83.0,4.0,48.0,0,Withdrawn
619974,FFF,2014B,High,7.49,3533.0,77.25,4.0,87.0,0,Withdrawn
308703,BBB,2013J,High,7.49,319.0,82.75,5.0,21.0,0,Withdrawn
601652,DDD,2014B,High,7.49,502.0,83.5,2.0,37.0,0,Withdrawn
339946,BBB,2013B,High,7.49,336.0,89.33,6.0,24.0,0,Withdrawn
602792,FFF,2013J,High,7.49,1203.0,85.0,3.0,40.0,0,Withdrawn
549513,FFF,2013B,High,7.49,1266.0,87.5,4.0,34.0,0,Withdrawn
277880,AAA,2013J,High,7.48,2016.0,67.67,6.0,78.0,0,Withdrawn
595978,FFF,2013J,High,7.48,580.0,62.5,12.0,40.0,0,Withdrawn
33666,BBB,2013B,High,7.48,1208.0,78.67,4.0,66.0,1,Withdrawn
560410,FFF,2013B,High,7.48,424.0,70.8,15.0,19.0,0,Withdrawn
559449,FFF,2013B,High,7.48,768.0,86.0,4.0,35.0,0,Withdrawn
592949,BBB,2013J,High,7.48,178.0,81.38,8.0,17.0,0,Withdrawn
420834,FFF,2014J,High,7.48,1283.0,88.0,1.0,36.0,0,Withdrawn
674748,BBB,2014J,High,7.48,304.0,100.0,1.0,15.0,0,Withdrawn
582373,DDD,2013J,High,7.48,864.0,74.0,5.0,60.0,0,Withdrawn
650927,CCC,2014J,High,7.48,15.0,90.0,4.0,3.0,0,Withdrawn
467381,CCC,2014J,High,7.48,375.0,100.0,1.0,16.0,0,Withdrawn
574056,CCC,2014J,High,7.48,25.0,68.75,12.0,6.0,0,Withdrawn
548926,CCC,2014B,High,7.48,0.0,58.55,20.0,0.0,0,Withdrawn
627071,DDD,2014B,High,7.48,1036.0,77.25,4.0,81.0,0,Withdrawn
629040,BBB,2014B,High,7.48,367.0,81.0,3.0,22.0,0,Withdrawn
691028,BBB,2014J,High,7.48,277.0,100.0,1.0,19.0,0,Withdrawn
2068918,FFF,2013B,High,7.48,903.0,82.0,2.0,37.0,0,Withdrawn
596620,DDD,2014J,High,7.48,141.0,85.55,11.0,22.0,2,Withdrawn
69346,FFF,2013J,High,7.48,1458.0,87.67,3.0,32.0,0,Withdrawn
624967,FFF,2014B,High,7.48,1721.0,83.5,4.0,41.0,0,Withdrawn
566553,DDD,2013J,High,7.48,253.0,84.25,4.0,11.0,0,Withdrawn
682946,FFF,2014J,High,7.48,208.0,96.0,1.0,7.0,0,Withdrawn
606425,FFF,2013J,High,7.48,1367.0,88.0,1.0,45.0,0,Withdrawn
535463,DDD,2013B,High,7.48,1087.0,72.12,8.0,67.0,0,Withdrawn
627808,FFF,2014B,High,7.48,1188.0,92.0,1.0,43.0,0,Withdrawn
68011,DDD,2013J,High,7.48,360.0,81.0,2.0,31.0,0,Withdrawn
2080916,EEE,2014J,High,7.48,338.0,95.0,2.0,20.0,1,Withdrawn
410816,DDD,2014B,High,7.48,473.0,90.5,2.0,28.0,0,Withdrawn
493609,BBB,2014J,High,7.48,84.0,100.0,1.0,3.0,0,Withdrawn
647005,FFF,2014J,High,7.48,929.0,87.0,3.0,34.0,0,Withdrawn
2399380,BBB,2014J,High,7.48,38.0,100.0,1.0,4.0,0,Withdrawn
2520067,EEE,2014B,High,7.48,641.0,95.0,2.0,33.0,0,Withdrawn
548948,FFF,2013B,High,7.48,523.0,88.0,2.0,35.0,0,Withdrawn
2589096,DDD,2013J,High,7.48,1237.0,82.0,2.0,59.0,0,Withdrawn
2686035,FFF,2014J,High,7.48,1705.0,57.0,12.0,61.0,0,Withdrawn
627390,EEE,2014B,High,7.48,666.0,92.0,1.0,31.0,0,Withdrawn
117435,DDD,2013B,High,7.48,1355.0,66.55,11.0,60.0,0,Withdrawn
513687,DDD,2013B,High,7.48,1776.0,70.12,8.0,70.0,0,Withdrawn
580477,FFF,2013J,High,7.48,1677.0,65.25,8.0,65.0,0,Withdrawn
488575,DDD,2013J,High,7.48,733.0,77.57,7.0,59.0,0,Withdrawn
540509,CCC,2014B,High,7.48,0.0,92.2,5.0,0.0,0,Withdrawn
615328,FFF,2014J,High,7.48,2001.0,76.67,6.0,53.0,0,Withdrawn
240389,DDD,2013B,High,7.48,1080.0,50.4,15.0,72.0,0,Withdrawn
584553,CCC,2014J,High,7.48,321.0,81.29,7.0,16.0,0,Withdrawn
1622020,DDD,2013B,High,7.47,2718.0,56.73,11.0,97.0,0,Withdrawn
693573,FFF,2014J,High,7.47,919.0,88.75,4.0,25.0,0,Withdrawn
614217,DDD,2014B,High,7.47,1149.0,71.5,3.0,88.0,0,Withdrawn
420096,FFF,2013B,High,7.47,174.0,88.0,1.0,11.0,0,Withdrawn
608111,FFF,2013J,High,7.47,1709.0,75.33,6.0,72.0,0,Withdrawn
577471,GGG,2013J,High,7.47,232.0,85.0,1.0,17.0,0,Withdrawn
596292,DDD,2013J,High,7.47,486.0,82.2,5.0,54.0,0,Withdrawn
608866,FFF,2013J,High,7.47,1704.0,76.33,6.0,86.0,0,Withdrawn
190780,CCC,2014J,High,7.47,218.0,84.6,5.0,13.0,0,Withdrawn
2154220,CCC,2014J,High,7.47,469.0,74.2,5.0,45.0,0,Withdrawn
170025,CCC,2014B,High,7.47,74.0,61.56,16.0,8.0,0,Withdrawn
591999,BBB,2014J,High,7.47,471.0,85.67,3.0,28.0,0,Withdrawn
171896,CCC,2014B,High,7.47,234.0,63.89,18.0,19.0,0,Withdrawn
634114,FFF,2014B,High,7.47,1408.0,70.67,12.0,76.0,0,Withdrawn
528271,DDD,2013B,High,7.47,868.0,76.5,4.0,27.0,0,Withdrawn
423613,BBB,2014J,High,7.47,91.0,100.0,1.0,6.0,0,Withdrawn
355780,DDD,2014B,High,7.47,712.0,78.2,5.0,56.0,0,Withdrawn
680018,FFF,2014J,High,7.47,946.0,84.2,5.0,43.0,0,Withdrawn
2436400,CCC,2014B,High,7.47,81.0,89.0,7.0,8.0,0,Withdrawn
533997,FFF,2013B,High,7.47,1591.0,78.8,5.0,76.0,0,Withdrawn
522538,DDD,2013B,High,7.47,358.0,78.71,7.0,36.0,0,Withdrawn
602502,FFF,2013J,High,7.47,524.0,74.25,8.0,35.0,0,Withdrawn
602827,CCC,2014J,High,7.47,337.0,81.71,7.0,18.0,0,Withdrawn
563014,FFF,2013J,High,7.47,1673.0,71.0,6.0,54.0,0,Withdrawn
439896,FFF,2014B,High,7.47,1318.0,74.67,7.0,55.0,1,Withdrawn
2114529,FFF,2014B,High,7.47,1880.0,70.58,12.0,46.0,0,Withdrawn
236015,DDD,2014B,High,7.47,256.0,92.0,1.0,20.0,0,Withdrawn
595428,FFF,2013J,High,7.47,1417.0,87.2,5.0,52.0,0,Withdrawn
277577,FFF,2013B,High,7.47,6.0,74.58,12.0,3.0,1,Withdrawn
695825,FFF,2014J,High,7.47,2374.0,66.4,5.0,112.0,0,Withdrawn
1424608,FFF,2014J,High,7.47,228.0,88.0,1.0,8.0,0,Withdrawn
567597,DDD,2014J,High,7.47,0.0,89.17,6.0,0.0,0,Withdrawn
562064,FFF,2014B,High,7.47,303.0,67.13,15.0,24.0,0,Withdrawn
632114,CCC,2014B,High,7.47,8.0,76.45,12.0,2.0,0,Withdrawn
630165,CCC,2014J,High,7.47,785.0,69.71,7.0,42.0,0,Withdrawn
307116,DDD,2014J,High,7.47,664.0,80.75,4.0,54.0,0,Withdrawn
627924,DDD,2014B,High,7.47,422.0,81.2,5.0,50.0,0,Withdrawn
631356,CCC,2014J,High,7.46,0.0,88.0,4.0,0.0,0,Withdrawn
611971,EEE,2014B,High,7.46,284.0,95.5,2.0,14.0,0,Withdrawn
2383036,CCC,2014B,High,7.46,0.0,88.0,7.0,0.0,0,Withdrawn
2691780,DDD,2013B,High,7.46,308.0,74.67,6.0,38.0,0,Withdrawn
392021,DDD,2013B,High,7.46,718.0,83.38,8.0,42.0,0,Withdrawn
682504,FFF,2014J,High,7.46,970.0,76.5,4.0,45.0,0,Withdrawn
590548,FFF,2013J,High,7.46,2263.0,87.33,6.0,27.0,0,Withdrawn
634776,CCC,2014J,High,7.46,362.0,79.33,6.0,27.0,0,Withdrawn
649863,EEE,2014J,High,7.46,234.0,96.0,1.0,11.0,0,Withdrawn
521377,FFF,2013B,High,7.46,228.0,82.0,4.0,16.0,0,Withdrawn
592259,CCC,2014J,High,7.46,95.0,66.81,16.0,10.0,1,Withdrawn
125777,CCC,2014J,High,7.46,438.0,93.5,2.0,20.0,0,Withdrawn
443954,FFF,2013J,High,7.46,612.0,87.5,2.0,21.0,0,Withdrawn
654048,FFF,2014J,High,7.46,890.0,88.67,3.0,44.0,0,Withdrawn
696410,FFF,2014J,High,7.46,311.0,94.0,1.0,14.0,0,Withdrawn
1664171,EEE,2014B,High,7.46,260.0,92.0,2.0,14.0,0,Withdrawn
596754,FFF,2013J,High,7.46,2301.0,80.25,4.0,54.0,0,Withdrawn
505967,CCC,2014B,High,7.46,1.0,100.0,1.0,1.0,0,Withdrawn
550106,BBB,2013B,High,7.46,1342.0,78.25,4.0,46.0,0,Withdrawn
573007,FFF,2014J,High,7.46,178.0,86.0,6.0,10.0,1,Withdrawn
626692,FFF,2014B,High,7.46,1586.0,83.0,3.0,46.0,0,Withdrawn
543432,FFF,2014J,High,7.46,1472.0,79.67,6.0,48.0,0,Withdrawn
491874,DDD,2013J,High,7.46,738.0,87.5,2.0,36.0,0,Withdrawn
171334,EEE,2014B,High,7.46,380.0,97.0,1.0,13.0,0,Withdrawn
632152,GGG,2014B,High,7.46,322.0,84.17,6.0,17.0,0,Withdrawn
2452902,DDD,2013J,High,7.46,587.0,75.11,9.0,29.0,0,Withdrawn
644905,EEE,2014J,High,7.46,599.0,88.0,4.0,22.0,0,Withdrawn
585681,CCC,2014B,High,7.46,286.0,81.75,4.0,12.0,0,Withdrawn
604962,BBB,2013J,High,7.46,245.0,78.27,11.0,4.0,0,Withdrawn
495115,DDD,2013B,High,7.46,421.0,86.0,5.0,46.0,0,Withdrawn
629773,DDD,2014B,High,7.46,179.0,85.0,3.0,26.0,0,Withdrawn
560458,BBB,2013B,High,7.46,0.0,79.71,7.0,0.0,0,Withdrawn
491757,DDD,2013B,High,7.46,1472.0,78.4,5.0,65.0,1,Withdrawn
656086,FFF,2014J,High,7.46,2073.0,76.17,6.0,63.0,0,Withdrawn
644567,DDD,2014J,High,7.46,607.0,85.0,2.0,34.0,0,Withdrawn
644159,DDD,2014J,High,7.46,934.0,75.0,3.0,89.0,0,Withdrawn
584414,CCC,2014J,High,7.46,11.0,91.25,4.0,2.0,0,Withdrawn
508295,CCC,2014J,High,7.46,240.0,66.21,14.0,22.0,0,Withdrawn
526564,CCC,2014B,High,7.46,3212.0,57.33,6.0,117.0,0,Withdrawn
653168,EEE,2014J,High,7.46,834.0,92.0,1.0,25.0,0,Withdrawn
102067,BBB,2014J,High,7.46,67.0,100.0,1.0,9.0,1,Withdrawn
570280,FFF,2013J,High,7.46,1715.0,56.17,12.0,75.0,0,Withdrawn
439002,FFF,2013B,High,7.46,1663.0,86.33,3.0,27.0,1,Withdrawn
232764,FFF,2013B,High,7.45,911.0,67.4,15.0,33.0,1,Withdrawn
624126,CCC,2014B,High,7.45,469.0,82.67,3.0,14.0,0,Withdrawn
528363,DDD,2014J,High,7.45,1193.0,80.0,2.0,69.0,0,Withdrawn
125830,DDD,2014J,High,7.45,1810.0,69.25,4.0,90.0,0,Withdrawn
494495,FFF,2014B,High,7.45,0.0,80.83,12.0,0.0,1,Withdrawn
400266,CCC,2014J,High,7.45,272.0,75.21,14.0,21.0,0,Withdrawn
533311,CCC,2014B,High,7.45,68.0,94.5,4.0,5.0,0,Withdrawn
612473,BBB,2014J,High,7.45,42.0,100.0,1.0,2.0,1,Withdrawn
562783,BBB,2014B,High,7.45,401.0,85.5,4.0,33.0,0,Withdrawn
591216,GGG,2013J,High,7.45,12.0,90.0,1.0,4.0,0,Withdrawn
531234,DDD,2013J,High,7.45,456.0,75.25,8.0,28.0,0,Withdrawn
654563,FFF,2014J,High,7.45,1355.0,88.0,3.0,54.0,0,Withdrawn
573235,DDD,2013J,High,7.45,658.0,85.0,2.0,36.0,0,Withdrawn
540509,CCC,2014J,High,7.45,419.0,92.2,5.0,19.0,1,Withdrawn
588913,FFF,2014B,High,7.45,2376.0,75.67,9.0,70.0,0,Withdrawn
633205,CCC,2014J,High,7.45,6.0,72.45,11.0,1.0,0,Withdrawn
446778,FFF,2014J,High,7.45,15.0,86.0,8.0,3.0,0,Withdrawn
533016,FFF,2013B,High,7.45,1518.0,72.67,6.0,69.0,0,Withdrawn
625953,CCC,2014B,High,7.45,734.0,77.43,7.0,53.0,0,Withdrawn
306880,BBB,2014J,High,7.45,132.0,100.0,1.0,10.0,0,Withdrawn
651259,GGG,2014J,High,7.45,266.0,87.0,5.0,28.0,0,Withdrawn
677877,BBB,2014J,High,7.45,854.0,87.5,2.0,43.0,0,Withdrawn
344740,CCC,2014J,High,7.45,127.0,89.0,4.0,6.0,0,Withdrawn
261495,DDD,2013J,High,7.45,2229.0,57.0,4.0,173.0,0,Withdrawn
687217,BBB,2014J,High,7.45,258.0,100.0,1.0,30.0,0,Withdrawn
549873,BBB,2013B,High,7.45,369.0,62.0,18.0,20.0,0,Withdrawn
1821249,FFF,2013B,High,7.45,1821.0,80.67,3.0,57.0,0,Withdrawn
581123,CCC,2014B,High,7.45,272.0,61.56,16.0,30.0,0,Withdrawn
610927,EEE,2014B,High,7.45,697.0,90.5,2.0,40.0,0,Withdrawn
2434017,FFF,2013B,High,7.45,1286.0,77.25,4.0,65.0,0,Withdrawn
591869,CCC,2014J,High,7.45,1837.0,61.11,9.0,109.0,0,Withdrawn
602312,DDD,2013J,High,7.45,268.0,73.54,13.0,18.0,0,Withdrawn
98452,BBB,2014J,High,7.45,35.0,100.0,1.0,5.0,0,Withdrawn
622899,FFF,2014B,High,7.45,879.0,92.0,2.0,34.0,0,Withdrawn
541044,GGG,2014B,High,7.45,82.0,87.5,2.0,4.0,0,Withdrawn
2622627,CCC,2014J,High,7.45,150.0,87.29,7.0,13.0,0,Withdrawn
362661,CCC,2014B,High,7.45,171.0,78.92,12.0,8.0,0,Withdrawn
107713,BBB,2014B,High,7.45,111.0,99.33,3.0,15.0,2,Withdrawn
2577437,GGG,2014B,High,7.44,249.0,91.33,3.0,16.0,0,Withdrawn
543785,FFF,2013B,High,7.44,2056.0,75.6,5.0,90.0,0,Withdrawn
558807,FFF,2013B,High,7.44,1448.0,84.0,1.0,53.0,0,Withdrawn
586906,FFF,2013J,High,7.44,16.0,81.17,12.0,4.0,0,Withdrawn
390233,CCC,2014B,High,7.44,0.0,76.23,13.0,0.0,0,Withdrawn
299949,DDD,2014B,High,7.44,1259.0,79.2,5.0,71.0,1,Withdrawn
600436,FFF,2013J,High,7.44,2600.0,63.2,10.0,126.0,0,Withdrawn
603931,FFF,2013J,High,7.44,1841.0,65.0,8.0,128.0,0,Withdrawn
615429,EEE,2014J,High,7.44,2226.0,71.4,5.0,113.0,0,Withdrawn
545119,FFF,2013J,High,7.44,964.0,66.38,13.0,32.0,1,Withdrawn
493793,DDD,2014B,High,7.44,0.0,83.0,12.0,0.0,1,Withdrawn
547884,FFF,2013B,High,7.44,878.0,56.4,20.0,42.0,0,Withdrawn
574919,FFF,2013J,High,7.44,2281.0,87.0,4.0,62.0,0,Withdrawn
2198970,FFF,2014J,High,7.44,709.0,79.12,8.0,34.0,0,Withdrawn
526912,DDD,2014J,High,7.44,1255.0,71.2,5.0,107.0,0,Withdrawn
694735,EEE,2014J,High,7.44,671.0,87.5,2.0,32.0,0,Withdrawn
2523430,BBB,2014B,High,7.44,343.0,84.8,5.0,44.0,0,Withdrawn
650085,FFF,2014J,High,7.44,980.0,82.75,4.0,19.0,0,Withdrawn
484135,BBB,2013B,High,7.44,47.0,75.82,11.0,5.0,0,Withdrawn
324338,CCC,2014J,High,7.44,218.0,83.75,8.0,15.0,0,Withdrawn
628771,CCC,2014B,High,7.44,128.0,83.67,3.0,23.0,0,Withdrawn
405125,CCC,2014J,High,7.44,1541.0,84.6,5.0,27.0,0,Withdrawn
683406,CCC,2014J,High,7.44,1033.0,72.4,5.0,50.0,0,Withdrawn
632389,CCC,2014J,High,7.44,313.0,87.5,4.0,15.0,0,Withdrawn
692850,CCC,2014J,High,7.44,178.0,90.6,5.0,7.0,0,Withdrawn
565469,FFF,2013J,High,7.44,487.0,82.25,4.0,31.0,0,Withdrawn
558440,CCC,2014J,High,7.44,1364.0,53.44,18.0,93.0,0,Withdrawn
606428,FFF,2014J,High,7.44,989.0,86.83,6.0,35.0,1,Withdrawn
692850,DDD,2014J,High,7.44,122.0,90.6,5.0,9.0,0,Withdrawn
549888,CCC,2014J,High,7.44,696.0,84.6,5.0,46.0,0,Withdrawn
473081,FFF,2013B,High,7.44,1224.0,82.67,3.0,41.0,0,Withdrawn
680314,DDD,2014J,High,7.44,229.0,95.0,1.0,23.0,0,Withdrawn
600893,FFF,2014B,High,7.44,1957.0,60.59,17.0,87.0,0,Withdrawn
551791,CCC,2014J,High,7.44,111.0,81.64,11.0,7.0,0,Withdrawn
1425806,CCC,2014J,High,7.43,0.0,83.5,12.0,0.0,1,Withdrawn
228695,DDD,2013J,High,7.43,312.0,70.0,15.0,24.0,0,Withdrawn
683177,FFF,2014J,High,7.43,893.0,85.0,2.0,34.0,0,Withdrawn
597532,BBB,2013J,High,7.43,401.0,74.56,9.0,36.0,0,Withdrawn
421070,FFF,2014J,High,7.43,319.0,94.0,4.0,11.0,1,Withdrawn
542423,FFF,2013J,High,7.43,1032.0,87.0,2.0,50.0,0,Withdrawn
682894,FFF,2014J,High,7.43,2825.0,65.33,9.0,113.0,0,Withdrawn
393327,BBB,2013B,High,7.43,0.0,80.55,11.0,0.0,2,Withdrawn
691286,BBB,2014J,High,7.43,20.0,100.0,1.0,1.0,0,Withdrawn
572168,EEE,2014J,High,7.43,13.0,92.67,6.0,2.0,1,Withdrawn
425314,BBB,2014J,High,7.43,12.0,100.0,1.0,1.0,0,Withdrawn
245494,CCC,2014B,High,7.43,1971.0,64.88,8.0,68.0,0,Withdrawn
369908,CCC,2014B,High,7.43,0.0,71.79,14.0,0.0,0,Withdrawn
329895,FFF,2014B,High,7.43,696.0,81.75,12.0,14.0,2,Withdrawn
556863,BBB,2013B,High,7.43,202.0,83.5,10.0,19.0,0,Withdrawn
1588208,BBB,2014B,High,7.43,1329.0,79.0,2.0,44.0,1,Withdrawn
191000,CCC,2014B,High,7.43,95.0,82.67,6.0,10.0,0,Withdrawn
165733,CCC,2014B,High,7.43,1011.0,53.41,22.0,52.0,0,Withdrawn
570689,FFF,2013J,High,7.43,955.0,71.25,8.0,43.0,0,Withdrawn
494211,CCC,2014J,High,7.43,907.0,70.89,9.0,65.0,0,Withdrawn
480604,CCC,2014B,High,7.43,788.0,76.4,5.0,66.0,0,Withdrawn
483108,CCC,2014B,High,7.43,272.0,78.43,7.0,19.0,0,Withdrawn
596620,DDD,2013B,High,7.43,0.0,85.55,11.0,0.0,0,Withdrawn
2439239,CCC,2014J,High,7.43,393.0,73.0,14.0,15.0,0,Withdrawn
591159,BBB,2014J,High,7.43,363.0,86.0,2.0,22.0,0,Withdrawn
593819,BBB,2014J,High,7.43,76.0,74.5,10.0,6.0,0,Withdrawn
483703,BBB,2013J,High,7.43,350.0,88.67,3.0,35.0,0,Withdrawn
465730,BBB,2013B,High,7.43,121.0,86.8,10.0,11.0,1,Withdrawn
2221869,DDD,2013J,High,7.43,83.0,86.82,11.0,12.0,2,Withdrawn
583138,FFF,2014B,High,7.43,909.0,81.6,5.0,29.0,0,Withdrawn
2315082,BBB,2014B,High,7.43,126.0,90.33,3.0,12.0,0,Withdrawn
695094,EEE,2014J,High,7.43,833.0,83.0,1.0,38.0,0,Withdrawn
596620,DDD,2013J,High,7.43,108.0,85.55,11.0,20.0,1,Withdrawn
609383,CCC,2014B,High,7.43,226.0,86.8,5.0,13.0,0,Withdrawn
651253,FFF,2014J,High,7.43,770.0,94.33,3.0,15.0,0,Withdrawn
697136,BBB,2014J,High,7.43,176.0,100.0,1.0,15.0,0,Withdrawn
1671208,DDD,2014B,High,7.43,926.0,85.0,3.0,49.0,0,Withdrawn
2445088,BBB,2013B,High,7.43,226.0,87.8,5.0,26.0,0,Withdrawn
622948,CCC,2014B,High,7.43,789.0,79.22,9.0,32.0,0,Withdrawn
648536,CCC,2014J,High,7.43,0.0,73.92,12.0,0.0,0,Withdrawn
625785,CCC,2014B,High,7.42,0.0,86.75,4.0,0.0,0,Withdrawn
401258,CCC,2014J,High,7.42,349.0,100.0,1.0,15.0,0,Withdrawn
630142,AAA,2014J,High,7.42,455.0,84.5,2.0,30.0,0,Withdrawn
623223,DDD,2014J,High,7.42,226.0,91.67,3.0,28.0,0,Withdrawn
645433,FFF,2014J,High,7.42,659.0,88.75,4.0,47.0,0,Withdrawn
2575914,BBB,2013B,High,7.42,796.0,84.36,11.0,71.0,3,Withdrawn
544021,FFF,2013B,High,7.42,2384.0,75.0,8.0,59.0,0,Withdrawn
565109,CCC,2014J,High,7.42,19.0,83.5,12.0,3.0,0,Withdrawn
357851,CCC,2014B,High,7.42,194.0,84.12,8.0,11.0,0,Withdrawn
2581822,DDD,2013B,High,7.42,941.0,62.86,14.0,83.0,0,Withdrawn
529550,CCC,2014J,High,7.42,844.0,83.0,2.0,49.0,0,Withdrawn
419024,CCC,2014J,High,7.42,833.0,74.6,15.0,27.0,0,Withdrawn
925553,DDD,2013B,High,7.42,117.0,80.8,5.0,27.0,0,Withdrawn
551702,BBB,2013B,High,7.42,269.0,72.5,10.0,36.0,0,Withdrawn
171896,CCC,2014J,High,7.42,934.0,63.89,18.0,37.0,1,Withdrawn
654112,FFF,2014J,High,7.42,1072.0,83.0,3.0,23.0,0,Withdrawn
619112,FFF,2014B,High,7.42,276.0,90.0,1.0,12.0,0,Withdrawn
619369,EEE,2014B,High,7.42,261.0,93.0,1.0,22.0,0,Withdrawn
73874,BBB,2014J,High,7.42,931.0,84.33,3.0,34.0,2,Withdrawn
561088,DDD,2013B,High,7.42,693.0,67.91,11.0,58.0,0,Withdrawn
560743,DDD,2013B,High,7.42,1144.0,72.0,8.0,86.0,0,Withdrawn
624126,EEE,2014B,High,7.42,679.0,82.67,3.0,21.0,0,Withdrawn
107883,CCC,2014J,High,7.42,626.0,93.5,2.0,29.0,0,Withdrawn
586398,BBB,2014J,High,7.42,14.0,100.0,1.0,2.0,0,Withdrawn
577797,FFF,2013J,High,7.42,896.0,89.0,4.0,29.0,0,Withdrawn
506679,BBB,2014J,High,7.42,395.0,79.4,11.0,17.0,0,Withdrawn
654295,CCC,2014J,High,7.42,1001.0,81.4,5.0,51.0,0,Withdrawn
630980,EEE,2014B,High,7.42,97.0,93.0,1.0,4.0,0,Withdrawn
283618,CCC,2014J,High,7.42,578.0,63.69,13.0,32.0,0,Withdrawn
561215,FFF,2014B,High,7.41,1819.0,86.0,1.0,38.0,0,Withdrawn
690940,BBB,2014J,High,7.41,288.0,100.0,1.0,19.0,0,Withdrawn
471580,CCC,2014B,High,7.41,441.0,63.27,15.0,27.0,0,Withdrawn
472290,CCC,2014J,High,7.41,507.0,86.17,6.0,37.0,0,Withdrawn
676258,BBB,2014J,High,7.41,46.0,100.0,1.0,5.0,0,Withdrawn
388738,BBB,2014J,High,7.41,1744.0,77.25,4.0,74.0,1,Withdrawn
557700,CCC,2014B,High,7.41,516.0,71.14,14.0,30.0,0,Withdrawn
445782,DDD,2014J,High,7.41,268.0,84.33,3.0,33.0,0,Withdrawn
384106,DDD,2014J,High,7.41,79.0,100.0,1.0,15.0,0,Withdrawn
682481,GGG,2014J,High,7.41,317.0,86.25,4.0,21.0,0,Withdrawn
585454,FFF,2013J,High,7.41,0.0,81.25,12.0,0.0,0,Withdrawn
359645,GGG,2014B,High,7.41,223.0,87.0,2.0,13.0,0,Withdrawn
535152,BBB,2013B,High,7.41,622.0,82.0,4.0,46.0,0,Withdrawn
277577,CCC,2014B,High,7.41,0.0,74.58,12.0,0.0,0,Withdrawn
314850,BBB,2013J,High,7.41,555.0,82.6,5.0,37.0,1,Withdrawn
547128,CCC,2014J,High,7.41,0.0,79.4,15.0,0.0,0,Withdrawn
1514245,FFF,2014B,High,7.41,1951.0,83.0,6.0,77.0,0,Withdrawn
322499,CCC,2014J,High,7.41,239.0,84.75,4.0,12.0,0,Withdrawn
385947,DDD,2014B,High,7.41,506.0,86.0,2.0,35.0,0,Withdrawn
552284,FFF,2013B,High,7.41,138.0,70.43,14.0,5.0,0,Withdrawn
567451,CCC,2014J,High,7.41,483.0,68.9,10.0,38.0,0,Withdrawn
611233,BBB,2014B,High,7.41,340.0,84.5,4.0,36.0,0,Withdrawn
653248,EEE,2014J,High,7.41,1275.0,77.0,4.0,62.0,0,Withdrawn
580709,CCC,2014J,High,7.41,78.0,76.86,14.0,5.0,0,Withdrawn
645835,CCC,2014J,High,7.41,1219.0,72.17,6.0,79.0,0,Withdrawn
493984,DDD,2013B,High,7.41,1014.0,66.67,12.0,70.0,0,Withdrawn
631422,BBB,2014B,High,7.41,364.0,83.75,4.0,27.0,0,Withdrawn
390556,DDD,2013J,High,7.41,277.0,74.5,12.0,39.0,0,Withdrawn
1981053,FFF,2013J,High,7.41,852.0,79.86,7.0,62.0,0,Withdrawn
692723,EEE,2014J,High,7.41,517.0,98.0,1.0,19.0,0,Withdrawn
645939,CCC,2014J,High,7.41,428.0,82.75,8.0,26.0,0,Withdrawn
538887,CCC,2014B,High,7.41,509.0,78.86,7.0,17.0,0,Withdrawn
675638,DDD,2014J,High,7.41,32.0,96.2,5.0,7.0,0,Withdrawn
2596553,CCC,2014J,High,7.41,993.0,81.8,5.0,55.0,0,Withdrawn
686688,BBB,2014J,High,7.41,1535.0,81.67,3.0,44.0,0,Withdrawn
527619,FFF,2014J,High,7.41,90.0,87.0,6.0,11.0,1,Withdrawn
506618,EEE,2013J,High,7.41,833.0,82.67,3.0,62.0,0,Withdrawn
607866,FFF,2013J,High,7.41,682.0,66.12,17.0,34.0,0,Withdrawn
619503,CCC,2014J,High,7.41,285.0,80.86,7.0,23.0,0,Withdrawn
573291,FFF,2013J,High,7.41,3168.0,70.0,8.0,67.0,0,Withdrawn
523335,CCC,2014B,High,7.41,304.0,70.93,15.0,13.0,0,Withdrawn
643457,CCC,2014J,High,7.41,80.0,87.75,4.0,8.0,0,Withdrawn
1477284,FFF,2014J,High,7.41,2096.0,86.0,2.0,62.0,0,Withdrawn
652287,EEE,2014J,High,7.41,1334.0,85.5,2.0,62.0,0,Withdrawn
1588621,FFF,2014B,High,7.4,1655.0,84.75,8.0,48.0,0,Withdrawn
618744,CCC,2014B,High,7.4,0.0,98.0,3.0,0.0,0,Withdrawn
626552,DDD,2014J,High,7.4,0.0,81.92,12.0,0.0,0,Withdrawn
575166,CCC,2014B,High,7.4,1133.0,75.9,10.0,53.0,0,Withdrawn
573697,CCC,2014B,High,7.4,54.0,85.67,6.0,12.0,0,Withdrawn
532194,DDD,2014B,High,7.4,1374.0,75.33,3.0,96.0,0,Withdrawn
536270,BBB,2013B,High,7.4,379.0,83.0,4.0,40.0,0,Withdrawn
546262,FFF,2013B,High,7.4,1130.0,83.0,3.0,56.0,0,Withdrawn
655155,BBB,2014J,High,7.4,231.0,87.5,2.0,16.0,0,Withdrawn
601761,FFF,2013J,High,7.4,1391.0,90.0,2.0,47.0,0,Withdrawn
356523,CCC,2014B,High,7.4,1210.0,78.1,10.0,57.0,0,Withdrawn
693906,FFF,2014J,High,7.4,846.0,84.33,3.0,49.0,0,Withdrawn
603972,FFF,2014B,High,7.4,3314.0,68.43,7.0,122.0,0,Withdrawn
233102,BBB,2013J,High,7.4,0.0,87.1,10.0,0.0,0,Withdrawn
617297,BBB,2014B,High,7.4,324.0,80.67,9.0,26.0,0,Withdrawn
606930,FFF,2013J,High,7.4,1961.0,72.0,5.0,68.0,0,Withdrawn
444221,BBB,2014B,High,7.4,877.0,82.75,4.0,43.0,0,Withdrawn
685705,CCC,2014J,High,7.4,1169.0,67.86,14.0,59.0,0,Withdrawn
1464952,CCC,2014B,High,7.4,19.0,81.0,11.0,5.0,0,Withdrawn
614804,CCC,2014B,High,7.4,530.0,68.47,19.0,37.0,0,Withdrawn
624734,BBB,2014B,High,7.4,103.0,85.14,7.0,12.0,0,Withdrawn
631513,DDD,2014B,High,7.4,449.0,77.2,5.0,44.0,0,Withdrawn
681152,FFF,2014J,High,7.4,1716.0,87.75,4.0,55.0,0,Withdrawn
2300911,BBB,2014B,High,7.4,7.0,83.33,12.0,1.0,2,Withdrawn
146943,DDD,2014J,High,7.4,821.0,86.0,3.0,61.0,0,Withdrawn
555446,DDD,2013B,High,7.4,636.0,58.71,14.0,59.0,0,Withdrawn
1916140,CCC,2014J,High,7.4,815.0,79.89,9.0,25.0,0,Withdrawn
973364,FFF,2013J,High,7.4,1310.0,81.25,8.0,47.0,0,Withdrawn
603199,FFF,2013J,High,7.4,3813.0,62.86,7.0,102.0,0,Withdrawn
2636552,DDD,2014B,High,7.4,143.0,86.75,4.0,12.0,0,Withdrawn
693111,CCC,2014J,High,7.4,549.0,90.0,3.0,27.0,0,Withdrawn
442436,FFF,2013B,High,7.4,1903.0,81.75,4.0,76.0,0,Withdrawn
443108,BBB,2013B,High,7.4,420.0,78.0,12.0,31.0,0,Withdrawn
592787,CCC,2014J,High,7.4,63.0,86.25,4.0,8.0,0,Withdrawn
431071,BBB,2013B,High,7.4,725.0,76.33,12.0,30.0,1,Withdrawn
625785,EEE,2014B,High,7.4,52.0,86.75,4.0,8.0,0,Withdrawn
1482413,FFF,2013J,High,7.4,1521.0,74.33,12.0,54.0,0,Withdrawn
554691,CCC,2014J,High,7.4,1052.0,60.0,17.0,59.0,0,Withdrawn
629454,DDD,2014B,High,7.4,827.0,78.25,4.0,42.0,0,Withdrawn
237387,FFF,2013J,High,7.4,1140.0,86.6,5.0,50.0,0,Withdrawn
1583847,CCC,2014J,High,7.4,348.0,90.5,2.0,30.0,0,Withdrawn
599902,CCC,2014B,High,7.4,52.0,86.75,4.0,6.0,0,Withdrawn
435780,DDD,2013B,High,7.4,1921.0,70.17,6.0,105.0,1,Withdrawn
695643,DDD,2014J,High,7.4,47.0,100.0,1.0,9.0,0,Withdrawn
678310,EEE,2014J,High,7.4,448.0,94.0,1.0,31.0,0,Withdrawn
493434,DDD,2014B,High,7.4,433.0,83.43,7.0,32.0,0,Withdrawn
586227,CCC,2014J,High,7.39,442.0,84.0,3.0,31.0,0,Withdrawn
652336,FFF,2014J,High,7.39,743.0,88.0,2.0,27.0,0,Withdrawn
595676,FFF,2013J,High,7.39,1724.0,66.5,12.0,85.0,0,Withdrawn
655988,CCC,2014J,High,7.39,591.0,87.5,2.0,36.0,0,Withdrawn
596858,FFF,2013J,High,7.39,2418.0,78.75,4.0,65.0,0,Withdrawn
628054,EEE,2014B,High,7.39,1428.0,73.0,10.0,50.0,0,Withdrawn
359149,FFF,2013J,High,7.39,760.0,87.5,4.0,40.0,0,Withdrawn
513854,CCC,2014B,High,7.39,0.0,78.86,14.0,0.0,0,Withdrawn
381642,AAA,2014J,High,7.39,1290.0,78.8,5.0,109.0,0,Withdrawn
445647,BBB,2014J,High,7.39,125.0,100.0,1.0,9.0,0,Withdrawn
694284,FFF,2014J,High,7.39,1128.0,82.67,3.0,46.0,0,Withdrawn
529670,DDD,2013J,High,7.39,0.0,93.5,4.0,0.0,1,Withdrawn
680373,DDD,2014J,High,7.39,535.0,90.5,4.0,42.0,0,Withdrawn
588062,BBB,2014J,High,7.39,158.0,100.0,1.0,8.0,0,Withdrawn
324236,BBB,2013J,High,7.39,215.0,82.38,8.0,40.0,1,Withdrawn
676138,CCC,2014J,High,7.39,49.0,93.6,5.0,9.0,0,Withdrawn
497278,BBB,2013B,High,7.39,235.0,80.5,10.0,15.0,0,Withdrawn
592939,FFF,2014B,High,7.39,786.0,67.21,20.0,62.0,1,Withdrawn
595655,CCC,2014J,High,7.39,72.0,83.92,12.0,9.0,0,Withdrawn
616646,CCC,2014J,High,7.39,610.0,70.0,15.0,31.0,0,Withdrawn
647614,DDD,2014J,High,7.39,159.0,92.5,2.0,23.0,0,Withdrawn
491110,DDD,2013J,High,7.39,745.0,87.0,2.0,40.0,0,Withdrawn
598415,BBB,2014B,High,7.39,273.0,81.1,10.0,28.0,0,Withdrawn
595100,EEE,2013J,High,7.39,33.0,90.0,4.0,1.0,0,Withdrawn
586476,CCC,2014B,High,7.39,0.0,79.15,13.0,0.0,0,Withdrawn
2394090,CCC,2014B,High,7.39,0.0,76.75,16.0,0.0,0,Withdrawn
679502,FFF,2014J,High,7.39,477.0,86.67,3.0,17.0,0,Withdrawn
686752,BBB,2014J,High,7.39,19.0,100.0,1.0,2.0,0,Withdrawn
549745,BBB,2013J,High,7.39,290.0,86.5,4.0,22.0,0,Withdrawn
601180,FFF,2013J,High,7.39,2877.0,62.5,8.0,110.0,0,Withdrawn
556918,CCC,2014B,High,7.39,465.0,75.64,14.0,18.0,0,Withdrawn
441540,CCC,2014B,High,7.39,667.0,77.71,7.0,26.0,0,Withdrawn
620915,GGG,2014B,High,7.39,372.0,90.67,6.0,37.0,0,Withdrawn
2681277,EEE,2013J,High,7.39,808.0,94.5,2.0,33.0,0,Withdrawn
583142,BBB,2013J,High,7.39,384.0,79.9,10.0,70.0,0,Withdrawn
2187588,EEE,2013J,High,7.39,822.0,82.75,4.0,42.0,0,Withdrawn
129955,AAA,2014J,High,7.39,877.0,81.0,6.0,77.0,1,Withdrawn
367151,FFF,2014J,High,7.38,2655.0,72.0,7.0,77.0,0,Withdrawn
544627,BBB,2013B,High,7.38,460.0,64.29,14.0,27.0,0,Withdrawn
543976,DDD,2014B,High,7.38,1099.0,75.0,5.0,83.0,0,Withdrawn
603302,DDD,2013J,High,7.38,672.0,80.89,9.0,49.0,0,Withdrawn
492557,FFF,2014J,High,7.38,121.0,72.3,20.0,21.0,2,Withdrawn
519155,FFF,2013B,High,7.38,1619.0,87.33,3.0,49.0,1,Withdrawn
695643,CCC,2014J,High,7.38,263.0,100.0,1.0,11.0,0,Withdrawn
611971,EEE,2014J,High,7.38,899.0,95.5,2.0,48.0,1,Withdrawn
571292,DDD,2014B,High,7.38,328.0,81.86,7.0,32.0,0,Withdrawn
528021,CCC,2014B,High,7.38,203.0,84.0,5.0,14.0,0,Withdrawn
684987,GGG,2014J,High,7.38,176.0,90.0,3.0,28.0,0,Withdrawn
631880,CCC,2014J,High,7.38,269.0,79.87,15.0,23.0,0,Withdrawn
609527,CCC,2014J,High,7.38,356.0,87.4,5.0,9.0,0,Withdrawn
123053,DDD,2014J,High,7.38,342.0,85.8,5.0,52.0,1,Withdrawn
2032057,CCC,2014J,High,7.38,138.0,81.25,8.0,11.0,0,Withdrawn
633756,CCC,2014J,High,7.38,47.0,79.83,12.0,7.0,0,Withdrawn
505815,CCC,2014B,High,7.38,264.0,87.5,8.0,8.0,0,Withdrawn
493793,CCC,2014B,High,7.38,0.0,83.0,12.0,0.0,0,Withdrawn
681861,EEE,2014J,High,7.38,1536.0,85.5,2.0,66.0,0,Withdrawn
558324,BBB,2013B,High,7.38,544.0,85.0,3.0,40.0,0,Withdrawn
589471,BBB,2013J,High,7.38,271.0,84.0,3.0,32.0,0,Withdrawn
678407,FFF,2014J,High,7.38,2116.0,81.0,4.0,82.0,0,Withdrawn
587793,CCC,2014J,High,7.38,0.0,95.5,4.0,0.0,0,Withdrawn
204117,FFF,2014J,High,7.38,1220.0,83.5,4.0,42.0,0,Withdrawn
669530,DDD,2014B,High,7.38,825.0,56.75,16.0,72.0,0,Withdrawn
527619,DDD,2013B,High,7.38,0.0,87.0,6.0,0.0,0,Withdrawn
558806,CCC,2014B,High,7.37,0.0,83.23,13.0,0.0,0,Withdrawn
155984,AAA,2013J,High,7.37,908.0,78.14,7.0,44.0,0,Withdrawn
558035,BBB,2013J,High,7.37,434.0,81.8,5.0,30.0,0,Withdrawn
238519,BBB,2014B,High,7.37,303.0,86.6,5.0,48.0,0,Withdrawn
546563,FFF,2013B,High,7.37,2334.0,75.83,6.0,85.0,0,Withdrawn
649026,BBB,2014J,High,7.37,386.0,87.5,2.0,20.0,0,Withdrawn
576876,CCC,2014J,High,7.37,0.0,91.0,4.0,0.0,0,Withdrawn
549922,CCC,2014J,High,7.37,21.0,90.25,4.0,6.0,0,Withdrawn
587122,EEE,2013J,High,7.37,1076.0,77.12,8.0,45.0,0,Withdrawn
622275,FFF,2014J,High,7.37,1816.0,82.0,5.0,69.0,0,Withdrawn
675450,CCC,2014J,High,7.37,0.0,92.5,4.0,0.0,0,Withdrawn
548488,BBB,2013B,High,7.37,189.0,85.25,8.0,18.0,0,Withdrawn
679599,CCC,2014J,High,7.37,756.0,87.5,2.0,38.0,0,Withdrawn
258042,CCC,2014J,High,7.37,281.0,82.38,8.0,26.0,0,Withdrawn
2228206,DDD,2013B,High,7.37,360.0,81.25,8.0,42.0,1,Withdrawn
579221,FFF,2014J,High,7.37,986.0,95.0,3.0,28.0,0,Withdrawn
2620279,BBB,2013J,High,7.37,136.0,93.2,5.0,13.0,0,Withdrawn
2555596,CCC,2014B,High,7.37,577.0,79.6,10.0,45.0,0,Withdrawn
39882,FFF,2013J,High,7.37,0.0,78.45,11.0,0.0,0,Withdrawn
227491,DDD,2013B,High,7.37,1555.0,70.86,7.0,98.0,0,Withdrawn
682731,BBB,2014J,High,7.37,71.0,100.0,1.0,5.0,0,Withdrawn
554470,CCC,2014B,High,7.37,263.0,76.08,13.0,17.0,0,Withdrawn
482751,CCC,2014J,High,7.37,93.0,100.0,1.0,7.0,0,Withdrawn
1782581,DDD,2013J,High,7.37,335.0,93.0,3.0,33.0,0,Withdrawn
629500,CCC,2014B,High,7.37,153.0,86.5,5.0,14.0,0,Withdrawn
546934,CCC,2014J,High,7.37,271.0,77.85,13.0,18.0,0,Withdrawn
674206,DDD,2014J,High,7.37,722.0,89.33,3.0,39.0,0,Withdrawn
614265,CCC,2014B,High,7.37,0.0,76.2,15.0,0.0,0,Withdrawn
387359,DDD,2013J,High,7.37,903.0,69.9,10.0,75.0,0,Withdrawn
505153,FFF,2013J,High,7.37,2469.0,80.8,5.0,68.0,0,Withdrawn
581288,CCC,2014J,High,7.37,332.0,81.5,4.0,46.0,0,Withdrawn
607848,BBB,2013J,High,7.37,417.0,82.0,10.0,35.0,0,Withdrawn
586132,CCC,2014B,High,7.37,138.0,90.67,3.0,9.0,0,Withdrawn
571844,FFF,2013J,High,7.37,1287.0,70.57,14.0,46.0,0,Withdrawn
553807,BBB,2013B,High,7.37,745.0,65.71,14.0,78.0,0,Withdrawn
554919,FFF,2013B,High,7.37,1770.0,77.0,2.0,99.0,0,Withdrawn
598962,FFF,2013J,High,7.37,744.0,77.43,7.0,46.0,0,Withdrawn
1554143,DDD,2014B,High,7.37,336.0,76.64,11.0,33.0,2,Withdrawn
43284,DDD,2013B,High,7.36,847.0,71.44,9.0,96.0,2,Withdrawn
527747,DDD,2013B,High,7.36,858.0,71.88,8.0,49.0,0,Withdrawn
620126,BBB,2014B,High,7.36,344.0,81.75,4.0,37.0,0,Withdrawn
656472,BBB,2014J,High,7.36,22.0,100.0,1.0,2.0,0,Withdrawn
572880,DDD,2013J,High,7.36,2133.0,43.08,13.0,134.0,0,Withdrawn
538131,DDD,2013B,High,7.36,359.0,100.0,1.0,11.0,0,Withdrawn
2204941,DDD,2014J,High,7.36,1435.0,73.25,4.0,111.0,0,Withdrawn
481618,CCC,2014J,High,7.36,60.0,96.5,4.0,10.0,0,Withdrawn
632473,DDD,2014J,High,7.36,0.0,100.0,1.0,0.0,1,Withdrawn
305783,CCC,2014B,High,7.36,68.0,91.75,4.0,9.0,0,Withdrawn
603302,CCC,2014J,High,7.36,800.0,80.89,9.0,56.0,0,Withdrawn
552222,BBB,2013B,High,7.36,274.0,80.67,9.0,50.0,0,Withdrawn
2318590,DDD,2013B,High,7.36,1036.0,73.43,7.0,77.0,0,Withdrawn
552498,CCC,2014B,High,7.36,238.0,79.58,12.0,11.0,0,Withdrawn
583051,CCC,2014B,High,7.36,0.0,93.33,3.0,0.0,0,Withdrawn
685602,BBB,2014J,High,7.36,427.0,100.0,1.0,4.0,0,Withdrawn
638554,BBB,2014J,High,7.36,233.0,100.0,1.0,13.0,0,Withdrawn
558205,FFF,2013J,High,7.36,1960.0,89.0,2.0,59.0,0,Withdrawn
392281,BBB,2013B,High,7.36,580.0,76.18,11.0,40.0,0,Withdrawn
682728,BBB,2014J,High,7.36,296.0,100.0,1.0,12.0,0,Withdrawn
680591,BBB,2014J,High,7.36,495.0,89.0,3.0,43.0,0,Withdrawn
384106,CCC,2014J,High,7.36,442.0,100.0,1.0,22.0,0,Withdrawn
2080916,EEE,2013J,High,7.36,639.0,95.0,2.0,32.0,0,Withdrawn
2265935,DDD,2014B,High,7.36,1231.0,75.6,5.0,80.0,0,Withdrawn
576375,BBB,2013J,High,7.36,0.0,85.55,11.0,0.0,0,Withdrawn
674746,BBB,2014J,High,7.36,183.0,100.0,1.0,5.0,0,Withdrawn
406265,CCC,2014B,High,7.36,223.0,100.0,1.0,16.0,0,Withdrawn
538196,BBB,2013B,High,7.36,328.0,92.0,4.0,29.0,0,Withdrawn
565997,FFF,2013J,High,7.36,3283.0,72.83,6.0,101.0,0,Withdrawn
616700,EEE,2014B,High,7.36,1198.0,92.0,2.0,45.0,0,Withdrawn
487556,DDD,2013J,High,7.36,954.0,66.8,10.0,49.0,0,Withdrawn
623257,DDD,2014B,High,7.36,351.0,90.25,4.0,39.0,0,Withdrawn
395169,BBB,2014J,High,7.36,175.0,100.0,1.0,16.0,0,Withdrawn
573503,EEE,2014J,High,7.36,535.0,98.0,1.0,25.0,0,Withdrawn
565348,FFF,2014B,High,7.35,2043.0,87.5,6.0,29.0,0,Withdrawn
594407,DDD,2013J,High,7.35,655.0,76.33,6.0,49.0,0,Withdrawn
2437591,CCC,2014J,High,7.35,1226.0,87.8,5.0,35.0,0,Withdrawn
680442,EEE,2014J,High,7.35,387.0,97.0,1.0,17.0,0,Withdrawn
524101,BBB,2013B,High,7.35,1622.0,81.75,4.0,60.0,1,Withdrawn
596812,CCC,2014J,High,7.35,286.0,89.5,4.0,8.0,0,Withdrawn
594081,DDD,2013J,High,7.35,401.0,80.75,4.0,52.0,0,Withdrawn
675823,CCC,2014J,High,7.35,1307.0,80.5,6.0,62.0,0,Withdrawn
605180,CCC,2014B,High,7.35,272.0,70.06,18.0,16.0,0,Withdrawn
618590,CCC,2014B,High,7.35,0.0,75.93,15.0,0.0,0,Withdrawn
577396,FFF,2013J,High,7.35,1943.0,81.5,4.0,55.0,0,Withdrawn
467606,BBB,2013J,High,7.35,553.0,95.0,2.0,34.0,1,Withdrawn
648766,DDD,2014J,High,7.35,1793.0,69.4,5.0,104.0,0,Withdrawn
483744,BBB,2013J,High,7.35,534.0,73.14,7.0,66.0,0,Withdrawn
148328,FFF,2013J,High,7.35,1576.0,85.67,3.0,57.0,0,Withdrawn
645322,DDD,2014J,High,7.35,189.0,87.67,3.0,36.0,0,Withdrawn
685988,CCC,2014J,High,7.35,520.0,93.67,3.0,32.0,0,Withdrawn
592939,CCC,2014B,High,7.35,543.0,67.21,20.0,49.0,0,Withdrawn
1183831,AAA,2014J,High,7.35,2818.0,71.33,3.0,105.0,0,Withdrawn
2338290,DDD,2013B,High,7.35,394.0,82.6,10.0,23.0,2,Withdrawn
573697,FFF,2014J,High,7.35,450.0,85.67,6.0,48.0,1,Withdrawn
628806,CCC,2014J,High,7.35,58.0,93.4,5.0,10.0,0,Withdrawn
260062,CCC,2014J,High,7.35,86.0,77.58,12.0,9.0,1,Withdrawn
653952,BBB,2014J,High,7.35,488.0,100.0,1.0,31.0,0,Withdrawn
2686074,CCC,2014B,High,7.35,34.0,78.58,12.0,6.0,0,Withdrawn
573108,BBB,2014B,High,7.35,989.0,78.75,4.0,34.0,0,Withdrawn
358054,BBB,2014B,High,7.35,325.0,89.67,3.0,22.0,0,Withdrawn
857856,CCC,2014J,High,7.35,142.0,100.0,1.0,11.0,0,Withdrawn
609354,DDD,2014B,High,7.35,877.0,75.0,4.0,68.0,0,Withdrawn
2375123,DDD,2013B,High,7.35,315.0,69.93,14.0,30.0,0,Withdrawn
609422,BBB,2014B,High,7.35,69.0,84.33,9.0,11.0,1,Withdrawn
601566,CCC,2014J,High,7.35,323.0,73.08,13.0,33.0,0,Withdrawn
153704,BBB,2013B,High,7.35,415.0,85.15,13.0,35.0,1,Withdrawn
633618,DDD,2014B,High,7.35,101.0,84.91,11.0,3.0,0,Withdrawn
586369,DDD,2014B,High,7.35,342.0,83.25,4.0,46.0,0,Withdrawn
393526,CCC,2014J,High,7.35,836.0,79.92,13.0,38.0,0,Withdrawn
570671,CCC,2014J,High,7.35,253.0,80.88,9.0,20.0,1,Withdrawn
1687996,DDD,2013J,High,7.34,3552.0,48.11,9.0,112.0,0,Withdrawn
592609,CCC,2014B,High,7.34,991.0,71.44,9.0,62.0,0,Withdrawn
572154,CCC,2014B,High,7.34,0.0,72.42,19.0,0.0,0,Withdrawn
2629503,BBB,2014J,High,7.34,29.0,100.0,1.0,6.0,1,Withdrawn
553520,BBB,2013B,High,7.34,192.0,88.67,3.0,19.0,0,Withdrawn
678088,CCC,2014J,High,7.34,0.0,78.42,12.0,0.0,0,Withdrawn
572250,CCC,2014J,High,7.34,39.0,75.67,12.0,4.0,0,Withdrawn
1877015,CCC,2014B,High,7.34,785.0,96.0,2.0,33.0,0,Withdrawn
597948,CCC,2014J,High,7.34,518.0,89.75,4.0,16.0,0,Withdrawn
369242,CCC,2014J,High,7.34,259.0,80.31,13.0,11.0,0,Withdrawn
342007,AAA,2013J,High,7.34,880.0,82.33,6.0,38.0,0,Withdrawn
602655,GGG,2013J,High,7.34,12.0,90.12,8.0,1.0,0,Withdrawn
578026,CCC,2014J,High,7.34,1376.0,67.8,10.0,54.0,0,Withdrawn
377046,FFF,2013B,High,7.34,812.0,92.0,1.0,30.0,0,Withdrawn
606355,BBB,2013J,High,7.34,1035.0,70.62,8.0,85.0,0,Withdrawn
471977,CCC,2014J,High,7.34,0.0,85.08,12.0,0.0,0,Withdrawn
469113,CCC,2014B,High,7.34,218.0,86.0,5.0,15.0,0,Withdrawn
2082180,DDD,2013J,High,7.34,243.0,75.77,13.0,30.0,2,Withdrawn
647869,CCC,2014J,High,7.34,282.0,96.0,2.0,14.0,0,Withdrawn
417971,BBB,2014J,High,7.34,537.0,92.0,2.0,29.0,0,Withdrawn
131933,CCC,2014B,High,7.34,823.0,79.5,8.0,38.0,0,Withdrawn
113702,FFF,2014J,High,7.34,1936.0,84.67,3.0,63.0,0,Withdrawn
369834,AAA,2014J,High,7.34,1265.0,73.6,5.0,117.0,0,Withdrawn
556427,BBB,2013J,High,7.34,141.0,95.17,6.0,20.0,0,Withdrawn
614471,DDD,2014B,High,7.34,987.0,71.11,9.0,91.0,0,Withdrawn
631023,CCC,2014J,High,7.34,0.0,83.17,12.0,0.0,1,Withdrawn
2542803,DDD,2013J,High,7.34,510.0,79.55,11.0,44.0,0,Withdrawn
574830,CCC,2014B,High,7.34,269.0,85.4,5.0,17.0,0,Withdrawn
638677,FFF,2014J,High,7.33,1308.0,80.33,6.0,67.0,0,Withdrawn
576983,BBB,2013J,High,7.33,232.0,89.0,3.0,16.0,0,Withdrawn
364066,CCC,2014J,High,7.33,0.0,86.92,12.0,0.0,0,Withdrawn
677338,BBB,2014J,High,7.33,186.0,100.0,1.0,14.0,0,Withdrawn
517553,BBB,2013J,High,7.33,103.0,92.8,5.0,6.0,1,Withdrawn
623230,FFF,2014J,High,7.33,1344.0,87.25,4.0,56.0,0,Withdrawn
617130,FFF,2014J,High,7.33,44.0,75.86,14.0,5.0,1,Withdrawn
388708,CCC,2014B,High,7.33,558.0,86.8,5.0,37.0,0,Withdrawn
598498,FFF,2013J,High,7.33,1324.0,84.4,5.0,27.0,0,Withdrawn
619001,FFF,2014B,High,7.33,1567.0,80.8,5.0,57.0,0,Withdrawn
687844,CCC,2014J,High,7.33,416.0,84.38,8.0,58.0,0,Withdrawn
492613,CCC,2014J,High,7.33,182.0,68.82,17.0,13.0,0,Withdrawn
333651,BBB,2013J,High,7.33,582.0,83.86,7.0,32.0,0,Withdrawn
577354,BBB,2014J,High,7.33,256.0,100.0,1.0,11.0,1,Withdrawn
1450604,FFF,2014B,High,7.33,0.0,80.42,12.0,0.0,0,Withdrawn
34087,DDD,2013J,High,7.33,294.0,84.43,7.0,36.0,0,Withdrawn
1773925,FFF,2014B,High,7.33,32.0,97.0,9.0,1.0,0,Withdrawn
492357,CCC,2014B,High,7.33,2210.0,56.42,12.0,92.0,0,Withdrawn
119353,CCC,2014B,High,7.33,58.0,85.83,12.0,7.0,0,Withdrawn
649954,FFF,2014J,High,7.33,2826.0,84.75,4.0,63.0,0,Withdrawn
694563,CCC,2014J,High,7.33,1092.0,78.2,5.0,58.0,0,Withdrawn
634360,DDD,2014B,High,7.33,1470.0,85.0,2.0,62.0,0,Withdrawn
592093,CCC,2014B,High,7.33,602.0,64.79,19.0,62.0,0,Withdrawn
289618,FFF,2014J,High,7.33,12.0,96.33,3.0,1.0,1,Withdrawn
576606,EEE,2013J,High,7.33,714.0,88.0,1.0,43.0,0,Withdrawn
1678617,FFF,2013J,High,7.33,1755.0,81.0,4.0,46.0,0,Withdrawn
2058815,FFF,2014B,High,7.32,3941.0,77.0,3.0,60.0,0,Withdrawn
76081,DDD,2014B,High,7.32,1048.0,69.2,10.0,72.0,0,Withdrawn
613676,FFF,2014B,High,7.32,2617.0,81.0,5.0,100.0,0,Withdrawn
574282,FFF,2013J,High,7.32,607.0,96.0,1.0,23.0,0,Withdrawn
167557,FFF,2013B,High,7.32,641.0,88.25,4.0,18.0,0,Withdrawn
493988,CCC,2014B,High,7.32,358.0,94.25,4.0,17.0,0,Withdrawn
2591421,BBB,2013B,High,7.32,447.0,66.53,17.0,54.0,0,Withdrawn
500189,CCC,2014B,High,7.32,281.0,70.86,14.0,25.0,0,Withdrawn
573007,FFF,2013J,High,7.32,527.0,86.0,6.0,33.0,0,Withdrawn
695250,FFF,2014J,High,7.32,1223.0,89.33,3.0,72.0,0,Withdrawn
657048,CCC,2014J,High,7.32,556.0,72.82,17.0,58.0,0,Withdrawn
591424,EEE,2013J,High,7.32,1229.0,91.5,2.0,45.0,0,Withdrawn
592259,CCC,2014B,High,7.32,369.0,66.81,16.0,24.0,0,Withdrawn
80886,FFF,2013B,High,7.32,589.0,92.33,3.0,26.0,0,Withdrawn
2029571,FFF,2014J,High,7.32,2438.0,83.5,6.0,66.0,0,Withdrawn
2082180,DDD,2013B,High,7.32,231.0,75.77,13.0,15.0,1,Withdrawn
596496,BBB,2014J,High,7.32,42.0,100.0,1.0,2.0,0,Withdrawn
532839,BBB,2013B,High,7.32,889.0,73.5,12.0,49.0,0,Withdrawn
530196,FFF,2014J,High,7.32,0.0,82.0,16.0,0.0,1,Withdrawn
592051,CCC,2014B,High,7.32,1926.0,46.95,19.0,107.0,0,Withdrawn
260062,CCC,2014B,High,7.32,1.0,77.58,12.0,1.0,0,Withdrawn
625609,FFF,2014B,High,7.32,1957.0,86.4,5.0,62.0,0,Withdrawn
574586,CCC,2014J,High,7.32,759.0,83.43,7.0,44.0,1,Withdrawn
529670,DDD,2013B,High,7.32,0.0,93.5,4.0,0.0,0,Withdrawn
322499,FFF,2014J,High,7.32,756.0,84.75,4.0,38.0,0,Withdrawn
633331,DDD,2014B,High,7.32,328.0,74.5,10.0,33.0,0,Withdrawn
546941,BBB,2013B,High,7.31,0.0,81.64,11.0,0.0,0,Withdrawn
573159,BBB,2013J,High,7.31,615.0,85.6,5.0,62.0,0,Withdrawn
630776,GGG,2014B,High,7.31,1129.0,81.0,5.0,69.0,0,Withdrawn
587677,EEE,2013J,High,7.31,2293.0,81.0,4.0,82.0,0,Withdrawn
628846,CCC,2014B,High,7.31,78.0,74.07,15.0,10.0,0,Withdrawn
1684787,DDD,2013J,High,7.31,774.0,76.3,10.0,67.0,0,Withdrawn
626386,DDD,2014J,High,7.31,247.0,93.0,6.0,17.0,0,Withdrawn
547784,DDD,2013B,High,7.31,1675.0,46.37,19.0,127.0,0,Withdrawn
617010,FFF,2014B,High,7.31,2104.0,71.53,15.0,76.0,0,Withdrawn
575493,DDD,2013J,High,7.31,1818.0,73.33,6.0,146.0,0,Withdrawn
563020,FFF,2013J,High,7.31,1880.0,83.0,4.0,59.0,0,Withdrawn
349040,BBB,2013B,High,7.31,1156.0,79.75,4.0,50.0,0,Withdrawn
583238,CCC,2014B,High,7.31,102.0,93.5,4.0,12.0,0,Withdrawn
2679821,GGG,2014J,High,7.31,275.0,91.5,2.0,13.0,0,Withdrawn
475215,BBB,2013J,High,7.31,397.0,96.0,3.0,23.0,0,Withdrawn
171549,FFF,2013J,High,7.31,1053.0,80.83,6.0,51.0,0,Withdrawn
381414,FFF,2013J,High,7.31,162.0,77.29,14.0,14.0,0,Withdrawn
629627,EEE,2014B,High,7.31,712.0,92.0,1.0,31.0,0,Withdrawn
487002,FFF,2013J,High,7.31,181.0,91.9,10.0,7.0,0,Withdrawn
697119,BBB,2014J,High,7.31,45.0,100.0,1.0,5.0,0,Withdrawn
685619,CCC,2014J,High,7.31,695.0,70.53,19.0,48.0,0,Withdrawn
688533,CCC,2014J,High,7.31,413.0,91.8,5.0,38.0,0,Withdrawn
1819994,DDD,2013B,High,7.31,2.0,90.29,7.0,1.0,0,Withdrawn
320153,CCC,2014B,High,7.31,695.0,84.0,6.0,21.0,0,Withdrawn
169894,DDD,2013B,High,7.31,469.0,85.36,11.0,26.0,0,Withdrawn
2055671,DDD,2014J,High,7.31,2007.0,75.0,1.0,71.0,0,Withdrawn
473095,BBB,2014B,High,7.3,290.0,78.87,15.0,47.0,2,Withdrawn
2237567,BBB,2014J,High,7.3,618.0,86.2,5.0,29.0,0,Withdrawn
608577,CCC,2014B,High,7.3,386.0,82.1,10.0,45.0,0,Withdrawn
601757,CCC,2014B,High,7.3,221.0,87.2,5.0,20.0,0,Withdrawn
416276,DDD,2014J,High,7.3,1734.0,90.0,2.0,51.0,1,Withdrawn
2228206,DDD,2014B,High,7.3,874.0,81.25,8.0,62.0,2,Withdrawn
572588,CCC,2014J,High,7.3,204.0,79.21,14.0,11.0,0,Withdrawn
2553749,BBB,2013B,High,7.3,1540.0,82.78,9.0,69.0,1,Withdrawn
2468232,FFF,2013J,High,7.3,2481.0,70.5,6.0,119.0,1,Withdrawn
2482994,BBB,2014B,High,7.3,291.0,71.5,12.0,33.0,0,Withdrawn
128510,CCC,2014B,High,7.3,413.0,85.38,8.0,35.0,0,Withdrawn
583051,FFF,2013J,High,7.3,483.0,93.33,3.0,13.0,0,Withdrawn
585681,EEE,2013J,High,7.3,924.0,81.75,4.0,56.0,0,Withdrawn
634853,CCC,2014B,High,7.3,1785.0,58.47,17.0,75.0,0,Withdrawn
600773,FFF,2014J,High,7.3,2486.0,80.75,8.0,68.0,0,Withdrawn
553568,EEE,2013J,High,7.3,924.0,88.0,1.0,49.0,0,Withdrawn
589517,EEE,2013J,High,7.3,1090.0,95.0,2.0,41.0,0,Withdrawn
468529,BBB,2014B,High,7.3,119.0,86.43,7.0,24.0,0,Withdrawn
2691267,CCC,2014B,High,7.3,0.0,87.25,8.0,0.0,0,Withdrawn
361837,FFF,2013B,High,7.3,1233.0,90.0,4.0,61.0,1,Withdrawn
606428,FFF,2013J,High,7.3,1360.0,86.83,6.0,53.0,0,Withdrawn
534112,FFF,2014J,High,7.3,1336.0,82.67,6.0,49.0,0,Withdrawn
640691,DDD,2014J,High,7.3,138.0,95.0,2.0,16.0,0,Withdrawn
527744,FFF,2013B,High,7.3,1841.0,90.0,4.0,52.0,0,Withdrawn
589828,FFF,2013J,High,7.3,649.0,61.55,20.0,46.0,0,Withdrawn
1777223,DDD,2014B,High,7.3,917.0,73.11,9.0,70.0,0,Withdrawn
129955,AAA,2013J,High,7.3,1011.0,81.0,6.0,83.0,0,Withdrawn
642396,EEE,2014J,High,7.29,1580.0,84.67,3.0,44.0,0,Withdrawn
654265,BBB,2014J,High,7.29,109.0,100.0,1.0,9.0,0,Withdrawn
539232,BBB,2013B,High,7.29,247.0,86.17,6.0,27.0,0,Withdrawn
464236,CCC,2014B,High,7.29,473.0,66.27,15.0,38.0,0,Withdrawn
578034,CCC,2014B,High,7.29,1565.0,68.56,9.0,117.0,0,Withdrawn
632473,DDD,2014B,High,7.29,14.0,100.0,1.0,3.0,0,Withdrawn
446628,CCC,2014B,High,7.29,85.0,76.77,13.0,13.0,0,Withdrawn
512582,CCC,2014B,High,7.29,627.0,87.75,4.0,30.0,0,Withdrawn
554691,DDD,2013B,High,7.29,1306.0,60.0,17.0,87.0,0,Withdrawn
696890,BBB,2014J,High,7.29,324.0,100.0,1.0,12.0,0,Withdrawn
2519622,DDD,2014B,High,7.29,1888.0,80.33,3.0,101.0,1,Withdrawn
570692,BBB,2014J,High,7.29,123.0,100.0,1.0,9.0,0,Withdrawn
2039190,CCC,2014J,High,7.29,0.0,96.43,7.0,0.0,0,Withdrawn
596243,FFF,2014B,High,7.29,67.0,86.33,12.0,6.0,0,Withdrawn
590227,DDD,2014J,High,7.29,860.0,84.67,6.0,67.0,0,Withdrawn
692629,BBB,2014J,High,7.29,45.0,100.0,1.0,2.0,0,Withdrawn
578152,FFF,2013J,High,7.29,707.0,77.2,10.0,27.0,0,Withdrawn
577460,CCC,2014J,High,7.29,1209.0,83.14,7.0,42.0,0,Withdrawn
678327,BBB,2014J,High,7.29,91.0,100.0,1.0,10.0,0,Withdrawn
579283,CCC,2014J,High,7.29,410.0,95.0,5.0,21.0,0,Withdrawn
627238,FFF,2014B,High,7.29,2380.0,86.67,3.0,76.0,0,Withdrawn
585011,CCC,2014B,High,7.29,164.0,90.8,5.0,11.0,0,Withdrawn
600547,CCC,2014B,High,7.29,1509.0,81.0,6.0,67.0,0,Withdrawn
649638,BBB,2014J,High,7.29,363.0,100.0,1.0,23.0,0,Withdrawn
615426,CCC,2014J,High,7.29,0.0,92.86,7.0,0.0,0,Withdrawn
2677541,BBB,2014B,High,7.29,357.0,78.58,12.0,30.0,0,Withdrawn
625857,BBB,2014B,High,7.29,812.0,84.83,6.0,58.0,0,Withdrawn
629522,FFF,2014J,High,7.29,1124.0,74.08,12.0,41.0,1,Withdrawn
619921,FFF,2014B,High,7.29,2124.0,79.0,6.0,62.0,0,Withdrawn
626998,EEE,2014B,High,7.29,324.0,82.0,14.0,17.0,0,Withdrawn
177817,DDD,2013B,High,7.29,388.0,77.89,9.0,44.0,0,Withdrawn
530852,FFF,2013B,High,7.29,1543.0,84.67,6.0,73.0,0,Withdrawn
8462,DDD,2013J,High,7.28,646.0,87.0,7.0,56.0,0,Withdrawn
625078,CCC,2014B,High,7.28,652.0,92.67,6.0,68.0,0,Withdrawn
591946,FFF,2014B,High,7.28,414.0,78.29,14.0,34.0,0,Withdrawn
296222,CCC,2014J,High,7.28,3.0,95.5,4.0,1.0,0,Withdrawn
173412,FFF,2014J,High,7.28,875.0,85.43,14.0,25.0,1,Withdrawn
481227,FFF,2013B,High,7.28,2062.0,87.0,3.0,56.0,0,Withdrawn
647774,BBB,2014J,High,7.28,31.0,100.0,1.0,4.0,0,Withdrawn
617358,FFF,2014B,High,7.28,1478.0,90.83,6.0,54.0,0,Withdrawn
643514,CCC,2014J,High,7.28,278.0,95.25,4.0,5.0,0,Withdrawn
552003,DDD,2013J,High,7.28,0.0,88.57,7.0,0.0,0,Withdrawn
632759,FFF,2014B,High,7.28,857.0,90.0,2.0,48.0,0,Withdrawn
585662,CCC,2014J,High,7.28,374.0,89.8,5.0,16.0,0,Withdrawn
548573,FFF,2013B,High,7.28,2496.0,90.0,5.0,63.0,0,Withdrawn
593563,FFF,2014B,High,7.28,4.0,79.17,12.0,2.0,0,Withdrawn
2104819,FFF,2014J,High,7.28,1235.0,88.75,4.0,41.0,0,Withdrawn
594326,CCC,2014B,High,7.28,4.0,67.95,21.0,2.0,0,Withdrawn
195552,FFF,2014B,High,7.28,0.0,91.17,12.0,0.0,0,Withdrawn
514277,DDD,2014B,High,7.28,100.0,90.29,7.0,7.0,0,Withdrawn
617134,BBB,2014B,High,7.28,426.0,85.0,7.0,24.0,0,Withdrawn
494722,DDD,2013J,High,7.28,844.0,82.75,4.0,59.0,0,Withdrawn
623079,CCC,2014J,High,7.28,387.0,96.5,4.0,17.0,0,Withdrawn
695981,BBB,2014J,High,7.28,66.0,100.0,1.0,4.0,0,Withdrawn
543953,CCC,2014J,High,7.28,942.0,79.08,12.0,20.0,0,Withdrawn
476037,BBB,2013B,High,7.28,829.0,67.38,13.0,38.0,0,Withdrawn
569783,FFF,2014B,High,7.27,843.0,92.0,4.0,38.0,0,Withdrawn
519684,CCC,2014J,High,7.27,461.0,89.0,6.0,23.0,0,Withdrawn
405192,CCC,2014B,High,7.27,0.0,85.0,12.0,0.0,0,Withdrawn
655930,DDD,2014J,High,7.27,1011.0,78.0,6.0,94.0,0,Withdrawn
629342,CCC,2014B,High,7.27,1831.0,72.1,10.0,89.0,0,Withdrawn
618849,CCC,2014J,High,7.27,2101.0,87.25,4.0,87.0,0,Withdrawn
540694,CCC,2014J,High,7.27,495.0,69.12,17.0,33.0,0,Withdrawn
2681198,CCC,2014B,High,7.27,529.0,57.91,22.0,35.0,0,Withdrawn
591398,EEE,2013J,High,7.27,15.0,93.5,4.0,4.0,0,Withdrawn
2550534,FFF,2014J,High,7.27,1300.0,85.0,6.0,56.0,0,Withdrawn
654678,BBB,2014J,High,7.27,381.0,100.0,1.0,17.0,0,Withdrawn
1634278,CCC,2014J,High,7.27,466.0,64.5,18.0,31.0,0,Withdrawn
1554143,CCC,2014J,High,7.27,319.0,76.64,11.0,28.0,0,Withdrawn
532565,CCC,2014B,High,7.27,764.0,52.14,22.0,46.0,0,Withdrawn
547718,BBB,2013J,High,7.27,545.0,80.88,8.0,51.0,0,Withdrawn
554243,BBB,2013J,High,7.27,417.0,81.78,9.0,40.0,0,Fail
1558539,FFF,2013B,High,7.27,3239.0,84.33,3.0,72.0,0,Withdrawn
526303,FFF,2013B,High,7.27,1268.0,76.75,16.0,39.0,1,Withdrawn
585825,FFF,2014J,High,7.27,1899.0,81.71,7.0,56.0,1,Withdrawn
526098,DDD,2013J,High,7.27,676.0,92.33,3.0,58.0,0,Withdrawn
350690,DDD,2013B,High,7.27,1566.0,83.5,6.0,105.0,1,Withdrawn
2578004,CCC,2014J,High,7.27,111.0,96.0,2.0,11.0,0,Withdrawn
509292,FFF,2014B,High,7.26,5177.0,64.89,9.0,140.0,0,Withdrawn
495618,FFF,2014B,High,7.26,1899.0,79.33,6.0,62.0,0,Withdrawn
472060,DDD,2013B,High,7.26,952.0,77.22,9.0,63.0,1,Withdrawn
1994610,EEE,2013J,High,7.26,2431.0,89.5,2.0,62.0,0,Withdrawn
541532,FFF,2014J,High,7.26,3145.0,64.64,11.0,135.0,0,Withdrawn
1866742,BBB,2013J,High,7.26,102.0,88.73,11.0,7.0,0,Withdrawn
625218,CCC,2014J,High,7.26,32.0,88.86,7.0,5.0,0,Withdrawn
684526,FFF,2014J,High,7.26,1826.0,89.0,6.0,70.0,0,Withdrawn
276925,BBB,2013J,High,7.26,495.0,74.67,12.0,40.0,0,Withdrawn
627367,DDD,2014B,High,7.26,830.0,79.57,7.0,54.0,0,Withdrawn
596676,EEE,2013J,High,7.26,963.0,95.0,2.0,59.0,0,Withdrawn
573093,CCC,2014J,High,7.26,305.0,77.15,13.0,24.0,0,Withdrawn
588884,DDD,2013J,High,7.26,947.0,79.67,6.0,105.0,0,Withdrawn
2128283,FFF,2013J,High,7.26,2188.0,73.67,12.0,62.0,0,Withdrawn
628677,EEE,2014B,High,7.26,1719.0,85.5,2.0,66.0,0,Withdrawn
2367058,CCC,2014J,High,7.26,45.0,94.67,6.0,11.0,1,Withdrawn
988019,FFF,2013B,High,7.26,1627.0,74.42,12.0,103.0,0,Withdrawn
609396,FFF,2013J,High,7.26,1195.0,96.0,2.0,45.0,0,Withdrawn
592262,BBB,2014J,High,7.26,192.0,100.0,1.0,16.0,1,Withdrawn
595342,DDD,2014B,High,7.26,696.0,84.5,4.0,66.0,0,Withdrawn
49119,DDD,2014B,High,7.26,254.0,84.91,11.0,28.0,0,Withdrawn
611405,EEE,2013J,High,7.25,326.0,93.0,4.0,9.0,0,Withdrawn
973526,CCC,2014J,High,7.25,680.0,93.5,2.0,15.0,0,Withdrawn
627307,CCC,2014B,High,7.25,198.0,79.42,12.0,17.0,0,Withdrawn
446778,CCC,2014J,High,7.25,599.0,86.0,8.0,55.0,0,Withdrawn
605180,EEE,2013J,High,7.25,830.0,70.06,18.0,42.0,0,Withdrawn
191000,EEE,2013J,High,7.25,1053.0,82.67,6.0,50.0,0,Withdrawn
52899,BBB,2013B,High,7.25,928.0,81.8,10.0,24.0,0,Withdrawn
573166,CCC,2014B,High,7.25,469.0,77.31,16.0,31.0,0,Withdrawn
2103552,FFF,2014J,High,7.25,2923.0,68.25,4.0,158.0,0,Withdrawn
2578704,BBB,2014B,High,7.25,851.0,90.33,3.0,56.0,0,Withdrawn
632691,CCC,2014B,High,7.25,1211.0,71.13,15.0,50.0,0,Withdrawn
2182333,CCC,2014J,High,7.25,123.0,88.33,12.0,5.0,0,Withdrawn
357851,FFF,2013J,High,7.24,2352.0,84.12,8.0,66.0,1,Withdrawn
618649,CCC,2014B,High,7.24,0.0,76.19,16.0,0.0,0,Withdrawn
2316717,FFF,2014J,High,7.24,1899.0,91.6,5.0,69.0,0,Withdrawn
544271,CCC,2014J,High,7.24,0.0,86.58,12.0,0.0,0,Withdrawn
420673,FFF,2013B,High,7.24,5747.0,81.4,5.0,90.0,1,Withdrawn
599084,CCC,2014J,High,7.24,654.0,100.0,1.0,22.0,0,Withdrawn
136944,FFF,2014B,High,7.24,321.0,83.58,13.0,25.0,0,Withdrawn
585769,EEE,2014J,High,7.24,390.0,86.64,11.0,36.0,1,Withdrawn
421070,FFF,2013J,High,7.24,664.0,94.0,4.0,49.0,0,Withdrawn
580425,FFF,2014B,High,7.24,2199.0,90.33,3.0,71.0,1,Withdrawn
1986370,DDD,2014B,High,7.24,1457.0,72.75,4.0,107.0,0,Withdrawn
634164,BBB,2014B,High,7.24,713.0,86.14,7.0,47.0,0,Withdrawn
585825,FFF,2013J,High,7.24,1083.0,81.71,7.0,57.0,0,Withdrawn
546439,FFF,2013B,High,7.24,1716.0,90.57,7.0,45.0,0,Withdrawn
620897,CCC,2014J,High,7.24,964.0,92.75,8.0,33.0,1,Withdrawn
1681946,CCC,2014J,High,7.24,671.0,93.25,4.0,33.0,0,Withdrawn
683640,EEE,2014J,High,7.24,638.0,94.5,2.0,30.0,0,Withdrawn
646807,FFF,2014J,High,7.24,1800.0,85.67,6.0,65.0,0,Withdrawn
584468,CCC,2014B,High,7.24,207.0,87.75,12.0,21.0,0,Withdrawn
84605,DDD,2013J,High,7.24,806.0,85.38,8.0,52.0,0,Withdrawn
628720,CCC,2014J,High,7.24,180.0,77.86,14.0,7.0,0,Withdrawn
590541,DDD,2013J,High,7.23,239.0,94.43,7.0,13.0,0,Withdrawn
556404,FFF,2013B,High,7.23,1410.0,90.33,3.0,35.0,0,Withdrawn
424014,BBB,2013J,High,7.23,7.0,88.73,11.0,1.0,1,Withdrawn
639234,FFF,2014J,High,7.23,2377.0,83.0,7.0,79.0,0,Withdrawn
77998,FFF,2013B,High,7.23,511.0,75.67,18.0,45.0,1,Withdrawn
549288,BBB,2014J,High,7.23,54.0,100.0,1.0,8.0,0,Withdrawn
2166000,CCC,2014J,High,7.23,1782.0,80.0,4.0,69.0,0,Withdrawn
500507,BBB,2013B,High,7.23,947.0,79.25,8.0,65.0,0,Withdrawn
1913872,DDD,2013B,High,7.23,1059.0,60.08,13.0,107.0,0,Withdrawn
629928,FFF,2014B,High,7.23,5645.0,82.0,4.0,83.0,0,Withdrawn
621696,CCC,2014B,High,7.23,0.0,74.24,21.0,0.0,0,Withdrawn
622686,CCC,2014J,High,7.23,93.0,87.17,12.0,7.0,0,Withdrawn
139190,CCC,2014B,High,7.23,199.0,86.08,12.0,12.0,0,Withdrawn
412304,CCC,2014J,High,7.23,506.0,100.0,1.0,31.0,0,Withdrawn
123598,CCC,2014B,High,7.23,546.0,77.43,14.0,36.0,0,Withdrawn
623511,CCC,2014B,High,7.23,10.0,96.17,6.0,1.0,0,Withdrawn
585050,FFF,2013J,High,7.23,5024.0,79.5,4.0,84.0,0,Withdrawn
537622,CCC,2014B,High,7.22,126.0,89.93,15.0,11.0,0,Withdrawn
611235,DDD,2014J,High,7.22,302.0,89.25,4.0,39.0,0,Withdrawn
2615169,DDD,2013J,High,7.22,1857.0,62.55,11.0,139.0,0,Withdrawn
234740,CCC,2014B,High,7.22,683.0,80.94,17.0,32.0,0,Withdrawn
689436,CCC,2014J,High,7.22,236.0,99.0,2.0,38.0,0,Withdrawn
1621041,FFF,2013J,High,7.22,1916.0,88.33,3.0,77.0,0,Withdrawn
626296,CCC,2014B,High,7.22,0.0,82.62,13.0,0.0,0,Withdrawn
252652,BBB,2013B,High,7.22,0.0,83.93,15.0,0.0,0,Withdrawn
549792,FFF,2013B,High,7.22,851.0,70.24,17.0,36.0,0,Withdrawn
696324,DDD,2014J,High,7.22,131.0,84.67,9.0,28.0,0,Withdrawn
407453,CCC,2014B,High,7.22,2029.0,75.0,6.0,117.0,0,Withdrawn
622597,DDD,2014J,High,7.22,941.0,91.6,5.0,52.0,0,Withdrawn
634139,CCC,2014B,High,7.22,0.0,82.67,12.0,0.0,0,Withdrawn
625527,CCC,2014B,High,7.22,1491.0,74.44,9.0,67.0,0,Withdrawn
528290,CCC,2014J,High,7.21,658.0,97.0,2.0,30.0,0,Withdrawn
595514,CCC,2014B,High,7.21,3195.0,59.0,10.0,94.0,0,Withdrawn
682276,FFF,2014J,High,7.21,1346.0,84.25,4.0,73.0,0,Withdrawn
475149,CCC,2014B,High,7.21,396.0,80.33,12.0,19.0,0,Withdrawn
657209,EEE,2014J,High,7.21,1680.0,94.33,3.0,73.0,0,Withdrawn
2375144,BBB,2013B,High,7.21,2108.0,87.33,3.0,48.0,0,Withdrawn
687498,EEE,2014J,High,7.21,395.0,98.0,1.0,34.0,0,Withdrawn
544745,FFF,2013J,High,7.21,1347.0,86.1,10.0,52.0,0,Withdrawn
570004,FFF,2013J,High,7.21,1708.0,72.27,11.0,75.0,0,Withdrawn
514773,DDD,2013B,High,7.21,581.0,86.0,6.0,47.0,0,Withdrawn
632376,EEE,2014B,High,7.21,406.0,99.0,1.0,16.0,0,Withdrawn
325750,FFF,2013J,High,7.21,1567.0,67.05,22.0,44.0,1,Withdrawn
509150,CCC,2014J,High,7.21,1649.0,89.5,4.0,60.0,0,Withdrawn
620819,CCC,2014J,High,7.21,332.0,82.31,13.0,17.0,0,Withdrawn
2487785,BBB,2013J,High,7.21,0.0,89.89,9.0,0.0,0,Withdrawn
696324,CCC,2014J,High,7.21,530.0,84.67,9.0,21.0,0,Withdrawn
599639,BBB,2013J,High,7.21,806.0,82.8,5.0,60.0,0,Withdrawn
148993,AAA,2013J,High,7.21,1864.0,79.5,8.0,106.0,0,Withdrawn
595553,CCC,2014J,High,7.21,730.0,91.0,7.0,41.0,0,Withdrawn
1947911,CCC,2014B,High,7.21,1351.0,82.0,3.0,75.0,0,Withdrawn
2681198,CCC,2014J,High,7.21,634.0,57.91,22.0,79.0,1,Withdrawn
560496,FFF,2013J,High,7.21,0.0,84.06,16.0,0.0,1,Withdrawn
387364,DDD,2014J,High,7.21,2175.0,59.83,6.0,165.0,0,Withdrawn
589856,EEE,2013J,High,7.21,834.0,89.5,4.0,34.0,0,Withdrawn
592815,BBB,2013J,High,7.21,773.0,84.44,9.0,94.0,0,Withdrawn
581011,EEE,2013J,High,7.21,1139.0,89.0,2.0,70.0,0,Withdrawn
494896,BBB,2013J,High,7.21,80.0,84.6,10.0,9.0,0,Withdrawn
577533,FFF,2013J,High,7.21,1255.0,77.38,16.0,40.0,0,Withdrawn
596002,EEE,2013J,High,7.2,1425.0,86.25,4.0,59.0,0,Withdrawn
646006,DDD,2014J,High,7.2,1940.0,78.6,5.0,96.0,0,Withdrawn
597359,FFF,2014B,High,7.2,1847.0,84.0,3.0,103.0,0,Withdrawn
685100,FFF,2014J,High,7.2,800.0,94.5,2.0,37.0,0,Withdrawn
655152,BBB,2014J,High,7.2,119.0,100.0,1.0,17.0,0,Withdrawn
1559964,CCC,2014J,High,7.2,21.0,93.17,12.0,2.0,0,Withdrawn
542550,FFF,2013B,High,7.2,1810.0,82.67,11.0,99.0,0,Withdrawn
620897,CCC,2014B,High,7.2,599.0,92.75,8.0,34.0,0,Withdrawn
645847,EEE,2014J,High,7.2,1220.0,90.0,3.0,71.0,0,Withdrawn
627618,DDD,2014J,High,7.2,483.0,85.6,5.0,64.0,0,Withdrawn
590593,BBB,2014J,High,7.2,348.0,90.2,10.0,21.0,0,Withdrawn
555440,FFF,2013J,High,7.2,4874.0,76.71,7.0,93.0,0,Withdrawn
609422,BBB,2013J,High,7.2,288.0,84.33,9.0,30.0,0,Withdrawn
268649,FFF,2014B,High,7.2,1619.0,85.6,5.0,81.0,0,Withdrawn
2336922,DDD,2013J,High,7.2,498.0,87.57,7.0,26.0,0,Withdrawn
439855,CCC,2014J,High,7.2,292.0,87.8,10.0,21.0,0,Withdrawn
648321,CCC,2014J,High,7.2,876.0,83.33,12.0,57.0,0,Withdrawn
679676,FFF,2014J,High,7.2,3548.0,74.38,8.0,73.0,0,Withdrawn
437971,EEE,2014B,High,7.19,736.0,96.0,1.0,45.0,0,Withdrawn
322641,EEE,2014J,High,7.19,628.0,85.25,8.0,51.0,0,Withdrawn
2022801,BBB,2013J,High,7.19,0.0,85.73,11.0,0.0,0,Withdrawn
548415,FFF,2013B,High,7.19,2801.0,95.67,3.0,53.0,0,Withdrawn
605459,CCC,2014J,High,7.19,219.0,75.64,14.0,27.0,0,Withdrawn
446397,EEE,2013J,High,7.19,1444.0,87.0,4.0,57.0,0,Withdrawn
408499,FFF,2014J,High,7.19,1400.0,88.5,4.0,49.0,0,Withdrawn
588033,CCC,2014J,High,7.19,579.0,86.25,12.0,37.0,0,Withdrawn
492579,BBB,2014J,High,7.19,240.0,100.0,1.0,15.0,0,Withdrawn
674430,CCC,2014J,High,7.19,1391.0,81.83,6.0,59.0,0,Withdrawn
371679,DDD,2013J,High,7.18,228.0,80.62,13.0,30.0,0,Withdrawn
2681198,DDD,2013J,High,7.18,1164.0,57.91,22.0,89.0,2,Withdrawn
655322,DDD,2014J,High,7.18,1294.0,86.25,4.0,90.0,0,Withdrawn
679431,EEE,2014J,High,7.18,14.0,97.89,9.0,3.0,0,Withdrawn
588261,CCC,2014J,High,7.18,5.0,90.75,12.0,2.0,0,Withdrawn
572584,CCC,2014J,High,7.18,1504.0,74.53,15.0,33.0,0,Withdrawn
601286,DDD,2013J,High,7.18,1410.0,87.33,3.0,61.0,0,Withdrawn
565653,FFF,2013J,High,7.18,2501.0,77.4,10.0,95.0,0,Withdrawn
422697,CCC,2014J,High,7.18,510.0,83.53,15.0,37.0,0,Withdrawn
581410,CCC,2014J,High,7.18,489.0,80.07,15.0,27.0,0,Withdrawn
335726,FFF,2013J,High,7.18,1374.0,93.75,4.0,36.0,1,Withdrawn
116529,FFF,2013J,High,7.18,1319.0,88.0,10.0,52.0,0,Withdrawn
1592048,DDD,2013J,High,7.18,115.0,92.75,12.0,7.0,0,Withdrawn
587881,FFF,2013J,High,7.18,2421.0,86.62,8.0,81.0,0,Withdrawn
603111,FFF,2013J,High,7.18,1890.0,68.47,15.0,56.0,0,Withdrawn
610292,FFF,2013J,High,7.18,1592.0,87.4,5.0,66.0,0,Withdrawn
289618,FFF,2013B,High,7.18,728.0,96.33,3.0,22.0,0,Withdrawn
2561811,DDD,2013J,High,7.18,927.0,78.0,11.0,57.0,0,Withdrawn
625476,CCC,2014B,High,7.17,1796.0,75.44,9.0,80.0,0,Withdrawn
526810,BBB,2013J,High,7.17,801.0,88.86,7.0,52.0,0,Withdrawn
580657,CCC,2014J,High,7.17,265.0,80.36,14.0,22.0,0,Withdrawn
560335,BBB,2013B,High,7.17,1317.0,80.33,6.0,51.0,0,Withdrawn
80329,CCC,2014B,High,7.17,172.0,75.94,16.0,21.0,0,Withdrawn
2214722,GGG,2014J,High,7.17,410.0,92.17,6.0,21.0,0,Withdrawn
1532840,CCC,2014J,High,7.17,830.0,83.93,14.0,39.0,0,Withdrawn
134847,FFF,2013J,High,7.17,395.0,89.5,14.0,8.0,0,Withdrawn
571540,BBB,2013J,High,7.17,0.0,88.8,10.0,0.0,0,Withdrawn
404170,FFF,2013B,High,7.17,983.0,77.0,17.0,38.0,0,Withdrawn
84299,CCC,2014B,High,7.17,759.0,75.47,17.0,62.0,0,Withdrawn
1945240,CCC,2014J,High,7.17,700.0,69.85,20.0,56.0,1,Withdrawn
610234,CCC,2014B,High,7.17,0.0,90.15,13.0,0.0,0,Withdrawn
50263,CCC,2014B,High,7.17,425.0,76.64,14.0,31.0,0,Withdrawn
2464683,DDD,2014J,High,7.17,2046.0,68.94,16.0,77.0,1,Withdrawn
596620,CCC,2014J,High,7.17,1310.0,85.55,11.0,51.0,0,Withdrawn
649141,FFF,2014J,High,7.17,1731.0,77.3,10.0,78.0,0,Withdrawn
572154,CCC,2014J,High,7.17,983.0,72.42,19.0,53.0,1,Withdrawn
526601,CCC,2014J,High,7.17,333.0,79.15,13.0,18.0,0,Withdrawn
1951080,CCC,2014B,High,7.16,1679.0,81.8,5.0,103.0,0,Withdrawn
252652,BBB,2013J,High,7.16,285.0,83.93,15.0,28.0,1,Withdrawn
477185,CCC,2014J,High,7.16,1003.0,77.33,15.0,60.0,0,Withdrawn
622246,DDD,2014J,High,7.16,509.0,84.2,5.0,75.0,0,Withdrawn
547128,FFF,2013B,High,7.16,2013.0,79.4,15.0,62.0,0,Withdrawn
494212,BBB,2014J,High,7.16,684.0,79.09,11.0,39.0,0,Withdrawn
615225,CCC,2014J,High,7.16,0.0,87.25,12.0,0.0,0,Withdrawn
175772,AAA,2014J,High,7.16,3018.0,85.0,1.0,72.0,0,Withdrawn
649141,CCC,2014J,High,7.16,1029.0,77.3,10.0,75.0,0,Withdrawn
556126,FFF,2014B,High,7.16,358.0,73.74,19.0,25.0,1,Withdrawn
389759,FFF,2013B,High,7.16,1327.0,76.71,14.0,42.0,0,Withdrawn
2273256,BBB,2013J,High,7.16,887.0,86.33,3.0,61.0,0,Withdrawn
615183,DDD,2014J,High,7.16,847.0,94.33,3.0,74.0,0,Withdrawn
345083,BBB,2013J,High,7.15,1975.0,84.67,3.0,43.0,0,Withdrawn
549213,DDD,2013B,High,7.15,1011.0,88.83,6.0,81.0,0,Withdrawn
595047,BBB,2013J,High,7.15,0.0,89.45,11.0,0.0,0,Withdrawn
573697,FFF,2013J,High,7.15,1944.0,85.67,6.0,70.0,0,Withdrawn
551906,BBB,2013B,High,7.15,1165.0,81.71,7.0,67.0,0,Withdrawn
2300911,BBB,2013B,High,7.15,425.0,83.33,12.0,25.0,0,Withdrawn
558610,DDD,2013B,High,7.15,1711.0,83.3,10.0,94.0,0,Withdrawn
607453,CCC,2014B,High,7.15,0.0,81.43,21.0,0.0,0,Withdrawn
1962854,DDD,2013B,High,7.15,673.0,77.17,12.0,41.0,0,Withdrawn
585769,CCC,2014B,High,7.15,825.0,86.64,11.0,27.0,0,Withdrawn
53632,DDD,2014B,High,7.15,510.0,86.56,9.0,34.0,1,Withdrawn
599663,CCC,2014J,High,7.15,479.0,80.88,16.0,41.0,0,Withdrawn
475619,DDD,2013B,High,7.15,1731.0,79.22,9.0,85.0,0,Withdrawn
158707,AAA,2014J,High,7.15,4746.0,74.0,3.0,98.0,0,Withdrawn
384999,DDD,2013J,High,7.15,1135.0,81.55,11.0,83.0,0,Withdrawn
654322,FFF,2014J,High,7.15,1016.0,89.56,9.0,31.0,0,Withdrawn
1945240,CCC,2014B,High,7.14,778.0,69.85,20.0,38.0,0,Withdrawn
379406,CCC,2014B,High,7.14,997.0,86.45,11.0,39.0,0,Withdrawn
2563095,FFF,2013J,High,7.14,2838.0,74.92,13.0,85.0,0,Withdrawn
31014,BBB,2013J,High,7.14,531.0,90.0,5.0,47.0,0,Withdrawn
557469,FFF,2013B,High,7.14,201.0,81.07,15.0,9.0,0,Withdrawn
618662,FFF,2014B,High,7.14,2991.0,83.0,10.0,104.0,0,Withdrawn
633618,CCC,2014J,High,7.14,627.0,84.91,11.0,65.0,0,Withdrawn
2523146,DDD,2013B,High,7.14,577.0,82.3,10.0,48.0,0,Withdrawn
1612600,CCC,2014J,High,7.14,1668.0,84.33,9.0,60.0,0,Withdrawn
287526,DDD,2013B,High,7.14,737.0,89.5,6.0,52.0,1,Withdrawn
635034,CCC,2014B,High,7.14,1015.0,57.89,19.0,81.0,0,Withdrawn
921739,CCC,2014J,High,7.14,771.0,89.33,3.0,69.0,0,Withdrawn
178258,DDD,2014B,High,7.14,1671.0,80.6,5.0,113.0,0,Withdrawn
226895,DDD,2014B,High,7.13,913.0,73.8,10.0,79.0,0,Withdrawn
563230,CCC,2014J,High,7.13,364.0,90.5,6.0,41.0,0,Withdrawn
51576,CCC,2014J,High,7.13,428.0,87.06,16.0,18.0,1,Withdrawn
627711,CCC,2014B,High,7.13,880.0,93.29,7.0,46.0,0,Withdrawn
597238,FFF,2013J,High,7.13,5065.0,72.67,9.0,117.0,0,Withdrawn
690695,CCC,2014J,High,7.13,646.0,97.67,6.0,40.0,0,Withdrawn
605901,BBB,2014J,High,7.13,296.0,90.92,12.0,18.0,0,Withdrawn
2613746,CCC,2014J,High,7.13,852.0,83.18,17.0,44.0,0,Withdrawn
633026,GGG,2014B,High,7.13,464.0,90.17,6.0,31.0,0,Withdrawn
551053,BBB,2013B,High,7.13,674.0,77.25,16.0,49.0,0,Withdrawn
678860,CCC,2014J,High,7.12,1258.0,92.0,8.0,50.0,0,Withdrawn
80329,DDD,2013J,High,7.12,453.0,75.94,16.0,51.0,1,Withdrawn
1668504,CCC,2014B,High,7.12,352.0,88.77,13.0,39.0,0,Withdrawn
654392,BBB,2014J,High,7.12,1166.0,90.33,3.0,52.0,0,Withdrawn
2314761,DDD,2013J,High,7.12,751.0,78.67,9.0,70.0,0,Withdrawn
693340,CCC,2014J,High,7.12,2588.0,83.8,5.0,89.0,0,Withdrawn
697438,FFF,2014J,High,7.12,2186.0,84.38,8.0,98.0,0,Withdrawn
604164,CCC,2014B,High,7.12,1278.0,74.43,14.0,82.0,0,Withdrawn
428787,DDD,2014J,High,7.11,1704.0,86.67,3.0,82.0,1,Withdrawn
2372788,CCC,2014J,High,7.11,367.0,90.15,13.0,19.0,0,Withdrawn
136335,CCC,2014J,High,7.11,792.0,91.86,7.0,36.0,0,Withdrawn
336014,EEE,2014J,High,7.11,730.0,90.83,6.0,48.0,0,Withdrawn
2367058,CCC,2014B,High,7.11,323.0,94.67,6.0,30.0,0,Withdrawn
527619,FFF,2013J,High,7.11,1947.0,87.0,6.0,63.0,0,Withdrawn
331358,AAA,2013J,High,7.11,2376.0,84.67,6.0,45.0,0,Withdrawn
645948,CCC,2014J,High,7.11,1489.0,80.21,14.0,64.0,0,Withdrawn
611033,CCC,2014J,High,7.11,739.0,89.3,10.0,52.0,0,Withdrawn
594636,FFF,2014B,High,7.11,3666.0,60.56,16.0,114.0,0,Withdrawn
516364,BBB,2013J,High,7.1,345.0,87.09,11.0,28.0,0,Withdrawn
528515,GGG,2013J,High,7.1,1090.0,77.22,9.0,53.0,0,Withdrawn
477833,FFF,2014B,High,7.1,3220.0,66.39,18.0,72.0,0,Withdrawn
2627491,CCC,2014J,High,7.1,1123.0,91.0,2.0,74.0,0,Withdrawn
603560,CCC,2014J,High,7.1,3002.0,89.0,1.0,40.0,0,Withdrawn
2561862,CCC,2014J,High,7.1,154.0,88.08,12.0,11.0,0,Withdrawn
556492,FFF,2013J,High,7.1,50.0,79.76,18.0,8.0,1,Withdrawn
620349,FFF,2014J,High,7.09,2687.0,86.5,6.0,100.0,0,Withdrawn
629522,FFF,2014B,High,7.09,2636.0,74.08,12.0,58.0,0,Withdrawn
572154,EEE,2013J,High,7.09,1224.0,72.42,19.0,59.0,0,Withdrawn
395715,BBB,2013J,High,7.09,815.0,94.0,5.0,82.0,0,Withdrawn
617130,FFF,2014B,High,7.09,1112.0,75.86,14.0,50.0,0,Withdrawn
336014,CCC,2014J,High,7.09,602.0,90.83,6.0,55.0,0,Withdrawn
595935,FFF,2013J,High,7.09,880.0,84.75,16.0,38.0,0,Withdrawn
550545,CCC,2014J,High,7.09,715.0,77.35,17.0,55.0,1,Withdrawn
482173,DDD,2013J,High,7.09,864.0,92.78,9.0,49.0,0,Withdrawn
595746,CCC,2014J,High,7.08,73.0,96.83,12.0,4.0,0,Withdrawn
680890,CCC,2014J,High,7.08,630.0,99.33,3.0,47.0,0,Withdrawn
631075,FFF,2014B,High,7.08,1059.0,71.76,17.0,57.0,0,Withdrawn
584771,CCC,2014B,High,7.08,538.0,75.04,23.0,26.0,0,Withdrawn
616407,CCC,2014J,High,7.08,1.0,92.29,14.0,1.0,1,Withdrawn
609025,CCC,2014B,High,7.08,367.0,93.5,6.0,35.0,0,Withdrawn
634111,CCC,2014J,High,7.08,380.0,84.27,15.0,22.0,0,Withdrawn
633328,CCC,2014J,High,7.08,572.0,84.87,15.0,60.0,0,Withdrawn
172965,DDD,2014B,High,7.08,12.0,89.94,16.0,4.0,1,Withdrawn
556877,BBB,2013B,High,7.08,725.0,87.58,12.0,53.0,0,Withdrawn
631075,CCC,2014B,High,7.08,483.0,71.76,17.0,58.0,0,Withdrawn
360759,DDD,2014B,High,7.08,1593.0,87.5,4.0,79.0,0,Withdrawn
579176,CCC,2014J,High,7.07,848.0,82.47,15.0,48.0,0,Withdrawn
546654,DDD,2013B,High,7.07,0.0,84.38,16.0,0.0,0,Withdrawn
602856,CCC,2014J,High,7.07,1678.0,90.5,8.0,40.0,0,Withdrawn
582094,EEE,2014B,High,7.07,928.0,88.17,6.0,63.0,0,Withdrawn
173412,FFF,2013J,High,7.07,2013.0,85.43,14.0,59.0,0,Withdrawn
634508,DDD,2014B,High,7.07,2515.0,70.12,8.0,148.0,0,Withdrawn
51576,CCC,2014B,High,7.06,371.0,87.06,16.0,22.0,0,Withdrawn
160181,DDD,2014J,High,7.06,2746.0,66.6,5.0,146.0,0,Withdrawn
473378,DDD,2013J,High,7.06,1542.0,86.0,4.0,84.0,0,Withdrawn
2595730,DDD,2014B,High,7.06,1610.0,79.09,11.0,80.0,0,Withdrawn
335764,AAA,2013J,High,7.06,2286.0,86.88,8.0,106.0,0,Withdrawn
2480886,FFF,2014B,High,7.06,1177.0,85.23,13.0,16.0,0,Withdrawn
678860,EEE,2014J,High,7.05,2058.0,92.0,8.0,60.0,0,Withdrawn
173004,DDD,2013B,High,7.05,1427.0,60.85,20.0,99.0,0,Withdrawn
2198970,DDD,2013J,High,7.05,1626.0,79.12,8.0,117.0,0,Withdrawn
685860,FFF,2014J,High,7.05,1357.0,92.57,7.0,54.0,0,Withdrawn
626022,EEE,2014B,High,7.05,2888.0,84.75,4.0,120.0,0,Withdrawn
180974,FFF,2013B,High,7.05,1257.0,77.24,17.0,77.0,0,Withdrawn
2602542,FFF,2014B,High,7.05,153.0,93.67,12.0,3.0,1,Withdrawn
2668106,DDD,2014B,High,7.05,672.0,86.25,12.0,73.0,0,Withdrawn
626386,BBB,2014B,High,7.05,876.0,93.0,6.0,69.0,0,Withdrawn
2026075,FFF,2014J,High,7.04,3396.0,75.5,8.0,112.0,0,Withdrawn
483371,BBB,2013B,High,7.04,1051.0,81.11,9.0,100.0,0,Withdrawn
499865,DDD,2014J,High,7.04,1929.0,83.5,4.0,107.0,1,Withdrawn
584443,CCC,2014J,High,7.04,941.0,95.71,7.0,27.0,0,Withdrawn
614059,FFF,2014B,High,7.04,66.0,76.1,20.0,9.0,0,Withdrawn
2683857,FFF,2013J,High,7.03,1235.0,80.38,16.0,37.0,0,Withdrawn
340831,FFF,2014J,High,7.03,320.0,85.83,18.0,34.0,0,Withdrawn
172965,DDD,2013J,High,7.03,0.0,89.94,16.0,0.0,0,Withdrawn
549913,DDD,2013B,High,7.03,1515.0,74.0,11.0,149.0,0,Withdrawn
53709,FFF,2013B,High,7.03,1735.0,79.0,19.0,52.0,0,Withdrawn
234661,FFF,2013B,High,7.03,600.0,86.43,14.0,18.0,0,Withdrawn
498898,FFF,2013J,High,7.03,6315.0,76.44,9.0,95.0,0,Withdrawn
603639,CCC,2014B,High,7.03,2091.0,85.38,8.0,72.0,0,Withdrawn
494046,FFF,2013J,High,7.03,1736.0,81.4,15.0,57.0,0,Withdrawn
556126,FFF,2013B,High,7.03,847.0,73.74,19.0,41.0,0,Withdrawn
685860,CCC,2014J,High,7.03,984.0,92.57,7.0,51.0,0,Withdrawn
2034350,BBB,2013B,High,7.02,3405.0,87.0,1.0,49.0,0,Withdrawn
585998,DDD,2013J,High,7.02,1211.0,89.56,9.0,71.0,0,Withdrawn
420344,DDD,2014J,High,7.02,1664.0,84.75,4.0,116.0,0,Withdrawn
339824,CCC,2014J,High,7.02,408.0,80.38,16.0,33.0,0,Withdrawn
535671,FFF,2013J,High,7.02,1296.0,84.38,16.0,35.0,0,Withdrawn
2039810,DDD,2013J,High,7.01,714.0,83.64,11.0,63.0,0,Withdrawn
632447,BBB,2014B,High,7.01,3736.0,66.0,5.0,97.0,0,Withdrawn
410886,CCC,2014B,High,7.01,433.0,80.69,16.0,22.0,0,Withdrawn
581235,BBB,2013J,High,7.01,738.0,81.2,10.0,70.0,0,Withdrawn
618744,FFF,2014B,High,7.01,4145.0,98.0,3.0,64.0,0,Withdrawn
588178,CCC,2014J,High,7.01,1912.0,88.36,11.0,55.0,0,Withdrawn
522082,FFF,2013J,High,7.01,2127.0,75.3,20.0,98.0,0,Withdrawn
586516,BBB,2013J,High,7.0,2573.0,86.43,7.0,36.0,0,Withdrawn
568596,CCC,2014J,High,7.0,1012.0,100.0,3.0,83.0,0,Withdrawn
444619,FFF,2013J,High,7.0,430.0,92.36,14.0,22.0,0,Withdrawn
634578,EEE,2014B,High,7.0,1440.0,91.43,7.0,83.0,0,Withdrawn
634578,CCC,2014B,High,7.0,1486.0,91.43,7.0,73.0,0,Withdrawn
549626,DDD,2014J,High,7.0,372.0,85.19,16.0,50.0,0,Withdrawn
358075,CCC,2014B,High,6.99,322.0,67.58,24.0,35.0,0,Withdrawn
1340760,CCC,2014J,High,6.99,517.0,83.69,13.0,68.0,0,Withdrawn
2697921,DDD,2013J,High,6.99,0.0,74.38,24.0,0.0,0,Withdrawn
632866,CCC,2014J,High,6.99,2205.0,87.62,8.0,60.0,0,Withdrawn
348790,DDD,2013B,High,6.99,1694.0,90.33,6.0,81.0,0,Withdrawn
2273828,BBB,2014B,High,6.99,652.0,96.55,11.0,38.0,1,Withdrawn
492557,FFF,2013J,High,6.99,2097.0,72.3,20.0,101.0,1,Withdrawn
610285,CCC,2014J,High,6.99,482.0,96.0,10.0,32.0,0,Withdrawn
624610,DDD,2014B,High,6.99,1741.0,84.4,5.0,111.0,0,Withdrawn
48635,CCC,2014J,High,6.99,592.0,86.46,13.0,21.0,0,Withdrawn
240755,DDD,2013B,High,6.99,592.0,78.86,14.0,64.0,0,Withdrawn
600175,CCC,2014J,High,6.98,1185.0,82.07,14.0,37.0,0,Withdrawn
572213,FFF,2013J,High,6.98,551.0,81.44,16.0,32.0,0,Withdrawn
549424,DDD,2013J,High,6.98,37.0,89.75,16.0,6.0,1,Withdrawn
2232218,DDD,2013B,High,6.97,1345.0,79.29,14.0,111.0,0,Withdrawn
629182,FFF,2014B,High,6.97,2184.0,77.47,17.0,59.0,0,Withdrawn
539328,CCC,2014B,High,6.96,4280.0,54.15,20.0,149.0,0,Withdrawn
2667478,FFF,2014B,High,6.96,213.0,92.69,13.0,15.0,0,Withdrawn
547332,CCC,2014B,High,6.95,2159.0,98.67,3.0,101.0,0,Withdrawn
615426,FFF,2014B,High,6.95,2621.0,92.86,7.0,75.0,0,Withdrawn
340831,BBB,2013B,High,6.95,421.0,85.83,18.0,48.0,0,Withdrawn
1624025,DDD,2014B,High,6.95,1403.0,85.9,10.0,55.0,0,Withdrawn
626417,CCC,2014B,High,6.95,373.0,81.83,18.0,24.0,0,Withdrawn
1591864,DDD,2014B,High,6.94,1979.0,75.08,13.0,119.0,0,Withdrawn
434476,FFF,2013B,High,6.94,5375.0,77.87,15.0,113.0,1,Withdrawn
622096,CCC,2014J,High,6.94,443.0,85.13,15.0,29.0,0,Withdrawn
481169,CCC,2014J,High,6.94,7551.0,64.57,7.0,91.0,0,Withdrawn
539922,FFF,2013B,High,6.94,3519.0,73.4,15.0,102.0,0,Withdrawn
434002,DDD,2014B,High,6.94,1031.0,94.5,10.0,76.0,0,Withdrawn
572168,EEE,2013J,High,6.94,2230.0,92.67,6.0,95.0,0,Withdrawn
539945,FFF,2013J,High,6.93,931.0,84.12,16.0,27.0,0,Withdrawn
43958,FFF,2013J,High,6.93,2220.0,83.64,11.0,74.0,0,Withdrawn
629692,CCC,2014B,High,6.93,189.0,88.0,21.0,3.0,0,Withdrawn
2599883,DDD,2014J,High,6.93,0.0,91.14,21.0,0.0,0,Withdrawn
552395,FFF,2013B,High,6.93,2815.0,70.5,24.0,103.0,0,Withdrawn
503878,BBB,2013B,High,6.92,584.0,84.75,16.0,63.0,0,Withdrawn
628846,FFF,2014B,High,6.91,2644.0,74.07,15.0,108.0,0,Withdrawn
632942,CCC,2014J,High,6.91,1953.0,95.67,3.0,81.0,0,Withdrawn
492895,BBB,2014B,High,6.91,1759.0,94.0,4.0,57.0,0,Withdrawn
2545113,DDD,2013B,High,6.91,1128.0,82.47,15.0,81.0,1,Withdrawn
569712,CCC,2014B,High,6.91,1123.0,88.2,15.0,39.0,0,Withdrawn
620369,CCC,2014B,High,6.9,2238.0,71.6,20.0,83.0,0,Withdrawn
697998,CCC,2014J,High,6.9,1473.0,78.88,16.0,41.0,0,Withdrawn
601706,BBB,2013J,High,6.9,839.0,91.0,10.0,59.0,0,Withdrawn
568370,BBB,2013J,High,6.89,2002.0,83.69,13.0,71.0,0,Withdrawn
684981,FFF,2014J,High,6.89,4840.0,91.56,9.0,123.0,0,Withdrawn
556492,FFF,2013B,High,6.89,1497.0,79.76,18.0,40.0,0,Withdrawn
628029,CCC,2014B,High,6.89,1090.0,90.12,8.0,89.0,0,Withdrawn
152320,DDD,2014B,High,6.89,1829.0,75.55,11.0,105.0,0,Withdrawn
631446,GGG,2014B,High,6.89,320.0,87.47,15.0,22.0,0,Withdrawn
560496,FFF,2013B,High,6.88,2048.0,84.06,16.0,65.0,0,Withdrawn
2619184,FFF,2013J,High,6.88,5162.0,90.8,5.0,79.0,0,Withdrawn
470331,BBB,2014B,High,6.88,2406.0,83.1,10.0,100.0,0,Withdrawn
516770,FFF,2013J,High,6.88,4135.0,87.82,17.0,82.0,1,Withdrawn
2339150,DDD,2013J,High,6.87,0.0,0.0,0.0,0.0,4,Fail
601735,CCC,2014J,High,6.87,1625.0,81.56,16.0,86.0,0,Withdrawn
2340190,BBB,2013B,High,6.86,5.0,0.0,0.0,1.0,5,Fail
585769,CCC,2014J,High,6.86,2877.0,86.64,11.0,90.0,1,Withdrawn
530196,FFF,2014B,High,6.86,4700.0,82.0,16.0,54.0,0,Withdrawn
423386,DDD,2013B,High,6.86,1569.0,86.4,10.0,106.0,0,Withdrawn
610455,FFF,2013J,High,6.86,2594.0,93.11,9.0,73.0,0,Withdrawn
506650,BBB,2013B,High,6.85,311.0,78.91,22.0,29.0,0,Withdrawn
557085,BBB,2014J,High,6.85,0.0,96.81,21.0,0.0,0,Withdrawn
585769,EEE,2013J,High,6.84,2922.0,86.64,11.0,92.0,0,Withdrawn
276265,FFF,2014B,High,6.84,3781.0,74.89,18.0,81.0,1,Withdrawn
616407,CCC,2014B,High,6.83,907.0,92.29,14.0,36.0,0,Withdrawn
562460,FFF,2013J,High,6.83,2199.0,91.88,8.0,98.0,0,Withdrawn
247940,FFF,2014B,High,6.82,75.0,0.0,0.0,3.0,5,Fail
1398979,AAA,2014J,High,6.82,5071.0,72.75,4.0,194.0,0,Withdrawn
2302925,BBB,2013B,High,6.8,3679.0,84.4,5.0,81.0,0,Withdrawn
610287,CCC,2014B,High,6.8,485.0,77.3,23.0,43.0,0,Withdrawn
557735,FFF,2013B,High,6.8,1654.0,79.63,19.0,83.0,0,Withdrawn
79378,BBB,2013B,High,6.8,0.0,0.0,0.0,0.0,4,Fail
473491,CCC,2014J,High,6.79,1608.0,89.57,14.0,83.0,0,Withdrawn
481350,CCC,2014J,High,6.78,1912.0,80.2,20.0,70.0,0,Withdrawn
406974,BBB,2013B,High,6.78,948.0,91.38,16.0,61.0,0,Withdrawn
484983,BBB,2014B,High,6.78,3233.0,86.86,7.0,74.0,1,Withdrawn
410767,DDD,2013J,High,6.77,1549.0,89.9,10.0,106.0,0,Withdrawn
134025,CCC,2014B,High,6.77,836.0,87.28,18.0,57.0,0,Withdrawn
545725,BBB,2013B,High,6.77,2402.0,85.5,8.0,141.0,0,Withdrawn
577196,DDD,2013J,High,6.77,1845.0,91.0,12.0,85.0,0,Withdrawn
524137,DDD,2013B,High,6.76,2452.0,79.85,13.0,144.0,0,Withdrawn
631860,CCC,2014J,High,6.76,688.0,98.29,14.0,26.0,0,Withdrawn
269575,DDD,2014J,High,6.73,2067.0,94.0,6.0,124.0,0,Withdrawn
397894,DDD,2014J,High,6.73,3778.0,79.75,4.0,184.0,0,Withdrawn
625330,FFF,2014J,High,6.73,3005.0,86.88,17.0,81.0,0,Withdrawn
228543,DDD,2013B,High,6.73,0.0,0.0,0.0,0.0,4,Fail
320764,FFF,2013B,High,6.73,0.0,0.0,0.0,0.0,3,Fail
376868,BBB,2014B,High,6.72,21.0,0.0,0.0,2.0,4,Fail
555837,BBB,2013B,High,6.71,9420.0,42.86,7.0,147.0,0,Withdrawn
550545,CCC,2014B,High,6.71,2638.0,77.35,17.0,98.0,0,Withdrawn
2273828,BBB,2013B,High,6.71,1470.0,96.55,11.0,88.0,0,Withdrawn
537322,FFF,2014B,High,6.7,859.0,82.0,24.0,45.0,0,Withdrawn
592450,FFF,2013J,High,6.7,5955.0,85.89,9.0,114.0,0,Withdrawn
592731,CCC,2014J,High,6.7,3549.0,99.0,2.0,113.0,0,Withdrawn
264589,FFF,2014J,High,6.69,33.0,0.0,0.0,3.0,4,Fail
516843,DDD,2013B,High,6.69,2393.0,91.75,8.0,115.0,0,Withdrawn
630274,BBB,2014J,High,6.67,0.0,0.0,0.0,0.0,1,Fail
577352,EEE,2014B,High,6.67,0.0,0.0,0.0,0.0,1,Fail
582629,FFF,2014B,High,6.67,0.0,0.0,0.0,0.0,1,Fail
511109,DDD,2013B,High,6.67,0.0,0.0,0.0,0.0,1,Fail
443452,BBB,2013B,High,6.67,0.0,0.0,0.0,0.0,1,Fail
559902,FFF,2013J,High,6.67,0.0,0.0,0.0,0.0,1,Fail
2710343,DDD,2014B,High,6.67,0.0,0.0,0.0,0.0,1,Fail
494304,BBB,2013B,High,6.67,0.0,0.0,0.0,0.0,1,Fail
162646,BBB,2013J,High,6.67,0.0,0.0,0.0,0.0,1,Fail
122524,BBB,2013B,High,6.67,0.0,0.0,0.0,0.0,2,Fail
2485856,DDD,2014B,High,6.67,0.0,0.0,0.0,0.0,2,Fail
434094,BBB,2013B,High,6.67,0.0,0.0,0.0,0.0,1,Fail
517175,BBB,2013B,High,6.66,11.0,0.0,0.0,2.0,1,Fail
583687,GGG,2014B,High,6.66,1.0,0.0,0.0,1.0,1,Fail
501922,FFF,2013J,High,6.66,13.0,0.0,0.0,2.0,1,Fail
495786,BBB,2014J,High,6.66,11.0,0.0,0.0,1.0,1,Fail
476859,BBB,2013B,High,6.66,11.0,0.0,0.0,2.0,1,Fail
544050,BBB,2014B,High,6.66,4.0,0.0,0.0,1.0,2,Fail
584632,BBB,2014B,High,6.66,10.0,0.0,0.0,2.0,1,Fail
505333,FFF,2013B,High,6.66,80.0,0.0,0.0,3.0,1,Fail
597321,BBB,2014B,High,6.66,6.0,0.0,0.0,1.0,1,Fail
443055,DDD,2013B,High,6.66,287.0,0.0,0.0,15.0,2,Fail
444063,DDD,2013J,High,6.66,4.0,0.0,0.0,2.0,1,Fail
2133242,DDD,2013B,High,6.65,4267.0,78.31,13.0,178.0,0,Withdrawn
435803,BBB,2013B,High,6.65,29.0,0.0,0.0,3.0,1,Fail
616407,EEE,2014B,High,6.65,1739.0,92.29,14.0,82.0,0,Withdrawn
544430,BBB,2014B,High,6.65,66.0,0.0,0.0,3.0,1,Fail
2690136,BBB,2014B,High,6.65,34.0,0.0,0.0,3.0,3,Fail
549601,DDD,2013J,High,6.65,3166.0,96.75,4.0,159.0,0,Withdrawn
379983,BBB,2013J,High,6.65,50.0,0.0,0.0,5.0,1,Fail
575520,BBB,2013J,High,6.65,2019.0,100.0,5.0,143.0,0,Withdrawn
497607,BBB,2013B,High,6.65,53.0,0.0,0.0,3.0,1,Fail
620824,FFF,2014J,High,6.65,16.0,0.0,0.0,4.0,1,Fail
524496,BBB,2013J,High,6.64,111.0,0.0,0.0,5.0,1,Fail
1948159,FFF,2013J,High,6.64,3194.0,94.93,15.0,87.0,0,Withdrawn
343053,FFF,2013B,High,6.63,92.0,0.0,0.0,10.0,3,Fail
517349,FFF,2013B,High,6.63,2368.0,78.09,22.0,130.0,0,Withdrawn
515070,FFF,2013B,High,6.62,191.0,0.0,0.0,13.0,1,Fail
349182,DDD,2013J,High,6.62,130.0,0.0,0.0,12.0,2,Fail
184583,BBB,2014J,High,6.62,152.0,0.0,0.0,9.0,3,Fail
610287,EEE,2014B,High,6.62,1619.0,77.3,23.0,76.0,0,Withdrawn
574580,EEE,2014B,High,6.61,273.0,0.0,0.0,11.0,1,Fail
92312,DDD,2013J,High,6.61,39.0,0.0,0.0,6.0,3,Fail
561734,DDD,2013B,High,6.61,1478.0,82.15,20.0,125.0,0,Withdrawn
532317,BBB,2013B,High,6.6,0.0,0.0,0.0,0.0,0,Fail
525854,DDD,2013B,High,6.6,0.0,0.0,0.0,0.0,1,Fail
271168,FFF,2013B,High,6.6,0.0,0.0,0.0,0.0,1,Fail
363273,FFF,2013J,High,6.6,8.0,0.0,0.0,1.0,0,Fail
644967,FFF,2014J,High,6.6,2.0,0.0,0.0,1.0,0,Fail
2498182,BBB,2013B,High,6.6,0.0,0.0,0.0,0.0,0,Fail
516776,BBB,2013B,High,6.6,10.0,0.0,0.0,1.0,1,Fail
698352,BBB,2014J,High,6.6,15.0,0.0,0.0,1.0,0,Withdrawn
698717,EEE,2014J,High,6.6,0.0,0.0,0.0,0.0,0,Fail
536551,BBB,2013B,High,6.6,0.0,0.0,0.0,0.0,0,Fail
2425333,BBB,2013B,High,6.6,0.0,0.0,0.0,0.0,0,Fail
624722,BBB,2014B,High,6.6,0.0,0.0,0.0,0.0,0,Fail
353617,BBB,2014J,High,6.6,0.0,0.0,0.0,0.0,0,Fail
551504,BBB,2013B,High,6.6,0.0,0.0,0.0,0.0,0,Fail
612113,BBB,2014B,High,6.6,4.0,0.0,0.0,1.0,0,Fail
650548,BBB,2014J,High,6.6,0.0,0.0,0.0,0.0,0,Fail
553131,FFF,2013B,High,6.6,0.0,0.0,0.0,0.0,0,Fail
679332,GGG,2014J,High,6.6,11.0,0.0,0.0,1.0,0,Fail
652105,BBB,2014J,High,6.6,0.0,0.0,0.0,0.0,0,Fail
652114,BBB,2014J,High,6.6,0.0,0.0,0.0,0.0,0,Fail
2710343,DDD,2013B,High,6.6,0.0,0.0,0.0,0.0,0,Fail
646801,GGG,2014J,High,6.6,0.0,0.0,0.0,0.0,0,Fail
642590,GGG,2014J,High,6.6,5.0,0.0,0.0,1.0,0,Fail
583007,BBB,2013J,High,6.6,1.0,0.0,0.0,1.0,0,Fail
445134,DDD,2013B,High,6.6,64.0,0.0,0.0,9.0,2,Fail
511271,DDD,2013B,High,6.6,1.0,0.0,0.0,1.0,1,Fail
580314,BBB,2013J,High,6.6,6.0,0.0,0.0,1.0,0,Fail
505333,EEE,2014B,High,6.6,0.0,0.0,0.0,0.0,0,Fail
417805,FFF,2014B,High,6.6,0.0,0.0,0.0,0.0,1,Fail
333823,DDD,2014J,High,6.6,0.0,0.0,0.0,0.0,1,Fail
590604,FFF,2014B,High,6.6,5.0,0.0,0.0,1.0,1,Fail
574057,BBB,2014B,High,6.6,0.0,0.0,0.0,0.0,0,Fail
692547,BBB,2014J,High,6.6,15.0,0.0,0.0,1.0,0,Fail
629394,FFF,2014J,High,6.6,24.0,0.0,0.0,1.0,1,Withdrawn
567987,GGG,2013J,High,6.6,0.0,0.0,0.0,0.0,0,Fail
571896,GGG,2013J,High,6.6,0.0,0.0,0.0,0.0,0,Fail
634932,BBB,2014B,High,6.6,3.0,0.0,0.0,1.0,0,Fail
578520,BBB,2013J,High,6.6,0.0,0.0,0.0,0.0,0,Fail
695015,BBB,2014J,High,6.6,0.0,0.0,0.0,0.0,0,Fail
636407,FFF,2014J,High,6.6,0.0,0.0,0.0,0.0,0,Fail
634888,FFF,2014J,High,6.6,2.0,0.0,0.0,1.0,0,Fail
413248,BBB,2013J,High,6.6,0.0,0.0,0.0,0.0,0,Fail
146089,DDD,2013B,High,6.6,1.0,0.0,0.0,1.0,0,Fail
485782,BBB,2013B,High,6.6,1.0,0.0,0.0,1.0,1,Fail
474272,GGG,2013J,High,6.6,0.0,0.0,0.0,0.0,0,Fail
505503,GGG,2013J,High,6.6,1.0,0.0,0.0,1.0,0,Fail
595959,BBB,2013J,High,6.6,0.0,0.0,0.0,0.0,0,Fail
676969,BBB,2014J,High,6.6,0.0,0.0,0.0,0.0,0,Fail
573321,BBB,2013J,High,6.6,0.0,0.0,0.0,0.0,0,Fail
630435,FFF,2014B,High,6.6,0.0,0.0,0.0,0.0,0,Fail
615401,GGG,2014B,High,6.6,0.0,0.0,0.0,0.0,0,Fail
585758,EEE,2013J,High,6.6,0.0,0.0,0.0,0.0,0,Fail
178639,DDD,2013B,High,6.6,0.0,0.0,0.0,0.0,0,Fail
139455,DDD,2014B,High,6.6,115.0,0.0,0.0,7.0,2,Fail
391556,BBB,2014B,High,6.6,0.0,0.0,0.0,0.0,0,Fail
627528,BBB,2014B,High,6.6,6.0,0.0,0.0,1.0,0,Fail
609365,GGG,2014B,High,6.6,5.0,0.0,0.0,1.0,0,Fail
696569,BBB,2014J,High,6.6,0.0,0.0,0.0,0.0,0,Fail
2625752,BBB,2014B,High,6.6,0.0,0.0,0.0,0.0,1,Fail
557865,BBB,2013B,High,6.6,0.0,0.0,0.0,0.0,0,Fail
2002057,GGG,2013J,High,6.6,0.0,0.0,0.0,0.0,0,Fail
501862,BBB,2013J,High,6.6,5.0,0.0,0.0,1.0,0,Fail
504190,FFF,2013B,High,6.6,3.0,0.0,0.0,1.0,1,Fail
598315,BBB,2013J,High,6.6,0.0,0.0,0.0,0.0,0,Fail
520265,FFF,2014J,High,6.6,2.0,0.0,0.0,1.0,0,Fail
683536,BBB,2014J,High,6.6,0.0,0.0,0.0,0.0,0,Withdrawn
624259,FFF,2014B,High,6.6,11.0,0.0,0.0,1.0,0,Fail
692515,BBB,2014J,High,6.6,0.0,0.0,0.0,0.0,0,Fail
357038,BBB,2013B,High,6.6,0.0,0.0,0.0,0.0,2,Fail
233461,GGG,2014B,High,6.6,0.0,0.0,0.0,0.0,0,Fail
536216,BBB,2013B,High,6.6,0.0,0.0,0.0,0.0,0,Fail
571143,BBB,2013J,High,6.6,0.0,0.0,0.0,0.0,0,Fail
612207,GGG,2014B,High,6.6,0.0,0.0,0.0,0.0,0,Fail
612459,GGG,2014B,High,6.6,0.0,0.0,0.0,0.0,0,Fail
434573,CCC,2014B,High,6.6,0.0,0.0,0.0,0.0,0,Fail
2152928,GGG,2013J,High,6.6,5.0,0.0,0.0,1.0,0,Fail
578258,FFF,2014B,High,6.6,0.0,0.0,0.0,0.0,1,Fail
636660,BBB,2014J,High,6.6,0.0,0.0,0.0,0.0,0,Withdrawn
551759,BBB,2013B,High,6.6,5.0,0.0,0.0,1.0,0,Fail
598650,DDD,2013J,High,6.6,0.0,0.0,0.0,0.0,0,Fail
1935774,DDD,2014J,High,6.6,97.0,0.0,0.0,21.0,3,Fail
630169,GGG,2014B,High,6.6,0.0,0.0,0.0,0.0,0,Fail
545247,BBB,2013J,High,6.6,0.0,0.0,0.0,0.0,0,Fail
597289,GGG,2013J,High,6.6,0.0,0.0,0.0,0.0,0,Fail
598406,GGG,2013J,High,6.6,8.0,0.0,0.0,1.0,0,Fail
622356,GGG,2014B,High,6.6,0.0,0.0,0.0,0.0,0,Fail
561311,FFF,2014J,High,6.6,36.0,0.0,0.0,1.0,0,Withdrawn
582920,DDD,2014B,High,6.6,7.0,0.0,0.0,1.0,0,Fail
596820,BBB,2013J,High,6.6,0.0,0.0,0.0,0.0,0,Fail
396028,DDD,2013J,High,6.6,7.0,0.0,0.0,1.0,2,Fail
545780,BBB,2013B,High,6.6,0.0,0.0,0.0,0.0,0,Fail
601914,GGG,2013J,High,6.6,9.0,0.0,0.0,1.0,0,Fail
577352,CCC,2014B,High,6.6,0.0,0.0,0.0,0.0,0,Fail
549904,FFF,2013B,High,6.6,6.0,0.0,0.0,1.0,0,Fail
549278,BBB,2013B,High,6.59,22.0,0.0,0.0,1.0,0,Fail
653608,EEE,2014J,High,6.59,8.0,0.0,0.0,2.0,0,Fail
618816,BBB,2014B,High,6.59,7.0,0.0,0.0,2.0,0,Fail
2546763,GGG,2014B,High,6.59,18.0,0.0,0.0,3.0,0,Fail
2652268,FFF,2014B,High,6.59,56.0,0.0,0.0,2.0,0,Fail
598547,EEE,2013J,High,6.59,13.0,0.0,0.0,2.0,0,Fail
522479,FFF,2013B,High,6.59,14.0,0.0,0.0,4.0,1,Fail
502303,EEE,2013J,High,6.59,50.0,0.0,0.0,3.0,0,Fail
581909,DDD,2014B,High,6.59,84.0,0.0,0.0,1.0,0,Fail
539426,BBB,2013J,High,6.59,22.0,0.0,0.0,2.0,1,Fail
617186,EEE,2014B,High,6.59,12.0,0.0,0.0,2.0,0,Fail
399792,BBB,2013B,High,6.59,200.0,0.0,0.0,5.0,2,Fail
576141,GGG,2013J,High,6.59,22.0,0.0,0.0,2.0,0,Fail
633231,BBB,2014B,High,6.59,8.0,0.0,0.0,2.0,0,Fail
1527616,FFF,2013J,High,6.59,31.0,0.0,0.0,3.0,0,Fail
578781,GGG,2013J,High,6.59,10.0,0.0,0.0,2.0,0,Fail
571672,BBB,2013J,High,6.59,29.0,0.0,0.0,1.0,0,Fail
572249,EEE,2014B,High,6.59,20.0,0.0,0.0,2.0,1,Fail
146192,GGG,2014B,High,6.59,5.0,0.0,0.0,2.0,1,Fail
594774,BBB,2014B,High,6.59,18.0,0.0,0.0,1.0,1,Fail
482268,FFF,2013B,High,6.59,6.0,0.0,0.0,5.0,1,Fail
600325,GGG,2013J,High,6.59,13.0,0.0,0.0,1.0,0,Fail
572173,BBB,2013J,High,6.59,11.0,0.0,0.0,2.0,0,Fail
602592,FFF,2013J,High,6.59,23.0,0.0,0.0,3.0,0,Fail
588713,BBB,2013J,High,6.59,9.0,0.0,0.0,3.0,0,Fail
551190,FFF,2013B,High,6.59,70.0,0.0,0.0,4.0,0,Fail
568422,DDD,2013J,High,6.59,12.0,0.0,0.0,3.0,0,Fail
541260,DDD,2013B,High,6.59,23.0,0.0,0.0,2.0,0,Fail
91164,FFF,2013B,High,6.59,21.0,0.0,0.0,2.0,0,Fail
589749,FFF,2013J,High,6.59,26.0,0.0,0.0,3.0,0,Fail
434573,EEE,2013J,High,6.59,6.0,0.0,0.0,2.0,0,Fail
544279,FFF,2013B,High,6.59,14.0,0.0,0.0,4.0,0,Fail
169700,DDD,2013J,High,6.59,32.0,0.0,0.0,3.0,0,Fail
617186,CCC,2014B,High,6.59,10.0,0.0,0.0,2.0,0,Fail
579486,BBB,2014J,High,6.59,13.0,0.0,0.0,4.0,1,Fail
524598,BBB,2013B,High,6.59,4.0,0.0,0.0,2.0,0,Fail
613051,BBB,2013J,High,6.59,32.0,0.0,0.0,2.0,0,Fail
627094,BBB,2014B,High,6.59,51.0,0.0,0.0,2.0,0,Fail
629696,CCC,2014B,High,6.59,1559.0,83.38,21.0,60.0,0,Withdrawn
2588467,FFF,2013J,High,6.59,55.0,0.0,0.0,4.0,0,Fail
620440,CCC,2014B,High,6.59,6.0,0.0,0.0,4.0,0,Fail
587308,FFF,2013J,High,6.59,16.0,0.0,0.0,5.0,0,Fail
478317,BBB,2013B,High,6.59,3637.0,72.47,20.0,160.0,1,Withdrawn
388323,FFF,2013B,High,6.59,13.0,0.0,0.0,2.0,1,Fail
411939,FFF,2014B,High,6.59,36.0,0.0,0.0,2.0,2,Fail
693046,GGG,2014J,High,6.58,56.0,0.0,0.0,4.0,0,Fail
685282,GGG,2014J,High,6.58,43.0,0.0,0.0,5.0,0,Fail
634682,FFF,2014B,High,6.58,89.0,0.0,0.0,4.0,0,Fail
352009,BBB,2014B,High,6.58,16.0,0.0,0.0,5.0,0,Fail
583534,BBB,2013J,High,6.58,49.0,0.0,0.0,3.0,0,Fail
579718,BBB,2013J,High,6.58,37.0,0.0,0.0,4.0,0,Fail
435057,BBB,2014B,High,6.58,78.0,0.0,0.0,4.0,0,Fail
442432,FFF,2013J,High,6.58,36.0,0.0,0.0,6.0,2,Fail
527789,DDD,2013B,High,6.58,80.0,0.0,0.0,6.0,0,Fail
651087,BBB,2014J,High,6.58,71.0,0.0,0.0,4.0,0,Fail
579115,FFF,2013J,High,6.58,127.0,0.0,0.0,6.0,0,Fail
621682,FFF,2014B,High,6.58,44.0,0.0,0.0,7.0,0,Fail
26915,EEE,2013J,High,6.58,61.0,0.0,0.0,7.0,0,Fail
58077,FFF,2013J,High,6.58,37.0,0.0,0.0,5.0,1,Fail
528302,FFF,2013B,High,6.58,39.0,0.0,0.0,5.0,0,Fail
640654,GGG,2014J,High,6.58,40.0,0.0,0.0,5.0,0,Fail
515417,BBB,2013J,High,6.58,23.0,0.0,0.0,6.0,0,Fail
623015,DDD,2014B,High,6.58,46.0,0.0,0.0,6.0,0,Fail
680850,GGG,2014J,High,6.58,27.0,0.0,0.0,4.0,0,Fail
610774,FFF,2013J,High,6.58,36.0,0.0,0.0,8.0,0,Fail
537676,BBB,2013B,High,6.58,40.0,0.0,0.0,4.0,0,Fail
495786,DDD,2013B,High,6.58,55.0,0.0,0.0,4.0,0,Fail
614994,FFF,2014B,High,6.58,51.0,0.0,0.0,6.0,0,Fail
444909,DDD,2013J,High,6.58,101.0,0.0,0.0,3.0,1,Fail
675059,BBB,2014J,High,6.58,53.0,0.0,0.0,3.0,0,Fail
555137,DDD,2014B,High,6.58,81.0,0.0,0.0,5.0,2,Fail
521350,EEE,2014J,High,6.58,75.0,0.0,0.0,5.0,0,Fail
606935,FFF,2014B,High,6.58,70.0,0.0,0.0,6.0,1,Fail
590951,DDD,2013J,High,6.58,58.0,0.0,0.0,5.0,0,Fail
551979,DDD,2013B,High,6.58,40.0,0.0,0.0,5.0,0,Fail
575919,FFF,2013J,High,6.58,105.0,0.0,0.0,7.0,0,Fail
470555,DDD,2014J,High,6.57,48.0,0.0,0.0,9.0,1,Fail
601731,DDD,2014B,High,6.57,0.0,0.0,0.0,0.0,1,Fail
649079,FFF,2014J,High,6.57,7909.0,79.67,9.0,177.0,0,Withdrawn
595723,DDD,2013J,High,6.57,84.0,0.0,0.0,7.0,0,Fail
2267712,DDD,2013B,High,6.57,150.0,0.0,0.0,7.0,0,Fail
405314,FFF,2013B,High,6.57,4639.0,76.5,24.0,93.0,0,Withdrawn
2349926,GGG,2013J,High,6.57,84.0,0.0,0.0,6.0,0,Fail
577827,GGG,2013J,High,6.57,67.0,0.0,0.0,5.0,0,Fail
64777,FFF,2014J,High,6.57,0.0,0.0,0.0,0.0,1,Withdrawn
514852,DDD,2013J,High,6.57,133.0,0.0,0.0,6.0,0,Fail
2675061,FFF,2014B,High,6.57,0.0,0.0,0.0,0.0,1,Fail
698157,FFF,2014J,High,6.57,133.0,0.0,0.0,8.0,0,Fail
617346,GGG,2014B,High,6.57,60.0,0.0,0.0,5.0,0,Fail
408106,BBB,2013J,High,6.57,0.0,0.0,0.0,0.0,1,Fail
513005,BBB,2013B,High,6.57,0.0,0.0,0.0,0.0,1,Fail
157647,FFF,2013J,High,6.57,124.0,0.0,0.0,7.0,0,Fail
197188,FFF,2014J,High,6.57,130.0,0.0,0.0,7.0,0,Withdrawn
633749,GGG,2014B,High,6.57,72.0,0.0,0.0,4.0,0,Fail
321142,BBB,2014B,High,6.57,0.0,0.0,0.0,0.0,1,Fail
508713,FFF,2013J,High,6.57,123.0,0.0,0.0,7.0,0,Fail
576088,FFF,2013J,High,6.56,317.0,0.0,0.0,9.0,0,Fail
425747,BBB,2013B,High,6.56,31.0,0.0,0.0,1.0,1,Fail
2674822,GGG,2013J,High,6.56,96.0,0.0,0.0,7.0,0,Fail
575773,DDD,2014B,High,6.56,1.0,0.0,0.0,1.0,1,Fail
148515,DDD,2013J,High,6.56,28.0,0.0,0.0,3.0,1,Fail
468187,BBB,2013J,High,6.56,94.0,0.0,0.0,8.0,1,Fail
522512,BBB,2013B,High,6.56,10.0,0.0,0.0,2.0,1,Fail
365939,DDD,2013J,High,6.56,192.0,0.0,0.0,8.0,0,Fail
399863,FFF,2014B,High,6.56,11.0,0.0,0.0,3.0,1,Fail
477069,FFF,2014B,High,6.56,44.0,0.0,0.0,3.0,1,Fail
516894,FFF,2014B,High,6.56,24.0,0.0,0.0,2.0,1,Fail
482445,FFF,2014B,High,6.56,43.0,0.0,0.0,2.0,1,Fail
413705,FFF,2013B,High,6.55,62.0,0.0,0.0,6.0,2,Fail
556007,DDD,2014J,High,6.55,30.0,0.0,0.0,3.0,1,Fail
567176,DDD,2014J,High,6.55,29.0,0.0,0.0,5.0,1,Fail
174436,FFF,2013B,High,6.55,101.0,0.0,1.0,3.0,0,Fail
574580,CCC,2014B,High,6.55,215.0,0.0,0.0,10.0,0,Fail
254612,BBB,2014J,High,6.55,277.0,1.0,1.0,22.0,3,Fail
606274,GGG,2014B,High,6.55,30.0,0.0,0.0,2.0,1,Fail
2252905,FFF,2013B,High,6.55,36.0,0.0,0.0,6.0,1,Fail
53197,FFF,2013B,High,6.55,60.0,0.0,1.0,5.0,0,Fail
624709,BBB,2014J,High,6.54,195.0,0.0,0.0,13.0,1,Fail
508872,DDD,2014J,High,6.54,43.0,0.0,0.0,7.0,1,Fail
608198,FFF,2013J,High,6.54,289.0,0.0,0.0,16.0,0,Fail
291937,GGG,2014J,High,6.54,147.0,0.0,0.0,10.0,0,Fail
1498823,FFF,2014B,High,6.54,436.0,0.0,0.0,15.0,2,Fail
338373,FFF,2013B,High,6.54,194.0,0.0,0.0,7.0,1,Fail
499931,BBB,2013B,High,6.54,77.0,0.0,0.0,6.0,1,Fail
563196,FFF,2013J,High,6.54,6335.0,81.17,12.0,196.0,0,Withdrawn
525942,BBB,2013B,High,6.54,1799.0,88.71,21.0,111.0,0,Withdrawn
601983,BBB,2014J,High,6.54,1601.0,82.38,13.0,158.0,0,Withdrawn
405336,DDD,2013J,High,6.54,44.0,0.0,0.0,6.0,2,Fail
687004,BBB,2014J,High,6.54,6.0,1.0,1.0,2.0,0,Fail
364307,DDD,2014J,High,6.54,58.0,0.0,0.0,6.0,1,Withdrawn
413950,FFF,2013J,High,6.53,0.0,0.0,0.0,0.0,1,Fail
686028,GGG,2014J,High,6.53,5.0,0.0,0.0,2.0,0,Fail
690038,GGG,2014J,High,6.53,4.0,0.0,0.0,1.0,0,Fail
397590,BBB,2013J,High,6.53,0.0,0.0,0.0,0.0,0,Fail
620550,BBB,2014J,High,6.53,0.0,0.0,0.0,0.0,0,Fail
411126,BBB,2013J,High,6.53,0.0,0.0,0.0,0.0,1,Fail
502391,BBB,2013J,High,6.53,0.0,0.0,0.0,0.0,1,Fail
602244,EEE,2013J,High,6.53,3.0,0.0,0.0,1.0,0,Fail
679258,GGG,2014J,High,6.53,0.0,0.0,0.0,0.0,0,Fail
698019,GGG,2014J,High,6.53,1.0,0.0,0.0,1.0,0,Fail
507257,DDD,2013J,High,6.53,11.0,0.0,0.0,2.0,0,Fail
383643,DDD,2013B,High,6.53,10.0,0.0,0.0,2.0,0,Fail
606606,EEE,2013J,High,6.53,67.0,0.0,0.0,1.0,0,Fail
693934,BBB,2014J,High,6.53,1.0,0.0,0.0,1.0,0,Withdrawn
510438,BBB,2013J,High,6.53,7.0,0.0,0.0,1.0,0,Fail
111678,FFF,2013J,High,6.53,4.0,0.0,0.0,1.0,0,Fail
688028,CCC,2014J,High,6.53,5.0,0.0,0.0,1.0,0,Withdrawn
613864,BBB,2014B,High,6.53,3.0,0.0,0.0,1.0,0,Fail
612506,FFF,2014B,High,6.53,0.0,0.0,0.0,0.0,0,Fail
440911,FFF,2013B,High,6.53,27.0,0.0,0.0,2.0,1,Fail
2653007,FFF,2014B,High,6.53,0.0,0.0,0.0,0.0,0,Fail
621741,FFF,2014B,High,6.53,14.0,0.0,0.0,2.0,0,Fail
646498,FFF,2014J,High,6.53,0.0,0.0,0.0,0.0,0,Withdrawn
398315,BBB,2013J,High,6.53,0.0,0.0,0.0,0.0,1,Fail
85216,DDD,2014B,High,6.53,0.0,0.0,0.0,0.0,1,Fail
267853,BBB,2013B,High,6.53,5.0,0.0,0.0,2.0,0,Fail
171377,BBB,2013B,High,6.53,0.0,0.0,0.0,0.0,2,Fail
366821,BBB,2013B,High,6.53,0.0,0.0,0.0,0.0,0,Fail
675613,FFF,2014J,High,6.53,0.0,0.0,0.0,0.0,0,Withdrawn
683170,EEE,2014J,High,6.53,0.0,0.0,0.0,0.0,0,Fail
495776,FFF,2013B,High,6.53,0.0,0.0,0.0,0.0,1,Fail
2464917,GGG,2013J,High,6.53,0.0,0.0,0.0,0.0,0,Fail
469284,GGG,2014B,High,6.53,2.0,0.0,0.0,1.0,0,Fail
556224,BBB,2013B,High,6.53,0.0,0.0,0.0,0.0,0,Fail
56340,BBB,2013J,High,6.53,4.0,0.0,0.0,1.0,0,Fail
607380,BBB,2014B,High,6.53,0.0,0.0,0.0,0.0,1,Fail
604482,GGG,2014B,High,6.53,0.0,0.0,0.0,0.0,1,Fail
2211448,BBB,2013J,High,6.53,63.0,0.0,0.0,9.0,1,Fail
600397,FFF,2014B,High,6.53,0.0,0.0,0.0,0.0,0,Fail
612711,GGG,2014B,High,6.53,0.0,0.0,0.0,0.0,0,Fail
613227,GGG,2014B,High,6.53,1.0,0.0,0.0,1.0,0,Fail
558492,EEE,2014B,High,6.53,14.0,0.0,0.0,1.0,0,Fail
623909,GGG,2014B,High,6.53,0.0,0.0,0.0,0.0,0,Fail
577170,BBB,2014B,High,6.53,0.0,0.0,0.0,0.0,1,Fail
599499,GGG,2013J,High,6.53,0.0,0.0,0.0,0.0,0,Fail
531888,DDD,2013J,High,6.53,0.0,0.0,0.0,0.0,1,Fail
608714,GGG,2013J,High,6.53,6.0,0.0,0.0,1.0,0,Fail
623002,CCC,2014J,High,6.53,0.0,0.0,0.0,0.0,0,Fail
1516666,GGG,2013J,High,6.53,6.0,0.0,0.0,2.0,0,Fail
599553,GGG,2013J,High,6.53,0.0,0.0,0.0,0.0,0,Fail
549203,BBB,2013B,High,6.53,0.0,0.0,0.0,0.0,0,Fail
594607,BBB,2013J,High,6.53,0.0,0.0,0.0,0.0,0,Fail
508288,FFF,2013B,High,6.53,2.0,0.0,0.0,1.0,1,Fail
446145,BBB,2013B,High,6.53,0.0,0.0,0.0,0.0,0,Fail
596618,GGG,2013J,High,6.53,16.0,0.0,0.0,1.0,0,Fail
471157,BBB,2014B,High,6.53,2.0,0.0,0.0,1.0,0,Fail
512468,BBB,2013B,High,6.53,0.0,0.0,0.0,0.0,1,Fail
583570,DDD,2013J,High,6.53,11.0,0.0,0.0,2.0,0,Fail
597181,CCC,2014B,High,6.53,0.0,0.0,0.0,0.0,0,Fail
511340,FFF,2013B,High,6.53,24.0,0.0,0.0,1.0,0,Fail
545381,BBB,2013B,High,6.53,2.0,0.0,0.0,1.0,0,Fail
545240,BBB,2013B,High,6.53,0.0,0.0,0.0,0.0,0,Fail
542472,BBB,2013J,High,6.53,7.0,0.0,0.0,1.0,0,Fail
543465,BBB,2013B,High,6.53,13.0,0.0,0.0,1.0,0,Fail
586060,CCC,2014B,High,6.53,0.0,0.0,0.0,0.0,0,Fail
1934118,BBB,2014B,High,6.53,0.0,0.0,0.0,0.0,0,Fail
1908526,CCC,2014B,High,6.53,0.0,0.0,0.0,0.0,0,Fail
656068,EEE,2014J,High,6.53,32.0,0.0,0.0,1.0,0,Fail
549406,BBB,2013B,High,6.53,0.0,0.0,0.0,0.0,0,Fail
582366,DDD,2014B,High,6.53,0.0,0.0,0.0,0.0,1,Fail
603728,CCC,2014J,High,6.53,0.0,0.0,0.0,0.0,0,Fail
594458,EEE,2013J,High,6.53,0.0,0.0,0.0,0.0,0,Fail
574888,EEE,2013J,High,6.53,1.0,0.0,0.0,1.0,0,Fail
601248,EEE,2014B,High,6.53,0.0,0.0,0.0,0.0,1,Fail
205231,BBB,2013B,High,6.53,0.0,0.0,0.0,0.0,1,Fail
597181,EEE,2013J,High,6.53,1.0,0.0,0.0,1.0,0,Fail
1908526,EEE,2014B,High,6.53,0.0,0.0,0.0,0.0,0,Fail
2622634,FFF,2014J,High,6.53,17.0,0.0,0.0,1.0,1,Withdrawn
308634,GGG,2013J,High,6.53,0.0,0.0,0.0,0.0,0,Fail
371949,DDD,2014J,High,6.53,3.0,0.0,0.0,1.0,0,Fail
537433,BBB,2013B,High,6.53,0.0,0.0,0.0,0.0,0,Fail
603791,CCC,2014B,High,6.53,17.0,0.0,0.0,2.0,0,Fail
636458,GGG,2014J,High,6.53,0.0,0.0,0.0,0.0,0,Fail
521496,BBB,2013B,High,6.53,1.0,0.0,0.0,1.0,1,Fail
694715,FFF,2014J,High,6.53,8.0,0.0,0.0,2.0,0,Withdrawn
549087,BBB,2014B,High,6.53,1.0,0.0,0.0,1.0,0,Fail
184234,BBB,2014J,High,6.53,0.0,0.0,0.0,0.0,1,Fail
509737,BBB,2013B,High,6.53,4.0,0.0,0.0,2.0,1,Fail
653806,GGG,2014J,High,6.53,0.0,0.0,0.0,0.0,0,Fail
507389,BBB,2013J,High,6.53,0.0,0.0,0.0,0.0,0,Fail
28770,EEE,2014J,High,6.53,0.0,0.0,0.0,0.0,0,Fail
529439,BBB,2014B,High,6.53,0.0,0.0,0.0,0.0,1,Fail
578941,GGG,2013J,High,6.53,0.0,0.0,0.0,0.0,0,Fail
577456,GGG,2013J,High,6.53,10.0,0.0,0.0,1.0,0,Fail
543683,DDD,2013J,High,6.53,8.0,0.0,0.0,2.0,1,Fail
623002,EEE,2014J,High,6.53,0.0,0.0,0.0,0.0,0,Fail
532668,BBB,2013B,High,6.53,14.0,0.0,0.0,1.0,0,Fail
617945,FFF,2014B,High,6.52,17.0,0.0,0.0,4.0,0,Fail
676739,GGG,2014J,High,6.52,7.0,0.0,0.0,4.0,0,Fail
621025,GGG,2014B,High,6.52,25.0,0.0,0.0,4.0,0,Fail
573873,BBB,2014J,High,6.52,32.0,0.0,0.0,3.0,0,Fail
513211,EEE,2014B,High,6.52,83.0,0.0,0.0,2.0,1,Fail
393150,DDD,2013B,High,6.52,15.0,0.0,0.0,4.0,1,Fail
340850,FFF,2013B,High,6.52,88.0,0.0,0.0,4.0,1,Fail
560160,BBB,2013B,High,6.52,28.0,0.0,0.0,2.0,0,Fail
631600,DDD,2014B,High,6.52,41.0,0.0,0.0,2.0,0,Fail
628653,GGG,2014B,High,6.52,9.0,0.0,0.0,4.0,0,Fail
599000,GGG,2013J,High,6.52,16.0,0.0,0.0,3.0,0,Fail
601529,GGG,2013J,High,6.52,45.0,0.0,0.0,2.0,0,Fail
615112,EEE,2014B,High,6.52,108.0,0.0,0.0,2.0,0,Fail
395229,BBB,2013B,High,6.52,17.0,0.0,0.0,3.0,1,Fail
602026,GGG,2013J,High,6.52,210.0,0.0,0.0,14.0,0,Fail
533731,DDD,2013B,High,6.52,39.0,0.0,0.0,4.0,0,Fail
573223,BBB,2013J,High,6.52,22.0,0.0,0.0,5.0,0,Fail
691748,DDD,2014J,High,6.52,39.0,0.0,0.0,4.0,0,Fail
655468,EEE,2014J,High,6.52,8.0,0.0,0.0,4.0,0,Fail
590739,GGG,2014B,High,6.52,17.0,0.0,0.0,3.0,0,Fail
603791,EEE,2014B,High,6.52,76.0,0.0,0.0,2.0,0,Fail
436900,CCC,2014J,High,6.52,16.0,0.0,0.0,5.0,0,Fail
439013,DDD,2013B,High,6.52,45.0,0.0,0.0,3.0,0,Fail
650517,BBB,2014J,High,6.52,22.0,0.0,0.0,5.0,0,Fail
561799,FFF,2014B,High,6.52,58.0,0.0,0.0,2.0,0,Fail
368439,BBB,2013B,High,6.52,22.0,0.0,0.0,2.0,1,Fail
624767,GGG,2014B,High,6.52,964.0,93.12,16.0,54.0,0,Withdrawn
681384,BBB,2014J,High,6.52,30.0,0.0,0.0,2.0,0,Fail
496224,GGG,2013J,High,6.52,16.0,0.0,0.0,2.0,0,Fail
525557,FFF,2013B,High,6.52,79.0,0.0,0.0,4.0,1,Fail
509866,FFF,2014B,High,6.52,25.0,0.0,0.0,6.0,0,Fail
249154,BBB,2014J,High,6.52,90.0,1.0,1.0,5.0,0,Fail
135331,GGG,2013J,High,6.52,24.0,0.0,0.0,4.0,0,Fail
417220,GGG,2013J,High,6.52,18.0,0.0,0.0,2.0,0,Fail
479725,CCC,2014B,High,6.52,34.0,0.0,0.0,2.0,0,Fail
1627071,FFF,2013B,High,6.52,22.0,0.0,0.0,3.0,1,Fail
1830562,DDD,2013J,High,6.52,31.0,0.0,0.0,2.0,0,Fail
632634,FFF,2014J,High,6.52,147.0,0.0,0.0,2.0,1,Withdrawn
282385,FFF,2013J,High,6.52,28.0,0.0,0.0,5.0,0,Fail
688665,DDD,2014J,High,6.52,24.0,0.0,0.0,4.0,0,Fail
1903131,DDD,2014B,High,6.52,48.0,0.0,0.0,3.0,1,Fail
608967,EEE,2013J,High,6.52,161.0,0.0,0.0,2.0,0,Fail
605186,BBB,2014J,High,6.51,50.0,0.0,0.0,6.0,0,Fail
2495139,DDD,2014B,High,6.51,105.0,0.0,0.0,5.0,0,Fail
165898,GGG,2014B,High,6.51,56.0,0.0,0.0,6.0,0,Fail
509998,DDD,2014J,High,6.51,66.0,0.0,0.0,4.0,0,Withdrawn
512859,FFF,2013J,High,6.51,59.0,0.0,0.0,6.0,1,Fail
2006364,BBB,2014B,High,6.51,25.0,0.0,0.0,7.0,1,Fail
428068,FFF,2014B,High,6.51,93.0,0.0,0.0,7.0,1,Fail
578555,GGG,2013J,High,6.51,25.0,0.0,0.0,6.0,0,Fail
325909,GGG,2013J,High,6.51,41.0,0.0,0.0,5.0,0,Fail
430002,BBB,2014B,High,6.51,50.0,0.0,0.0,4.0,0,Fail
41489,FFF,2014B,High,6.51,53.0,0.0,0.0,6.0,0,Fail
691288,FFF,2014J,High,6.51,29.0,0.0,0.0,7.0,0,Fail
567892,EEE,2014J,High,6.51,301.0,0.0,0.0,12.0,1,Fail
436900,EEE,2014J,High,6.51,110.0,0.0,0.0,5.0,0,Fail
2333244,DDD,2014B,High,6.51,2186.0,91.64,11.0,134.0,0,Withdrawn
599117,FFF,2014B,High,6.51,126.0,0.0,0.0,6.0,1,Fail
600263,BBB,2013J,High,6.51,81.0,0.0,0.0,5.0,0,Fail
2539092,DDD,2013J,High,6.51,44.0,0.0,0.0,5.0,1,Fail
203652,BBB,2013B,High,6.51,28.0,0.0,0.0,6.0,0,Fail
446295,EEE,2014B,High,6.51,75.0,0.0,0.0,5.0,0,Fail
682307,GGG,2014J,High,6.51,36.0,0.0,0.0,7.0,0,Fail
590184,DDD,2013J,High,6.51,71.0,0.0,0.0,5.0,0,Fail
549424,DDD,2013B,High,6.51,1331.0,89.75,16.0,106.0,0,Withdrawn
586111,BBB,2014B,High,6.51,41.0,0.0,0.0,7.0,1,Fail
131663,CCC,2014J,High,6.51,58.0,0.0,0.0,5.0,1,Fail
382879,DDD,2013J,High,6.51,57.0,0.0,0.0,5.0,0,Fail
1537673,GGG,2013J,High,6.51,41.0,0.0,0.0,7.0,0,Fail
652968,GGG,2014J,High,6.5,0.0,0.0,0.0,0.0,0,Fail
574730,DDD,2013J,High,6.5,6.0,0.0,0.0,1.0,0,Fail
646821,GGG,2014J,High,6.5,0.0,0.0,0.0,0.0,0,Fail
680340,GGG,2014J,High,6.5,58.0,0.0,0.0,9.0,0,Fail
677278,GGG,2014J,High,6.5,0.0,0.0,0.0,0.0,0,Fail
655625,GGG,2014J,High,6.5,8.0,0.0,0.0,1.0,0,Fail
284636,FFF,2013J,High,6.5,287.0,0.0,0.0,7.0,0,Fail
654916,GGG,2014J,High,6.5,0.0,0.0,0.0,0.0,0,Fail
124379,FFF,2013J,High,6.5,167.0,0.0,0.0,9.0,1,Fail
575999,DDD,2014J,High,6.5,178.0,0.0,0.0,15.0,1,Fail
605494,BBB,2013J,High,6.5,0.0,0.0,0.0,0.0,0,Fail
652574,GGG,2014J,High,6.5,188.0,0.0,0.0,21.0,0,Fail
678382,CCC,2014J,High,6.5,0.0,0.0,0.0,0.0,0,Withdrawn
485532,DDD,2013B,High,6.5,0.0,0.0,0.0,0.0,1,Fail
415298,BBB,2014B,High,6.5,0.0,0.0,0.0,0.0,1,Fail
582710,GGG,2013J,High,6.5,0.0,0.0,0.0,0.0,0,Fail
542622,BBB,2013B,High,6.5,0.0,0.0,0.0,0.0,0,Fail
561932,BBB,2013J,High,6.5,0.0,0.0,0.0,0.0,0,Fail
616333,CCC,2014B,High,6.5,0.0,0.0,0.0,0.0,0,Fail
590520,BBB,2014B,High,6.5,0.0,0.0,0.0,0.0,0,Fail
204550,GGG,2014B,High,6.5,0.0,0.0,0.0,0.0,0,Fail
411546,GGG,2014B,High,6.5,0.0,0.0,0.0,0.0,1,Fail
648335,BBB,2014J,High,6.5,111.0,1.0,1.0,9.0,0,Fail
324236,BBB,2013B,High,6.5,4580.0,82.38,8.0,138.0,0,Withdrawn
610225,FFF,2013J,High,6.5,186.0,0.0,0.0,9.0,0,Fail
542721,CCC,2014B,High,6.5,0.0,0.0,0.0,0.0,0,Fail
413190,EEE,2013J,High,6.5,0.0,0.0,0.0,0.0,0,Fail
550018,BBB,2013B,High,6.5,0.0,0.0,0.0,0.0,0,Fail
625073,FFF,2014B,High,6.5,9.0,0.0,0.0,1.0,0,Fail
654925,EEE,2014J,High,6.5,2.0,0.0,0.0,1.0,0,Fail
2657960,BBB,2013J,High,6.5,0.0,0.0,0.0,0.0,0,Fail
606574,GGG,2013J,High,6.5,66.0,0.0,0.0,6.0,0,Fail
601731,CCC,2014B,High,6.5,1.0,0.0,0.0,1.0,0,Fail
618024,GGG,2014B,High,6.5,0.0,0.0,0.0,0.0,0,Fail
626940,GGG,2014B,High,6.5,0.0,0.0,0.0,0.0,0,Fail
484443,BBB,2014J,High,6.5,0.0,0.0,0.0,0.0,1,Fail
550197,EEE,2014B,High,6.5,163.0,0.0,0.0,8.0,1,Fail
608628,GGG,2014B,High,6.5,1.0,0.0,0.0,1.0,0,Fail
621401,CCC,2014B,High,6.5,6.0,0.0,0.0,1.0,0,Fail
568043,DDD,2013J,High,6.5,0.0,0.0,0.0,0.0,0,Fail
476093,DDD,2013B,High,6.5,66.0,0.0,0.0,8.0,1,Fail
561878,FFF,2013J,High,6.5,0.0,0.0,0.0,0.0,0,Fail
684467,BBB,2014J,High,6.5,0.0,0.0,0.0,0.0,0,Fail
354713,FFF,2014J,High,6.5,17.0,0.0,0.0,1.0,0,Fail
184025,DDD,2013J,High,6.5,112.0,0.0,0.0,7.0,0,Fail
80001,BBB,2014B,High,6.5,0.0,0.0,0.0,0.0,0,Fail
2182293,FFF,2014J,High,6.5,6.0,0.0,0.0,1.0,0,Fail
646075,BBB,2014J,High,6.5,0.0,0.0,0.0,0.0,0,Fail
446295,CCC,2014B,High,6.5,223.0,0.0,0.0,4.0,0,Fail
522302,BBB,2013B,High,6.5,3.0,0.0,0.0,1.0,0,Fail
472845,EEE,2014J,High,6.5,0.0,0.0,0.0,0.0,0,Fail
71275,FFF,2013B,High,6.5,0.0,0.0,0.0,0.0,1,Fail
594851,CCC,2014B,High,6.5,0.0,0.0,0.0,0.0,0,Fail
133531,BBB,2013B,High,6.5,0.0,0.0,0.0,0.0,0,Fail
521666,BBB,2013J,High,6.5,1.0,0.0,0.0,1.0,1,Fail
628849,GGG,2014B,High,6.5,6.0,0.0,0.0,1.0,0,Fail
303937,FFF,2013J,High,6.5,2.0,0.0,0.0,1.0,0,Fail
342466,GGG,2014J,High,6.5,0.0,0.0,0.0,0.0,0,Fail
648576,FFF,2014J,High,6.5,1.0,0.0,0.0,1.0,0,Withdrawn
587071,BBB,2013J,High,6.5,4.0,0.0,0.0,1.0,0,Fail
437246,FFF,2013B,High,6.5,177.0,0.0,0.0,11.0,1,Fail
682242,DDD,2014J,High,6.5,0.0,0.0,0.0,0.0,0,Fail
272103,EEE,2014B,High,6.5,0.0,0.0,0.0,0.0,0,Fail
682673,EEE,2014J,High,6.5,0.0,0.0,0.0,0.0,0,Withdrawn
229499,DDD,2014B,High,6.5,14.0,0.0,0.0,1.0,1,Fail
599277,GGG,2014B,High,6.5,0.0,0.0,0.0,0.0,0,Fail
547522,DDD,2013B,High,6.5,0.0,0.0,0.0,0.0,0,Fail
605474,BBB,2014B,High,6.5,0.0,0.0,0.0,0.0,0,Fail
647318,DDD,2014J,High,6.5,97.0,0.0,0.0,8.0,0,Fail
444225,BBB,2013J,High,6.49,46.0,0.0,0.0,2.0,2,Fail
1892879,FFF,2014B,High,6.49,4.0,0.0,0.0,2.0,0,Fail
622223,BBB,2014B,High,6.49,38.0,0.0,0.0,1.0,0,Fail
527039,GGG,2014J,High,6.49,214.0,0.0,0.0,23.0,0,Fail
612396,BBB,2014B,High,6.49,21.0,0.0,0.0,4.0,0,Fail
145188,DDD,2014J,High,6.49,26.0,0.0,0.0,1.0,0,Fail
588583,EEE,2013J,High,6.49,6.0,0.0,0.0,3.0,0,Fail
645793,BBB,2014J,High,6.49,17.0,0.0,0.0,3.0,0,Fail
256532,CCC,2014J,High,6.49,19.0,0.0,0.0,2.0,1,Fail
536243,BBB,2013B,High,6.49,22.0,0.0,0.0,2.0,0,Fail
620260,EEE,2014B,High,6.49,40.0,0.0,0.0,3.0,0,Fail
633995,EEE,2014J,High,6.49,13.0,0.0,0.0,2.0,0,Fail
480972,DDD,2013B,High,6.49,18.0,0.0,0.0,2.0,0,Fail
55242,DDD,2013B,High,6.49,13.0,0.0,0.0,4.0,0,Fail
689298,BBB,2014J,High,6.49,19.0,0.0,0.0,1.0,0,Fail
623052,DDD,2014B,High,6.49,1878.0,94.62,13.0,158.0,0,Withdrawn
554393,BBB,2013B,High,6.49,21.0,0.0,1.0,1.0,0,Fail
594851,EEE,2013J,High,6.49,54.0,0.0,0.0,1.0,0,Fail
537918,DDD,2013J,High,6.49,94.0,0.0,0.0,12.0,1,Fail
596404,EEE,2013J,High,6.49,29.0,0.0,0.0,4.0,0,Fail
611331,GGG,2013J,High,6.49,10.0,0.0,0.0,2.0,0,Fail
573275,BBB,2013J,High,6.49,16.0,0.0,0.0,1.0,0,Fail
566795,DDD,2013J,High,6.49,9.0,0.0,0.0,3.0,0,Fail
320593,DDD,2014B,High,6.49,36.0,0.0,0.0,2.0,0,Fail
626897,BBB,2014B,High,6.49,40.0,0.0,0.0,2.0,0,Fail
587777,DDD,2014J,High,6.49,20.0,0.0,0.0,4.0,0,Fail
477180,DDD,2014B,High,6.49,8.0,0.0,0.0,3.0,2,Fail
464592,DDD,2014B,High,6.49,81.0,0.0,0.0,1.0,1,Fail
1930254,BBB,2013B,High,6.49,49.0,0.0,0.0,2.0,1,Fail
651255,FFF,2014J,High,6.49,170.0,0.0,0.0,12.0,0,Fail
626096,GGG,2014B,High,6.49,12.0,0.0,0.0,1.0,0,Fail
572470,DDD,2013J,High,6.49,53.0,0.0,0.0,2.0,0,Fail
53626,FFF,2013J,High,6.49,39.0,0.0,0.0,4.0,0,Fail
629537,GGG,2014B,High,6.49,18.0,0.0,0.0,3.0,0,Fail
604326,FFF,2014B,High,6.49,7.0,0.0,0.0,4.0,0,Fail
409276,FFF,2013J,High,6.49,24.0,0.0,0.0,4.0,0,Fail
648611,FFF,2014J,High,6.49,59.0,0.0,0.0,3.0,0,Withdrawn
612743,FFF,2014B,High,6.49,27.0,0.0,0.0,2.0,0,Fail
2619903,GGG,2014B,High,6.49,14.0,0.0,0.0,2.0,0,Fail
634933,GGG,2014B,High,6.49,20.0,0.0,0.0,2.0,0,Fail
360581,FFF,2013J,High,6.49,13.0,0.0,0.0,3.0,0,Fail
259750,DDD,2013B,High,6.49,38.0,0.0,0.0,4.0,0,Fail
557083,DDD,2014J,High,6.49,89.0,0.0,0.0,11.0,1,Withdrawn
570895,CCC,2014J,High,6.49,74.0,0.0,0.0,1.0,0,Fail
593670,FFF,2013J,High,6.49,38.0,0.0,0.0,2.0,0,Fail
675880,GGG,2014J,High,6.49,24.0,0.0,0.0,2.0,0,Fail
272701,FFF,2014B,High,6.48,25.0,0.0,0.0,6.0,2,Fail
1837015,EEE,2013J,High,6.48,85.0,0.0,0.0,5.0,0,Fail
512050,DDD,2013J,High,6.48,74.0,0.0,0.0,4.0,1,Fail
618539,BBB,2014B,High,6.48,75.0,0.0,0.0,1.0,0,Fail
609480,DDD,2013J,High,6.48,47.0,0.0,0.0,4.0,0,Fail
566810,DDD,2013J,High,6.48,84.0,0.0,0.0,4.0,0,Fail
576631,EEE,2013J,High,6.48,103.0,0.0,0.0,4.0,0,Fail
681298,FFF,2014J,High,6.48,519.0,0.0,0.0,9.0,0,Fail
2526483,DDD,2013B,High,6.48,222.0,0.0,0.0,10.0,0,Fail
559826,DDD,2013B,High,6.48,228.0,0.0,0.0,10.0,0,Fail
636653,FFF,2014J,High,6.48,58.0,0.0,0.0,5.0,0,Fail
288994,AAA,2014J,High,6.48,134.0,0.0,0.0,4.0,0,Fail
588133,GGG,2013J,High,6.48,72.0,0.0,0.0,15.0,0,Fail
2179304,CCC,2014J,High,6.48,5037.0,95.4,5.0,156.0,0,Withdrawn
613407,GGG,2014B,High,6.48,45.0,0.0,0.0,4.0,0,Fail
625399,GGG,2014B,High,6.48,99.0,0.0,0.0,12.0,0,Fail
241700,FFF,2013B,High,6.48,187.0,0.0,0.0,6.0,0,Fail
624455,GGG,2014B,High,6.48,56.0,0.0,0.0,3.0,0,Fail
2459051,BBB,2013J,High,6.48,52.0,0.0,1.0,4.0,1,Fail
621401,EEE,2014B,High,6.48,58.0,0.0,0.0,5.0,0,Fail
587226,EEE,2013J,High,6.47,0.0,0.0,0.0,0.0,0,Fail
484361,EEE,2013J,High,6.47,0.0,0.0,0.0,0.0,0,Fail
484821,BBB,2014B,High,6.47,0.0,0.0,0.0,0.0,0,Fail
505694,BBB,2013B,High,6.47,0.0,0.0,0.0,0.0,0,Fail
694059,FFF,2014J,High,6.47,0.0,0.0,0.0,0.0,0,Withdrawn
537584,BBB,2013B,High,6.47,0.0,0.0,0.0,0.0,0,Fail
612157,EEE,2014J,High,6.47,0.0,0.0,0.0,0.0,0,Fail
541884,BBB,2013B,High,6.47,0.0,0.0,0.0,0.0,0,Fail
2518880,EEE,2013J,High,6.47,0.0,0.0,0.0,0.0,0,Fail
682050,FFF,2014J,High,6.47,0.0,0.0,0.0,0.0,0,Fail
2554464,BBB,2014B,High,6.47,0.0,0.0,0.0,0.0,0,Fail
2155857,DDD,2013B,High,6.47,0.0,0.0,0.0,0.0,0,Withdrawn
534219,DDD,2013B,High,6.47,0.0,0.0,0.0,0.0,0,Fail
559065,BBB,2014B,High,6.47,0.0,0.0,0.0,0.0,0,Fail
584756,CCC,2014B,High,6.47,0.0,0.0,0.0,0.0,0,Fail
543864,BBB,2013B,High,6.47,0.0,0.0,0.0,0.0,0,Fail
656009,DDD,2014J,High,6.47,0.0,0.0,0.0,0.0,0,Withdrawn
261042,EEE,2014B,High,6.47,0.0,0.0,0.0,0.0,1,Fail
2512349,BBB,2014B,High,6.47,0.0,0.0,0.0,0.0,0,Withdrawn
561674,BBB,2014B,High,6.47,0.0,0.0,0.0,0.0,1,Fail
621856,BBB,2014J,High,6.47,0.0,0.0,0.0,0.0,0,Fail
565035,BBB,2013J,High,6.47,0.0,0.0,0.0,0.0,0,Fail
75442,GGG,2013J,High,6.47,0.0,0.0,0.0,0.0,0,Fail
563822,BBB,2014B,High,6.47,0.0,0.0,0.0,0.0,0,Fail
548520,BBB,2013B,High,6.47,0.0,0.0,0.0,0.0,0,Fail
544408,BBB,2013B,High,6.47,113.0,0.0,0.0,4.0,0,Fail
586060,EEE,2013J,High,6.47,472.0,0.0,0.0,10.0,0,Fail
603239,CCC,2014B,High,6.47,0.0,0.0,0.0,0.0,0,Fail
697456,GGG,2014J,High,6.47,0.0,0.0,0.0,0.0,0,Fail
1890660,GGG,2014J,High,6.47,0.0,0.0,0.0,0.0,0,Fail
650263,GGG,2014J,High,6.47,0.0,0.0,0.0,0.0,0,Fail
603053,EEE,2013J,High,6.47,0.0,0.0,0.0,0.0,0,Fail
281589,AAA,2013J,High,6.47,59.0,0.0,0.0,8.0,0,Fail
681960,DDD,2014J,High,6.47,0.0,0.0,0.0,0.0,0,Withdrawn
578977,GGG,2013J,High,6.47,56.0,0.0,0.0,7.0,0,Fail
592429,CCC,2014B,High,6.47,0.0,0.0,0.0,0.0,0,Fail
2504694,CCC,2014J,High,6.47,0.0,0.0,0.0,0.0,0,Withdrawn
653090,EEE,2014J,High,6.47,0.0,0.0,0.0,0.0,0,Fail
574399,EEE,2013J,High,6.47,0.0,0.0,0.0,0.0,0,Fail
635245,BBB,2014B,High,6.47,0.0,0.0,0.0,0.0,0,Fail
530826,GGG,2013J,High,6.47,0.0,0.0,0.0,0.0,0,Fail
585297,GGG,2013J,High,6.47,0.0,0.0,0.0,0.0,0,Fail
228743,CCC,2014B,High,6.47,0.0,0.0,0.0,0.0,0,Fail
589927,GGG,2013J,High,6.47,0.0,0.0,0.0,0.0,0,Fail
641028,FFF,2014J,High,6.47,166.0,0.0,0.0,9.0,0,Fail
584850,GGG,2013J,High,6.47,0.0,0.0,0.0,0.0,0,Fail
121574,EEE,2014B,High,6.47,0.0,0.0,0.0,0.0,0,Fail
587478,GGG,2013J,High,6.47,59.0,0.0,0.0,8.0,0,Fail
634054,GGG,2014B,High,6.47,0.0,0.0,0.0,0.0,0,Fail
595816,BBB,2013J,High,6.47,0.0,0.0,0.0,0.0,0,Fail
71433,BBB,2013B,High,6.47,60.0,0.0,0.0,8.0,1,Fail
618998,DDD,2014B,High,6.47,100.0,0.0,0.0,7.0,0,Fail
611719,BBB,2014B,High,6.47,0.0,0.0,0.0,0.0,0,Fail
601581,GGG,2013J,High,6.47,0.0,0.0,0.0,0.0,0,Fail
596473,DDD,2013J,High,6.47,0.0,0.0,0.0,0.0,0,Fail
577600,FFF,2014B,High,6.47,0.0,0.0,0.0,0.0,0,Fail
680807,DDD,2014J,High,6.47,46.0,0.0,0.0,8.0,0,Fail
606497,GGG,2013J,High,6.47,0.0,0.0,0.0,0.0,0,Fail
608114,GGG,2013J,High,6.47,0.0,0.0,0.0,0.0,0,Fail
386957,BBB,2013B,High,6.47,0.0,0.0,0.0,0.0,0,Fail
594816,GGG,2013J,High,6.47,0.0,0.0,0.0,0.0,0,Fail
593706,BBB,2013J,High,6.47,0.0,0.0,0.0,0.0,0,Fail
411688,FFF,2014J,High,6.47,0.0,0.0,0.0,0.0,2,Fail
676350,BBB,2014J,High,6.47,0.0,0.0,0.0,0.0,0,Fail
596819,GGG,2013J,High,6.47,0.0,0.0,0.0,0.0,0,Fail
621698,FFF,2014B,High,6.47,0.0,0.0,0.0,0.0,0,Fail
562483,BBB,2013B,High,6.47,0.0,0.0,0.0,0.0,0,Fail
575897,BBB,2013J,High,6.47,0.0,0.0,0.0,0.0,0,Fail
598924,CCC,2014B,High,6.47,0.0,0.0,0.0,0.0,0,Fail
1953764,GGG,2013J,High,6.47,0.0,0.0,0.0,0.0,0,Fail
350473,GGG,2014B,High,6.47,0.0,0.0,0.0,0.0,0,Fail
490648,BBB,2014J,High,6.47,0.0,0.0,0.0,0.0,0,Fail
610118,BBB,2013J,High,6.47,0.0,0.0,0.0,0.0,0,Fail
2568958,BBB,2013B,High,6.47,0.0,0.0,0.0,0.0,0,Fail
606705,GGG,2014B,High,6.47,0.0,0.0,0.0,0.0,0,Fail
523398,BBB,2013J,High,6.47,0.0,0.0,0.0,0.0,1,Fail
477063,DDD,2014B,High,6.47,21.0,0.0,0.0,10.0,3,Fail
690102,BBB,2014J,High,6.47,0.0,0.0,0.0,0.0,0,Withdrawn
323914,BBB,2013B,High,6.47,0.0,0.0,0.0,0.0,0,Fail
591608,BBB,2013J,High,6.47,0.0,0.0,0.0,0.0,0,Fail
1018682,BBB,2013J,High,6.47,0.0,0.0,0.0,0.0,0,Fail
552228,FFF,2013B,High,6.47,0.0,0.0,0.0,0.0,0,Fail
617347,GGG,2014B,High,6.47,0.0,0.0,0.0,0.0,0,Fail
446836,DDD,2013B,High,6.47,0.0,0.0,0.0,0.0,0,Fail
651778,BBB,2014J,High,6.47,0.0,0.0,0.0,0.0,0,Fail
624430,GGG,2014B,High,6.47,0.0,0.0,0.0,0.0,0,Fail
619107,GGG,2014B,High,6.47,0.0,0.0,0.0,0.0,0,Fail
307193,BBB,2013J,High,6.47,0.0,0.0,0.0,0.0,0,Fail
610772,BBB,2013J,High,6.47,0.0,0.0,0.0,0.0,0,Fail
674660,GGG,2014J,High,6.47,0.0,0.0,0.0,0.0,0,Fail
618534,BBB,2014B,High,6.47,0.0,0.0,0.0,0.0,0,Fail
603053,CCC,2014B,High,6.47,0.0,0.0,0.0,0.0,0,Fail
508759,BBB,2013J,High,6.47,2569.0,93.88,8.0,169.0,0,Withdrawn
253516,FFF,2013J,High,6.47,0.0,0.0,0.0,0.0,0,Fail
696711,GGG,2014J,High,6.47,0.0,0.0,0.0,0.0,0,Fail
695877,GGG,2014J,High,6.47,185.0,0.0,0.0,8.0,0,Fail
357493,EEE,2013J,High,6.47,0.0,0.0,0.0,0.0,0,Fail
646891,GGG,2014J,High,6.46,1.0,0.0,0.0,1.0,0,Withdrawn
524171,BBB,2013B,High,6.46,2.0,0.0,0.0,1.0,0,Fail
603700,EEE,2014J,High,6.46,4.0,0.0,0.0,4.0,0,Fail
596814,BBB,2013J,High,6.46,7.0,0.0,0.0,1.0,0,Fail
610751,BBB,2013J,High,6.46,10.0,0.0,0.0,1.0,0,Fail
610740,BBB,2013J,High,6.46,5.0,0.0,0.0,1.0,0,Fail
690137,FFF,2014J,High,6.46,2.0,0.0,0.0,1.0,0,Withdrawn
361842,DDD,2014J,High,6.46,3.0,0.0,0.0,1.0,1,Fail
656637,GGG,2014J,High,6.46,2.0,0.0,0.0,1.0,0,Fail
593671,FFF,2013J,High,6.46,6.0,0.0,0.0,2.0,0,Fail
608669,EEE,2014J,High,6.46,6.0,0.0,0.0,1.0,1,Fail
600211,BBB,2013J,High,6.46,1.0,0.0,0.0,1.0,0,Fail
342187,EEE,2014J,High,6.46,1.0,0.0,0.0,1.0,0,Fail
495580,FFF,2014B,High,6.46,5.0,0.0,0.0,1.0,0,Fail
599427,BBB,2013J,High,6.46,6.0,0.0,0.0,1.0,0,Fail
590714,FFF,2013J,High,6.46,2.0,0.0,0.0,1.0,0,Fail
621703,BBB,2014B,High,6.46,6.0,0.0,0.0,1.0,0,Fail
585915,BBB,2013J,High,6.46,1.0,0.0,0.0,1.0,0,Fail
581027,BBB,2013J,High,6.46,91.0,0.0,0.0,8.0,0,Fail
582439,BBB,2013J,High,6.46,5.0,0.0,0.0,1.0,0,Fail
656455,BBB,2014J,High,6.46,3.0,0.0,0.0,1.0,0,Fail
648930,FFF,2014J,High,6.46,5.0,0.0,0.0,1.0,0,Fail
549498,DDD,2013B,High,6.46,22.0,0.0,0.0,1.0,0,Fail
571757,FFF,2013J,High,6.46,28.0,0.0,0.0,2.0,0,Fail
571638,FFF,2013J,High,6.46,1.0,0.0,0.0,1.0,0,Fail
641766,GGG,2014J,High,6.46,28.0,0.0,0.0,1.0,0,Fail
331351,DDD,2013B,High,6.46,7.0,0.0,0.0,2.0,0,Fail
610718,CCC,2014B,High,6.46,10.0,0.0,0.0,1.0,0,Fail
675945,DDD,2014J,High,6.46,7.0,0.0,0.0,1.0,0,Fail
285861,GGG,2014B,High,6.46,13.0,0.0,0.0,2.0,0,Fail
604641,DDD,2013J,High,6.46,28.0,0.0,0.0,1.0,0,Fail
117550,FFF,2014B,High,6.46,252.0,0.0,0.0,21.0,0,Fail
523331,BBB,2013J,High,6.46,7.0,0.0,0.0,1.0,0,Fail
478496,CCC,2014J,High,6.46,3.0,0.0,0.0,3.0,0,Fail
394020,DDD,2014B,High,6.46,8.0,0.0,0.0,1.0,2,Fail
589178,FFF,2013J,High,6.46,2.0,0.0,0.0,1.0,0,Fail
590758,GGG,2014B,High,6.46,11.0,0.0,0.0,1.0,0,Fail
2598220,BBB,2013B,High,6.46,2.0,0.0,0.0,2.0,0,Fail
610609,DDD,2014J,High,6.46,4.0,0.0,0.0,1.0,1,Withdrawn
628053,CCC,2014B,High,6.46,1.0,0.0,0.0,1.0,0,Fail
679539,CCC,2014J,High,6.46,52.0,0.0,0.0,2.0,0,Fail
503201,GGG,2014B,High,6.46,108.0,0.0,0.0,5.0,0,Fail
407428,EEE,2014B,High,6.46,231.0,0.0,0.0,9.0,0,Fail
630133,GGG,2014B,High,6.46,1.0,0.0,0.0,1.0,0,Fail
603559,DDD,2014B,High,6.46,15.0,0.0,0.0,2.0,0,Fail
676025,EEE,2014J,High,6.46,32.0,0.0,0.0,2.0,0,Withdrawn
607577,FFF,2013J,High,6.46,384.0,0.0,0.0,9.0,0,Fail
302071,FFF,2013J,High,6.46,1.0,0.0,0.0,1.0,0,Fail
2475886,GGG,2014J,High,6.46,9.0,0.0,0.0,2.0,0,Fail
2413895,FFF,2014B,High,6.46,3.0,0.0,0.0,2.0,1,Fail
345455,FFF,2014B,High,6.46,4.0,0.0,0.0,1.0,0,Fail
539710,BBB,2013B,High,6.46,21.0,0.0,0.0,1.0,0,Fail
610718,EEE,2014B,High,6.46,8.0,0.0,0.0,1.0,0,Fail
686365,EEE,2014J,High,6.46,9.0,0.0,0.0,1.0,0,Fail
626213,GGG,2014B,High,6.46,14.0,0.0,0.0,2.0,0,Fail
2574281,DDD,2013J,High,6.46,187.0,0.0,0.0,8.0,0,Fail
642536,FFF,2014J,High,6.46,22.0,0.0,0.0,3.0,0,Fail
699140,EEE,2014J,High,6.46,10.0,0.0,0.0,1.0,0,Fail
699141,EEE,2014J,High,6.46,1.0,0.0,0.0,1.0,0,Fail
634899,GGG,2014B,High,6.46,174.0,0.0,0.0,12.0,0,Fail
633967,GGG,2014B,High,6.46,16.0,0.0,0.0,1.0,0,Fail
633515,GGG,2014B,High,6.46,10.0,0.0,0.0,2.0,0,Fail
2248779,GGG,2013J,High,6.46,2.0,0.0,0.0,1.0,0,Fail
2322120,GGG,2014B,High,6.46,8.0,0.0,0.0,1.0,0,Fail
250092,CCC,2014B,High,6.46,17.0,0.0,0.0,2.0,0,Fail
674457,EEE,2014J,High,6.46,37.0,0.0,0.0,3.0,0,Fail
631770,CCC,2014B,High,6.46,2.0,0.0,0.0,2.0,0,Fail
246248,CCC,2014B,High,6.46,4.0,0.0,0.0,1.0,0,Fail
552832,FFF,2014J,High,6.46,65.0,0.0,0.0,3.0,0,Fail
648131,BBB,2014J,High,6.46,88.0,1.0,1.0,4.0,0,Fail
648391,BBB,2014J,High,6.46,158.0,0.0,0.0,6.0,0,Fail
633206,BBB,2014J,High,6.46,5.0,0.0,0.0,2.0,0,Fail
651048,DDD,2014J,High,6.46,14.0,0.0,0.0,2.0,0,Fail
597443,DDD,2013J,High,6.46,106.0,0.0,0.0,9.0,0,Fail
577949,BBB,2013J,High,6.46,21.0,0.0,0.0,2.0,0,Fail
520750,EEE,2014J,High,6.45,86.0,0.0,0.0,5.0,0,Fail
619284,GGG,2014B,High,6.45,32.0,0.0,0.0,2.0,0,Fail
282585,EEE,2013J,High,6.45,13.0,0.0,0.0,4.0,0,Fail
549603,GGG,2014B,High,6.45,20.0,0.0,0.0,5.0,0,Fail
633305,FFF,2014B,High,6.45,131.0,0.0,0.0,5.0,0,Fail
553353,DDD,2013J,High,6.45,26.0,0.0,0.0,4.0,0,Fail
415307,GGG,2014J,High,6.45,27.0,0.0,0.0,3.0,0,Fail
404239,EEE,2014B,High,6.45,43.0,0.0,0.0,5.0,0,Fail
595515,EEE,2013J,High,6.45,93.0,0.0,0.0,2.0,0,Fail
546455,BBB,2013B,High,6.45,27.0,0.0,0.0,6.0,0,Fail
485568,BBB,2013B,High,6.45,171.0,0.0,0.0,11.0,0,Fail
625478,BBB,2014B,High,6.45,18.0,0.0,0.0,4.0,0,Fail
507300,EEE,2013J,High,6.45,383.0,0.0,0.0,9.0,0,Fail
140108,FFF,2014B,High,6.45,61.0,0.0,0.0,5.0,0,Fail
134578,FFF,2013B,High,6.45,185.0,0.0,0.0,4.0,1,Fail
611096,BBB,2013J,High,6.45,54.0,0.0,0.0,3.0,0,Fail
622618,GGG,2014B,High,6.45,27.0,0.0,0.0,3.0,0,Fail
2620584,AAA,2013J,High,6.45,92.0,0.0,0.0,5.0,0,Fail
512546,CCC,2014J,High,6.45,166.0,0.0,0.0,14.0,0,Withdrawn
621001,DDD,2014J,High,6.45,75.0,0.0,0.0,3.0,0,Fail
650050,BBB,2014J,High,6.45,57.0,0.0,0.0,4.0,0,Fail
610393,DDD,2013J,High,6.45,34.0,0.0,0.0,5.0,0,Fail
270399,BBB,2013B,High,6.45,22.0,0.0,0.0,4.0,0,Fail
563019,FFF,2013J,High,6.45,58.0,0.0,0.0,5.0,0,Fail
633868,EEE,2014J,High,6.45,157.0,0.0,0.0,2.0,0,Fail
571927,FFF,2013J,High,6.45,85.0,0.0,0.0,3.0,0,Fail
592749,DDD,2013J,High,6.45,447.0,0.0,0.0,36.0,0,Fail
130837,DDD,2013J,High,6.45,66.0,0.0,0.0,3.0,0,Fail
543576,EEE,2013J,High,6.45,18.0,0.0,0.0,5.0,0,Fail
642988,BBB,2014J,High,6.45,20.0,0.0,0.0,4.0,0,Fail
625841,CCC,2014B,High,6.45,240.0,0.0,0.0,21.0,0,Fail
613417,FFF,2014B,High,6.45,75.0,0.0,0.0,6.0,0,Fail
611855,FFF,2014B,High,6.45,288.0,0.0,0.0,11.0,0,Fail
603543,BBB,2014B,High,6.45,30.0,0.0,0.0,3.0,0,Fail
2653027,GGG,2013J,High,6.45,14.0,0.0,0.0,4.0,0,Fail
551545,GGG,2013J,High,6.45,101.0,0.0,0.0,11.0,0,Fail
546754,GGG,2013J,High,6.45,17.0,0.0,0.0,3.0,0,Fail
2253576,DDD,2013J,High,6.45,34.0,0.0,0.0,4.0,0,Fail
342089,CCC,2014B,High,6.45,31.0,0.0,0.0,5.0,0,Fail
576202,EEE,2013J,High,6.45,61.0,0.0,0.0,4.0,0,Fail
678474,FFF,2014J,High,6.45,9.0,0.0,0.0,5.0,0,Fail
574504,GGG,2013J,High,6.45,37.0,0.0,0.0,5.0,0,Fail
596629,DDD,2013J,High,6.45,39.0,0.0,0.0,4.0,0,Fail
2542342,GGG,2013J,High,6.45,22.0,0.0,0.0,3.0,0,Fail
2540450,GGG,2013J,High,6.45,19.0,0.0,0.0,3.0,0,Fail
601414,GGG,2013J,High,6.45,30.0,0.0,0.0,5.0,0,Fail
608961,BBB,2014B,High,6.45,53.0,0.0,0.0,1.0,0,Fail
586563,GGG,2013J,High,6.45,49.0,0.0,0.0,4.0,0,Fail
596542,DDD,2013J,High,6.45,90.0,0.0,0.0,4.0,0,Fail
506824,DDD,2014J,High,6.45,22.0,0.0,0.0,4.0,1,Fail
582039,GGG,2013J,High,6.45,53.0,0.0,0.0,4.0,0,Fail
536050,BBB,2013B,High,6.45,55.0,0.0,0.0,5.0,0,Fail
342089,FFF,2014B,High,6.45,37.0,0.0,0.0,5.0,0,Fail
680293,DDD,2014J,High,6.45,42.0,0.0,0.0,4.0,0,Withdrawn
1828078,GGG,2013J,High,6.45,106.0,0.0,0.0,9.0,0,Fail
559838,DDD,2013B,High,6.45,360.0,0.0,0.0,18.0,0,Fail
533846,BBB,2013B,High,6.45,145.0,0.0,0.0,11.0,0,Fail
691787,GGG,2014J,High,6.45,163.0,0.0,0.0,17.0,0,Fail
227254,FFF,2013J,High,6.45,24.0,0.0,0.0,4.0,0,Fail
2640965,GGG,2014J,High,6.44,41.0,0.0,0.0,5.0,0,Fail
652112,GGG,2014J,High,6.44,47.0,0.0,0.0,7.0,0,Fail
304500,FFF,2014B,High,6.44,139.0,0.0,0.0,7.0,0,Fail
598924,EEE,2013J,High,6.44,223.0,0.0,0.0,5.0,0,Fail
510846,CCC,2014J,High,6.44,105.0,0.0,0.0,6.0,0,Withdrawn
609979,GGG,2013J,High,6.44,25.0,0.0,0.0,6.0,0,Fail
520750,CCC,2014J,High,6.44,87.0,0.0,0.0,5.0,0,Fail
308509,BBB,2013J,High,6.44,41.0,0.0,0.0,7.0,0,Fail
613417,CCC,2014B,High,6.44,80.0,0.0,0.0,5.0,0,Fail
629990,GGG,2014B,High,6.44,48.0,0.0,0.0,6.0,0,Fail
633448,GGG,2014B,High,6.44,35.0,0.0,0.0,7.0,0,Fail
629963,GGG,2014B,High,6.44,57.0,0.0,0.0,6.0,0,Fail
63958,FFF,2014B,High,6.44,110.0,0.0,0.0,9.0,0,Fail
548679,DDD,2013B,High,6.44,197.0,0.0,0.0,13.0,0,Fail
646152,GGG,2014J,High,6.44,42.0,0.0,0.0,5.0,0,Fail
597098,FFF,2013J,High,6.44,195.0,0.0,0.0,8.0,0,Fail
576350,DDD,2014B,High,6.44,96.0,0.0,0.0,4.0,0,Fail
648867,FFF,2014J,High,6.44,141.0,0.0,0.0,6.0,0,Fail
250092,EEE,2014B,High,6.44,117.0,0.0,0.0,6.0,0,Fail
678474,CCC,2014J,High,6.44,34.0,0.0,0.0,7.0,0,Fail
404239,CCC,2014B,High,6.44,41.0,0.0,0.0,7.0,0,Fail
496085,DDD,2014B,High,6.44,125.0,0.0,0.0,15.0,0,Fail
606828,CCC,2014B,High,6.44,76.0,0.0,0.0,8.0,0,Fail
477165,GGG,2013J,High,6.44,45.0,0.0,0.0,5.0,0,Fail
488853,GGG,2013J,High,6.44,32.0,0.0,0.0,6.0,0,Fail
648880,DDD,2014J,High,6.44,23.0,0.0,0.0,7.0,0,Fail
304106,GGG,2014B,High,6.44,28.0,0.0,0.0,8.0,0,Fail
2539666,FFF,2013J,High,6.44,114.0,0.0,0.0,7.0,0,Fail
475901,BBB,2013B,High,6.44,34.0,0.0,0.0,8.0,0,Fail
634638,FFF,2014B,High,6.43,90.0,0.0,0.0,1.0,0,Fail
572134,DDD,2013J,High,6.43,230.0,0.0,0.0,17.0,0,Fail
483674,BBB,2014J,High,6.43,78.0,1.0,1.0,3.0,0,Fail
680484,GGG,2014J,High,6.43,206.0,0.0,0.0,10.0,0,Fail
630008,GGG,2014B,High,6.43,4.0,0.0,0.0,1.0,0,Fail
577439,GGG,2013J,High,6.43,41.0,0.0,0.0,9.0,0,Fail
575691,GGG,2013J,High,6.43,0.0,0.0,0.0,0.0,0,Fail
654095,EEE,2014J,High,6.43,25.0,0.0,0.0,2.0,0,Fail
606270,DDD,2013J,High,6.43,0.0,0.0,0.0,0.0,0,Fail
611138,GGG,2013J,High,6.43,4.0,0.0,0.0,1.0,0,Fail
1508708,BBB,2014B,High,6.43,10.0,0.0,0.0,2.0,0,Fail
580669,GGG,2013J,High,6.43,7.0,0.0,0.0,1.0,0,Fail
586314,EEE,2013J,High,6.43,0.0,0.0,0.0,0.0,0,Fail
498225,CCC,2014J,High,6.43,1.0,0.0,0.0,1.0,1,Withdrawn
634562,GGG,2014B,High,6.43,97.0,0.0,0.0,6.0,0,Fail
488198,DDD,2013J,High,6.43,1.0,0.0,0.0,1.0,1,Fail
570177,BBB,2014B,High,6.43,0.0,0.0,0.0,0.0,1,Fail
426410,FFF,2014J,High,6.43,0.0,0.0,0.0,0.0,1,Fail
647511,BBB,2014J,High,6.43,0.0,0.0,0.0,0.0,0,Fail
432474,FFF,2013J,High,6.43,258.0,0.0,0.0,8.0,0,Fail
678080,BBB,2014J,High,6.43,176.0,1.0,1.0,8.0,0,Fail
2535160,FFF,2014J,High,6.43,45.0,0.0,0.0,2.0,0,Fail
494673,BBB,2013B,High,6.43,20.0,0.0,0.0,2.0,0,Fail
349424,BBB,2013B,High,6.43,12.0,0.0,0.0,1.0,1,Fail
584687,FFF,2013J,High,6.43,48.0,0.0,0.0,2.0,0,Fail
238249,EEE,2013J,High,6.43,0.0,0.0,0.0,0.0,0,Fail
625841,EEE,2014B,High,6.43,417.0,0.0,0.0,26.0,0,Fail
582033,GGG,2014B,High,6.43,0.0,0.0,0.0,0.0,0,Fail
2540288,GGG,2013J,High,6.43,0.0,0.0,0.0,0.0,0,Fail
592448,GGG,2013J,High,6.43,4.0,0.0,0.0,1.0,0,Fail
554139,BBB,2013B,High,6.43,56.0,0.0,0.0,11.0,0,Fail
551985,BBB,2013B,High,6.43,1.0,0.0,0.0,1.0,0,Fail
675629,GGG,2014J,High,6.43,0.0,0.0,0.0,0.0,0,Fail
610461,GGG,2014B,High,6.43,102.0,0.0,0.0,4.0,0,Fail
322574,BBB,2014J,High,6.43,25.0,1.0,1.0,3.0,0,Fail
404559,FFF,2013B,High,6.43,6.0,0.0,0.0,1.0,0,Fail
365405,EEE,2013J,High,6.43,9.0,0.0,0.0,2.0,0,Fail
368741,DDD,2013B,High,6.43,1.0,0.0,0.0,1.0,0,Fail
585790,BBB,2013J,High,6.43,0.0,0.0,0.0,0.0,0,Fail
625027,BBB,2014B,High,6.43,8.0,0.0,0.0,1.0,0,Fail
355663,FFF,2013B,High,6.43,58.0,0.0,0.0,2.0,2,Fail
596307,GGG,2014B,High,6.43,52.0,0.0,0.0,10.0,0,Fail
1766102,FFF,2014J,High,6.43,355.0,0.0,0.0,9.0,0,Fail
1644568,DDD,2013J,High,6.43,2.0,0.0,0.0,1.0,0,Fail
699138,EEE,2014J,High,6.43,199.0,0.0,0.0,6.0,0,Fail
523419,GGG,2013J,High,6.43,3.0,0.0,0.0,1.0,0,Fail
654095,CCC,2014J,High,6.43,0.0,0.0,0.0,0.0,0,Fail
684208,CCC,2014J,High,6.43,6.0,0.0,0.0,1.0,0,Fail
2649341,GGG,2013J,High,6.43,0.0,0.0,0.0,0.0,0,Fail
2349805,BBB,2014J,High,6.43,25.0,0.0,0.0,1.0,0,Fail
695921,EEE,2014J,High,6.43,0.0,0.0,0.0,0.0,0,Fail
229499,CCC,2014B,High,6.43,37.0,0.0,0.0,1.0,0,Fail
502973,FFF,2013B,High,6.43,0.0,0.0,0.0,0.0,0,Fail
630426,FFF,2014B,High,6.43,8.0,0.0,0.0,1.0,0,Fail
2241036,CCC,2014B,High,6.43,244.0,0.0,0.0,16.0,0,Fail
654237,GGG,2014J,High,6.43,2.0,0.0,0.0,1.0,0,Fail
634615,BBB,2014B,High,6.43,6.0,0.0,0.0,1.0,0,Fail
2102658,FFF,2013B,High,6.43,0.0,0.0,0.0,0.0,0,Fail
174468,FFF,2013J,High,6.43,1.0,0.0,0.0,1.0,1,Fail
613380,BBB,2014J,High,6.43,0.0,0.0,0.0,0.0,0,Fail
515536,FFF,2013J,High,6.42,24.0,0.0,0.0,6.0,0,Fail
601239,GGG,2013J,High,6.42,104.0,0.0,0.0,9.0,0,Fail
606492,DDD,2013J,High,6.42,130.0,0.0,0.0,12.0,0,Fail
692482,BBB,2014J,High,6.42,26.0,0.0,0.0,2.0,0,Fail
2495352,DDD,2013J,High,6.42,310.0,0.0,0.0,17.0,0,Fail
483743,FFF,2013B,High,6.42,34.0,0.0,0.0,4.0,1,Fail
435258,FFF,2013B,High,6.42,362.0,0.0,0.0,11.0,0,Fail
544367,DDD,2013B,High,6.42,18.0,0.0,0.0,4.0,0,Fail
638040,CCC,2014J,High,6.42,29.0,0.0,0.0,4.0,0,Withdrawn
376280,DDD,2014B,High,6.42,40.0,0.0,0.0,2.0,1,Fail
522862,FFF,2013J,High,6.42,27.0,0.0,0.0,3.0,2,Fail
289676,FFF,2014J,High,6.42,145.0,0.0,0.0,3.0,1,Fail
2225190,BBB,2013J,High,6.42,13.0,0.0,0.0,3.0,0,Fail
588469,GGG,2013J,High,6.42,20.0,0.0,0.0,5.0,0,Fail
541923,FFF,2013B,High,6.42,302.0,0.0,0.0,12.0,0,Fail
496494,DDD,2014J,High,6.42,27.0,0.0,0.0,5.0,0,Fail
600032,GGG,2013J,High,6.42,130.0,0.0,0.0,7.0,0,Fail
590420,DDD,2013J,High,6.42,53.0,0.0,0.0,4.0,0,Fail
612363,GGG,2014B,High,6.42,15.0,0.0,1.0,3.0,0,Fail
610143,EEE,2013J,High,6.42,140.0,0.0,0.0,12.0,0,Fail
617107,GGG,2014B,High,6.42,20.0,0.0,0.0,5.0,0,Fail
557172,CCC,2014B,High,6.42,28.0,0.0,0.0,2.0,0,Fail
408344,DDD,2014J,High,6.42,28.0,0.0,0.0,4.0,0,Fail
606602,GGG,2014B,High,6.42,47.0,0.0,0.0,3.0,1,Fail
546681,BBB,2013B,High,6.42,55.0,0.0,0.0,1.0,0,Fail
649310,EEE,2014J,High,6.42,18.0,0.0,0.0,4.0,0,Fail
649248,EEE,2014J,High,6.42,65.0,0.0,0.0,4.0,0,Withdrawn
443753,FFF,2013J,High,6.42,29.0,10.0,1.0,4.0,1,Fail
2516497,DDD,2014B,High,6.42,40.0,0.0,0.0,3.0,0,Fail
521069,BBB,2013B,High,6.42,152.0,0.0,0.0,8.0,0,Fail
656111,GGG,2014J,High,6.42,39.0,0.0,0.0,3.0,0,Fail
69489,DDD,2014B,High,6.42,109.0,0.0,0.0,13.0,2,Fail
2465186,DDD,2014B,High,6.41,175.0,0.0,0.0,12.0,0,Fail
559519,EEE,2013J,High,6.41,101.0,0.0,0.0,6.0,0,Fail
687348,CCC,2014J,High,6.41,386.0,0.0,0.0,6.0,0,Withdrawn
272000,BBB,2014J,High,6.41,190.0,0.0,0.0,11.0,0,Fail
617883,GGG,2014B,High,6.41,274.0,0.0,0.0,24.0,0,Fail
657071,DDD,2014J,High,6.41,59.0,0.0,0.0,7.0,0,Fail
580838,DDD,2014J,High,6.41,49.0,0.0,0.0,5.0,0,Withdrawn
2336654,FFF,2014B,High,6.41,99.0,0.0,0.0,5.0,0,Fail
242636,FFF,2014J,High,6.41,23.0,0.0,1.0,7.0,0,Fail
545313,GGG,2013J,High,6.41,122.0,0.0,0.0,11.0,0,Fail
591132,FFF,2014B,High,6.41,84.0,0.0,0.0,6.0,0,Fail
572146,EEE,2013J,High,6.41,247.0,0.0,0.0,13.0,0,Fail
629918,FFF,2014B,High,6.41,211.0,0.0,0.0,6.0,0,Fail
2398260,FFF,2014J,High,6.41,370.0,0.0,0.0,15.0,0,Withdrawn
605372,FFF,2013J,High,6.41,103.0,0.0,0.0,7.0,0,Fail
571787,GGG,2013J,High,6.41,68.0,0.0,0.0,4.0,0,Fail
2303034,BBB,2013B,High,6.41,481.0,0.0,0.0,45.0,1,Fail
656906,EEE,2014J,High,6.41,111.0,0.0,0.0,6.0,0,Fail
632558,GGG,2014B,High,6.41,55.0,0.0,0.0,4.0,0,Fail
603827,GGG,2013J,High,6.41,162.0,0.0,0.0,8.0,0,Fail
466599,FFF,2013B,High,6.41,123.0,0.0,0.0,8.0,0,Fail
677711,EEE,2014J,High,6.41,384.0,0.0,0.0,11.0,0,Fail
602569,FFF,2013J,High,6.41,160.0,0.0,0.0,7.0,0,Fail
591819,GGG,2013J,High,6.41,28.0,0.0,0.0,5.0,0,Fail
598701,DDD,2013J,High,6.41,270.0,0.0,0.0,11.0,0,Fail
599059,EEE,2014J,High,6.41,26.0,0.0,0.0,6.0,1,Fail
642627,CCC,2014J,High,6.4,0.0,0.0,0.0,0.0,0,Withdrawn
495875,BBB,2013J,High,6.4,0.0,0.0,0.0,0.0,1,Fail
632040,BBB,2014B,High,6.4,0.0,0.0,0.0,0.0,0,Fail
511246,FFF,2014J,High,6.4,18.0,0.0,0.0,1.0,0,Fail
580095,GGG,2013J,High,6.4,0.0,0.0,0.0,0.0,0,Fail
2365438,DDD,2013J,High,6.4,0.0,0.0,0.0,0.0,0,Fail
261042,CCC,2014B,High,6.4,0.0,0.0,0.0,0.0,0,Fail
2707979,DDD,2013B,High,6.4,0.0,0.0,0.0,0.0,0,Fail
630867,FFF,2014B,High,6.4,105.0,0.0,0.0,10.0,0,Fail
593013,GGG,2013J,High,6.4,2.0,0.0,0.0,1.0,0,Fail
656622,FFF,2014J,High,6.4,14.0,0.0,0.0,1.0,0,Withdrawn
381640,BBB,2013B,High,6.4,0.0,0.0,0.0,0.0,0,Fail
605191,DDD,2013J,High,6.4,0.0,0.0,0.0,0.0,0,Fail
685028,GGG,2014J,High,6.4,0.0,0.0,0.0,0.0,0,Withdrawn
488828,EEE,2014B,High,6.4,0.0,0.0,0.0,0.0,0,Fail
630156,GGG,2014B,High,6.4,9.0,0.0,0.0,1.0,0,Fail
630346,BBB,2013B,High,6.4,0.0,0.0,0.0,0.0,0,Fail
569729,FFF,2014B,High,6.4,0.0,0.0,0.0,0.0,0,Fail
538211,DDD,2013B,High,6.4,140.0,0.0,0.0,7.0,0,Fail
633771,DDD,2014B,High,6.4,52.0,0.0,0.0,9.0,0,Fail
547100,EEE,2014B,High,6.4,0.0,0.0,0.0,0.0,0,Fail
488617,CCC,2014J,High,6.4,0.0,0.0,0.0,0.0,0,Fail
627076,GGG,2014B,High,6.4,107.0,0.0,0.0,15.0,0,Fail
596583,BBB,2013J,High,6.4,0.0,0.0,0.0,0.0,0,Fail
599976,CCC,2014J,High,6.4,84.0,0.0,0.0,10.0,0,Fail
346843,AAA,2013J,High,6.4,164.0,0.0,0.0,8.0,0,Fail
266858,FFF,2013B,High,6.4,112.0,0.0,0.0,11.0,1,Fail
623138,FFF,2014B,High,6.4,6.0,0.0,0.0,1.0,0,Fail
568863,GGG,2014B,High,6.4,0.0,0.0,0.0,0.0,0,Fail
490156,FFF,2013B,High,6.4,0.0,0.0,0.0,0.0,1,Fail
624674,BBB,2014B,High,6.4,0.0,0.0,0.0,0.0,0,Fail
491232,CCC,2014B,High,6.4,35.0,0.0,0.0,9.0,0,Fail
169555,FFF,2013B,High,6.4,277.0,0.0,0.0,32.0,0,Fail
618925,FFF,2014B,High,6.4,2.0,0.0,0.0,1.0,0,Fail
608197,BBB,2013J,High,6.4,0.0,0.0,0.0,0.0,0,Fail
685841,BBB,2014J,High,6.4,1.0,0.0,0.0,1.0,0,Fail
594359,FFF,2013J,High,6.4,29.0,0.0,0.0,1.0,0,Fail
398029,GGG,2014B,High,6.4,1.0,0.0,0.0,1.0,0,Fail
595324,CCC,2014B,High,6.4,0.0,0.0,0.0,0.0,0,Fail
679949,FFF,2014J,High,6.4,0.0,0.0,0.0,0.0,0,Fail
548097,BBB,2013B,High,6.4,0.0,0.0,0.0,0.0,0,Fail
536664,BBB,2013J,High,6.4,0.0,0.0,0.0,0.0,0,Fail
572021,EEE,2013J,High,6.4,199.0,0.0,0.0,7.0,0,Fail
521542,CCC,2014B,High,6.4,0.0,0.0,0.0,0.0,0,Fail
571359,GGG,2013J,High,6.4,0.0,0.0,0.0,0.0,0,Fail
567831,GGG,2013J,High,6.4,2.0,0.0,0.0,1.0,0,Fail
519185,GGG,2013J,High,6.4,4.0,0.0,0.0,1.0,0,Fail
606075,BBB,2014B,High,6.4,0.0,0.0,0.0,0.0,0,Fail
242636,CCC,2014J,High,6.4,108.0,0.0,1.0,6.0,0,Fail
586506,FFF,2014B,High,6.4,426.0,0.0,0.0,5.0,0,Fail
593845,EEE,2013J,High,6.4,129.0,0.0,0.0,7.0,0,Fail
632927,FFF,2014B,High,6.4,429.0,0.0,0.0,15.0,0,Fail
684676,FFF,2014J,High,6.4,1003.0,0.0,0.0,33.0,0,Fail
584594,FFF,2013J,High,6.39,370.0,0.0,0.0,21.0,0,Fail
328674,CCC,2014J,High,6.39,26.0,0.0,0.0,2.0,0,Fail
599658,DDD,2013J,High,6.39,83.0,0.0,0.0,12.0,0,Fail
623105,EEE,2014B,High,6.39,31.0,0.0,0.0,3.0,0,Fail
529000,BBB,2013J,High,6.39,28.0,0.0,0.0,3.0,0,Fail
608997,FFF,2013J,High,6.39,14.0,0.0,0.0,4.0,0,Fail
590835,GGG,2013J,High,6.39,18.0,0.0,0.0,3.0,0,Fail
575480,BBB,2013J,High,6.39,18.0,0.0,0.0,2.0,0,Fail
582141,FFF,2014J,High,6.39,20.0,0.0,0.0,3.0,0,Fail
516728,EEE,2014B,High,6.39,28.0,0.0,0.0,2.0,1,Fail
688856,GGG,2014J,High,6.39,25.0,0.0,0.0,3.0,0,Fail
608669,CCC,2014J,High,6.39,5.0,0.0,0.0,2.0,0,Fail
574565,EEE,2014J,High,6.39,293.0,0.0,0.0,18.0,0,Fail
579206,EEE,2013J,High,6.39,406.0,0.0,0.0,16.0,0,Fail
237506,DDD,2013J,High,6.39,51.0,0.0,0.0,3.0,0,Fail
605921,FFF,2013J,High,6.39,17.0,0.0,0.0,3.0,0,Fail
586436,CCC,2014B,High,6.39,59.0,0.0,0.0,13.0,0,Fail
606998,FFF,2013J,High,6.39,177.0,0.0,0.0,26.0,0,Fail
655086,BBB,2014J,High,6.39,107.0,0.0,0.0,9.0,0,Fail
642627,EEE,2014J,High,6.39,13.0,0.0,0.0,2.0,0,Fail
684075,FFF,2014J,High,6.39,45.0,0.0,0.0,3.0,0,Fail
2625021,FFF,2014B,High,6.39,26.0,0.0,0.0,3.0,0,Fail
116499,FFF,2013J,High,6.39,166.0,0.0,0.0,14.0,0,Fail
629955,DDD,2014B,High,6.39,49.0,0.0,0.0,3.0,0,Fail
591440,BBB,2013J,High,6.39,38.0,0.0,0.0,3.0,0,Fail
521542,EEE,2013J,High,6.39,13.0,0.0,0.0,2.0,0,Fail
348378,FFF,2014B,High,6.39,356.0,0.0,0.0,20.0,0,Fail
675888,GGG,2014J,High,6.39,14.0,0.0,0.0,1.0,0,Fail
584932,DDD,2013J,High,6.39,10.0,0.0,0.0,2.0,0,Fail
299027,BBB,2014B,High,6.39,24.0,0.0,0.0,3.0,0,Fail
567676,FFF,2013J,High,6.39,317.0,0.0,0.0,23.0,0,Fail
103998,BBB,2014J,High,6.39,49.0,0.0,0.0,2.0,0,Fail
597142,BBB,2013J,High,6.39,31.0,0.0,0.0,2.0,0,Fail
556742,EEE,2013J,High,6.39,41.0,0.0,0.0,2.0,0,Fail
653059,BBB,2014J,High,6.38,84.0,1.0,1.0,6.0,0,Fail
639993,FFF,2014J,High,6.38,137.0,0.0,0.0,6.0,0,Withdrawn
628363,FFF,2014J,High,6.38,60.0,0.0,0.0,7.0,0,Fail
648445,GGG,2014J,High,6.38,303.0,0.0,0.0,23.0,0,Fail
111512,AAA,2014J,High,6.38,439.0,0.0,0.0,21.0,0,Fail
651954,GGG,2014J,High,6.38,39.0,0.0,0.0,3.0,0,Fail
236512,EEE,2014J,High,6.38,308.0,0.0,0.0,11.0,0,Fail
308850,BBB,2014J,High,6.38,114.0,1.0,1.0,5.0,0,Fail
2459279,BBB,2014J,High,6.38,52.0,0.0,0.0,6.0,0,Fail
545072,BBB,2013B,High,6.38,42.0,0.0,0.0,6.0,0,Fail
651267,DDD,2014J,High,6.38,102.0,0.0,1.0,13.0,0,Fail
559645,EEE,2013J,High,6.38,340.0,0.0,0.0,10.0,0,Fail
535682,CCC,2014B,High,6.38,67.0,0.0,1.0,4.0,0,Fail
537621,DDD,2013B,High,6.38,75.0,0.0,0.0,3.0,0,Fail
415399,GGG,2014B,High,6.38,157.0,0.0,0.0,7.0,1,Fail
590867,BBB,2013J,High,6.38,128.0,0.0,1.0,10.0,0,Fail
525869,BBB,2013B,High,6.38,38.0,0.0,0.0,5.0,0,Fail
297806,BBB,2014J,High,6.38,126.0,1.0,1.0,4.0,0,Fail
692826,BBB,2014J,High,6.38,81.0,1.0,1.0,6.0,0,Fail
600077,EEE,2013J,High,6.37,0.0,0.0,0.0,0.0,0,Fail
684995,GGG,2014J,High,6.37,435.0,0.0,0.0,5.0,0,Fail
260951,GGG,2014J,High,6.37,0.0,0.0,0.0,0.0,0,Fail
525797,BBB,2013B,High,6.37,0.0,0.0,0.0,0.0,1,Fail
600833,BBB,2013J,High,6.37,0.0,0.0,0.0,0.0,0,Fail
592486,DDD,2013J,High,6.37,0.0,0.0,0.0,0.0,0,Fail
653601,GGG,2014J,High,6.37,0.0,0.0,0.0,0.0,0,Fail
654821,GGG,2014J,High,6.37,0.0,0.0,0.0,0.0,0,Fail
686309,GGG,2014J,High,6.37,39.0,0.0,0.0,8.0,0,Fail
1896915,FFF,2013B,High,6.37,559.0,0.0,0.0,25.0,0,Fail
579604,EEE,2013J,High,6.37,0.0,0.0,0.0,0.0,0,Fail
585355,BBB,2013J,High,6.37,0.0,0.0,0.0,0.0,0,Fail
604118,BBB,2013J,High,6.37,0.0,0.0,0.0,0.0,0,Fail
633436,GGG,2014B,High,6.37,82.0,0.0,0.0,5.0,0,Fail
2371311,DDD,2014B,High,6.37,96.0,0.0,0.0,5.0,0,Fail
599323,BBB,2014J,High,6.37,407.0,0.0,0.0,17.0,0,Fail
645753,BBB,2014J,High,6.37,289.0,0.0,0.0,22.0,0,Fail
635552,EEE,2014J,High,6.37,0.0,0.0,0.0,0.0,0,Fail
646739,CCC,2014J,High,6.37,0.0,0.0,0.0,0.0,0,Fail
634292,FFF,2014B,High,6.37,0.0,0.0,0.0,0.0,0,Fail
488364,BBB,2013B,High,6.37,741.0,0.0,0.0,14.0,0,Fail
576032,FFF,2013J,High,6.37,0.0,0.0,0.0,0.0,0,Fail
619980,BBB,2014B,High,6.37,0.0,0.0,0.0,0.0,0,Fail
465724,GGG,2013J,High,6.37,0.0,0.0,0.0,0.0,0,Fail
483158,GGG,2013J,High,6.37,0.0,0.0,0.0,0.0,0,Fail
393451,GGG,2013J,High,6.37,182.0,0.0,0.0,11.0,0,Fail
539035,DDD,2013B,High,6.37,63.0,0.0,0.0,7.0,0,Fail
2685825,DDD,2013B,High,6.37,0.0,0.0,0.0,0.0,0,Fail
695799,DDD,2014J,High,6.37,61.0,0.0,0.0,7.0,0,Withdrawn
682538,BBB,2014J,High,6.37,153.0,1.0,1.0,8.0,0,Withdrawn
592284,DDD,2013J,High,6.37,95.0,0.0,1.0,18.0,0,Fail
582182,BBB,2013J,High,6.37,0.0,0.0,0.0,0.0,0,Fail
2576298,DDD,2013J,High,6.37,102.0,0.0,0.0,6.0,0,Fail
655662,BBB,2014J,High,6.37,12.0,1.0,1.0,2.0,0,Fail
629673,DDD,2014B,High,6.37,0.0,0.0,0.0,0.0,0,Fail
631135,FFF,2014B,High,6.37,172.0,0.0,0.0,6.0,0,Fail
610738,GGG,2013J,High,6.37,157.0,0.0,1.0,11.0,0,Fail
601892,GGG,2013J,High,6.37,0.0,0.0,0.0,0.0,0,Fail
576417,FFF,2013J,High,6.37,0.0,0.0,0.0,0.0,0,Fail
599503,GGG,2013J,High,6.37,36.0,0.0,0.0,8.0,0,Fail
504089,DDD,2014B,High,6.37,0.0,0.0,0.0,0.0,0,Fail
684903,GGG,2014J,High,6.36,99.0,0.0,0.0,6.0,0,Fail
333155,DDD,2013J,High,6.36,3.0,0.0,0.0,2.0,0,Fail
574101,EEE,2013J,High,6.36,158.0,0.0,0.0,10.0,0,Fail
680349,FFF,2014J,High,6.36,38.0,0.0,0.0,3.0,0,Withdrawn
521671,BBB,2014B,High,6.36,7.0,0.0,0.0,1.0,0,Fail
656276,BBB,2014J,High,6.36,103.0,1.0,1.0,13.0,0,Fail
2631545,BBB,2013J,High,6.36,109.0,0.0,0.0,9.0,0,Fail
629907,FFF,2014J,High,6.36,669.0,0.0,0.0,26.0,0,Withdrawn
556450,EEE,2014J,High,6.36,1.0,0.0,0.0,1.0,1,Fail
614403,BBB,2014B,High,6.36,71.0,0.0,0.0,10.0,0,Fail
653661,EEE,2014J,High,6.36,31.0,0.0,0.0,1.0,0,Fail
484161,BBB,2013B,High,6.36,32.0,0.0,0.0,1.0,0,Fail
590072,CCC,2014B,High,6.36,1.0,0.0,0.0,1.0,0,Fail
2662742,EEE,2014B,High,6.36,61.0,0.0,0.0,2.0,0,Fail
198315,GGG,2014B,High,6.36,5.0,0.0,0.0,2.0,1,Fail
2216178,BBB,2013B,High,6.36,1.0,0.0,0.0,1.0,0,Fail
583301,BBB,2013J,High,6.36,2.0,0.0,0.0,1.0,0,Fail
652754,BBB,2014J,High,6.36,36.0,0.0,0.0,2.0,0,Withdrawn
266762,DDD,2013B,High,6.36,222.0,0.0,0.0,17.0,2,Fail
508668,BBB,2013B,High,6.36,12.0,0.0,0.0,2.0,0,Fail
601599,EEE,2014J,High,6.36,14.0,0.0,0.0,2.0,0,Fail
2697773,DDD,2013B,High,6.36,148.0,0.0,0.0,8.0,0,Fail
467685,FFF,2013J,High,6.36,97.0,0.0,0.0,14.0,0,Fail
676011,BBB,2014J,High,6.36,43.0,0.0,0.0,2.0,0,Fail
613116,CCC,2014B,High,6.36,26.0,0.0,0.0,2.0,0,Fail
255622,DDD,2013J,High,6.36,96.0,0.0,0.0,10.0,0,Fail
583966,FFF,2013J,High,6.36,170.0,0.0,0.0,23.0,0,Fail
613116,EEE,2014B,High,6.36,56.0,0.0,0.0,2.0,0,Fail
646628,CCC,2014J,High,6.36,7.0,0.0,0.0,1.0,0,Fail
551482,FFF,2013B,High,6.36,15.0,0.0,0.0,1.0,0,Fail
545124,DDD,2013J,High,6.36,21.0,0.0,0.0,2.0,0,Fail
590072,EEE,2013J,High,6.36,20.0,0.0,0.0,3.0,0,Fail
613105,DDD,2014B,High,6.35,118.0,9.0,1.0,6.0,0,Fail
622207,DDD,2014B,High,6.35,29.0,0.0,0.0,4.0,0,Fail
688600,BBB,2014J,High,6.35,418.0,0.0,0.0,10.0,0,Withdrawn
646881,GGG,2014J,High,6.35,147.0,0.0,0.0,6.0,0,Fail
556738,BBB,2013J,High,6.35,60.0,0.0,0.0,3.0,0,Fail
697352,DDD,2014J,High,6.35,154.0,0.0,0.0,12.0,0,Fail
467894,CCC,2014B,High,6.35,103.0,10.0,1.0,3.0,0,Fail
609708,DDD,2014B,High,6.35,32.0,0.0,0.0,5.0,0,Fail
483123,GGG,2013J,High,6.35,46.0,0.0,0.0,4.0,0,Fail
579199,EEE,2013J,High,6.35,26.0,0.0,0.0,4.0,0,Fail
2512392,BBB,2013B,High,6.35,2389.0,88.24,17.0,99.0,0,Withdrawn
602858,GGG,2014B,High,6.35,38.0,0.0,0.0,2.0,0,Fail
691212,DDD,2014J,High,6.35,18.0,0.0,0.0,6.0,0,Fail
595895,FFF,2014B,High,6.35,53.0,0.0,0.0,4.0,1,Fail
505930,CCC,2014J,High,6.35,427.0,0.0,0.0,29.0,0,Fail
490164,DDD,2014B,High,6.35,38.0,0.0,0.0,5.0,1,Fail
502642,DDD,2013J,High,6.35,40.0,0.0,0.0,6.0,0,Fail
522478,BBB,2014J,High,6.35,205.0,1.0,1.0,12.0,0,Fail
643644,EEE,2014J,High,6.35,42.0,0.0,0.0,4.0,0,Fail
383311,CCC,2014B,High,6.35,60.0,0.0,1.0,3.0,0,Fail
539468,FFF,2013B,High,6.35,72.0,0.0,0.0,5.0,0,Fail
390942,DDD,2013B,High,6.34,111.0,0.0,0.0,7.0,1,Fail
529383,BBB,2013B,High,6.34,202.0,0.0,0.0,14.0,1,Fail
608669,EEE,2013J,High,6.34,320.0,0.0,0.0,15.0,0,Fail
695186,BBB,2014J,High,6.34,7.0,1.0,1.0,1.0,0,Fail
311659,AAA,2014J,High,6.34,112.0,0.0,0.0,7.0,0,Fail
677250,EEE,2014J,High,6.34,159.0,0.0,0.0,4.0,0,Withdrawn
602944,EEE,2013J,High,6.34,89.0,0.0,0.0,8.0,0,Fail
2236538,CCC,2014B,High,6.34,270.0,0.0,0.0,13.0,0,Fail
442725,FFF,2014J,High,6.34,98.0,0.0,0.0,8.0,0,Fail
395954,GGG,2013J,High,6.34,76.0,0.0,0.0,4.0,0,Fail
2296716,BBB,2014J,High,6.34,191.0,1.0,1.0,15.0,0,Fail
600476,BBB,2013J,High,6.34,90.0,0.0,0.0,4.0,0,Fail
515130,BBB,2013B,High,6.34,47.0,0.0,0.0,6.0,1,Fail
654585,BBB,2014J,High,6.34,350.0,1.0,1.0,32.0,0,Fail
573150,FFF,2013J,High,6.34,477.0,0.0,4.0,33.0,0,Fail
2321898,DDD,2013B,High,6.34,67.0,0.0,0.0,7.0,0,Fail
504824,FFF,2013B,High,6.34,292.0,0.0,0.0,7.0,1,Fail
647194,FFF,2014J,High,6.34,85.0,0.0,0.0,8.0,0,Fail
275882,CCC,2014J,High,6.33,10.0,0.0,0.0,2.0,0,Fail
558829,DDD,2013B,High,6.33,809.0,0.0,0.0,19.0,0,Fail
465719,CCC,2014B,High,6.33,33.0,11.0,1.0,5.0,0,Fail
619939,DDD,2014B,High,6.33,20.0,0.0,0.0,2.0,0,Fail
612149,GGG,2014B,High,6.33,0.0,0.0,0.0,0.0,0,Fail
610261,DDD,2014B,High,6.33,7.0,0.0,0.0,2.0,0,Fail
616502,BBB,2013J,High,6.33,0.0,0.0,0.0,0.0,0,Fail
2263129,BBB,2014J,High,6.33,0.0,0.0,0.0,0.0,0,Fail
675441,CCC,2014J,High,6.33,26.0,0.0,0.0,2.0,0,Fail
651236,CCC,2014J,High,6.33,10.0,0.0,0.0,2.0,0,Fail
610239,BBB,2014B,High,6.33,0.0,0.0,0.0,0.0,0,Fail
586393,BBB,2013J,High,6.33,0.0,0.0,0.0,0.0,0,Fail
627043,GGG,2014B,High,6.33,6.0,0.0,0.0,2.0,0,Fail
628365,GGG,2014B,High,6.33,14.0,0.0,0.0,1.0,0,Fail
628245,GGG,2014B,High,6.33,0.0,0.0,0.0,0.0,0,Fail
610744,BBB,2013J,High,6.33,0.0,0.0,0.0,0.0,0,Fail
618444,GGG,2014B,High,6.33,0.0,0.0,0.0,0.0,0,Fail
647598,FFF,2014J,High,6.33,22.0,0.0,0.0,2.0,0,Fail
2640853,DDD,2014B,High,6.33,0.0,0.0,0.0,0.0,0,Fail
90836,DDD,2013B,High,6.33,205.0,0.0,0.0,31.0,0,Fail
465719,FFF,2013B,High,6.33,15.0,11.0,1.0,5.0,0,Fail
1777834,CCC,2014J,High,6.33,0.0,0.0,0.0,0.0,0,Pass
500031,CCC,2014J,High,6.33,1.0,0.0,0.0,1.0,0,Withdrawn
292741,DDD,2013B,High,6.33,19.0,0.0,0.0,2.0,0,Fail
544556,DDD,2013B,High,6.33,0.0,0.0,0.0,0.0,0,Fail
557803,BBB,2013B,High,6.33,0.0,0.0,0.0,0.0,0,Fail
642633,BBB,2014J,High,6.33,108.0,0.0,0.0,8.0,0,Fail
573510,GGG,2013J,High,6.33,0.0,0.0,0.0,0.0,0,Fail
584512,GGG,2013J,High,6.33,0.0,0.0,0.0,0.0,0,Fail
312886,CCC,2014B,High,6.33,10.0,0.0,0.0,2.0,0,Fail
637864,BBB,2014B,High,6.33,0.0,0.0,0.0,0.0,0,Fail
531953,FFF,2013J,High,6.33,12.0,0.0,0.0,1.0,0,Fail
548813,BBB,2013B,High,6.33,22.0,0.0,0.0,1.0,0,Fail
636271,BBB,2014B,High,6.33,0.0,0.0,0.0,0.0,0,Fail
647876,BBB,2014J,High,6.33,0.0,0.0,0.0,0.0,0,Withdrawn
687028,GGG,2014J,High,6.32,54.0,0.0,0.0,2.0,0,Fail
549670,FFF,2013B,High,6.32,92.0,0.0,0.0,3.0,0,Fail
494424,AAA,2013J,High,6.32,58.0,0.0,0.0,2.0,0,Fail
549106,BBB,2013B,High,6.32,360.0,0.0,0.0,11.0,0,Fail
535618,BBB,2013B,High,6.32,37.0,0.0,0.0,2.0,0,Fail
517016,BBB,2013J,High,6.32,18.0,0.0,0.0,3.0,0,Fail
619052,BBB,2014J,High,6.32,51.0,1.0,1.0,7.0,0,Fail
613387,CCC,2014B,High,6.32,21.0,0.0,0.0,4.0,0,Fail
590504,DDD,2014B,High,6.32,29.0,0.0,0.0,2.0,0,Fail
637867,BBB,2014J,High,6.32,500.0,0.0,0.0,16.0,0,Fail
675441,EEE,2014J,High,6.32,45.0,0.0,0.0,2.0,0,Fail
628851,GGG,2014B,High,6.32,32.0,5.0,1.0,3.0,0,Fail
184129,FFF,2013B,High,6.32,185.0,0.0,0.0,15.0,1,Fail
552824,DDD,2013B,High,6.32,30.0,0.0,0.0,2.0,0,Fail
567892,EEE,2013J,High,6.32,782.0,0.0,0.0,43.0,0,Fail
2533590,DDD,2014B,High,6.32,32.0,0.0,0.0,3.0,0,Fail
613387,EEE,2014B,High,6.32,77.0,0.0,0.0,2.0,0,Fail
385019,DDD,2014J,High,6.32,129.0,10.0,1.0,10.0,2,Fail
625128,CCC,2014B,High,6.32,156.0,10.0,1.0,11.0,0,Fail
2391303,EEE,2014J,High,6.32,256.0,0.0,0.0,9.0,0,Fail
528961,EEE,2013J,High,6.32,31.0,0.0,0.0,3.0,0,Fail
622792,DDD,2014B,High,6.31,37.0,0.0,0.0,6.0,0,Fail
630825,EEE,2014B,High,6.31,41.0,0.0,1.0,6.0,0,Fail
693629,FFF,2014J,High,6.31,33.0,0.0,0.0,7.0,0,Fail
621384,DDD,2014B,High,6.31,33.0,0.0,0.0,6.0,0,Fail
580925,GGG,2013J,High,6.31,338.0,0.0,0.0,19.0,0,Fail
2034533,FFF,2013B,High,6.31,89.0,0.0,0.0,18.0,0,Fail
382947,DDD,2013B,High,6.31,448.0,0.0,0.0,16.0,0,Fail
425136,DDD,2013B,High,6.31,111.0,8.0,1.0,6.0,0,Fail
548773,DDD,2013B,High,6.31,73.0,0.0,0.0,4.0,0,Fail
575566,DDD,2014J,High,6.31,124.0,0.0,0.0,3.0,0,Fail
633330,EEE,2014B,High,6.31,41.0,0.0,0.0,7.0,0,Fail
606817,FFF,2013J,High,6.31,113.0,0.0,0.0,5.0,0,Fail
599655,DDD,2013J,High,6.31,43.0,0.0,0.0,6.0,0,Fail
576447,GGG,2013J,High,6.31,25.0,0.0,0.0,5.0,0,Fail
560010,FFF,2013B,High,6.31,124.0,0.0,0.0,5.0,0,Fail
35859,DDD,2013J,High,6.3,0.0,0.0,0.0,0.0,0,Fail
613586,BBB,2014B,High,6.3,4.0,0.0,0.0,1.0,0,Fail
648237,DDD,2014J,High,6.3,0.0,0.0,0.0,0.0,0,Fail
633569,GGG,2014B,High,6.3,0.0,0.0,0.0,0.0,0,Fail
645867,CCC,2014J,High,6.3,363.0,0.0,0.0,11.0,0,Withdrawn
562642,BBB,2014B,High,6.3,0.0,0.0,0.0,0.0,0,Fail
1587816,DDD,2013B,High,6.3,0.0,0.0,0.0,0.0,0,Fail
2303083,BBB,2014B,High,6.3,3.0,0.0,0.0,1.0,0,Fail
589799,EEE,2013J,High,6.3,194.0,0.0,0.0,6.0,0,Fail
630825,CCC,2014B,High,6.3,114.0,0.0,1.0,8.0,0,Fail
583121,FFF,2013J,High,6.3,2.0,0.0,0.0,1.0,0,Fail
613281,FFF,2014B,High,6.3,612.0,0.0,0.0,23.0,0,Fail
1957728,DDD,2013J,High,6.3,173.0,0.0,0.0,6.0,0,Fail
628538,GGG,2014B,High,6.3,64.0,0.0,0.0,9.0,0,Fail
674935,FFF,2014J,High,6.3,0.0,0.0,0.0,0.0,0,Withdrawn
633330,CCC,2014B,High,6.3,34.0,0.0,0.0,9.0,0,Fail
2654411,BBB,2013B,High,6.3,0.0,0.0,0.0,0.0,0,Fail
379199,DDD,2013B,High,6.3,82.0,0.0,0.0,10.0,0,Fail
271047,BBB,2014J,High,6.3,7.0,0.0,0.0,1.0,0,Withdrawn
569620,EEE,2014B,High,6.3,117.0,0.0,0.0,8.0,0,Fail
322745,BBB,2013B,High,6.3,0.0,0.0,0.0,0.0,0,Fail
603573,GGG,2013J,High,6.3,0.0,0.0,0.0,0.0,0,Fail
555428,DDD,2013B,High,6.3,148.0,0.0,0.0,7.0,0,Fail
477812,FFF,2013B,High,6.3,4585.0,87.83,24.0,119.0,1,Withdrawn
534530,BBB,2013B,High,6.3,3.0,0.0,0.0,1.0,0,Fail
509402,EEE,2013J,High,6.29,14.0,0.0,0.0,2.0,0,Fail
1672690,CCC,2014B,High,6.29,16.0,0.0,0.0,4.0,0,Fail
591980,DDD,2013J,High,6.29,31.0,0.0,0.0,3.0,0,Fail
556450,CCC,2014J,High,6.29,54.0,0.0,0.0,1.0,0,Fail
631266,BBB,2014J,High,6.29,162.0,1.0,1.0,11.0,0,Fail
629960,GGG,2014B,High,6.29,16.0,0.0,0.0,2.0,0,Fail
676150,CCC,2014J,High,6.29,10.0,0.0,0.0,4.0,0,Fail
572403,EEE,2013J,High,6.29,10.0,0.0,0.0,4.0,0,Fail
1419671,BBB,2014J,High,6.29,113.0,1.0,1.0,4.0,0,Fail
392713,DDD,2013J,High,6.29,24.0,0.0,0.0,3.0,0,Fail
690736,EEE,2014J,High,6.29,427.0,0.0,0.0,14.0,0,Fail
572346,FFF,2013J,High,6.29,59.0,0.0,0.0,3.0,0,Fail
543446,DDD,2013B,High,6.29,22.0,0.0,0.0,2.0,0,Fail
602986,DDD,2013J,High,6.29,25.0,0.0,0.0,4.0,0,Fail
612620,GGG,2014B,High,6.29,25.0,0.0,0.0,1.0,0,Fail
617540,FFF,2014B,High,6.29,157.0,0.0,0.0,11.0,0,Fail
437529,FFF,2014B,High,6.29,377.0,0.0,0.0,8.0,0,Withdrawn
494806,DDD,2013B,High,6.29,16.0,0.0,0.0,2.0,0,Fail
587585,CCC,2014B,High,6.29,34.0,0.0,0.0,4.0,0,Fail
2410459,CCC,2014B,High,6.29,187.0,0.0,0.0,19.0,0,Fail
409105,DDD,2013J,High,6.29,15.0,0.0,0.0,2.0,0,Fail
539416,BBB,2013B,High,6.29,128.0,0.0,0.0,8.0,0,Fail
604817,FFF,2013J,High,6.28,111.0,0.0,0.0,6.0,0,Fail
677281,AAA,2014J,High,6.28,126.0,0.0,0.0,17.0,0,Fail
633890,BBB,2014B,High,6.28,25.0,0.0,0.0,4.0,0,Fail
651267,CCC,2014J,High,6.28,916.0,0.0,1.0,22.0,0,Fail
2398169,DDD,2014J,High,6.28,46.0,0.0,0.0,5.0,0,Fail
641629,EEE,2014J,High,6.28,74.0,0.0,0.0,5.0,0,Fail
676150,EEE,2014J,High,6.28,77.0,0.0,0.0,6.0,0,Fail
280962,BBB,2013B,High,6.28,67.0,0.0,0.0,5.0,0,Fail
583367,BBB,2013J,High,6.28,25.0,0.0,0.0,4.0,0,Fail
687777,DDD,2014J,High,6.28,99.0,0.0,0.0,13.0,0,Withdrawn
556450,EEE,2013J,High,6.28,62.0,0.0,0.0,6.0,0,Fail
607900,CCC,2014J,High,6.28,5477.0,91.36,11.0,130.0,0,Withdrawn
417978,BBB,2014J,High,6.28,324.0,0.0,0.0,4.0,0,Withdrawn
631654,FFF,2014B,High,6.28,190.0,0.0,0.0,2.0,0,Fail
559113,EEE,2014J,High,6.28,317.0,0.0,0.0,11.0,0,Fail
547663,BBB,2013B,High,6.27,108.0,0.0,0.0,6.0,0,Fail
615407,CCC,2014B,High,6.27,36.0,0.0,0.0,10.0,0,Fail
553763,BBB,2013B,High,6.27,95.0,0.0,0.0,5.0,0,Fail
545223,BBB,2013B,High,6.27,4485.0,71.2,20.0,221.0,0,Withdrawn
583580,DDD,2013J,High,6.27,144.0,0.0,0.0,6.0,0,Fail
547302,FFF,2013B,High,6.27,1649.0,0.0,0.0,23.0,0,Fail
491742,CCC,2014B,High,6.27,171.0,4.0,1.0,11.0,0,Fail
510762,FFF,2014J,High,6.26,255.0,0.0,0.0,10.0,0,Fail
1197062,DDD,2014J,High,6.26,169.0,0.0,0.0,8.0,0,Withdrawn
532859,CCC,2014B,High,6.26,100.0,10.0,1.0,11.0,0,Fail
2513333,EEE,2013J,High,6.26,468.0,0.0,0.0,14.0,0,Fail
592256,BBB,2013J,High,6.26,156.0,0.0,0.0,16.0,0,Fail
554946,FFF,2013B,High,6.26,205.0,0.0,0.0,22.0,0,Fail
578117,DDD,2013J,High,6.26,194.0,0.0,0.0,7.0,0,Fail
2241250,BBB,2014J,High,6.26,136.0,0.0,0.0,9.0,0,Fail
636953,BBB,2014J,High,6.26,145.0,1.0,1.0,13.0,0,Fail
578472,EEE,2013J,High,6.25,280.0,0.0,0.0,10.0,0,Fail
160262,FFF,2014B,High,6.25,308.0,0.0,0.0,14.0,0,Fail
285223,GGG,2014B,High,6.24,131.0,0.0,0.0,13.0,0,Fail
687404,BBB,2014J,High,6.24,8.0,1.0,1.0,2.0,0,Fail
682375,BBB,2014J,High,6.24,26.0,1.0,1.0,2.0,0,Withdrawn
1970390,AAA,2013J,High,6.23,11139.0,83.6,10.0,219.0,0,Withdrawn
594578,DDD,2013J,High,6.23,175.0,0.0,0.0,17.0,0,Fail
2682693,BBB,2014J,High,6.23,158.0,1.0,1.0,9.0,0,Fail
507730,DDD,2013B,High,6.22,44.0,11.5,2.0,4.0,0,Fail
611493,DDD,2014B,High,6.22,205.0,0.0,0.0,18.0,0,Fail
585841,GGG,2013J,High,6.21,148.0,0.0,0.0,23.0,0,Fail
526175,DDD,2014B,High,6.19,192.0,8.0,1.0,19.0,0,Fail
325565,DDD,2013B,High,6.18,52.0,22.5,2.0,8.0,2,Fail
632605,BBB,2014J,High,6.16,1343.0,1.0,1.0,74.0,1,Fail
482938,CCC,2014J,High,6.16,381.0,11.0,1.0,18.0,0,Withdrawn
652288,BBB,2014J,High,6.15,971.0,1.0,1.0,72.0,0,Fail
597726,DDD,2013J,High,6.15,209.0,12.5,2.0,12.0,0,Fail
329967,DDD,2013B,High,6.14,185.0,17.0,1.0,23.0,0,Fail
139843,DDD,2013J,High,6.13,127.0,24.0,2.0,13.0,2,Fail
535529,FFF,2013J,High,6.13,1399.0,12.0,3.0,46.0,1,Fail
1336190,AAA,2014J,High,6.13,1021.0,0.0,0.0,50.0,0,Pass
198691,FFF,2013J,High,6.12,277.0,14.0,1.0,17.0,0,Fail
690471,GGG,2014J,High,6.12,34.0,12.5,2.0,5.0,0,Fail
402883,CCC,2014J,High,6.11,279.0,18.0,1.0,23.0,0,Fail
676010,DDD,2014J,High,6.11,909.0,0.0,0.0,25.0,0,Withdrawn
624105,DDD,2014B,High,6.11,366.0,18.0,1.0,15.0,0,Fail
557005,DDD,2013B,High,6.11,105.0,18.0,1.0,7.0,0,Fail
275112,BBB,2014B,High,6.09,527.0,10.56,9.0,29.0,3,Fail
514186,CCC,2014B,High,6.09,490.0,10.0,1.0,20.0,0,Fail
591654,DDD,2014B,High,6.08,44.0,17.0,1.0,2.0,0,Fail
519589,EEE,2014B,High,6.07,69.0,20.0,1.0,7.0,0,Fail
502736,DDD,2013B,High,6.07,132.0,10.0,1.0,16.0,1,Fail
542692,BBB,2013B,High,6.06,24.0,25.0,1.0,2.0,0,Fail
2586026,DDD,2013B,High,6.06,10.0,20.0,1.0,2.0,1,Fail
519589,CCC,2014B,High,6.05,180.0,20.0,1.0,12.0,0,Fail
561272,DDD,2013J,High,6.05,69.0,24.0,1.0,8.0,0,Fail
200588,DDD,2013B,High,6.04,348.0,17.33,3.0,26.0,1,Fail
447306,CCC,2014B,High,6.04,87.0,20.0,1.0,4.0,0,Fail
360938,DDD,2013B,High,6.03,93.0,15.0,3.0,7.0,0,Fail
199782,DDD,2013B,High,6.03,366.0,15.0,1.0,23.0,0,Fail
624039,CCC,2014B,High,6.01,88.0,20.0,1.0,4.0,0,Fail
627635,CCC,2014B,High,6.01,96.0,20.0,1.0,5.0,0,Fail
363990,DDD,2013J,High,6.01,90.0,29.0,1.0,11.0,2,Fail
647735,CCC,2014J,High,6.0,174.0,17.5,2.0,10.0,0,Fail
545045,CCC,2014B,High,5.99,232.0,10.0,1.0,20.0,0,Fail
632037,CCC,2014B,High,5.99,165.0,20.0,1.0,8.0,0,Fail
1750405,CCC,2014B,High,5.98,80.0,20.0,1.0,5.0,0,Fail
229057,DDD,2013B,High,5.97,220.0,30.0,3.0,13.0,3,Fail
497809,DDD,2013J,High,5.96,244.0,26.0,1.0,19.0,0,Fail
598562,BBB,2013J,High,5.96,9.0,30.0,1.0,1.0,0,Fail
674340,GGG,2014J,High,5.95,50.0,17.0,3.0,9.0,0,Fail
680345,GGG,2014J,High,5.95,5.0,30.0,1.0,3.0,0,Fail
501443,CCC,2014B,High,5.94,415.0,20.5,2.0,26.0,0,Fail
615242,CCC,2014J,High,5.93,238.0,23.67,3.0,23.0,0,Fail
620498,FFF,2014B,High,5.93,358.0,22.0,1.0,16.0,0,Fail
30549,DDD,2013J,High,5.92,137.0,35.0,1.0,21.0,2,Fail
590402,DDD,2013J,High,5.92,234.0,17.0,1.0,16.0,0,Fail
442393,DDD,2014B,High,5.92,346.0,20.5,2.0,32.0,0,Fail
1455474,FFF,2013J,High,5.92,238.0,24.0,1.0,7.0,0,Fail
693692,BBB,2014J,High,5.91,53.0,29.5,2.0,6.0,0,Fail
620266,CCC,2014B,High,5.91,254.0,18.0,2.0,13.0,0,Fail
261205,FFF,2013J,High,5.91,155.0,34.0,1.0,13.0,1,Fail
554986,BBB,2013B,High,5.91,740.0,20.0,2.0,19.0,0,Fail
633460,CCC,2014B,High,5.9,193.0,13.0,2.0,19.0,0,Fail
2394741,BBB,2014J,High,5.88,312.0,25.5,2.0,13.0,1,Fail
129878,CCC,2014B,High,5.88,251.0,19.67,3.0,22.0,0,Fail
566337,EEE,2014B,High,5.87,513.0,15.33,3.0,26.0,0,Fail
312061,CCC,2014J,High,5.87,1011.0,12.4,5.0,41.0,0,Fail
653465,BBB,2014J,High,5.86,443.0,22.5,2.0,23.0,0,Fail
509710,CCC,2014J,High,5.86,242.0,23.5,2.0,15.0,0,Fail
551856,EEE,2014B,High,5.86,248.0,24.0,2.0,14.0,0,Fail
518711,BBB,2014B,High,5.86,19.0,35.0,1.0,2.0,2,Fail
601310,DDD,2013J,High,5.86,85.0,27.0,1.0,8.0,0,Fail
428321,DDD,2013J,High,5.85,136.0,24.0,1.0,6.0,1,Fail
607231,DDD,2013J,High,5.85,86.0,29.0,1.0,7.0,0,Fail
606531,BBB,2014J,High,5.85,7.0,30.5,2.0,2.0,0,Fail
108789,DDD,2013J,High,5.85,102.0,27.0,1.0,10.0,0,Fail
432004,BBB,2013B,High,5.84,58.0,26.5,2.0,8.0,0,Fail
539695,EEE,2013J,High,5.84,500.0,26.0,1.0,25.0,0,Fail
284734,DDD,2013B,High,5.83,51.0,32.0,1.0,9.0,1,Fail
307932,DDD,2013J,High,5.83,29.0,19.67,3.0,10.0,1,Fail
631756,GGG,2014B,High,5.83,51.0,35.0,1.0,9.0,0,Fail
551856,CCC,2014B,High,5.83,373.0,24.0,2.0,18.0,0,Fail
73664,DDD,2014J,High,5.83,103.0,25.0,2.0,18.0,0,Fail
351543,BBB,2013B,High,5.83,5.0,35.0,1.0,1.0,1,Fail
241955,CCC,2014B,High,5.82,313.0,30.0,1.0,6.0,0,Fail
228153,CCC,2014B,High,5.82,128.0,30.0,1.0,10.0,0,Fail
356274,CCC,2014B,High,5.82,58.0,30.0,1.0,3.0,0,Fail
498564,GGG,2014J,High,5.81,152.0,35.0,1.0,9.0,0,Fail
615246,CCC,2014B,High,5.8,168.0,30.0,1.0,16.0,0,Fail
620933,FFF,2014B,High,5.8,90.0,30.0,1.0,8.0,0,Fail
336165,BBB,2013B,High,5.8,254.0,35.0,1.0,12.0,1,Fail
417410,DDD,2013B,High,5.8,90.0,40.0,1.0,7.0,1,Fail
537674,FFF,2013B,High,5.8,298.0,22.33,3.0,36.0,0,Fail
613876,DDD,2014B,High,5.79,425.0,19.33,3.0,47.0,0,Fail
513007,DDD,2013J,High,5.79,102.0,31.0,2.0,15.0,1,Fail
2049740,BBB,2014J,High,5.79,442.0,24.5,2.0,20.0,0,Fail
52275,FFF,2014J,High,5.79,91.0,38.0,1.0,5.0,0,Fail
537115,GGG,2014J,High,5.79,104.0,31.67,3.0,16.0,0,Fail
570519,BBB,2013J,High,5.79,33.0,38.0,1.0,2.0,0,Fail
688250,FFF,2014J,High,5.78,144.0,30.0,2.0,14.0,0,Fail
295893,FFF,2014J,High,5.78,118.0,24.4,5.0,4.0,0,Fail
161678,BBB,2013B,High,5.78,94.0,40.0,1.0,15.0,1,Fail
2588379,DDD,2013J,High,5.78,105.0,26.0,1.0,7.0,0,Fail
593787,CCC,2014B,High,5.78,77.0,31.2,5.0,4.0,0,Fail
632725,DDD,2014B,High,5.78,151.0,28.0,1.0,14.0,0,Fail
356274,DDD,2013J,High,5.78,91.0,30.0,1.0,13.0,0,Fail
523757,BBB,2013J,High,5.78,54.0,38.5,2.0,14.0,1,Fail
689527,CCC,2014J,High,5.77,117.0,34.33,3.0,10.0,0,Fail
2470326,FFF,2014J,High,5.77,583.0,20.25,4.0,43.0,0,Fail
369234,BBB,2014J,High,5.77,576.0,28.67,3.0,40.0,2,Fail
623609,EEE,2014B,High,5.77,273.0,27.0,2.0,11.0,0,Fail
556476,CCC,2014J,High,5.76,933.0,16.0,4.0,58.0,0,Fail
675929,BBB,2014J,High,5.76,19.0,34.0,4.0,4.0,0,Fail
246112,FFF,2013B,High,5.76,190.0,44.0,1.0,19.0,2,Fail
678612,GGG,2014J,High,5.75,9.0,40.0,1.0,5.0,0,Fail
2346025,BBB,2013J,High,5.75,0.0,39.0,1.0,0.0,2,Fail
585074,BBB,2014J,High,5.75,4.0,30.2,5.0,1.0,1,Fail
495674,BBB,2013B,High,5.75,38.0,43.0,1.0,6.0,1,Fail
579112,DDD,2013J,High,5.75,253.0,28.67,3.0,25.0,0,Fail
689527,DDD,2014J,High,5.75,148.0,34.33,3.0,12.0,0,Fail
623609,CCC,2014B,High,5.75,241.0,27.0,2.0,16.0,0,Fail
577200,DDD,2013J,High,5.74,122.0,34.0,1.0,24.0,0,Fail
599615,CCC,2014B,High,5.74,35.0,34.0,1.0,3.0,0,Fail
589474,FFF,2013J,High,5.74,841.0,30.33,3.0,39.0,0,Fail
676204,DDD,2014J,High,5.74,23.0,40.0,1.0,6.0,0,Fail
610776,BBB,2013J,High,5.74,106.0,40.0,1.0,4.0,0,Fail
200957,DDD,2013B,High,5.74,26.0,37.0,1.0,7.0,1,Fail
624570,DDD,2014B,High,5.74,1530.0,10.0,1.0,105.0,0,Fail
563631,DDD,2014B,High,5.74,44.0,30.0,1.0,7.0,0,Fail
28418,CCC,2014B,High,5.74,328.0,31.5,2.0,22.0,0,Fail
347764,CCC,2014B,High,5.74,85.0,40.0,1.0,7.0,0,Fail
349069,EEE,2014B,High,5.74,164.0,40.0,1.0,4.0,0,Fail
563631,CCC,2014B,High,5.74,119.0,30.0,1.0,6.0,0,Fail
584082,DDD,2014B,High,5.74,84.0,37.0,1.0,15.0,1,Fail
278861,CCC,2014B,High,5.74,10301.0,96.75,8.0,170.0,0,Withdrawn
691195,CCC,2014J,High,5.74,595.0,16.56,9.0,31.0,0,Fail
349069,CCC,2014B,High,5.74,91.0,40.0,1.0,4.0,0,Fail
118213,BBB,2014J,High,5.73,21.0,30.6,5.0,4.0,0,Fail
652522,BBB,2014J,High,5.73,175.0,25.5,2.0,11.0,0,Fail
617535,FFF,2014B,High,5.73,413.0,36.0,1.0,10.0,0,Fail
518771,FFF,2013B,High,5.73,364.0,34.33,3.0,23.0,1,Fail
2470326,CCC,2014J,High,5.73,678.0,20.25,4.0,44.0,0,Fail
2299745,BBB,2014J,High,5.73,282.0,27.5,2.0,16.0,0,Fail
2355555,DDD,2013J,High,5.72,41.0,38.0,1.0,6.0,0,Fail
689069,BBB,2014J,High,5.72,315.0,31.0,3.0,17.0,0,Fail
684681,BBB,2014J,High,5.72,213.0,31.5,2.0,18.0,0,Fail
384372,DDD,2014B,High,5.72,750.0,38.0,1.0,42.0,2,Fail
96538,CCC,2014B,High,5.72,182.0,36.0,3.0,12.0,0,Fail
572751,DDD,2013J,High,5.72,224.0,28.0,1.0,9.0,0,Fail
685653,BBB,2014J,High,5.72,173.0,32.67,3.0,10.0,0,Fail
596151,BBB,2014J,High,5.72,149.0,25.0,2.0,19.0,0,Fail
694857,BBB,2014J,High,5.71,117.0,29.5,2.0,16.0,0,Fail
633395,CCC,2014B,High,5.71,174.0,40.0,1.0,14.0,0,Fail
633395,EEE,2014B,High,5.7,242.0,40.0,1.0,15.0,0,Fail
524731,DDD,2013B,High,5.7,32.0,37.0,1.0,9.0,1,Fail
562929,DDD,2014B,High,5.7,767.0,25.0,1.0,36.0,1,Fail
678335,BBB,2014J,High,5.7,276.0,32.5,2.0,15.0,0,Fail
586543,FFF,2014B,High,5.7,7.0,38.0,2.0,2.0,1,Fail
1891028,BBB,2014J,High,5.7,109.0,36.5,2.0,8.0,1,Fail
47924,FFF,2013J,High,5.7,34.0,41.0,2.0,2.0,0,Fail
385341,BBB,2014J,High,5.7,147.0,39.5,2.0,6.0,0,Fail
690065,GGG,2014J,High,5.69,159.0,40.0,1.0,17.0,0,Fail
507386,BBB,2014J,High,5.69,341.0,28.5,2.0,21.0,0,Fail
2583997,FFF,2014B,High,5.69,20.0,40.0,1.0,4.0,0,Fail
2269561,BBB,2014J,High,5.69,171.0,35.25,4.0,14.0,0,Fail
615242,EEE,2014B,High,5.69,1303.0,23.67,3.0,78.0,0,Fail
624354,CCC,2014J,High,5.69,345.0,23.14,7.0,22.0,1,Fail
568042,BBB,2014B,High,5.69,94.0,40.0,1.0,8.0,1,Fail
556756,DDD,2013B,High,5.69,273.0,33.0,1.0,21.0,0,Fail
688537,CCC,2014J,High,5.69,231.0,40.0,2.0,6.0,0,Fail
572401,CCC,2014B,High,5.69,201.0,25.5,2.0,16.0,0,Fail
2193231,DDD,2013B,High,5.69,241.0,40.0,1.0,19.0,0,Fail
339924,DDD,2013J,High,5.68,265.0,38.67,3.0,29.0,3,Fail
1993672,BBB,2014J,High,5.68,395.0,48.8,5.0,17.0,5,Fail
556587,CCC,2014B,High,5.68,561.0,26.5,2.0,45.0,0,Fail
606350,EEE,2014B,High,5.68,36.0,40.0,1.0,5.0,1,Fail
555316,DDD,2013J,High,5.68,449.0,25.5,4.0,30.0,0,Fail
364021,DDD,2013B,High,5.68,55.0,43.0,1.0,7.0,1,Fail
697345,BBB,2014J,High,5.68,500.0,28.67,3.0,27.0,0,Fail
625361,FFF,2014B,High,5.68,660.0,27.0,4.0,25.0,0,Fail
630497,BBB,2014B,High,5.68,64.0,40.0,1.0,4.0,0,Fail
604534,GGG,2013J,High,5.68,150.0,35.5,4.0,15.0,0,Fail
548741,FFF,2013B,High,5.68,180.0,38.0,1.0,7.0,0,Fail
585074,BBB,2013J,High,5.68,17.0,30.2,5.0,2.0,0,Fail
531075,DDD,2013B,High,5.67,848.0,22.0,5.0,80.0,1,Fail
618279,FFF,2014B,High,5.67,299.0,38.0,3.0,16.0,0,Fail
632482,DDD,2014B,High,5.67,173.0,29.5,2.0,17.0,0,Fail
567896,DDD,2014B,High,5.67,131.0,41.0,1.0,10.0,1,Fail
485219,DDD,2014B,High,5.67,165.0,33.67,3.0,21.0,1,Fail
611051,BBB,2013J,High,5.67,135.0,36.0,2.0,7.0,0,Fail
684098,BBB,2014J,High,5.67,208.0,30.5,2.0,8.0,0,Fail
579309,GGG,2013J,High,5.67,49.0,35.0,2.0,4.0,0,Fail
523047,DDD,2013J,High,5.66,78.0,40.0,1.0,12.0,1,Fail
637939,FFF,2014J,High,5.66,688.0,33.25,4.0,37.0,0,Fail
614649,DDD,2014B,High,5.66,67.0,30.0,2.0,11.0,0,Fail
447324,BBB,2014J,High,5.66,239.0,33.0,3.0,16.0,0,Fail
84541,BBB,2014J,High,5.66,179.0,34.0,2.0,11.0,0,Fail
2456480,AAA,2013J,High,5.66,183.0,24.67,3.0,21.0,0,Fail
1826729,DDD,2014B,High,5.66,179.0,27.0,2.0,25.0,0,Pass
482117,DDD,2013B,High,5.65,163.0,40.0,1.0,12.0,0,Fail
617959,BBB,2014B,High,5.65,319.0,40.0,1.0,20.0,0,Fail
557490,EEE,2013J,High,5.65,425.0,39.0,1.0,14.0,0,Fail
593787,EEE,2013J,High,5.65,800.0,31.2,5.0,31.0,0,Fail
624730,DDD,2014B,High,5.65,196.0,28.6,5.0,16.0,0,Fail
286449,DDD,2014B,High,5.64,126.0,55.0,2.0,13.0,6,Fail
648119,BBB,2014J,High,5.64,171.0,34.0,2.0,8.0,0,Fail
623029,GGG,2014B,High,5.64,7.0,35.5,2.0,2.0,0,Fail
526527,FFF,2013B,High,5.64,458.0,38.0,1.0,29.0,0,Fail
490587,EEE,2014B,High,5.64,298.0,41.0,2.0,17.0,1,Fail
586490,BBB,2013J,High,5.64,76.0,36.0,2.0,8.0,0,Fail
523710,CCC,2014B,High,5.64,285.0,30.0,1.0,12.0,0,Fail
586120,GGG,2013J,High,5.64,57.0,45.0,1.0,5.0,0,Fail
268733,AAA,2014J,High,5.63,3.0,43.0,2.0,1.0,1,Fail
633341,CCC,2014B,High,5.63,252.0,26.0,3.0,29.0,0,Fail
512353,CCC,2014B,High,5.63,135.0,38.0,2.0,10.0,0,Fail
602570,BBB,2014J,High,5.63,277.0,37.8,5.0,22.0,2,Fail
584442,GGG,2013J,High,5.63,133.0,37.0,1.0,11.0,0,Fail
524276,EEE,2014B,High,5.63,67.0,29.0,2.0,4.0,0,Fail
624677,BBB,2014B,High,5.62,14.0,43.0,1.0,6.0,0,Fail
539670,BBB,2013J,High,5.62,20.0,44.5,2.0,5.0,0,Fail
2288599,DDD,2014J,High,5.62,249.0,45.0,1.0,29.0,1,Fail
531845,EEE,2014B,High,5.62,352.0,37.0,1.0,13.0,0,Fail
624828,GGG,2014B,High,5.62,13.0,40.0,1.0,3.0,0,Fail
602607,GGG,2013J,High,5.62,2.0,40.0,1.0,2.0,0,Fail
609535,GGG,2013J,High,5.62,90.0,45.0,1.0,10.0,0,Fail
532988,DDD,2014B,High,5.62,0.0,37.0,2.0,0.0,1,Fail
607382,BBB,2013J,High,5.62,2.0,38.5,2.0,2.0,0,Fail
616354,BBB,2014B,High,5.62,50.0,46.0,1.0,4.0,0,Fail
406846,CCC,2014B,High,5.62,188.0,39.0,1.0,5.0,0,Fail
2606802,AAA,2014J,High,5.62,306.0,29.0,2.0,37.0,0,Fail
609850,BBB,2013J,High,5.62,210.0,39.5,2.0,8.0,0,Fail
2659556,CCC,2014B,High,5.62,444.0,25.83,6.0,26.0,0,Fail
554297,BBB,2013J,High,5.61,201.0,41.0,1.0,15.0,0,Fail
2683697,BBB,2014B,High,5.61,35.0,50.0,1.0,4.0,1,Fail
549337,DDD,2014J,High,5.61,0.0,41.0,2.0,0.0,1,Fail
474607,BBB,2014B,High,5.61,125.0,31.29,7.0,9.0,0,Fail
407838,DDD,2013B,High,5.61,460.0,34.0,2.0,21.0,0,Fail
2675393,DDD,2014J,High,5.61,83.0,40.0,1.0,17.0,0,Fail
696799,BBB,2014J,High,5.61,18.0,42.0,2.0,4.0,0,Fail
509873,DDD,2013B,High,5.6,92.0,47.0,1.0,7.0,1,Fail
474451,DDD,2013B,High,5.6,220.0,34.83,6.0,25.0,0,Fail
577905,BBB,2014B,High,5.6,3.0,49.5,2.0,2.0,1,Fail
568068,DDD,2013J,High,5.6,201.0,26.4,5.0,38.0,0,Fail
587696,FFF,2014B,High,5.6,984.0,38.0,1.0,43.0,1,Fail
591785,BBB,2013J,High,5.6,256.0,36.67,3.0,21.0,0,Fail
577560,EEE,2013J,High,5.6,287.0,35.0,2.0,14.0,0,Fail
606350,CCC,2014B,High,5.6,145.0,40.0,1.0,6.0,0,Fail
125535,BBB,2014J,High,5.59,196.0,38.2,5.0,28.0,2,Pass
101217,FFF,2014J,High,5.59,385.0,41.0,2.0,36.0,2,Fail
609044,CCC,2014J,High,5.59,43.0,44.67,3.0,3.0,1,Withdrawn
568668,DDD,2013J,High,5.59,90.0,41.0,1.0,5.0,0,Fail
550095,FFF,2013B,High,5.59,198.0,38.0,1.0,13.0,0,Fail
617564,FFF,2014B,High,5.59,121.0,43.0,1.0,4.0,0,Fail
631775,BBB,2014J,High,5.58,474.0,33.67,3.0,39.0,0,Fail
622657,DDD,2014B,High,5.58,340.0,36.0,1.0,32.0,0,Fail
575685,FFF,2014J,High,5.58,258.0,38.33,3.0,25.0,1,Fail
590416,BBB,2014J,High,5.58,442.0,36.5,4.0,31.0,1,Fail
531634,BBB,2013B,High,5.58,284.0,39.0,1.0,12.0,0,Fail
534908,BBB,2013B,High,5.58,118.0,41.0,1.0,6.0,0,Fail
121000,DDD,2013B,High,5.58,342.0,35.5,2.0,25.0,0,Fail
678313,GGG,2014J,High,5.58,30.0,45.0,1.0,4.0,0,Fail
540547,DDD,2013B,High,5.57,226.0,25.5,4.0,19.0,0,Fail
549204,BBB,2013B,High,5.57,119.0,37.67,3.0,8.0,0,Fail
499392,DDD,2013J,High,5.57,413.0,37.0,1.0,25.0,0,Fail
529597,BBB,2013J,High,5.57,109.0,38.5,6.0,9.0,0,Fail
270435,DDD,2013B,High,5.57,588.0,32.0,3.0,32.0,0,Fail
532500,BBB,2013B,High,5.57,460.0,28.29,7.0,54.0,0,Fail
634099,FFF,2014B,High,5.57,391.0,45.0,2.0,15.0,0,Fail
698200,BBB,2014J,High,5.57,63.0,34.5,2.0,11.0,0,Fail
42818,DDD,2013J,High,5.57,200.0,39.0,1.0,20.0,0,Fail
198902,EEE,2014B,High,5.57,386.0,38.75,4.0,28.0,0,Fail
399843,DDD,2013J,High,5.57,126.0,49.0,1.0,13.0,2,Fail
581129,AAA,2013J,High,5.56,194.0,40.0,2.0,19.0,0,Fail
657099,BBB,2014J,High,5.56,112.0,35.0,5.0,18.0,0,Fail
291848,BBB,2014B,High,5.56,134.0,46.5,4.0,14.0,3,Fail
546141,FFF,2013B,High,5.56,148.0,43.0,1.0,3.0,0,Fail
693899,BBB,2014J,High,5.56,101.0,36.33,3.0,8.0,0,Fail
483470,DDD,2013B,High,5.56,73.0,38.67,3.0,7.0,0,Fail
337615,FFF,2014B,High,5.56,243.0,54.0,3.0,16.0,3,Fail
608630,DDD,2013J,High,5.56,241.0,46.0,1.0,20.0,0,Fail
198902,CCC,2014B,High,5.56,471.0,38.75,4.0,26.0,0,Fail
2531298,DDD,2013B,High,5.56,295.0,33.29,7.0,35.0,0,Fail
550974,DDD,2013B,High,5.56,116.0,39.5,2.0,13.0,0,Fail
150121,FFF,2014B,High,5.56,1113.0,50.0,2.0,41.0,4,Fail
607570,EEE,2014B,High,5.56,294.0,41.0,1.0,11.0,0,Fail
490587,CCC,2014B,High,5.55,392.0,41.0,2.0,19.0,0,Fail
577273,CCC,2014B,High,5.55,35.0,50.0,1.0,3.0,0,Fail
656755,BBB,2014J,High,5.55,9.0,40.0,3.0,3.0,0,Fail
688599,BBB,2014J,High,5.55,183.0,44.0,3.0,14.0,0,Fail
561054,EEE,2013J,High,5.55,651.0,44.0,2.0,18.0,0,Fail
1431750,BBB,2014B,High,5.55,4.0,47.0,1.0,2.0,2,Fail
363374,CCC,2014B,High,5.55,247.0,40.0,1.0,21.0,0,Fail
305173,BBB,2013J,High,5.55,41.0,50.0,1.0,2.0,2,Fail
568047,CCC,2014B,High,5.55,302.0,37.5,2.0,13.0,0,Fail
589691,GGG,2013J,High,5.54,55.0,45.0,1.0,6.0,0,Fail
592142,FFF,2013J,High,5.54,667.0,41.33,3.0,35.0,0,Fail
852847,AAA,2014J,High,5.54,181.0,34.5,2.0,30.0,0,Fail
609513,FFF,2013J,High,5.54,106.0,50.0,1.0,8.0,0,Fail
232078,EEE,2014J,High,5.54,112.0,38.25,4.0,5.0,0,Fail
612563,DDD,2014B,High,5.54,211.0,39.0,1.0,19.0,0,Fail
556318,BBB,2013B,High,5.54,75.0,43.0,1.0,6.0,0,Fail
629694,CCC,2014B,High,5.53,118.0,50.0,1.0,7.0,0,Fail
692521,BBB,2014J,High,5.53,21.0,37.0,4.0,5.0,0,Fail
628141,FFF,2014B,High,5.53,257.0,45.33,3.0,17.0,0,Fail
528023,CCC,2014B,High,5.53,385.0,36.0,5.0,23.0,0,Fail
651209,BBB,2014J,High,5.53,286.0,35.8,5.0,27.0,0,Pass
2696376,DDD,2014B,High,5.53,282.0,37.0,4.0,30.0,3,Fail
556062,BBB,2013J,High,5.53,61.0,45.5,2.0,6.0,0,Fail
154570,BBB,2013J,High,5.53,12401.0,78.2,5.0,122.0,1,Withdrawn
607200,FFF,2013J,High,5.53,118.0,50.0,1.0,9.0,0,Fail
2195853,FFF,2014J,High,5.53,614.0,51.6,5.0,11.0,3,Fail
496674,BBB,2013B,High,5.53,89.0,41.0,2.0,13.0,1,Fail
628329,BBB,2014B,High,5.53,12.0,48.0,1.0,1.0,0,Fail
555720,BBB,2014B,High,5.53,8.0,44.0,3.0,5.0,0,Fail
677879,BBB,2014J,High,5.53,215.0,33.2,5.0,24.0,0,Fail
397292,FFF,2014J,High,5.53,485.0,48.0,3.0,18.0,1,Fail
111113,DDD,2013B,High,5.53,367.0,33.75,4.0,43.0,0,Fail
684305,DDD,2014J,High,5.53,286.0,32.75,5.0,25.0,0,Fail
632210,GGG,2014B,High,5.53,90.0,50.0,1.0,7.0,0,Fail
608472,CCC,2014B,High,5.53,507.0,33.33,3.0,30.0,0,Fail
2544678,DDD,2014J,High,5.52,148.0,39.0,2.0,14.0,1,Fail
532988,DDD,2013B,High,5.52,63.0,37.0,2.0,9.0,0,Fail
625301,BBB,2014B,High,5.52,5.0,50.0,2.0,2.0,0,Fail
678283,BBB,2014J,High,5.52,100.0,40.5,2.0,8.0,0,Fail
357901,BBB,2014J,High,5.52,304.0,37.75,4.0,27.0,1,Fail
634311,GGG,2014B,High,5.52,22.0,45.0,1.0,4.0,0,Fail
132924,BBB,2014J,High,5.52,21.0,39.25,4.0,5.0,0,Fail
582266,FFF,2014J,High,5.52,719.0,33.6,5.0,35.0,0,Fail
529760,DDD,2013B,High,5.52,189.0,38.5,2.0,32.0,0,Fail
387635,FFF,2013B,High,5.52,437.0,44.0,5.0,48.0,2,Fail
529211,FFF,2013J,High,5.52,216.0,40.0,2.0,13.0,1,Fail
498980,DDD,2014B,High,5.51,210.0,36.2,5.0,32.0,0,Fail
598127,GGG,2014B,High,5.51,374.0,41.67,3.0,26.0,0,Fail
1401935,AAA,2013J,High,5.51,240.0,35.0,2.0,24.0,0,Fail
576292,EEE,2013J,High,5.51,368.0,50.0,1.0,11.0,0,Fail
617717,BBB,2014B,High,5.51,38.0,41.83,6.0,10.0,0,Fail
574382,FFF,2013J,High,5.51,205.0,46.0,1.0,9.0,0,Fail
656475,BBB,2014J,High,5.51,212.0,28.4,5.0,18.0,0,Fail
609655,DDD,2014J,High,5.51,62.0,45.0,1.0,5.0,0,Fail
650979,BBB,2014J,High,5.51,904.0,33.4,5.0,47.0,0,Pass
559989,BBB,2013B,High,5.51,206.0,44.0,1.0,7.0,0,Fail
512330,CCC,2014J,High,5.51,77.0,44.0,1.0,13.0,0,Fail
542543,BBB,2013B,High,5.51,177.0,43.0,2.0,14.0,0,Fail
155067,CCC,2014B,High,5.51,75.0,48.5,2.0,14.0,0,Fail
468120,AAA,2014J,High,5.51,116.0,40.0,2.0,16.0,0,Fail
94964,DDD,2013B,High,5.51,199.0,39.67,3.0,13.0,0,Fail
79461,CCC,2014J,High,5.51,0.0,33.71,7.0,0.0,1,Fail
684971,BBB,2014J,High,5.5,592.0,31.8,5.0,27.0,0,Fail
625540,GGG,2014B,High,5.5,77.0,41.0,1.0,12.0,0,Fail
2067146,GGG,2013J,High,5.5,68.0,45.0,1.0,6.0,0,Fail
559991,FFF,2013B,High,5.5,600.0,32.33,3.0,32.0,0,Fail
441073,FFF,2014B,High,5.5,374.0,47.0,2.0,25.0,0,Fail
574856,FFF,2013J,High,5.5,176.0,46.0,2.0,12.0,0,Fail
368106,DDD,2013J,High,5.5,140.0,43.5,2.0,15.0,0,Fail
632814,DDD,2014B,High,5.5,273.0,42.0,1.0,21.0,0,Fail
653188,BBB,2014J,High,5.5,314.0,42.25,4.0,27.0,0,Fail
238800,DDD,2013J,High,5.5,279.0,31.67,6.0,19.0,0,Fail
